Gfx mario_mario_overalls_button_rgba16_rgba16_aligner[] = {gsSPEndDisplayList()};
u8 mario_mario_overalls_button_rgba16_rgba16[] = {
	0xff, 0xfe, 0xff, 0xfe, 0xff, 0xfe, 0xff, 0xfe, 
	0xff, 0xfe, 0xff, 0xfe, 0xff, 0xfe, 0xff, 0xfe, 
	0xff, 0xfe, 0xff, 0xfe, 0xff, 0xfe, 0xff, 0xfe, 
	0xff, 0xfe, 0xff, 0xfe, 0xff, 0xfe, 0xff, 0xfe, 
	0xff, 0xfe, 0xff, 0xfe, 0xff, 0xfe, 0xff, 0xfe, 
	0xff, 0xfe, 0xff, 0xfe, 0xff, 0xfe, 0xff, 0xfe, 
	0xff, 0xfe, 0xff, 0xfe, 0xff, 0xfe, 0xff, 0xfe, 
	0xff, 0xfe, 0xff, 0xfe, 0xff, 0xfe, 0xff, 0xfe, 
	0xff, 0xfe, 0xff, 0xfe, 0xff, 0xfe, 0xff, 0xfe, 
	0xff, 0xfe, 0xff, 0xfe, 0xff, 0xfe, 0xff, 0xfe, 
	0xff, 0xfe, 0xff, 0xfe, 0xff, 0xfe, 0xff, 0xfe, 
	0xff, 0xfe, 0xff, 0xfe, 0xff, 0xfe, 0xff, 0xfe, 
	0xff, 0xfe, 0xff, 0xfe, 0xff, 0xfe, 0xff, 0xfe, 
	0xff, 0xfe, 0xff, 0xfe, 0xff, 0xfe, 0xff, 0xfe, 
	0xff, 0xfe, 0xff, 0xfe, 0xff, 0xfe, 0xff, 0xfe, 
	0xff, 0xfe, 0xff, 0xfe, 0xff, 0xfe, 0xff, 0xfe, 
	0xff, 0xfe, 0xff, 0xfe, 0xff, 0xfe, 0xff, 0xfe, 
	0xff, 0xfe, 0xff, 0xfe, 0xff, 0xfe, 0xff, 0xfe, 
	0xff, 0xfe, 0xff, 0xfe, 0xff, 0xfe, 0xff, 0xfe, 
	0xff, 0xfc, 0xff, 0xfc, 0xff, 0xfc, 0xff, 0xfc, 
	0xff, 0xfc, 0xff, 0xfc, 0xff, 0xfc, 0xff, 0xfe, 
	0xff, 0xfe, 0xff, 0xfe, 0xff, 0xfe, 0xff, 0xfe, 
	0xff, 0xfe, 0xff, 0xfe, 0xff, 0xfe, 0xff, 0xfe, 
	0xff, 0xfe, 0xff, 0xfe, 0xff, 0xfe, 0xff, 0xfe, 
	0xff, 0xfe, 0xff, 0xfe, 0xff, 0xfe, 0xff, 0xfe, 
	0xff, 0xfe, 0xff, 0xfe, 0xff, 0xfe, 0xff, 0xfe, 
	0xff, 0xfe, 0xff, 0xfc, 0xff, 0xfc, 0xff, 0xf0, 
	0xff, 0x81, 0xff, 0x41, 0xff, 0x41, 0xff, 0x41, 
	0xff, 0x41, 0xff, 0x01, 0xff, 0x41, 0xff, 0xf0, 
	0xff, 0xfc, 0xff, 0xfc, 0xff, 0xfe, 0xff, 0xfe, 
	0xff, 0xfe, 0xff, 0xfe, 0xff, 0xfe, 0xff, 0xfe, 
	0xff, 0xfe, 0xff, 0xfe, 0xff, 0xfe, 0xff, 0xfe, 
	0xff, 0xfe, 0xff, 0xfe, 0xff, 0xfe, 0xff, 0xfe, 
	0xff, 0xfe, 0xff, 0xfe, 0xff, 0xfe, 0xff, 0xfe, 
	0xff, 0xf0, 0xff, 0x41, 0xff, 0x41, 0xff, 0x81, 
	0xff, 0xc1, 0xff, 0xc1, 0xff, 0xc1, 0xff, 0xc1, 
	0xff, 0xc1, 0xff, 0x81, 0xff, 0x41, 0xff, 0x81, 
	0xff, 0x41, 0xff, 0x41, 0xff, 0xf0, 0xff, 0xfe, 
	0xff, 0xfe, 0xff, 0xfe, 0xff, 0xfe, 0xff, 0xfe, 
	0xff, 0xfe, 0xff, 0xfe, 0xff, 0xfe, 0xff, 0xfe, 
	0xff, 0xfe, 0xff, 0xfe, 0xff, 0xfe, 0xff, 0xfe, 
	0xff, 0xfe, 0xff, 0xfe, 0xff, 0xfc, 0xff, 0xf0, 
	0xff, 0xc1, 0xff, 0x81, 0xff, 0xc1, 0xff, 0xc1, 
	0xff, 0xc1, 0xff, 0xc1, 0xff, 0xc1, 0xff, 0xc1, 
	0xff, 0xc1, 0xff, 0xc1, 0xff, 0xc1, 0xff, 0xc1, 
	0xff, 0x81, 0xff, 0x41, 0xff, 0x81, 0xff, 0xf0, 
	0xff, 0xfc, 0xff, 0xfe, 0xff, 0xfe, 0xff, 0xfe, 
	0xff, 0xfe, 0xff, 0xfe, 0xff, 0xfe, 0xff, 0xfe, 
	0xff, 0xfe, 0xff, 0xfe, 0xff, 0xfe, 0xff, 0xfe, 
	0xff, 0xfe, 0xff, 0xf0, 0xff, 0x81, 0xff, 0xc1, 
	0xff, 0xc1, 0xff, 0xc1, 0xff, 0xc1, 0xff, 0xc1, 
	0xff, 0xc1, 0xff, 0xc1, 0xff, 0xc1, 0xff, 0xc1, 
	0xff, 0xc1, 0xff, 0xc1, 0xff, 0xc1, 0xff, 0xc1, 
	0xff, 0xc1, 0xff, 0xc1, 0xff, 0x81, 0xff, 0x41, 
	0xff, 0x41, 0xff, 0xf0, 0xff, 0xfe, 0xff, 0xfe, 
	0xff, 0xfe, 0xff, 0xfe, 0xff, 0xfe, 0xff, 0xfe, 
	0xff, 0xfe, 0xff, 0xfe, 0xff, 0xfe, 0xff, 0xfe, 
	0xff, 0xfc, 0xff, 0x81, 0xff, 0x81, 0xff, 0xc1, 
	0xff, 0xc1, 0xff, 0xc1, 0xff, 0xc1, 0xff, 0xc1, 
	0xff, 0xc1, 0xff, 0xc1, 0xff, 0xc1, 0xff, 0xc1, 
	0xff, 0xc1, 0xff, 0xc1, 0xff, 0xc1, 0xff, 0xc1, 
	0xff, 0xc1, 0xff, 0xc1, 0xff, 0xc1, 0xff, 0x81, 
	0xff, 0x01, 0xff, 0x41, 0xff, 0xfc, 0xff, 0xfe, 
	0xff, 0xfe, 0xff, 0xfe, 0xff, 0xfe, 0xff, 0xfe, 
	0xff, 0xfe, 0xff, 0xfe, 0xff, 0xfe, 0xff, 0xfe, 
	0xff, 0xf0, 0xff, 0xc1, 0xff, 0xc1, 0xff, 0xc1, 
	0xff, 0xc1, 0xff, 0xc1, 0xff, 0xc1, 0xff, 0xc1, 
	0xff, 0xc1, 0xff, 0xc1, 0xff, 0xc1, 0xff, 0xc1, 
	0xff, 0xc1, 0xff, 0xc1, 0xff, 0xc1, 0xff, 0xc1, 
	0xff, 0xc1, 0xff, 0xc1, 0xff, 0xc1, 0xff, 0xc1, 
	0xff, 0x81, 0xff, 0x41, 0xff, 0xf0, 0xff, 0xfe, 
	0xff, 0xfe, 0xff, 0xfe, 0xff, 0xfe, 0xff, 0xfe, 
	0xff, 0xfe, 0xff, 0xfe, 0xff, 0xfe, 0xff, 0xf0, 
	0xff, 0x81, 0xff, 0xc1, 0xff, 0xc1, 0xff, 0xc1, 
	0xff, 0xc1, 0xff, 0xc1, 0xff, 0xc1, 0xff, 0xc1, 
	0xff, 0xc1, 0xff, 0xc1, 0xff, 0xc1, 0xff, 0xc1, 
	0xff, 0xc1, 0xff, 0xc1, 0xff, 0xc1, 0xff, 0xc1, 
	0xff, 0xc1, 0xff, 0xc1, 0xff, 0xc1, 0xff, 0xc1, 
	0xff, 0xc1, 0xff, 0x81, 0xff, 0x81, 0xff, 0xf0, 
	0xff, 0xfe, 0xff, 0xfe, 0xff, 0xfe, 0xff, 0xfe, 
	0xff, 0xfe, 0xff, 0xfe, 0xff, 0xfc, 0xff, 0x41, 
	0xff, 0x41, 0xff, 0xc1, 0xff, 0xc1, 0xff, 0xc1, 
	0xff, 0xc1, 0xff, 0xc1, 0xff, 0xc1, 0xff, 0xc1, 
	0xff, 0xc1, 0xff, 0xc1, 0xff, 0xc1, 0xff, 0xc1, 
	0xff, 0xc1, 0xff, 0xc1, 0xff, 0xc1, 0xff, 0xc1, 
	0xff, 0xc1, 0xff, 0xc1, 0xff, 0xc1, 0xff, 0xc1, 
	0xff, 0xc1, 0xff, 0xc1, 0xff, 0x41, 0xff, 0x41, 
	0xff, 0xfc, 0xff, 0xfe, 0xff, 0xfe, 0xff, 0xfe, 
	0xff, 0xfe, 0xff, 0xfe, 0xff, 0xfc, 0xff, 0x01, 
	0xff, 0x41, 0xff, 0xc1, 0xff, 0xc1, 0xff, 0xc1, 
	0xff, 0xc1, 0xff, 0xc1, 0xff, 0xc1, 0xff, 0xc1, 
	0xff, 0xc1, 0xff, 0xc1, 0xff, 0xc1, 0xff, 0xc1, 
	0xff, 0xc1, 0xff, 0xc1, 0xff, 0xc1, 0xff, 0xc1, 
	0xff, 0xc1, 0xff, 0xc1, 0xff, 0xc1, 0xff, 0xc1, 
	0xff, 0xc1, 0xff, 0xc1, 0xff, 0x81, 0xff, 0x41, 
	0xff, 0xfc, 0xff, 0xfe, 0xff, 0xfe, 0xff, 0xfe, 
	0xff, 0xfe, 0xff, 0xfe, 0xff, 0xf0, 0xff, 0x01, 
	0xff, 0x41, 0xff, 0xc1, 0xff, 0xc1, 0xff, 0xc1, 
	0xff, 0xc1, 0xff, 0xc1, 0xff, 0xc1, 0xff, 0xc1, 
	0xff, 0xc1, 0xff, 0xc1, 0xff, 0xc1, 0xff, 0xc1, 
	0xff, 0xc1, 0xff, 0xc1, 0xff, 0xc1, 0xff, 0xc1, 
	0xff, 0xc1, 0xff, 0xc1, 0xff, 0xc1, 0xff, 0xc1, 
	0xff, 0xc1, 0xff, 0xc1, 0xff, 0xc1, 0xff, 0x81, 
	0xff, 0xf0, 0xff, 0xfe, 0xff, 0xfe, 0xff, 0xfe, 
	0xff, 0xfe, 0xff, 0xfc, 0xfe, 0xc1, 0xfe, 0xc1, 
	0xff, 0x41, 0xff, 0xc1, 0xff, 0xc1, 0xff, 0xc1, 
	0xff, 0xc1, 0xff, 0xc1, 0xff, 0xc1, 0xff, 0xc1, 
	0xff, 0xc1, 0xff, 0xc1, 0xff, 0xc1, 0xff, 0xc1, 
	0xff, 0xc1, 0xff, 0xc1, 0xff, 0xc1, 0xff, 0xc1, 
	0xff, 0xc1, 0xff, 0xc1, 0xff, 0xc1, 0xff, 0xc1, 
	0xff, 0xc1, 0xff, 0xc1, 0xff, 0xc1, 0xff, 0x41, 
	0xff, 0x43, 0xff, 0xfc, 0xff, 0xfe, 0xff, 0xfe, 
	0xff, 0xfe, 0xff, 0xfc, 0xfe, 0x41, 0xfe, 0x81, 
	0xff, 0x01, 0xff, 0xc1, 0xff, 0xc1, 0xff, 0xc1, 
	0xff, 0xc1, 0xff, 0xc1, 0xff, 0xc1, 0xff, 0xc1, 
	0xff, 0xc1, 0xff, 0xc1, 0xff, 0xc1, 0xff, 0xc1, 
	0xff, 0xc1, 0xff, 0xc1, 0xff, 0xc1, 0xff, 0xc1, 
	0xff, 0xc1, 0xff, 0xc1, 0xff, 0xc1, 0xff, 0xc1, 
	0xff, 0xc1, 0xff, 0xc1, 0xff, 0xc1, 0xff, 0x41, 
	0xff, 0x01, 0xff, 0xfc, 0xff, 0xfe, 0xff, 0xfe, 
	0xff, 0xfe, 0xff, 0xfa, 0xfe, 0x01, 0xfe, 0x01, 
	0xfe, 0xc1, 0xff, 0x81, 0xff, 0xc1, 0xff, 0xc1, 
	0xff, 0xc1, 0xff, 0xc1, 0xff, 0xc1, 0xff, 0xc1, 
	0xff, 0xc1, 0xff, 0xc1, 0xff, 0xc1, 0xff, 0xc1, 
	0xff, 0xc1, 0xff, 0xc1, 0xff, 0xc1, 0xff, 0xc1, 
	0xff, 0xc1, 0xff, 0xc1, 0xff, 0xc1, 0xff, 0xc1, 
	0xff, 0xc1, 0xff, 0xc1, 0xff, 0x81, 0xff, 0x01, 
	0xff, 0x01, 0xff, 0xfe, 0xff, 0xfe, 0xff, 0xfe, 
	0xff, 0xfe, 0xff, 0xfa, 0xf5, 0x81, 0xed, 0x41, 
	0xfe, 0x01, 0xff, 0x01, 0xff, 0xc1, 0xff, 0xc1, 
	0xff, 0xc1, 0xff, 0xc1, 0xff, 0xc1, 0xff, 0xc1, 
	0xff, 0xc1, 0xff, 0xc1, 0xff, 0xc1, 0xff, 0xc1, 
	0xff, 0xc1, 0xff, 0xc1, 0xff, 0xc1, 0xff, 0xc1, 
	0xff, 0xc1, 0xff, 0xc1, 0xff, 0xc1, 0xff, 0xc1, 
	0xff, 0xc1, 0xff, 0xc1, 0xff, 0x81, 0xff, 0x01, 
	0xff, 0x01, 0xff, 0xfc, 0xff, 0xfe, 0xff, 0xfe, 
	0xff, 0xfe, 0xff, 0xfa, 0xed, 0x41, 0xe4, 0xc1, 
	0xe5, 0x41, 0xfe, 0x81, 0xff, 0xc1, 0xff, 0xc1, 
	0xff, 0xc1, 0xff, 0xc1, 0xff, 0xc1, 0xff, 0xc1, 
	0xff, 0xc1, 0xff, 0xc1, 0xff, 0xc1, 0xff, 0xc1, 
	0xff, 0xc1, 0xff, 0xc1, 0xff, 0xc1, 0xff, 0xc1, 
	0xff, 0xc1, 0xff, 0xc1, 0xff, 0xc1, 0xff, 0xc1, 
	0xff, 0xc1, 0xff, 0xc1, 0xff, 0x81, 0xfe, 0xc1, 
	0xfe, 0xc1, 0xff, 0xfc, 0xff, 0xfe, 0xff, 0xfe, 
	0xff, 0xfe, 0xff, 0xfc, 0xed, 0x41, 0xe4, 0xc1, 
	0xe5, 0x01, 0xf5, 0xc1, 0xff, 0x01, 0xff, 0xc1, 
	0xff, 0xc1, 0xff, 0xc1, 0xff, 0xc1, 0xff, 0xc1, 
	0xff, 0xc1, 0xff, 0xc1, 0xff, 0xc1, 0xff, 0xc1, 
	0xff, 0xc1, 0xff, 0xc1, 0xff, 0xc1, 0xff, 0xc1, 
	0xff, 0xc1, 0xff, 0xc1, 0xff, 0xc1, 0xff, 0xc1, 
	0xff, 0xc1, 0xff, 0xc1, 0xff, 0x01, 0xf5, 0xc1, 
	0xfe, 0x41, 0xff, 0xfc, 0xff, 0xfe, 0xff, 0xfe, 
	0xff, 0xfe, 0xff, 0xfc, 0xf6, 0x01, 0xe4, 0xc1, 
	0xdc, 0xc1, 0xd4, 0xc1, 0xe5, 0x81, 0xff, 0x41, 
	0xff, 0xc1, 0xff, 0xc1, 0xff, 0xc1, 0xff, 0xc1, 
	0xff, 0xc1, 0xff, 0xc1, 0xff, 0xc1, 0xff, 0xc1, 
	0xff, 0xc1, 0xff, 0xc1, 0xff, 0xc1, 0xff, 0xc1, 
	0xff, 0xc1, 0xff, 0xc1, 0xff, 0xc1, 0xff, 0xc1, 
	0xff, 0xc1, 0xff, 0x01, 0xed, 0xc1, 0xe5, 0x41, 
	0xfe, 0x47, 0xff, 0xfc, 0xff, 0xfe, 0xff, 0xfe, 
	0xff, 0xfe, 0xff, 0xfe, 0xff, 0xf0, 0xed, 0x81, 
	0xe4, 0xc1, 0xd4, 0x81, 0xcc, 0x81, 0xe5, 0x81, 
	0xff, 0x01, 0xff, 0xc1, 0xff, 0xc1, 0xff, 0xc1, 
	0xff, 0xc1, 0xff, 0xc1, 0xff, 0xc1, 0xff, 0xc1, 
	0xff, 0xc1, 0xff, 0xc1, 0xff, 0xc1, 0xff, 0xc1, 
	0xff, 0xc1, 0xff, 0xc1, 0xff, 0xc1, 0xff, 0x41, 
	0xf6, 0x41, 0xe5, 0x81, 0xdd, 0x01, 0xe5, 0x81, 
	0xff, 0xe8, 0xff, 0xfe, 0xff, 0xfe, 0xff, 0xfe, 
	0xff, 0xfe, 0xff, 0xfe, 0xff, 0xfc, 0xed, 0x81, 
	0xed, 0x01, 0xdc, 0xc1, 0xcc, 0x41, 0xc4, 0x41, 
	0xd5, 0x01, 0xee, 0x41, 0xff, 0x81, 0xff, 0xc1, 
	0xff, 0xc1, 0xff, 0xc1, 0xff, 0xc1, 0xff, 0xc1, 
	0xff, 0xc1, 0xff, 0xc1, 0xff, 0xc1, 0xff, 0xc1, 
	0xff, 0xc1, 0xff, 0xc1, 0xfe, 0xc1, 0xe5, 0xc1, 
	0xd5, 0x01, 0xd4, 0x81, 0xdc, 0xc1, 0xed, 0xc1, 
	0xff, 0xf8, 0xff, 0xfe, 0xff, 0xfe, 0xff, 0xfe, 
	0xff, 0xfe, 0xff, 0xfe, 0xff, 0xfc, 0xf6, 0x01, 
	0xed, 0x01, 0xed, 0x01, 0xdc, 0xc1, 0xc4, 0x01, 
	0xbc, 0x01, 0xcc, 0x81, 0xdd, 0x41, 0xf6, 0x41, 
	0xff, 0x41, 0xff, 0xc1, 0xff, 0xc1, 0xff, 0xc1, 
	0xff, 0xc1, 0xff, 0xc1, 0xff, 0x41, 0xf6, 0x81, 
	0xe5, 0xc1, 0xdd, 0x81, 0xd5, 0x01, 0xcc, 0xc1, 
	0xcc, 0x81, 0xd4, 0xc1, 0xe5, 0x01, 0xfe, 0x45, 
	0xff, 0xfc, 0xff, 0xfe, 0xff, 0xfe, 0xff, 0xfe, 
	0xff, 0xfe, 0xff, 0xfe, 0xff, 0xfe, 0xff, 0xf0, 
	0xfe, 0x01, 0xed, 0x01, 0xed, 0x01, 0xdc, 0x81, 
	0xc4, 0x01, 0xbc, 0x01, 0xbc, 0x01, 0xc4, 0x41, 
	0xcc, 0xc1, 0xd5, 0x01, 0xdd, 0x41, 0xdd, 0x81, 
	0xdd, 0x41, 0xd5, 0x01, 0xcc, 0xc1, 0xc4, 0x41, 
	0xbc, 0x01, 0xbc, 0x41, 0xc4, 0x41, 0xcc, 0x81, 
	0xdc, 0xc1, 0xe5, 0x01, 0xfe, 0x01, 0xff, 0xf0, 
	0xff, 0xfe, 0xff, 0xfe, 0xff, 0xfe, 0xff, 0xfe, 
	0xff, 0xfe, 0xff, 0xfe, 0xff, 0xfe, 0xff, 0xfe, 
	0xff, 0xf0, 0xf5, 0x81, 0xed, 0x01, 0xed, 0x01, 
	0xdc, 0xc1, 0xcc, 0x41, 0xc4, 0x01, 0xbb, 0xc1, 
	0xb3, 0xc1, 0xb3, 0xc1, 0xbb, 0xc1, 0xbc, 0x01, 
	0xbb, 0xc1, 0xbb, 0xc1, 0xbc, 0x01, 0xbc, 0x01, 
	0xc4, 0x41, 0xd4, 0x81, 0xdd, 0x01, 0xe5, 0x01, 
	0xed, 0x41, 0xf5, 0x81, 0xff, 0xf0, 0xff, 0xfe, 
	0xff, 0xfe, 0xff, 0xfe, 0xff, 0xfe, 0xff, 0xfe, 
	0xff, 0xfe, 0xff, 0xfe, 0xff, 0xfe, 0xff, 0xfe, 
	0xff, 0xfc, 0xf6, 0x01, 0xed, 0x01, 0xed, 0x01, 
	0xed, 0x01, 0xe5, 0x01, 0xdc, 0xc1, 0xd4, 0x81, 
	0xcc, 0x41, 0xc4, 0x41, 0xc4, 0x41, 0xc4, 0x41, 
	0xc4, 0x41, 0xcc, 0x81, 0xd4, 0xc1, 0xdd, 0x01, 
	0xe5, 0x41, 0xed, 0x41, 0xf5, 0x41, 0xf5, 0x41, 
	0xf5, 0x01, 0xfe, 0x01, 0xff, 0xfc, 0xff, 0xfe, 
	0xff, 0xfe, 0xff, 0xfe, 0xff, 0xfe, 0xff, 0xfe, 
	0xff, 0xfe, 0xff, 0xfe, 0xff, 0xfe, 0xff, 0xfe, 
	0xff, 0xfe, 0xff, 0xf0, 0xf6, 0x01, 0xf5, 0x81, 
	0xed, 0x01, 0xed, 0x01, 0xed, 0x01, 0xed, 0x01, 
	0xe5, 0x01, 0xe5, 0x01, 0xe5, 0x01, 0xe5, 0x01, 
	0xed, 0x41, 0xed, 0x41, 0xf5, 0x81, 0xf5, 0x81, 
	0xfd, 0x81, 0xfd, 0x81, 0xf5, 0x41, 0xfd, 0xc1, 
	0xfe, 0x01, 0xff, 0xf0, 0xff, 0xfe, 0xff, 0xfe, 
	0xff, 0xfe, 0xff, 0xfe, 0xff, 0xfe, 0xff, 0xfe, 
	0xff, 0xfe, 0xff, 0xfe, 0xff, 0xfe, 0xff, 0xfe, 
	0xff, 0xfe, 0xff, 0xfe, 0xff, 0xfc, 0xff, 0xf0, 
	0xf6, 0x01, 0xe5, 0x01, 0xed, 0x01, 0xed, 0x01, 
	0xed, 0x01, 0xed, 0x41, 0xf5, 0x41, 0xf5, 0x41, 
	0xf5, 0x41, 0xf5, 0x81, 0xfd, 0x81, 0xf5, 0x41, 
	0xf5, 0x41, 0xf5, 0x41, 0xfe, 0x41, 0xff, 0xf0, 
	0xff, 0xfc, 0xff, 0xfe, 0xff, 0xfe, 0xff, 0xfe, 
	0xff, 0xfe, 0xff, 0xfe, 0xff, 0xfe, 0xff, 0xfe, 
	0xff, 0xfe, 0xff, 0xfe, 0xff, 0xfe, 0xff, 0xfe, 
	0xff, 0xfe, 0xff, 0xfe, 0xff, 0xfe, 0xff, 0xfe, 
	0xff, 0xf0, 0xf6, 0x01, 0xed, 0x41, 0xed, 0x41, 
	0xed, 0x01, 0xed, 0x01, 0xed, 0x01, 0xed, 0x01, 
	0xed, 0x01, 0xed, 0x01, 0xf5, 0x01, 0xf5, 0x81, 
	0xf5, 0x81, 0xfe, 0x01, 0xff, 0xf0, 0xff, 0xfe, 
	0xff, 0xfe, 0xff, 0xfe, 0xff, 0xfe, 0xff, 0xfe, 
	0xff, 0xfe, 0xff, 0xfe, 0xff, 0xfe, 0xff, 0xfe, 
	0xff, 0xfe, 0xff, 0xfe, 0xff, 0xfe, 0xff, 0xfe, 
	0xff, 0xfe, 0xff, 0xfe, 0xff, 0xfe, 0xff, 0xfe, 
	0xff, 0xfe, 0xff, 0xfc, 0xff, 0xfc, 0xff, 0xf0, 
	0xf6, 0x01, 0xed, 0x41, 0xf5, 0x81, 0xf5, 0x81, 
	0xf5, 0x81, 0xf5, 0x81, 0xfe, 0x01, 0xff, 0xf0, 
	0xff, 0xfc, 0xff, 0xfc, 0xff, 0xfe, 0xff, 0xfe, 
	0xff, 0xfe, 0xff, 0xfe, 0xff, 0xfe, 0xff, 0xfe, 
	0xff, 0xfe, 0xff, 0xfe, 0xff, 0xfe, 0xff, 0xfe, 
	0xff, 0xfe, 0xff, 0xfe, 0xff, 0xfe, 0xff, 0xfe, 
	0xff, 0xfe, 0xff, 0xfe, 0xff, 0xfe, 0xff, 0xfe, 
	0xff, 0xfe, 0xff, 0xfe, 0xff, 0xfe, 0xff, 0xfe, 
	0xff, 0xfc, 0xff, 0xfc, 0xff, 0xfc, 0xff, 0xfc, 
	0xff, 0xfc, 0xff, 0xfc, 0xff, 0xfc, 0xff, 0xfe, 
	0xff, 0xfe, 0xff, 0xfe, 0xff, 0xfe, 0xff, 0xfe, 
	0xff, 0xfe, 0xff, 0xfe, 0xff, 0xfe, 0xff, 0xfe, 
	0xff, 0xfe, 0xff, 0xfe, 0xff, 0xfe, 0xff, 0xfe, 
	0xff, 0xfe, 0xff, 0xfe, 0xff, 0xfe, 0xff, 0xfe, 
	0xff, 0xfe, 0xff, 0xfe, 0xff, 0xfe, 0xff, 0xfe, 
	0xff, 0xfe, 0xff, 0xfe, 0xff, 0xfe, 0xff, 0xfe, 
	0xff, 0xfe, 0xff, 0xfe, 0xff, 0xfe, 0xff, 0xfe, 
	0xff, 0xfe, 0xff, 0xfe, 0xff, 0xfe, 0xff, 0xfe, 
	0xff, 0xfe, 0xff, 0xfe, 0xff, 0xfe, 0xff, 0xfe, 
	0xff, 0xfe, 0xff, 0xfe, 0xff, 0xfe, 0xff, 0xfe, 
	0xff, 0xfe, 0xff, 0xfe, 0xff, 0xfe, 0xff, 0xfe, 
	
};

Gfx mario_mario_logo_rgba16_ci8_aligner[] = {gsSPEndDisplayList()};
u8 mario_mario_logo_rgba16_ci8[] = {
	0x00, 0x00, 0x00, 0x00, 0x00, 0x00, 0x00, 0x00, 
	0x00, 0x00, 0x00, 0x00, 0x00, 0x00, 0x00, 0x00, 
	0x00, 0x00, 0x00, 0x00, 0x00, 0x00, 0x00, 0x00, 
	0x00, 0x00, 0x00, 0x00, 0x00, 0x00, 0x00, 0x00, 
	0x00, 0x00, 0x00, 0x00, 0x00, 0x00, 0x00, 0x00, 
	0x00, 0x00, 0x00, 0x00, 0x00, 0x00, 0x00, 0x00, 
	0x00, 0x00, 0x00, 0x00, 0x00, 0x00, 0x00, 0x00, 
	0x00, 0x00, 0x00, 0x00, 0x00, 0x00, 0x00, 0x00, 
	0x00, 0x00, 0x00, 0x00, 0x00, 0x00, 0x00, 0x00, 
	0x00, 0x00, 0x00, 0x00, 0x00, 0x00, 0x00, 0x00, 
	0x00, 0x00, 0x00, 0x00, 0x00, 0x00, 0x00, 0x00, 
	0x00, 0x00, 0x00, 0x00, 0x00, 0x00, 0x00, 0x00, 
	0x00, 0x00, 0x00, 0x00, 0x00, 0x00, 0x00, 0x00, 
	0x00, 0x00, 0x00, 0x00, 0x00, 0x00, 0x00, 0x00, 
	0x00, 0x00, 0x00, 0x00, 0x00, 0x00, 0x00, 0x00, 
	0x00, 0x00, 0x00, 0x00, 0x00, 0x00, 0x00, 0x00, 
	0x00, 0x00, 0x00, 0x00, 0x00, 0x00, 0x00, 0x00, 
	0x00, 0x00, 0x00, 0x00, 0x00, 0x00, 0x00, 0x00, 
	0x00, 0x00, 0x00, 0x00, 0x00, 0x00, 0x00, 0x00, 
	0x00, 0x00, 0x00, 0x00, 0x00, 0x00, 0x00, 0x00, 
	0x00, 0x00, 0x00, 0x00, 0x00, 0x00, 0x00, 0x00, 
	0x00, 0x00, 0x00, 0x00, 0x01, 0x01, 0x01, 0x01, 
	0x01, 0x01, 0x01, 0x01, 0x00, 0x00, 0x00, 0x00, 
	0x00, 0x00, 0x00, 0x00, 0x00, 0x00, 0x00, 0x00, 
	0x00, 0x00, 0x00, 0x00, 0x00, 0x00, 0x00, 0x00, 
	0x00, 0x00, 0x01, 0x01, 0x01, 0x01, 0x01, 0x01, 
	0x01, 0x01, 0x01, 0x01, 0x01, 0x01, 0x00, 0x00, 
	0x00, 0x00, 0x00, 0x00, 0x00, 0x00, 0x00, 0x00, 
	0x00, 0x00, 0x00, 0x00, 0x00, 0x00, 0x00, 0x00, 
	0x00, 0x01, 0x01, 0x01, 0x01, 0x01, 0x01, 0x01, 
	0x01, 0x01, 0x01, 0x01, 0x01, 0x01, 0x01, 0x01, 
	0x00, 0x00, 0x00, 0x00, 0x00, 0x00, 0x00, 0x00, 
	0x00, 0x00, 0x00, 0x00, 0x00, 0x00, 0x00, 0x00, 
	0x01, 0x01, 0x01, 0x01, 0x01, 0x01, 0x01, 0x01, 
	0x01, 0x01, 0x01, 0x01, 0x01, 0x01, 0x01, 0x01, 
	0x01, 0x00, 0x00, 0x00, 0x00, 0x00, 0x00, 0x00, 
	0x00, 0x00, 0x00, 0x00, 0x00, 0x00, 0x00, 0x01, 
	0x01, 0x01, 0x01, 0x02, 0x03, 0x04, 0x01, 0x01, 
	0x01, 0x05, 0x06, 0x07, 0x01, 0x01, 0x01, 0x01, 
	0x01, 0x01, 0x00, 0x00, 0x00, 0x00, 0x00, 0x00, 
	0x00, 0x00, 0x00, 0x00, 0x00, 0x00, 0x01, 0x01, 
	0x01, 0x01, 0x01, 0x08, 0x08, 0x08, 0x09, 0x01, 
	0x0a, 0x08, 0x08, 0x08, 0x01, 0x01, 0x01, 0x01, 
	0x01, 0x01, 0x00, 0x00, 0x00, 0x00, 0x00, 0x00, 
	0x00, 0x00, 0x00, 0x00, 0x00, 0x00, 0x01, 0x01, 
	0x01, 0x01, 0x05, 0x08, 0x08, 0x08, 0x08, 0x01, 
	0x0b, 0x08, 0x08, 0x08, 0x08, 0x01, 0x01, 0x01, 
	0x01, 0x01, 0x01, 0x00, 0x00, 0x00, 0x00, 0x00, 
	0x00, 0x00, 0x00, 0x00, 0x00, 0x01, 0x01, 0x01, 
	0x01, 0x01, 0x0c, 0x08, 0x08, 0x08, 0x08, 0x0d, 
	0x0e, 0x08, 0x08, 0x08, 0x08, 0x0f, 0x01, 0x01, 
	0x01, 0x01, 0x01, 0x01, 0x00, 0x00, 0x00, 0x00, 
	0x00, 0x00, 0x00, 0x00, 0x00, 0x01, 0x01, 0x01, 
	0x01, 0x01, 0x08, 0x08, 0x08, 0x08, 0x08, 0x08, 
	0x08, 0x08, 0x08, 0x08, 0x08, 0x08, 0x01, 0x01, 
	0x01, 0x01, 0x01, 0x01, 0x00, 0x00, 0x00, 0x00, 
	0x00, 0x00, 0x00, 0x00, 0x01, 0x01, 0x01, 0x01, 
	0x01, 0x10, 0x08, 0x08, 0x11, 0x12, 0x08, 0x08, 
	0x08, 0x08, 0x13, 0x08, 0x08, 0x08, 0x14, 0x01, 
	0x01, 0x01, 0x01, 0x01, 0x01, 0x00, 0x00, 0x00, 
	0x00, 0x00, 0x00, 0x00, 0x01, 0x01, 0x01, 0x01, 
	0x01, 0x08, 0x08, 0x08, 0x15, 0x01, 0x08, 0x08, 
	0x08, 0x08, 0x01, 0x08, 0x08, 0x08, 0x08, 0x01, 
	0x01, 0x01, 0x01, 0x01, 0x01, 0x00, 0x00, 0x00, 
	0x00, 0x00, 0x00, 0x00, 0x01, 0x01, 0x01, 0x01, 
	0x07, 0x08, 0x08, 0x08, 0x16, 0x01, 0x08, 0x08, 
	0x08, 0x17, 0x01, 0x18, 0x08, 0x08, 0x08, 0x19, 
	0x01, 0x01, 0x01, 0x01, 0x01, 0x00, 0x00, 0x00, 
	0x00, 0x00, 0x00, 0x00, 0x01, 0x01, 0x01, 0x01, 
	0x1a, 0x08, 0x08, 0x08, 0x01, 0x01, 0x0a, 0x1b, 
	0x1c, 0x01, 0x01, 0x02, 0x08, 0x08, 0x08, 0x08, 
	0x1d, 0x01, 0x01, 0x01, 0x01, 0x00, 0x00, 0x00, 
	0x00, 0x00, 0x00, 0x00, 0x01, 0x01, 0x01, 0x01, 
	0x08, 0x08, 0x08, 0x1a, 0x01, 0x01, 0x01, 0x01, 
	0x01, 0x01, 0x01, 0x01, 0x08, 0x08, 0x08, 0x08, 
	0x08, 0x01, 0x01, 0x01, 0x01, 0x00, 0x00, 0x00, 
	0x00, 0x00, 0x00, 0x00, 0x01, 0x01, 0x01, 0x1e, 
	0x08, 0x08, 0x08, 0x1f, 0x01, 0x01, 0x01, 0x01, 
	0x01, 0x01, 0x01, 0x01, 0x20, 0x08, 0x08, 0x08, 
	0x08, 0x09, 0x01, 0x01, 0x01, 0x00, 0x00, 0x00, 
	0x00, 0x00, 0x00, 0x00, 0x01, 0x01, 0x01, 0x08, 
	0x08, 0x08, 0x08, 0x01, 0x01, 0x01, 0x01, 0x01, 
	0x01, 0x01, 0x01, 0x01, 0x21, 0x08, 0x08, 0x08, 
	0x22, 0x01, 0x01, 0x01, 0x01, 0x00, 0x00, 0x00, 
	0x00, 0x00, 0x00, 0x00, 0x01, 0x01, 0x01, 0x23, 
	0x22, 0x24, 0x08, 0x01, 0x01, 0x01, 0x01, 0x01, 
	0x01, 0x01, 0x01, 0x01, 0x01, 0x08, 0x20, 0x01, 
	0x01, 0x01, 0x01, 0x01, 0x00, 0x00, 0x00, 0x00, 
	0x00, 0x00, 0x00, 0x00, 0x00, 0x01, 0x01, 0x01, 
	0x01, 0x01, 0x25, 0x01, 0x01, 0x01, 0x01, 0x01, 
	0x01, 0x01, 0x01, 0x01, 0x01, 0x01, 0x01, 0x01, 
	0x01, 0x01, 0x01, 0x01, 0x00, 0x00, 0x00, 0x00, 
	0x00, 0x00, 0x00, 0x00, 0x00, 0x00, 0x01, 0x01, 
	0x01, 0x01, 0x01, 0x01, 0x01, 0x01, 0x01, 0x01, 
	0x01, 0x01, 0x01, 0x01, 0x01, 0x01, 0x01, 0x01, 
	0x01, 0x01, 0x01, 0x00, 0x00, 0x00, 0x00, 0x00, 
	0x00, 0x00, 0x00, 0x00, 0x00, 0x00, 0x00, 0x01, 
	0x01, 0x01, 0x01, 0x01, 0x01, 0x01, 0x01, 0x01, 
	0x01, 0x01, 0x01, 0x01, 0x01, 0x01, 0x01, 0x01, 
	0x01, 0x00, 0x00, 0x00, 0x00, 0x00, 0x00, 0x00, 
	0x00, 0x00, 0x00, 0x00, 0x00, 0x00, 0x00, 0x00, 
	0x00, 0x01, 0x01, 0x01, 0x01, 0x01, 0x01, 0x01, 
	0x01, 0x01, 0x01, 0x01, 0x01, 0x01, 0x01, 0x00, 
	0x00, 0x00, 0x00, 0x00, 0x00, 0x00, 0x00, 0x00, 
	0x00, 0x00, 0x00, 0x00, 0x00, 0x00, 0x00, 0x00, 
	0x00, 0x00, 0x00, 0x00, 0x00, 0x00, 0x00, 0x00, 
	0x00, 0x00, 0x00, 0x00, 0x00, 0x00, 0x00, 0x00, 
	0x00, 0x00, 0x00, 0x00, 0x00, 0x00, 0x00, 0x00, 
	0x00, 0x00, 0x00, 0x00, 0x00, 0x00, 0x00, 0x00, 
	0x00, 0x00, 0x00, 0x00, 0x00, 0x00, 0x00, 0x00, 
	0x00, 0x00, 0x00, 0x00, 0x00, 0x00, 0x00, 0x00, 
	0x00, 0x00, 0x00, 0x00, 0x00, 0x00, 0x00, 0x00, 
	0x00, 0x00, 0x00, 0x00, 0x00, 0x00, 0x00, 0x00, 
	0x00, 0x00, 0x00, 0x00, 0x00, 0x00, 0x00, 0x00, 
	0x00, 0x00, 0x00, 0x00, 0x00, 0x00, 0x00, 0x00, 
	0x00, 0x00, 0x00, 0x00, 0x00, 0x00, 0x00, 0x00, 
	0x00, 0x00, 0x00, 0x00, 0x00, 0x00, 0x00, 0x00, 
	0x00, 0x00, 0x00, 0x00, 0x00, 0x00, 0x00, 0x00, 
	0x00, 0x00, 0x00, 0x00, 0x00, 0x00, 0x00, 0x00, 
	0x00, 0x00, 0x00, 0x00, 0x00, 0x00, 0x00, 0x00, 
	0x00, 0x00, 0x00, 0x00, 0x01, 0x00, 0x00, 0x00, 
	0x00, 0x00, 0x00, 0x00, 0x00, 0x00, 0x00, 0x00, 
	0x00, 0x00, 0x00, 0x00, 0x00, 0x00, 0x00, 0x00, 
	0x00, 0x00, 0x00, 0x00, 0x01, 0x00, 0x00, 0x00, 
	0x00, 0x00, 0x00, 0x00, 0x00, 0x00, 0x00, 0x00, 
	0x00, 0x00, 0x00, 0x00, 0x00, 0x00, 0x00, 0x00, 
	0x00, 0x00, 0x00, 0x00, 0x00, 0x00, 0x00, 0x00, 
	0x00, 0x00, 0x00, 0x00, 0x00, 0x00, 0x00, 0x00, 
	
};

Gfx mario_mario_logo_rgba16_pal_rgba16_aligner[] = {gsSPEndDisplayList()};
u8 mario_mario_logo_rgba16_pal_rgba16[] = {
	0xff, 0xfe, 0xff, 0xff, 0xfe, 0xf7, 0xfd, 0xf1, 
	0xf5, 0x2b, 0xfe, 0x31, 0xfd, 0x6d, 0xfd, 0x6b, 
	0xf8, 0x01, 0xfb, 0xe1, 0xff, 0x7d, 0xfb, 0x19, 
	0xf8, 0x45, 0xf7, 0x39, 0xf8, 0x85, 0xfd, 0xaf, 
	0xfa, 0xd9, 0xfa, 0x11, 0xf9, 0xd1, 0xfc, 0xa7, 
	0xfb, 0x9d, 0xfc, 0x21, 0xfe, 0x75, 0xfd, 0x29, 
	0xfa, 0x95, 0xf9, 0x4b, 0xf8, 0x87, 0xfc, 0xe7, 
	0xfc, 0xa5, 0xff, 0x39, 0xfa, 0x55, 0xfc, 0x23, 
	0xfa, 0x13, 0xfe, 0xb7, 0xfb, 0x9f, 0xff, 0xbd, 
	0xf8, 0x03, 0xff, 0xbf, 
};

Gfx mario_mario_eyes_center_rgba16_ci8_aligner[] = {gsSPEndDisplayList()};
u8 mario_mario_eyes_center_rgba16_ci8[] = {
	0x00, 0x00, 0x00, 0x00, 0x00, 0x00, 0x00, 0x00, 
	0x00, 0x00, 0x00, 0x00, 0x00, 0x00, 0x00, 0x00, 
	0x00, 0x00, 0x00, 0x00, 0x00, 0x00, 0x00, 0x00, 
	0x00, 0x00, 0x00, 0x00, 0x00, 0x00, 0x00, 0x00, 
	0x00, 0x00, 0x00, 0x00, 0x00, 0x00, 0x00, 0x00, 
	0x00, 0x00, 0x00, 0x00, 0x00, 0x00, 0x00, 0x00, 
	0x00, 0x00, 0x00, 0x00, 0x00, 0x00, 0x00, 0x00, 
	0x00, 0x00, 0x00, 0x00, 0x00, 0x00, 0x00, 0x00, 
	0x00, 0x00, 0x00, 0x00, 0x00, 0x00, 0x00, 0x00, 
	0x00, 0x00, 0x00, 0x00, 0x00, 0x00, 0x00, 0x00, 
	0x00, 0x00, 0x00, 0x00, 0x00, 0x00, 0x00, 0x00, 
	0x00, 0x00, 0x00, 0x00, 0x00, 0x00, 0x00, 0x00, 
	0x00, 0x00, 0x00, 0x00, 0x00, 0x00, 0x00, 0x00, 
	0x00, 0x00, 0x00, 0x00, 0x00, 0x00, 0x00, 0x00, 
	0x00, 0x00, 0x00, 0x00, 0x00, 0x00, 0x00, 0x00, 
	0x00, 0x00, 0x00, 0x00, 0x00, 0x00, 0x00, 0x00, 
	0x00, 0x00, 0x00, 0x00, 0x00, 0x00, 0x00, 0x00, 
	0x00, 0x00, 0x00, 0x00, 0x00, 0x00, 0x00, 0x00, 
	0x00, 0x00, 0x00, 0x00, 0x00, 0x00, 0x00, 0x00, 
	0x00, 0x00, 0x00, 0x00, 0x00, 0x00, 0x00, 0x00, 
	0x00, 0x00, 0x00, 0x00, 0x01, 0x02, 0x03, 0x04, 
	0x04, 0x05, 0x00, 0x00, 0x00, 0x00, 0x00, 0x00, 
	0x00, 0x00, 0x00, 0x00, 0x00, 0x00, 0x06, 0x04, 
	0x04, 0x03, 0x02, 0x07, 0x00, 0x00, 0x00, 0x00, 
	0x00, 0x00, 0x00, 0x01, 0x03, 0x04, 0x04, 0x04, 
	0x04, 0x06, 0x06, 0x00, 0x00, 0x00, 0x00, 0x00, 
	0x00, 0x00, 0x00, 0x00, 0x00, 0x06, 0x06, 0x04, 
	0x04, 0x04, 0x04, 0x03, 0x02, 0x00, 0x00, 0x00, 
	0x00, 0x00, 0x00, 0x04, 0x08, 0x00, 0x00, 0x00, 
	0x00, 0x09, 0x04, 0x00, 0x00, 0x00, 0x00, 0x00, 
	0x00, 0x00, 0x00, 0x00, 0x00, 0x04, 0x07, 0x00, 
	0x00, 0x00, 0x00, 0x08, 0x02, 0x00, 0x00, 0x00, 
	0x00, 0x00, 0x00, 0x00, 0x00, 0x00, 0x00, 0x00, 
	0x00, 0x00, 0x03, 0x03, 0x00, 0x00, 0x00, 0x00, 
	0x00, 0x00, 0x00, 0x00, 0x03, 0x04, 0x00, 0x00, 
	0x00, 0x00, 0x00, 0x00, 0x00, 0x00, 0x00, 0x00, 
	0x00, 0x00, 0x00, 0x00, 0x0a, 0x00, 0x00, 0x00, 
	0x00, 0x00, 0x00, 0x0b, 0x00, 0x00, 0x00, 0x00, 
	0x00, 0x00, 0x00, 0x00, 0x02, 0x00, 0x00, 0x00, 
	0x00, 0x00, 0x00, 0x0a, 0x00, 0x00, 0x00, 0x00, 
	0x00, 0x00, 0x00, 0x00, 0x0a, 0x0c, 0x00, 0x00, 
	0x00, 0x00, 0x00, 0x00, 0x00, 0x00, 0x00, 0x00, 
	0x00, 0x00, 0x00, 0x00, 0x00, 0x00, 0x00, 0x00, 
	0x00, 0x00, 0x0c, 0x0a, 0x00, 0x00, 0x00, 0x00, 
	0x00, 0x00, 0x00, 0x0d, 0x0d, 0x0e, 0x0e, 0x0c, 
	0x00, 0x00, 0x00, 0x00, 0x00, 0x00, 0x00, 0x00, 
	0x00, 0x00, 0x00, 0x00, 0x00, 0x00, 0x00, 0x00, 
	0x0c, 0x0e, 0x0e, 0x0f, 0x10, 0x10, 0x00, 0x00, 
	0x00, 0x00, 0x10, 0x10, 0x0f, 0x0f, 0x11, 0x12, 
	0x13, 0x00, 0x00, 0x00, 0x00, 0x00, 0x00, 0x00, 
	0x00, 0x00, 0x00, 0x00, 0x00, 0x00, 0x00, 0x13, 
	0x12, 0x11, 0x0f, 0x0f, 0x0f, 0x10, 0x00, 0x00, 
	0x00, 0x00, 0x10, 0x0f, 0x0f, 0x0f, 0x0f, 0x12, 
	0x12, 0x12, 0x00, 0x00, 0x00, 0x00, 0x00, 0x00, 
	0x00, 0x00, 0x00, 0x00, 0x00, 0x00, 0x12, 0x12, 
	0x12, 0x0f, 0x0f, 0x0f, 0x0f, 0x10, 0x10, 0x00, 
	0x00, 0x10, 0x10, 0x0f, 0x0f, 0x0f, 0x0f, 0x14, 
	0x12, 0x03, 0x03, 0x00, 0x00, 0x00, 0x00, 0x00, 
	0x00, 0x00, 0x00, 0x00, 0x00, 0x03, 0x03, 0x12, 
	0x15, 0x16, 0x0f, 0x0f, 0x0f, 0x0f, 0x10, 0x00, 
	0x00, 0x10, 0x0f, 0x0f, 0x0f, 0x0f, 0x17, 0x18, 
	0x19, 0x03, 0x03, 0x03, 0x00, 0x00, 0x00, 0x00, 
	0x00, 0x00, 0x00, 0x00, 0x03, 0x03, 0x03, 0x19, 
	0x1a, 0x1b, 0x0f, 0x0f, 0x0f, 0x0f, 0x10, 0x00, 
	0x00, 0x10, 0x0f, 0x0f, 0x0f, 0x0f, 0x1c, 0x1d, 
	0x19, 0x1e, 0x03, 0x03, 0x03, 0x00, 0x00, 0x00, 
	0x00, 0x00, 0x00, 0x03, 0x03, 0x03, 0x1f, 0x20, 
	0x1d, 0x21, 0x0f, 0x0f, 0x0f, 0x0f, 0x10, 0x10, 
	0x10, 0x10, 0x0f, 0x0f, 0x0f, 0x0f, 0x22, 0x1d, 
	0x23, 0x24, 0x03, 0x03, 0x03, 0x11, 0x00, 0x00, 
	0x00, 0x00, 0x11, 0x03, 0x03, 0x03, 0x03, 0x25, 
	0x19, 0x26, 0x0f, 0x0f, 0x0f, 0x0f, 0x0f, 0x10, 
	0x10, 0x0f, 0x0f, 0x0f, 0x0f, 0x0f, 0x27, 0x1d, 
	0x28, 0x03, 0x03, 0x29, 0x03, 0x03, 0x10, 0x00, 
	0x00, 0x10, 0x03, 0x03, 0x1f, 0x03, 0x03, 0x2a, 
	0x19, 0x2b, 0x2c, 0x0f, 0x0f, 0x0f, 0x0f, 0x10, 
	0x10, 0x0f, 0x0f, 0x0f, 0x0f, 0x0f, 0x2d, 0x1d, 
	0x2e, 0x03, 0x2f, 0x30, 0x31, 0x03, 0x10, 0x00, 
	0x00, 0x10, 0x03, 0x32, 0x30, 0x33, 0x03, 0x1e, 
	0x19, 0x18, 0x16, 0x0f, 0x0f, 0x0f, 0x0f, 0x10, 
	0x10, 0x0f, 0x0f, 0x0f, 0x0f, 0x0f, 0x26, 0x19, 
	0x34, 0x03, 0x35, 0x0f, 0x36, 0x37, 0x10, 0x00, 
	0x00, 0x10, 0x38, 0x39, 0x0f, 0x3a, 0x03, 0x3b, 
	0x3c, 0x18, 0x17, 0x0f, 0x0f, 0x0f, 0x0f, 0x10, 
	0x10, 0x0f, 0x0f, 0x0f, 0x0f, 0x0f, 0x3d, 0x1d, 
	0x2e, 0x03, 0x3e, 0x36, 0x35, 0x3f, 0x10, 0x00, 
	0x00, 0x10, 0x40, 0x41, 0x36, 0x42, 0x03, 0x43, 
	0x3c, 0x18, 0x44, 0x0f, 0x0f, 0x0f, 0x0f, 0x10, 
	0x10, 0x0f, 0x0f, 0x0f, 0x0f, 0x0f, 0x21, 0x1d, 
	0x25, 0x03, 0x03, 0x03, 0x03, 0x45, 0x10, 0x00, 
	0x00, 0x10, 0x46, 0x03, 0x24, 0x03, 0x03, 0x47, 
	0x19, 0x2b, 0x2c, 0x0f, 0x0f, 0x0f, 0x0f, 0x10, 
	0x10, 0x10, 0x0f, 0x0f, 0x0f, 0x0f, 0x22, 0x1d, 
	0x48, 0x24, 0x03, 0x03, 0x03, 0x49, 0x10, 0x00, 
	0x00, 0x10, 0x4a, 0x03, 0x03, 0x03, 0x03, 0x2e, 
	0x1d, 0x4b, 0x0f, 0x0f, 0x0f, 0x0f, 0x0f, 0x10, 
	0x00, 0x10, 0x0f, 0x0f, 0x0f, 0x0f, 0x4c, 0x1d, 
	0x3c, 0x3b, 0x03, 0x03, 0x03, 0x4d, 0x10, 0x00, 
	0x00, 0x10, 0x10, 0x3b, 0x03, 0x03, 0x24, 0x23, 
	0x1d, 0x4e, 0x0f, 0x0f, 0x0f, 0x0f, 0x10, 0x10, 
	0x00, 0x10, 0x0f, 0x0f, 0x0f, 0x0f, 0x16, 0x18, 
	0x19, 0x4f, 0x03, 0x03, 0x2e, 0x10, 0x10, 0x00, 
	0x00, 0x00, 0x10, 0x50, 0x51, 0x03, 0x34, 0x19, 
	0x1d, 0x52, 0x0f, 0x0f, 0x0f, 0x0f, 0x10, 0x00, 
	0x00, 0x10, 0x10, 0x0f, 0x0f, 0x0f, 0x0f, 0x21, 
	0x1a, 0x19, 0x48, 0x53, 0x4b, 0x10, 0x00, 0x00, 
	0x00, 0x00, 0x10, 0x22, 0x54, 0x4f, 0x3c, 0x1d, 
	0x55, 0x44, 0x0f, 0x0f, 0x0f, 0x0f, 0x10, 0x00, 
	0x00, 0x00, 0x10, 0x0f, 0x0f, 0x0f, 0x0f, 0x17, 
	0x18, 0x56, 0x1d, 0x19, 0x10, 0x10, 0x00, 0x00, 
	0x00, 0x00, 0x10, 0x10, 0x55, 0x57, 0x1d, 0x56, 
	0x4c, 0x0f, 0x0f, 0x0f, 0x0f, 0x10, 0x10, 0x00, 
	0x00, 0x00, 0x10, 0x10, 0x0f, 0x0f, 0x0f, 0x0f, 
	0x58, 0x3d, 0x4b, 0x52, 0x10, 0x00, 0x00, 0x00, 
	0x00, 0x00, 0x00, 0x10, 0x59, 0x14, 0x4b, 0x4c, 
	0x0f, 0x0f, 0x0f, 0x0f, 0x0f, 0x10, 0x00, 0x00, 
	0x00, 0x00, 0x00, 0x10, 0x0f, 0x0f, 0x0f, 0x0f, 
	0x0f, 0x0f, 0x0f, 0x10, 0x10, 0x00, 0x00, 0x00, 
	0x00, 0x00, 0x00, 0x10, 0x10, 0x0f, 0x0f, 0x0f, 
	0x0f, 0x0f, 0x0f, 0x0f, 0x10, 0x10, 0x00, 0x00, 
	0x00, 0x00, 0x00, 0x10, 0x10, 0x10, 0x0f, 0x0f, 
	0x0f, 0x0f, 0x10, 0x10, 0x00, 0x00, 0x00, 0x00, 
	0x00, 0x00, 0x00, 0x00, 0x10, 0x10, 0x10, 0x0f, 
	0x0f, 0x0f, 0x10, 0x10, 0x10, 0x00, 0x00, 0x00, 
	0x00, 0x00, 0x00, 0x00, 0x00, 0x10, 0x10, 0x10, 
	0x10, 0x10, 0x10, 0x00, 0x00, 0x00, 0x00, 0x00, 
	0x00, 0x00, 0x00, 0x00, 0x00, 0x00, 0x10, 0x10, 
	0x10, 0x10, 0x10, 0x00, 0x00, 0x00, 0x00, 0x00, 
	
};

Gfx mario_mario_eyes_center_rgba16_pal_rgba16_aligner[] = {gsSPEndDisplayList()};
u8 mario_mario_eyes_center_rgba16_pal_rgba16[] = {
	0x00, 0x00, 0x29, 0x4b, 0x18, 0x85, 0x00, 0x01, 
	0x08, 0x01, 0x10, 0x43, 0x08, 0x43, 0x39, 0x8d, 
	0x41, 0xcf, 0x31, 0x8d, 0x9c, 0xe7, 0x20, 0xc7, 
	0x8c, 0x63, 0x9c, 0xe6, 0x73, 0x9d, 0xff, 0xff, 
	0xff, 0xfe, 0x42, 0x11, 0x21, 0x09, 0x52, 0x95, 
	0xfa, 0xd7, 0xe9, 0x8d, 0xff, 0x39, 0xfe, 0xf7, 
	0xe9, 0x4b, 0xe9, 0x09, 0xe0, 0xc7, 0xfd, 0x6b, 
	0xfc, 0xe7, 0xe8, 0xc7, 0x70, 0x43, 0x38, 0x01, 
	0xd8, 0xc7, 0xfb, 0x5b, 0xfb, 0xdf, 0xd0, 0xc7, 
	0x10, 0x01, 0xa8, 0x85, 0xf2, 0x11, 0xfb, 0x19, 
	0xb0, 0x85, 0x30, 0x01, 0x88, 0x43, 0xf1, 0x8d, 
	0xff, 0xbd, 0xf2, 0x95, 0xa0, 0x85, 0x71, 0x09, 
	0xfe, 0xb5, 0xc3, 0x5b, 0x81, 0x8d, 0xaa, 0x95, 
	0x98, 0x43, 0xb2, 0xd7, 0xfd, 0xef, 0x78, 0x85, 
	0xaa, 0x11, 0xc3, 0x9d, 0xed, 0x29, 0x60, 0x01, 
	0xe1, 0x09, 0xfa, 0x95, 0x68, 0xc7, 0x80, 0xc7, 
	0xba, 0x53, 0x79, 0x4b, 0xa2, 0x53, 0x70, 0x01, 
	0xff, 0x7b, 0xa1, 0x4b, 0xd3, 0x19, 0x80, 0x43, 
	0xc8, 0xc7, 0xca, 0x95, 0xf4, 0x63, 0xf2, 0x53, 
	0xfd, 0x29, 0xf4, 0x21, 0xfb, 0x9d, 0xb8, 0x85, 
	0xd1, 0x4b, 0x28, 0x01, 0xfd, 0xad, 0xc0, 0x85, 
	0xc8, 0x43, 0xf1, 0xcf, 0xe0, 0x85, 0xe8, 0x85, 
	0xfe, 0x31, 0xfe, 0x73, 
};

Gfx mario_mario_sideburn_rgba16_ci8_aligner[] = {gsSPEndDisplayList()};
u8 mario_mario_sideburn_rgba16_ci8[] = {
	0x00, 0x00, 0x00, 0x00, 0x00, 0x00, 0x00, 0x00, 
	0x00, 0x00, 0x00, 0x00, 0x00, 0x00, 0x00, 0x00, 
	0x00, 0x00, 0x00, 0x00, 0x00, 0x00, 0x00, 0x00, 
	0x00, 0x00, 0x00, 0x00, 0x00, 0x00, 0x00, 0x00, 
	0x00, 0x00, 0x00, 0x00, 0x00, 0x00, 0x00, 0x00, 
	0x00, 0x00, 0x00, 0x00, 0x00, 0x00, 0x00, 0x00, 
	0x00, 0x00, 0x00, 0x00, 0x00, 0x00, 0x00, 0x00, 
	0x00, 0x00, 0x00, 0x00, 0x00, 0x00, 0x00, 0x00, 
	0x00, 0x00, 0x00, 0x00, 0x00, 0x00, 0x00, 0x00, 
	0x00, 0x00, 0x00, 0x00, 0x00, 0x00, 0x00, 0x00, 
	0x00, 0x00, 0x00, 0x01, 0x02, 0x03, 0x04, 0x05, 
	0x05, 0x06, 0x04, 0x00, 0x00, 0x00, 0x00, 0x00, 
	0x00, 0x00, 0x00, 0x00, 0x00, 0x00, 0x00, 0x00, 
	0x00, 0x00, 0x00, 0x00, 0x00, 0x00, 0x00, 0x00, 
	0x00, 0x00, 0x07, 0x08, 0x08, 0x02, 0x04, 0x05, 
	0x06, 0x09, 0x0a, 0x0b, 0x0c, 0x0b, 0x0a, 0x00, 
	0x00, 0x00, 0x00, 0x00, 0x00, 0x00, 0x00, 0x00, 
	0x00, 0x00, 0x00, 0x00, 0x00, 0x00, 0x00, 0x00, 
	0x00, 0x00, 0x0d, 0x0d, 0x08, 0x02, 0x04, 0x05, 
	0x06, 0x09, 0x09, 0x0a, 0x0a, 0x0b, 0x09, 0x00, 
	0x00, 0x00, 0x00, 0x00, 0x00, 0x00, 0x00, 0x00, 
	0x00, 0x00, 0x00, 0x00, 0x00, 0x00, 0x00, 0x00, 
	0x00, 0x00, 0x08, 0x0d, 0x02, 0x03, 0x0e, 0x05, 
	0x06, 0x09, 0x09, 0x0a, 0x0a, 0x0c, 0x00, 0x00, 
	0x00, 0x00, 0x00, 0x00, 0x00, 0x00, 0x00, 0x00, 
	0x00, 0x00, 0x00, 0x00, 0x00, 0x00, 0x00, 0x00, 
	0x00, 0x0f, 0x0d, 0x08, 0x02, 0x04, 0x0e, 0x06, 
	0x06, 0x09, 0x09, 0x0a, 0x0a, 0x0b, 0x00, 0x00, 
	0x00, 0x00, 0x00, 0x00, 0x00, 0x00, 0x00, 0x00, 
	0x00, 0x00, 0x00, 0x00, 0x00, 0x00, 0x00, 0x00, 
	0x10, 0x08, 0x08, 0x02, 0x03, 0x0e, 0x05, 0x06, 
	0x09, 0x09, 0x09, 0x0a, 0x0b, 0x0e, 0x00, 0x00, 
	0x00, 0x00, 0x00, 0x00, 0x00, 0x00, 0x00, 0x00, 
	0x00, 0x00, 0x00, 0x00, 0x00, 0x00, 0x00, 0x10, 
	0x08, 0x08, 0x02, 0x03, 0x0e, 0x05, 0x06, 0x06, 
	0x09, 0x09, 0x0a, 0x0a, 0x0c, 0x00, 0x00, 0x00, 
	0x00, 0x00, 0x00, 0x00, 0x00, 0x00, 0x00, 0x00, 
	0x08, 0x0d, 0x0d, 0x11, 0x00, 0x10, 0x0d, 0x08, 
	0x08, 0x02, 0x03, 0x04, 0x05, 0x06, 0x06, 0x06, 
	0x09, 0x09, 0x0a, 0x0a, 0x0a, 0x00, 0x00, 0x00, 
	0x00, 0x00, 0x00, 0x00, 0x00, 0x00, 0x12, 0x02, 
	0x08, 0x0d, 0x0d, 0x0d, 0x08, 0x08, 0x08, 0x08, 
	0x02, 0x03, 0x04, 0x05, 0x06, 0x06, 0x06, 0x09, 
	0x09, 0x0a, 0x0a, 0x0b, 0x05, 0x00, 0x00, 0x00, 
	0x00, 0x00, 0x00, 0x00, 0x00, 0x12, 0x03, 0x02, 
	0x08, 0x0d, 0x0d, 0x0d, 0x08, 0x08, 0x02, 0x03, 
	0x04, 0x0e, 0x05, 0x06, 0x06, 0x06, 0x09, 0x09, 
	0x09, 0x0a, 0x0a, 0x0c, 0x00, 0x00, 0x00, 0x00, 
	0x00, 0x00, 0x00, 0x00, 0x00, 0x04, 0x04, 0x03, 
	0x02, 0x02, 0x02, 0x02, 0x01, 0x03, 0x04, 0x0e, 
	0x05, 0x05, 0x06, 0x06, 0x06, 0x09, 0x09, 0x09, 
	0x0a, 0x0a, 0x0a, 0x0a, 0x00, 0x00, 0x00, 0x00, 
	0x00, 0x00, 0x00, 0x00, 0x00, 0x0e, 0x05, 0x0e, 
	0x04, 0x04, 0x04, 0x04, 0x04, 0x0e, 0x05, 0x05, 
	0x06, 0x06, 0x06, 0x06, 0x09, 0x09, 0x09, 0x09, 
	0x0a, 0x0a, 0x0c, 0x0e, 0x00, 0x00, 0x00, 0x00, 
	0x00, 0x00, 0x00, 0x00, 0x00, 0x02, 0x09, 0x05, 
	0x05, 0x05, 0x05, 0x05, 0x05, 0x05, 0x06, 0x06, 
	0x06, 0x06, 0x06, 0x09, 0x09, 0x09, 0x09, 0x0a, 
	0x0a, 0x0a, 0x0b, 0x00, 0x00, 0x00, 0x00, 0x00, 
	0x00, 0x00, 0x00, 0x00, 0x00, 0x00, 0x04, 0x05, 
	0x06, 0x06, 0x06, 0x06, 0x06, 0x06, 0x06, 0x06, 
	0x06, 0x06, 0x09, 0x09, 0x09, 0x09, 0x0a, 0x0a, 
	0x0a, 0x0c, 0x04, 0x00, 0x00, 0x00, 0x00, 0x00, 
	0x00, 0x00, 0x00, 0x0e, 0x02, 0x12, 0x0d, 0x03, 
	0x05, 0x06, 0x06, 0x06, 0x06, 0x06, 0x06, 0x06, 
	0x09, 0x09, 0x09, 0x09, 0x09, 0x0a, 0x0a, 0x0a, 
	0x0b, 0x0a, 0x00, 0x00, 0x00, 0x00, 0x00, 0x00, 
	0x00, 0x00, 0x0a, 0x0e, 0x02, 0x08, 0x08, 0x03, 
	0x05, 0x06, 0x06, 0x06, 0x06, 0x06, 0x06, 0x09, 
	0x09, 0x09, 0x09, 0x09, 0x0a, 0x0a, 0x0a, 0x0a, 
	0x0c, 0x00, 0x00, 0x00, 0x00, 0x00, 0x00, 0x00, 
	0x00, 0x09, 0x0a, 0x06, 0x0e, 0x04, 0x04, 0x0e, 
	0x06, 0x06, 0x06, 0x06, 0x09, 0x09, 0x09, 0x09, 
	0x09, 0x09, 0x09, 0x0a, 0x0a, 0x0a, 0x0a, 0x0c, 
	0x09, 0x00, 0x00, 0x00, 0x00, 0x00, 0x00, 0x00, 
	0x00, 0x0a, 0x0b, 0x0a, 0x09, 0x09, 0x06, 0x06, 
	0x09, 0x09, 0x09, 0x09, 0x09, 0x09, 0x09, 0x09, 
	0x09, 0x0a, 0x0a, 0x0a, 0x0a, 0x0b, 0x0c, 0x09, 
	0x00, 0x00, 0x00, 0x00, 0x00, 0x00, 0x00, 0x00, 
	0x00, 0x0a, 0x0b, 0x0a, 0x0a, 0x0a, 0x0a, 0x09, 
	0x09, 0x09, 0x09, 0x09, 0x09, 0x09, 0x09, 0x0a, 
	0x0a, 0x0a, 0x0b, 0x0b, 0x0b, 0x0b, 0x0a, 0x00, 
	0x00, 0x00, 0x00, 0x00, 0x00, 0x00, 0x00, 0x00, 
	0x00, 0x00, 0x13, 0x0b, 0x0b, 0x0a, 0x0a, 0x0a, 
	0x0a, 0x0a, 0x0a, 0x0a, 0x0a, 0x0a, 0x0a, 0x0a, 
	0x0a, 0x0b, 0x0b, 0x0b, 0x0c, 0x0a, 0x00, 0x00, 
	0x00, 0x00, 0x00, 0x00, 0x00, 0x00, 0x00, 0x00, 
	0x00, 0x00, 0x0a, 0x0c, 0x0b, 0x0b, 0x0b, 0x0b, 
	0x0a, 0x0a, 0x0a, 0x0a, 0x0a, 0x0a, 0x0a, 0x0b, 
	0x0b, 0x0b, 0x0b, 0x0c, 0x04, 0x00, 0x00, 0x00, 
	0x00, 0x00, 0x00, 0x00, 0x00, 0x00, 0x00, 0x00, 
	0x00, 0x00, 0x00, 0x06, 0x13, 0x0c, 0x0c, 0x0b, 
	0x0b, 0x0b, 0x0b, 0x0b, 0x0b, 0x0b, 0x0a, 0x0b, 
	0x0b, 0x0c, 0x09, 0x00, 0x00, 0x00, 0x00, 0x00, 
	0x00, 0x00, 0x00, 0x00, 0x00, 0x00, 0x00, 0x00, 
	0x00, 0x00, 0x00, 0x00, 0x03, 0x0a, 0x13, 0x0c, 
	0x0c, 0x0b, 0x0b, 0x0b, 0x0b, 0x0c, 0x0c, 0x0c, 
	0x09, 0x00, 0x00, 0x00, 0x00, 0x00, 0x00, 0x00, 
	0x00, 0x00, 0x00, 0x00, 0x00, 0x00, 0x00, 0x00, 
	0x00, 0x00, 0x00, 0x00, 0x00, 0x00, 0x00, 0x04, 
	0x05, 0x0a, 0x09, 0x0a, 0x09, 0x04, 0x00, 0x00, 
	0x00, 0x00, 0x00, 0x00, 0x00, 0x00, 0x00, 0x00, 
	0x00, 0x00, 0x00, 0x00, 0x00, 0x00, 0x00, 0x00, 
	0x00, 0x00, 0x00, 0x00, 0x00, 0x00, 0x00, 0x00, 
	0x00, 0x00, 0x00, 0x00, 0x00, 0x00, 0x00, 0x00, 
	0x00, 0x00, 0x00, 0x00, 0x00, 0x00, 0x00, 0x00, 
	0x00, 0x00, 0x00, 0x00, 0x00, 0x00, 0x00, 0x00, 
	0x00, 0x00, 0x00, 0x00, 0x00, 0x00, 0x00, 0x00, 
	0x00, 0x00, 0x00, 0x00, 0x00, 0x00, 0x00, 0x00, 
	0x00, 0x00, 0x00, 0x00, 0x00, 0x00, 0x00, 0x00, 
	0x00, 0x00, 0x00, 0x00, 0x00, 0x00, 0x00, 0x00, 
	0x00, 0x00, 0x00, 0x00, 0x00, 0x00, 0x00, 0x00, 
	0x00, 0x00, 0x00, 0x00, 0x00, 0x00, 0x00, 0x00, 
	0x00, 0x00, 0x00, 0x00, 0x00, 0x00, 0x00, 0x00, 
	0x00, 0x00, 0x00, 0x00, 0x00, 0x00, 0x00, 0x00, 
	0x00, 0x00, 0x00, 0x00, 0x00, 0x00, 0x00, 0x00, 
	0x00, 0x00, 0x00, 0x00, 0x00, 0x00, 0x00, 0x00, 
	0x00, 0x00, 0x00, 0x00, 0x00, 0x00, 0x00, 0x00, 
	0x00, 0x00, 0x00, 0x00, 0x00, 0x00, 0x00, 0x00, 
	0x00, 0x00, 0x00, 0x00, 0x00, 0x00, 0x00, 0x00, 
	0x00, 0x00, 0x00, 0x00, 0x00, 0x00, 0x00, 0x00, 
	0x00, 0x00, 0x00, 0x00, 0x00, 0x00, 0x00, 0x00, 
	0x00, 0x00, 0x00, 0x00, 0x00, 0x00, 0x00, 0x00, 
	0x00, 0x00, 0x00, 0x00, 0x00, 0x00, 0x00, 0x00, 
	0x00, 0x00, 0x00, 0x00, 0x00, 0x00, 0x00, 0x00, 
	0x00, 0x00, 0x00, 0x00, 0x00, 0x00, 0x00, 0x00, 
	0x00, 0x00, 0x00, 0x00, 0x00, 0x00, 0x00, 0x00, 
	
};

Gfx mario_mario_sideburn_rgba16_pal_rgba16_aligner[] = {gsSPEndDisplayList()};
u8 mario_mario_sideburn_rgba16_pal_rgba16[] = {
	0x40, 0x00, 0x70, 0x01, 0x78, 0x01, 0x68, 0x01, 
	0x60, 0x01, 0x50, 0x01, 0x48, 0x01, 0xb8, 0x41, 
	0x80, 0x01, 0x40, 0x01, 0x38, 0x01, 0x30, 0x01, 
	0x28, 0x01, 0x88, 0x01, 0x58, 0x01, 0x98, 0x01, 
	0xb0, 0x01, 0xa0, 0x01, 0x90, 0x01, 0x20, 0x01, 
	
};

Gfx mario_mario_mustache_rgba16_ia8_aligner[] = {gsSPEndDisplayList()};
u8 mario_mario_mustache_rgba16_ia8[] = {
	0x00, 0x00, 0x00, 0x00, 0x00, 0x00, 0x00, 0x00, 
	0x00, 0x00, 0x00, 0x00, 0x00, 0x00, 0x00, 0x00, 
	0x00, 0x00, 0x00, 0x00, 0x00, 0x00, 0x00, 0x00, 
	0x00, 0x00, 0x00, 0x00, 0x00, 0x00, 0x00, 0x00, 
	0x00, 0x00, 0x00, 0x00, 0x00, 0x00, 0x00, 0x00, 
	0x00, 0x00, 0x00, 0x00, 0x00, 0x00, 0x00, 0x00, 
	0x00, 0x00, 0x00, 0x00, 0x00, 0x00, 0x00, 0x00, 
	0x00, 0x00, 0x00, 0x00, 0x00, 0x00, 0x00, 0x00, 
	0x00, 0x00, 0x00, 0x00, 0x00, 0x00, 0x00, 0x00, 
	0x00, 0x00, 0x00, 0x00, 0x00, 0x00, 0x00, 0x00, 
	0x00, 0x00, 0x00, 0x00, 0x00, 0x00, 0x00, 0x00, 
	0x0f, 0x00, 0x00, 0x00, 0x00, 0x00, 0x00, 0x00, 
	0x00, 0x00, 0x00, 0x00, 0x00, 0x00, 0x00, 0x00, 
	0x00, 0x00, 0x00, 0x00, 0x00, 0x00, 0x00, 0x00, 
	0x00, 0x00, 0x00, 0x00, 0x00, 0x00, 0x00, 0x00, 
	0x0f, 0x0f, 0x00, 0x00, 0x00, 0x00, 0x00, 0x00, 
	0x00, 0x00, 0x00, 0x00, 0x00, 0x00, 0x00, 0x00, 
	0x00, 0x00, 0x00, 0x00, 0x00, 0x00, 0x00, 0x00, 
	0x00, 0x00, 0x00, 0x00, 0x00, 0x00, 0x00, 0x00, 
	0x0f, 0x0f, 0x0f, 0x00, 0x00, 0x00, 0x00, 0x00, 
	0x00, 0x00, 0x00, 0x00, 0x00, 0x00, 0x00, 0x00, 
	0x00, 0x00, 0x00, 0x00, 0x00, 0x00, 0x00, 0x00, 
	0x00, 0x00, 0x00, 0x00, 0x00, 0x00, 0x00, 0x0f, 
	0x0f, 0x0f, 0x0f, 0x00, 0x00, 0x00, 0x00, 0x00, 
	0x00, 0x00, 0x00, 0x00, 0x00, 0x00, 0x00, 0x00, 
	0x00, 0x00, 0x00, 0x00, 0x00, 0x00, 0x00, 0x00, 
	0x00, 0x00, 0x00, 0x00, 0x00, 0x00, 0x00, 0x0f, 
	0x0f, 0x0f, 0x0f, 0x0f, 0x00, 0x00, 0x00, 0x00, 
	0x00, 0x00, 0x00, 0x00, 0x00, 0x00, 0x00, 0x00, 
	0x00, 0x00, 0x00, 0x00, 0x00, 0x00, 0x00, 0x00, 
	0x00, 0x00, 0x00, 0x00, 0x00, 0x00, 0x0f, 0x0f, 
	0x0f, 0x0f, 0x0f, 0x0f, 0x00, 0x00, 0x00, 0x00, 
	0x00, 0x00, 0x00, 0x00, 0x00, 0x00, 0x00, 0x00, 
	0x00, 0x00, 0x00, 0x00, 0x00, 0x00, 0x00, 0x00, 
	0x00, 0x00, 0x00, 0x00, 0x00, 0x0f, 0x0f, 0x0f, 
	0x0f, 0x0f, 0x0f, 0x0f, 0x0f, 0x00, 0x00, 0x00, 
	0x00, 0x00, 0x00, 0x00, 0x00, 0x00, 0x00, 0x00, 
	0x00, 0x00, 0x00, 0x00, 0x00, 0x00, 0x00, 0x00, 
	0x00, 0x00, 0x00, 0x00, 0x0f, 0x0f, 0x0f, 0x0f, 
	0x0f, 0x0f, 0x0f, 0x0f, 0x0f, 0x00, 0x00, 0x00, 
	0x00, 0x00, 0x00, 0x00, 0x00, 0x00, 0x00, 0x00, 
	0x00, 0x00, 0x00, 0x00, 0x00, 0x00, 0x00, 0x00, 
	0x00, 0x00, 0x00, 0x0f, 0x0f, 0x0f, 0x0f, 0x0f, 
	0x0f, 0x0f, 0x0f, 0x0f, 0x0f, 0x00, 0x00, 0x00, 
	0x00, 0x00, 0x00, 0x00, 0x00, 0x00, 0x00, 0x00, 
	0x00, 0x00, 0x00, 0x00, 0x00, 0x00, 0x00, 0x00, 
	0x00, 0x0f, 0x0f, 0x0f, 0x0f, 0x0f, 0x0f, 0x0f, 
	0x0f, 0x0f, 0x0f, 0x0f, 0x0f, 0x00, 0x00, 0x00, 
	0x00, 0x00, 0x00, 0x00, 0x00, 0x00, 0x00, 0x00, 
	0x00, 0x00, 0x00, 0x00, 0x00, 0x00, 0x00, 0x0f, 
	0x0f, 0x0f, 0x0f, 0x0f, 0x0f, 0x0f, 0x0f, 0x0f, 
	0x0f, 0x0f, 0x0f, 0x0f, 0x0f, 0x00, 0x00, 0x00, 
	0x00, 0x00, 0x00, 0x00, 0x00, 0x00, 0x00, 0x00, 
	0x00, 0x00, 0x00, 0x00, 0x00, 0x0f, 0x0f, 0x0f, 
	0x0f, 0x0f, 0x0f, 0x0f, 0x0f, 0x0f, 0x0f, 0x0f, 
	0x0f, 0x0f, 0x0f, 0x0f, 0x0f, 0x00, 0x00, 0x00, 
	0x00, 0x00, 0x00, 0x00, 0x00, 0x00, 0x00, 0x00, 
	0x00, 0x0f, 0x0f, 0x0f, 0x0f, 0x0f, 0x0f, 0x0f, 
	0x0f, 0x0f, 0x0f, 0x0f, 0x0f, 0x0f, 0x0f, 0x0f, 
	0x0f, 0x0f, 0x0f, 0x0f, 0x00, 0x00, 0x00, 0x00, 
	0x00, 0x00, 0x00, 0x00, 0x00, 0x0f, 0x0f, 0x0f, 
	0x0f, 0x0f, 0x0f, 0x0f, 0x0f, 0x0f, 0x0f, 0x0f, 
	0x0f, 0x0f, 0x0f, 0x0f, 0x0f, 0x0f, 0x0f, 0x0f, 
	0x0f, 0x0f, 0x0f, 0x0f, 0x00, 0x00, 0x00, 0x00, 
	0x00, 0x00, 0x0f, 0x0f, 0x0f, 0x0f, 0x0f, 0x0f, 
	0x0f, 0x0f, 0x0f, 0x0f, 0x0f, 0x0f, 0x0f, 0x0f, 
	0x0f, 0x0f, 0x0f, 0x0f, 0x0f, 0x0f, 0x0f, 0x0f, 
	0x0f, 0x0f, 0x0f, 0x00, 0x00, 0x00, 0x00, 0x00, 
	0x00, 0x00, 0x0f, 0x0f, 0x0f, 0x0f, 0x0f, 0x0f, 
	0x0f, 0x0f, 0x0f, 0x0f, 0x0f, 0x0f, 0x0f, 0x0f, 
	0x0f, 0x0f, 0x0f, 0x0f, 0x0f, 0x0f, 0x0f, 0x0f, 
	0x0f, 0x00, 0x00, 0x00, 0x00, 0x00, 0x00, 0x00, 
	0x00, 0x00, 0x0f, 0x0f, 0x0f, 0x0f, 0x0f, 0x0f, 
	0x0f, 0x0f, 0x0f, 0x0f, 0x0f, 0x0f, 0x0f, 0x0f, 
	0x0f, 0x0f, 0x0f, 0x0f, 0x0f, 0x0f, 0x0f, 0x0f, 
	0x0f, 0x0f, 0x00, 0x00, 0x00, 0x00, 0x00, 0x00, 
	0x00, 0x00, 0x0f, 0x0f, 0x0f, 0x0f, 0x0f, 0x0f, 
	0x0f, 0x0f, 0x0f, 0x0f, 0x0f, 0x0f, 0x0f, 0x0f, 
	0x0f, 0x0f, 0x0f, 0x0f, 0x0f, 0x0f, 0x0f, 0x0f, 
	0x0f, 0x0f, 0x00, 0x00, 0x00, 0x00, 0x00, 0x00, 
	0x00, 0x00, 0x0f, 0x0f, 0x0f, 0x0f, 0x0f, 0x0f, 
	0x0f, 0x0f, 0x0f, 0x0f, 0x0f, 0x0f, 0x0f, 0x0f, 
	0x0f, 0x0f, 0x0f, 0x0f, 0x0f, 0x0f, 0x0f, 0x0f, 
	0x0f, 0x0f, 0x00, 0x00, 0x00, 0x00, 0x00, 0x00, 
	0x00, 0x00, 0x0f, 0x0f, 0x0f, 0x0f, 0x0f, 0x0f, 
	0x0f, 0x0f, 0x0f, 0x0f, 0x0f, 0x0f, 0x0f, 0x0f, 
	0x0f, 0x0f, 0x0f, 0x0f, 0x0f, 0x0f, 0x0f, 0x0f, 
	0x0f, 0x0f, 0x00, 0x00, 0x00, 0x00, 0x00, 0x00, 
	0x00, 0x00, 0x0f, 0x0f, 0x0f, 0x0f, 0x0f, 0x0f, 
	0x0f, 0x0f, 0x0f, 0x0f, 0x0f, 0x0f, 0x0f, 0x0f, 
	0x0f, 0x0f, 0x0f, 0x0f, 0x0f, 0x0f, 0x0f, 0x0f, 
	0x0f, 0x0f, 0x00, 0x00, 0x00, 0x00, 0x00, 0x00, 
	0x00, 0x00, 0x0f, 0x0f, 0x0f, 0x0f, 0x0f, 0x0f, 
	0x0f, 0x0f, 0x0f, 0x0f, 0x0f, 0x0f, 0x0f, 0x0f, 
	0x0f, 0x0f, 0x0f, 0x0f, 0x0f, 0x0f, 0x0f, 0x0f, 
	0x0f, 0x00, 0x00, 0x00, 0x00, 0x00, 0x00, 0x00, 
	0x00, 0x00, 0x0f, 0x0f, 0x0f, 0x0f, 0x0f, 0x0f, 
	0x0f, 0x0f, 0x0f, 0x0f, 0x0f, 0x0f, 0x0f, 0x0f, 
	0x0f, 0x0f, 0x0f, 0x0f, 0x0f, 0x0f, 0x0f, 0x0f, 
	0x00, 0x00, 0x00, 0x00, 0x00, 0x00, 0x00, 0x00, 
	0x00, 0x00, 0x0f, 0x0f, 0x0f, 0x0f, 0x0f, 0x0f, 
	0x0f, 0x0f, 0x0f, 0x0f, 0x0f, 0x0f, 0x0f, 0x0f, 
	0x0f, 0x0f, 0x0f, 0x0f, 0x00, 0x00, 0x00, 0x00, 
	0x00, 0x00, 0x00, 0x00, 0x00, 0x00, 0x00, 0x00, 
	0x00, 0x00, 0x0f, 0x0f, 0x0f, 0x0f, 0x0f, 0x0f, 
	0x0f, 0x0f, 0x0f, 0x0f, 0x0f, 0x0f, 0x0f, 0x0f, 
	0x0f, 0x0f, 0x0f, 0x0f, 0x00, 0x00, 0x00, 0x00, 
	0x00, 0x00, 0x00, 0x00, 0x00, 0x00, 0x00, 0x00, 
	0x00, 0x00, 0x0f, 0x0f, 0x0f, 0x0f, 0x0f, 0x0f, 
	0x0f, 0x0f, 0x0f, 0x0f, 0x0f, 0x0f, 0x0f, 0x0f, 
	0x0f, 0x0f, 0x0f, 0x00, 0x00, 0x00, 0x00, 0x00, 
	0x00, 0x00, 0x00, 0x00, 0x00, 0x00, 0x00, 0x00, 
	0x00, 0x00, 0x00, 0x0f, 0x0f, 0x0f, 0x0f, 0x0f, 
	0x0f, 0x0f, 0x00, 0x00, 0x0f, 0x0f, 0x0f, 0x0f, 
	0x0f, 0x0f, 0x00, 0x00, 0x00, 0x00, 0x00, 0x00, 
	0x00, 0x00, 0x00, 0x00, 0x00, 0x00, 0x00, 0x00, 
	0x00, 0x00, 0x00, 0x00, 0x0f, 0x0f, 0x0f, 0x0f, 
	0x0f, 0x00, 0x00, 0x00, 0x00, 0x00, 0x00, 0x00, 
	0x00, 0x00, 0x00, 0x00, 0x00, 0x00, 0x00, 0x00, 
	0x00, 0x00, 0x00, 0x00, 0x00, 0x00, 0x00, 0x00, 
	0x00, 0x00, 0x00, 0x00, 0x00, 0x00, 0x00, 0x00, 
	0x00, 0x00, 0x00, 0x00, 0x00, 0x00, 0x00, 0x00, 
	0x00, 0x00, 0x00, 0x00, 0x00, 0x00, 0x00, 0x00, 
	0x00, 0x00, 0x00, 0x00, 0x00, 0x00, 0x00, 0x00, 
	0x00, 0x00, 0x00, 0x00, 0x00, 0x00, 0x00, 0x00, 
	0x00, 0x00, 0x00, 0x00, 0x00, 0x00, 0x00, 0x00, 
	0x00, 0x00, 0x00, 0x00, 0x00, 0x00, 0x00, 0x00, 
	0x00, 0x00, 0x00, 0x00, 0x00, 0x00, 0x00, 0x00, 
	
};

Gfx mario_wing1_rgba16_aligner[] = {gsSPEndDisplayList()};
u8 mario_wing1_rgba16[] = {
	0x00, 0x00, 0x00, 0x00, 0x00, 0x00, 0x00, 0x00, 
	0x00, 0x00, 0x00, 0x00, 0x00, 0x00, 0x00, 0x00, 
	0x00, 0x00, 0x00, 0x00, 0x00, 0x00, 0x00, 0x00, 
	0x00, 0x00, 0x00, 0x00, 0x00, 0x00, 0x00, 0x00, 
	0x00, 0x00, 0x00, 0x00, 0x00, 0x00, 0x00, 0x00, 
	0x00, 0x00, 0x00, 0x00, 0x00, 0x00, 0x00, 0x00, 
	0x00, 0x00, 0x00, 0x00, 0x00, 0x00, 0x00, 0x00, 
	0x00, 0x00, 0x00, 0x00, 0x00, 0x00, 0x00, 0x00, 
	0x00, 0x00, 0x00, 0x00, 0x00, 0x00, 0x00, 0x00, 
	0x00, 0x00, 0x00, 0x00, 0x00, 0x00, 0x00, 0x00, 
	0x00, 0x00, 0x00, 0x00, 0x00, 0x00, 0x00, 0x00, 
	0x00, 0x00, 0x00, 0x00, 0x00, 0x00, 0x00, 0x00, 
	0x00, 0x00, 0x00, 0x00, 0x00, 0x00, 0x00, 0x00, 
	0x00, 0x00, 0x00, 0x00, 0x00, 0x00, 0x00, 0x00, 
	0x00, 0x00, 0x00, 0x00, 0x00, 0x00, 0x00, 0x00, 
	0x00, 0x00, 0x00, 0x00, 0x00, 0x00, 0x00, 0x00, 
	0x00, 0x00, 0x00, 0x00, 0x00, 0x00, 0x00, 0x00, 
	0x00, 0x00, 0x00, 0x00, 0x00, 0x00, 0x00, 0x00, 
	0x00, 0x00, 0x00, 0x00, 0x00, 0x00, 0x00, 0x00, 
	0x00, 0x00, 0x00, 0x00, 0x00, 0x00, 0x00, 0x00, 
	0x00, 0x00, 0x00, 0x00, 0x00, 0x00, 0x00, 0x00, 
	0x00, 0x00, 0x00, 0x00, 0x00, 0x00, 0x00, 0x00, 
	0x00, 0x00, 0x00, 0x00, 0x00, 0x00, 0x00, 0x00, 
	0x00, 0x00, 0x00, 0x00, 0x00, 0x00, 0x00, 0x00, 
	0x00, 0x00, 0x00, 0x00, 0x00, 0x00, 0x00, 0x00, 
	0x00, 0x00, 0x00, 0x00, 0x00, 0x00, 0x00, 0x00, 
	0x00, 0x00, 0x00, 0x00, 0x00, 0x00, 0x00, 0x00, 
	0x00, 0x00, 0x00, 0x00, 0x00, 0x00, 0x00, 0x00, 
	0x00, 0x00, 0x00, 0x00, 0x00, 0x00, 0x00, 0x00, 
	0x00, 0x00, 0x00, 0x00, 0x00, 0x00, 0x00, 0x00, 
	0x00, 0x00, 0x00, 0x00, 0x00, 0x00, 0x00, 0x00, 
	0x00, 0x00, 0x00, 0x00, 0x00, 0x00, 0x00, 0x00, 
	0x00, 0x00, 0x00, 0x00, 0x00, 0x00, 0x00, 0x00, 
	0x00, 0x00, 0x00, 0x00, 0x00, 0x00, 0x00, 0x00, 
	0x00, 0x00, 0x00, 0x00, 0x00, 0x00, 0x00, 0x00, 
	0x00, 0x00, 0x00, 0x00, 0x00, 0x00, 0x00, 0x00, 
	0x00, 0x00, 0x00, 0x00, 0x00, 0x00, 0x00, 0x00, 
	0x00, 0x00, 0x00, 0x00, 0x00, 0x00, 0x00, 0x00, 
	0x00, 0x00, 0x00, 0x00, 0x00, 0x00, 0x00, 0x00, 
	0x00, 0x00, 0x00, 0x00, 0x00, 0x00, 0x00, 0x00, 
	0x00, 0x00, 0x00, 0x00, 0x00, 0x00, 0x00, 0x00, 
	0x00, 0x00, 0x00, 0x00, 0x00, 0x00, 0x00, 0x00, 
	0x00, 0x00, 0x00, 0x00, 0x00, 0x00, 0x00, 0x00, 
	0x00, 0x00, 0x00, 0x00, 0x00, 0x00, 0x00, 0x00, 
	0x00, 0x00, 0x00, 0x00, 0x00, 0x00, 0x00, 0x00, 
	0x00, 0x00, 0x00, 0x00, 0x00, 0x00, 0x00, 0x00, 
	0x00, 0x00, 0x00, 0x00, 0x00, 0x00, 0x00, 0x00, 
	0x00, 0x00, 0x00, 0x00, 0x00, 0x00, 0x00, 0x00, 
	0x00, 0x00, 0x00, 0x00, 0x00, 0x00, 0x00, 0x00, 
	0x00, 0x00, 0x00, 0x00, 0x00, 0x00, 0x00, 0x00, 
	0x00, 0x00, 0x00, 0x00, 0x00, 0x00, 0x00, 0x00, 
	0x00, 0x00, 0x00, 0x00, 0x00, 0x00, 0x00, 0x00, 
	0x00, 0x00, 0x00, 0x00, 0x00, 0x00, 0x00, 0x00, 
	0x00, 0x00, 0x00, 0x00, 0x00, 0x00, 0x00, 0x00, 
	0x00, 0x00, 0x00, 0x00, 0x00, 0x00, 0x00, 0x00, 
	0x00, 0x00, 0x00, 0x00, 0x00, 0x00, 0x00, 0x00, 
	0x70, 0xc6, 0x00, 0x00, 0x00, 0x00, 0x00, 0x00, 
	0x00, 0x00, 0x00, 0x00, 0x00, 0x00, 0x00, 0x00, 
	0x00, 0x00, 0x00, 0x00, 0x00, 0x00, 0x00, 0x00, 
	0x00, 0x00, 0x00, 0x00, 0x00, 0x00, 0x00, 0x00, 
	0x00, 0x00, 0x00, 0x00, 0x00, 0x00, 0x00, 0x00, 
	0x00, 0x00, 0x00, 0x00, 0x00, 0x00, 0x00, 0x00, 
	0x00, 0x00, 0x00, 0x00, 0x00, 0x00, 0x00, 0x00, 
	0x00, 0x00, 0x58, 0x84, 0x58, 0x84, 0x70, 0xc6, 
	0x70, 0xc6, 0x00, 0x00, 0x00, 0x00, 0x00, 0x00, 
	0x00, 0x00, 0x00, 0x00, 0x00, 0x00, 0x00, 0x00, 
	0x00, 0x00, 0x00, 0x00, 0x00, 0x00, 0x00, 0x00, 
	0x00, 0x00, 0x00, 0x00, 0x00, 0x00, 0x00, 0x00, 
	0x00, 0x00, 0x00, 0x00, 0x00, 0x00, 0x00, 0x00, 
	0x00, 0x00, 0x00, 0x00, 0x00, 0x00, 0x00, 0x00, 
	0x00, 0x00, 0x00, 0x00, 0x00, 0x00, 0x00, 0x00, 
	0x70, 0xc6, 0x68, 0x84, 0x58, 0x85, 0x70, 0xc7, 
	0x81, 0x08, 0x00, 0x00, 0x00, 0x00, 0x00, 0x00, 
	0x00, 0x00, 0x00, 0x00, 0x00, 0x00, 0x00, 0x00, 
	0x00, 0x00, 0x00, 0x00, 0x00, 0x00, 0x00, 0x00, 
	0x00, 0x00, 0x00, 0x00, 0x00, 0x00, 0x00, 0x00, 
	0x00, 0x00, 0x00, 0x00, 0x00, 0x00, 0x00, 0x00, 
	0x00, 0x00, 0x00, 0x00, 0x00, 0x00, 0x00, 0x00, 
	0x00, 0x00, 0x00, 0x00, 0x70, 0x84, 0x70, 0x84, 
	0x78, 0xc6, 0x70, 0xc7, 0x78, 0xc7, 0x81, 0x09, 
	0x81, 0x4a, 0x00, 0x00, 0x00, 0x00, 0x00, 0x00, 
	0x00, 0x00, 0x00, 0x00, 0x00, 0x00, 0x00, 0x00, 
	0x00, 0x00, 0x00, 0x00, 0x00, 0x00, 0x00, 0x00, 
	0x00, 0x00, 0x00, 0x00, 0x00, 0x00, 0x00, 0x00, 
	0x00, 0x00, 0x00, 0x00, 0x00, 0x00, 0x00, 0x00, 
	0x00, 0x00, 0x00, 0x00, 0x00, 0x00, 0x00, 0x00, 
	0x60, 0x84, 0x60, 0x84, 0x70, 0xc6, 0x70, 0x85, 
	0x78, 0xc7, 0x81, 0x09, 0x81, 0x4b, 0x81, 0x4b, 
	0x71, 0x06, 0x00, 0x00, 0x00, 0x00, 0x00, 0x00, 
	0x00, 0x00, 0x00, 0x00, 0x00, 0x00, 0x00, 0x00, 
	0x00, 0x00, 0x00, 0x00, 0x00, 0x00, 0x00, 0x00, 
	0x00, 0x00, 0x00, 0x00, 0x00, 0x00, 0x00, 0x00, 
	0x00, 0x00, 0x00, 0x00, 0x00, 0x00, 0x00, 0x00, 
	0x00, 0x00, 0x00, 0x00, 0x00, 0x00, 0x70, 0xc6, 
	0x68, 0x84, 0x60, 0x85, 0x70, 0xc7, 0x81, 0x09, 
	0x81, 0x09, 0x81, 0x4b, 0x79, 0x09, 0x71, 0x07, 
	0x71, 0xca, 0x00, 0x00, 0x00, 0x00, 0x00, 0x00, 
	0x00, 0x00, 0x00, 0x00, 0x00, 0x00, 0x00, 0x00, 
	0x00, 0x00, 0x00, 0x00, 0x00, 0x00, 0x00, 0x00, 
	0x00, 0x00, 0x00, 0x00, 0x00, 0x00, 0x00, 0x00, 
	0x00, 0x00, 0x00, 0x00, 0x00, 0x00, 0x00, 0x00, 
	0x00, 0x00, 0x70, 0xc6, 0x70, 0xc6, 0x70, 0xc6, 
	0x70, 0xc7, 0x78, 0xc7, 0x81, 0x09, 0x81, 0x4b, 
	0x81, 0x09, 0x71, 0x07, 0x69, 0x49, 0x71, 0xcb, 
	0x7a, 0x0c, 0x00, 0x00, 0x00, 0x00, 0x00, 0x00, 
	0x00, 0x00, 0x00, 0x00, 0x00, 0x00, 0x00, 0x00, 
	0x00, 0x00, 0x00, 0x00, 0x00, 0x00, 0x00, 0x00, 
	0x00, 0x00, 0x00, 0x00, 0x00, 0x00, 0x00, 0x00, 
	0x00, 0x00, 0x00, 0x00, 0x00, 0x00, 0x00, 0x00, 
	0x70, 0xc6, 0x70, 0xc6, 0x70, 0xc7, 0x70, 0xc7, 
	0x81, 0x09, 0x81, 0x4b, 0x81, 0x09, 0x78, 0xc7, 
	0x69, 0x09, 0x71, 0xcb, 0x72, 0x0d, 0x7a, 0x0d, 
	0x7a, 0x0c, 0x00, 0x00, 0x00, 0x00, 0x00, 0x00, 
	0x00, 0x00, 0x00, 0x00, 0x00, 0x00, 0x00, 0x00, 
	0x00, 0x00, 0x00, 0x00, 0x00, 0x00, 0x00, 0x00, 
	0x00, 0x00, 0x00, 0x00, 0x00, 0x00, 0x00, 0x00, 
	0x00, 0x00, 0x00, 0x00, 0x70, 0xc6, 0x70, 0xc6, 
	0x70, 0xc6, 0x70, 0xc7, 0x78, 0xc7, 0x81, 0x09, 
	0x81, 0x4b, 0x79, 0x09, 0x68, 0xc7, 0x69, 0x89, 
	0x72, 0x0d, 0x7a, 0x0d, 0x7a, 0x0d, 0x7a, 0x0d, 
	0x7a, 0x0c, 0x00, 0x00, 0x00, 0x00, 0x00, 0x00, 
	0x00, 0x00, 0x00, 0x00, 0x00, 0x00, 0x00, 0x00, 
	0x00, 0x00, 0x00, 0x00, 0x00, 0x00, 0x00, 0x00, 
	0x00, 0x00, 0x00, 0x00, 0x00, 0x00, 0x00, 0x00, 
	0x00, 0x00, 0x70, 0xc6, 0x70, 0xc6, 0x70, 0xc7, 
	0x70, 0xc7, 0x81, 0x09, 0x81, 0x4b, 0x81, 0x09, 
	0x79, 0x07, 0x69, 0x49, 0x71, 0xcb, 0x72, 0x0d, 
	0x7a, 0x0d, 0x7a, 0x0d, 0x7a, 0x0d, 0x7a, 0x0d, 
	0x7a, 0x0c, 0x00, 0x00, 0x00, 0x00, 0x00, 0x00, 
	0x00, 0x00, 0x00, 0x00, 0x00, 0x00, 0x00, 0x00, 
	0x00, 0x00, 0x00, 0x00, 0x00, 0x00, 0x00, 0x00, 
	0x00, 0x00, 0x00, 0x00, 0x00, 0x00, 0x68, 0x84, 
	0x68, 0x84, 0x70, 0xc6, 0x70, 0xc7, 0x78, 0xc7, 
	0x81, 0x09, 0x81, 0x09, 0x79, 0x09, 0x71, 0x07, 
	0x69, 0x8b, 0x72, 0x0d, 0x7a, 0x0d, 0x7a, 0x0d, 
	0x7a, 0x0d, 0x7a, 0x0d, 0x7a, 0x0d, 0x7a, 0x0d, 
	0x72, 0x0c, 0x00, 0x00, 0x00, 0x00, 0x00, 0x00, 
	0x00, 0x00, 0x00, 0x00, 0x00, 0x00, 0x00, 0x00, 
	0x00, 0x00, 0x00, 0x00, 0x00, 0x00, 0x00, 0x00, 
	0x00, 0x00, 0x00, 0x00, 0x68, 0x84, 0x68, 0x84, 
	0x68, 0x85, 0x70, 0xc7, 0x81, 0x09, 0x81, 0x4b, 
	0x81, 0x09, 0x79, 0x09, 0x69, 0x49, 0x71, 0xcd, 
	0x72, 0x0d, 0x7a, 0x0d, 0x7a, 0x0d, 0x7a, 0x0d, 
	0x7a, 0x0d, 0x72, 0x0d, 0x7a, 0x0d, 0x72, 0x0d, 
	0x7a, 0x4e, 0x00, 0x00, 0x00, 0x00, 0x00, 0x00, 
	0x00, 0x00, 0x00, 0x00, 0x00, 0x00, 0x00, 0x00, 
	0x00, 0x00, 0x00, 0x00, 0x00, 0x00, 0x00, 0x00, 
	0x00, 0x00, 0x70, 0xc6, 0x68, 0xc6, 0x68, 0x85, 
	0x78, 0xc7, 0x81, 0x09, 0x81, 0x4b, 0x79, 0x09, 
	0x71, 0x09, 0x69, 0xcb, 0x7a, 0x0d, 0x7a, 0x0d, 
	0x7a, 0x0d, 0x7a, 0x0d, 0x7a, 0x0d, 0x7a, 0x0d, 
	0x7a, 0x0d, 0x7a, 0x0d, 0x7a, 0x0d, 0x7a, 0x4f, 
	0x7a, 0x4e, 0x00, 0x00, 0x00, 0x00, 0x00, 0x00, 
	0x00, 0x00, 0x00, 0x00, 0x00, 0x00, 0x00, 0x00, 
	0x00, 0x00, 0x00, 0x00, 0x00, 0x00, 0x60, 0x84, 
	0x60, 0x84, 0x70, 0xc6, 0x70, 0xc7, 0x79, 0x09, 
	0x81, 0x09, 0x81, 0x09, 0x79, 0x09, 0x69, 0x49, 
	0x72, 0x0d, 0x7a, 0x0d, 0x7a, 0x4f, 0x7a, 0x0f, 
	0x7a, 0x0f, 0x7a, 0x0f, 0x7a, 0x0d, 0x7a, 0x0f, 
	0x7a, 0x0d, 0x7a, 0x0f, 0x7a, 0x4f, 0x7a, 0x4f, 
	0x7a, 0x0e, 0x00, 0x00, 0x00, 0x00, 0x00, 0x00, 
	0x00, 0x00, 0x00, 0x00, 0x00, 0x00, 0x00, 0x00, 
	0x00, 0x00, 0x00, 0x00, 0x50, 0x84, 0x58, 0x84, 
	0x60, 0x85, 0x70, 0xc7, 0x81, 0x09, 0x81, 0x4b, 
	0x81, 0x09, 0x71, 0x07, 0x69, 0x8b, 0x7a, 0x0f, 
	0x7a, 0x4f, 0x7a, 0x4f, 0x7a, 0x4f, 0x7a, 0x0f, 
	0x7a, 0x0f, 0x7a, 0x0f, 0x7a, 0x0f, 0x7a, 0x0d, 
	0x7a, 0x0f, 0x7a, 0x0f, 0x7a, 0x0d, 0x7a, 0x0f, 
	0x7a, 0x0c, 0x00, 0x00, 0x00, 0x00, 0x00, 0x00, 
	0x00, 0x00, 0x00, 0x00, 0x00, 0x00, 0x00, 0x00, 
	0x00, 0x00, 0x00, 0x00, 0x50, 0x84, 0x50, 0x85, 
	0x70, 0xc7, 0x79, 0x09, 0x81, 0x4b, 0x81, 0x09, 
	0x71, 0x09, 0x71, 0xcd, 0x7a, 0x0f, 0x7a, 0x4f, 
	0x7a, 0x0f, 0x7a, 0x4f, 0x7a, 0x0f, 0x7a, 0x0d, 
	0x7a, 0x0d, 0x7a, 0x0d, 0x7a, 0x0d, 0x7a, 0x0d, 
	0x7a, 0x0d, 0x7a, 0x0d, 0x7a, 0x0d, 0x7a, 0x0d, 
	0x89, 0xcc, 0x00, 0x00, 0x00, 0x00, 0x00, 0x00, 
	0x00, 0x00, 0x00, 0x00, 0x00, 0x00, 0x00, 0x00, 
	0x00, 0x00, 0x58, 0x84, 0x60, 0x84, 0x68, 0x85, 
	0x78, 0xc7, 0x81, 0x4b, 0x8a, 0x11, 0x8a, 0x53, 
	0x79, 0x8b, 0x81, 0x8d, 0x81, 0x8d, 0x81, 0x8d, 
	0x81, 0x8d, 0x89, 0x8d, 0x89, 0x8d, 0x89, 0xcd, 
	0x89, 0xcd, 0x89, 0x8d, 0x89, 0xcd, 0x89, 0xcd, 
	0x89, 0xcd, 0x89, 0xcd, 0x89, 0xcd, 0x89, 0xcd, 
	0x81, 0x8c, 0x00, 0x00, 0x00, 0x00, 0x00, 0x00, 
	0x00, 0x00, 0x00, 0x00, 0x00, 0x00, 0x00, 0x00, 
	0x40, 0x42, 0x50, 0x84, 0x58, 0x85, 0x70, 0xc7, 
	0x81, 0x09, 0x81, 0x4b, 0x89, 0x8d, 0x92, 0x95, 
	0x89, 0xcf, 0x89, 0x8d, 0x89, 0x8d, 0x89, 0x8d, 
	0x81, 0x8d, 0x81, 0x8d, 0x81, 0x8d, 0x81, 0x8d, 
	0x81, 0x8d, 0x81, 0x8d, 0x81, 0x8d, 0x81, 0x8d, 
	0x81, 0x8d, 0x81, 0x8d, 0x81, 0x8d, 0x81, 0x8d, 
	0x61, 0x06, 0x00, 0x00, 0x00, 0x00, 0x00, 0x00, 
	0x00, 0x00, 0x00, 0x00, 0x00, 0x00, 0x00, 0x00, 
	0x40, 0x42, 0x40, 0x43, 0x60, 0x85, 0x79, 0x09, 
	0x89, 0xcf, 0x8a, 0x53, 0x79, 0x4b, 0x68, 0xc7, 
	0x68, 0xc7, 0x68, 0xc7, 0x68, 0xc7, 0x60, 0xc7, 
	0x60, 0xc7, 0x60, 0xc7, 0x60, 0xc7, 0x60, 0xc7, 
	0x60, 0xc7, 0x61, 0x07, 0x60, 0xc7, 0x61, 0x07, 
	0x59, 0x07, 0x61, 0x07, 0x61, 0x07, 0x61, 0x07, 
	0x72, 0x0c, 0x00, 0x00, 0x00, 0x00, 0x00, 0x00, 
	0x00, 0x00, 0x00, 0x00, 0x00, 0x00, 0x30, 0x42, 
	0x40, 0x42, 0x58, 0x85, 0x70, 0xc7, 0x81, 0x4b, 
	0x89, 0xcf, 0x92, 0xd7, 0x92, 0xd7, 0x79, 0xcd, 
	0x69, 0xcb, 0x71, 0xcb, 0x71, 0xcb, 0x71, 0xcd, 
	0x72, 0x0d, 0x72, 0x0d, 0x72, 0x0d, 0x72, 0x0d, 
	0x72, 0x0d, 0x72, 0x0d, 0x72, 0x0d, 0x72, 0x0d, 
	0x72, 0x0d, 0x72, 0x0d, 0x72, 0x0d, 0x72, 0x0d, 
	0x7a, 0x0c, 0x00, 0x00, 0x00, 0x00, 0x00, 0x00, 
	0x00, 0x00, 0x00, 0x00, 0x00, 0x00, 0x30, 0x42, 
	0x30, 0x43, 0x60, 0x85, 0x79, 0x09, 0x89, 0x4b, 
	0x89, 0x4b, 0x81, 0x4b, 0x8a, 0x11, 0x92, 0x95, 
	0x82, 0x0f, 0x7a, 0x0d, 0x7a, 0x0d, 0x7a, 0x0d, 
	0x7a, 0x0d, 0x7a, 0x0d, 0x7a, 0x0d, 0x7a, 0x0d, 
	0x7a, 0x0d, 0x7a, 0x0d, 0x7a, 0x0d, 0x7a, 0x0d, 
	0x7a, 0x0d, 0x72, 0x0d, 0x72, 0x0d, 0x7a, 0x0d, 
	0x7a, 0x0c, 0x00, 0x00, 0x00, 0x00, 0x00, 0x00, 
	0x00, 0x00, 0x00, 0x00, 0x38, 0x42, 0x48, 0x84, 
	0x50, 0x85, 0x70, 0xc7, 0x81, 0x4b, 0x89, 0x8d, 
	0x81, 0x09, 0x68, 0xc7, 0x68, 0xc5, 0x81, 0xcf, 
	0x92, 0x95, 0x82, 0x0f, 0x7a, 0x0d, 0x7a, 0x0d, 
	0x7a, 0x0d, 0x7a, 0x0d, 0x7a, 0x0d, 0x7a, 0x0d, 
	0x7a, 0x0d, 0x7a, 0x0d, 0x7a, 0x0d, 0x7a, 0x0d, 
	0x7a, 0x0d, 0x7a, 0x0d, 0x7a, 0x0d, 0x7a, 0x0d, 
	0x7a, 0x0c, 0x00, 0x00, 0x00, 0x00, 0x00, 0x00, 
	0x00, 0x00, 0x00, 0x00, 0x38, 0x42, 0x38, 0x43, 
	0x58, 0x85, 0x78, 0xc7, 0x89, 0x8d, 0x89, 0x8d, 
	0x79, 0x09, 0x69, 0xcb, 0x59, 0x49, 0x60, 0xc5, 
	0x89, 0xcf, 0x92, 0x95, 0x81, 0xcd, 0x7a, 0x0d, 
	0x7a, 0x0d, 0x7a, 0x0d, 0x7a, 0x0d, 0x7a, 0x0f, 
	0x7a, 0x0f, 0x7a, 0x0f, 0x7a, 0x0d, 0x7a, 0x0d, 
	0x7a, 0x0d, 0x7a, 0x0d, 0x7a, 0x0d, 0x7a, 0x0d, 
	0x7a, 0x0c, 0x00, 0x00, 0x00, 0x00, 0x00, 0x00, 
	0x00, 0x00, 0x00, 0x00, 0x48, 0x84, 0x48, 0x85, 
	0x68, 0x85, 0x81, 0x09, 0x89, 0xcf, 0x89, 0x8d, 
	0x79, 0x49, 0x72, 0x0d, 0x72, 0x0b, 0x59, 0x49, 
	0x68, 0xc7, 0x8a, 0x53, 0x92, 0x93, 0x79, 0xcd, 
	0x7a, 0x4f, 0x7a, 0x0f, 0x7a, 0x0d, 0x7a, 0x0f, 
	0x7a, 0x0f, 0x7a, 0x4f, 0x7a, 0x0d, 0x7a, 0x0d, 
	0x7a, 0x0d, 0x7a, 0x0d, 0x72, 0x0d, 0x7a, 0x0d, 
	0x7a, 0x0c, 0x00, 0x00, 0x00, 0x00, 0x00, 0x00, 
	0x00, 0x00, 0x50, 0x84, 0x50, 0x84, 0x58, 0x85, 
	0x70, 0xc7, 0x81, 0x4b, 0x89, 0xcf, 0x81, 0x4b, 
	0x79, 0x89, 0x72, 0x0d, 0x72, 0x0d, 0x71, 0xcb, 
	0x59, 0x07, 0x70, 0xc7, 0x92, 0x53, 0x8a, 0x53, 
	0x7a, 0x0d, 0x7a, 0x4f, 0x7a, 0x0f, 0x7a, 0x0f, 
	0x7a, 0x0d, 0x7a, 0x0d, 0x7a, 0x0d, 0x7a, 0x0d, 
	0x7a, 0x0d, 0x7a, 0x0d, 0x7a, 0x0d, 0x7a, 0x0d, 
	0x7a, 0x0c, 0x00, 0x00, 0x00, 0x00, 0x00, 0x00, 
	0x00, 0x00, 0x50, 0x84, 0x50, 0x85, 0x60, 0x85, 
	0x78, 0xc7, 0x89, 0x8d, 0x89, 0xcf, 0x81, 0x09, 
	0x71, 0x8b, 0x72, 0x0d, 0x72, 0x0d, 0x72, 0x0d, 
	0x69, 0xcb, 0x58, 0xc7, 0x79, 0x09, 0x92, 0x95, 
	0x8a, 0x11, 0x7a, 0x0f, 0x7a, 0x4f, 0x7a, 0x0f, 
	0x7a, 0x0f, 0x7a, 0x0f, 0x7a, 0x0f, 0x7a, 0x0f, 
	0x7a, 0x0d, 0x7a, 0x0d, 0x7a, 0x0d, 0x7a, 0x0d, 
	0x7a, 0x0c, 0x00, 0x00, 0x00, 0x00, 0x00, 0x00, 
	0x30, 0x42, 0x40, 0x42, 0x50, 0x85, 0x68, 0xc7, 
	0x81, 0x09, 0x89, 0x8d, 0x89, 0x8d, 0x79, 0x09, 
	0x71, 0xcb, 0x72, 0x0d, 0x72, 0x0d, 0x72, 0x0d, 
	0x72, 0x0d, 0x69, 0x8b, 0x58, 0xc5, 0x81, 0x8d, 
	0x92, 0x53, 0x82, 0x0f, 0x7a, 0x4f, 0x7a, 0x4f, 
	0x7a, 0x4f, 0x7a, 0x0f, 0x7a, 0x4f, 0x7a, 0x0f, 
	0x7a, 0x0f, 0x7a, 0x0f, 0x7a, 0x0d, 0x7a, 0x0d, 
	0x7a, 0x0c, 0x00, 0x00, 0x00, 0x00, 0x00, 0x00, 
	0x30, 0x42, 0x30, 0x43, 0x58, 0x85, 0x70, 0xc7, 
	0x81, 0x4b, 0x89, 0x8d, 0x89, 0x4b, 0x79, 0x09, 
	0x72, 0x0d, 0x7a, 0x0d, 0x72, 0x0d, 0x7a, 0x0d, 
	0x72, 0x0d, 0x72, 0x0d, 0x61, 0x89, 0x60, 0xc5, 
	0x89, 0xcf, 0x92, 0x53, 0x7a, 0x0d, 0x7a, 0x4f, 
	0x7a, 0x4f, 0x7a, 0x4f, 0x7a, 0x0f, 0x7a, 0x4f, 
	0x7a, 0x4f, 0x7a, 0x0f, 0x7a, 0x0f, 0x7a, 0x0d, 
	0x7a, 0x0e, 0x00, 0x00, 0x00, 0x00, 0x00, 0x00, 
	0x40, 0x42, 0x40, 0x43, 0x60, 0x85, 0x78, 0xc7, 
	0x81, 0x4b, 0x89, 0x8d, 0x81, 0x4b, 0x79, 0x49, 
	0x7a, 0x0d, 0x7a, 0x0d, 0x7a, 0x0d, 0x72, 0x0d, 
	0x7a, 0x0d, 0x72, 0x0d, 0x72, 0x0d, 0x59, 0x49, 
	0x68, 0xc7, 0x8a, 0x11, 0x8a, 0x53, 0x7a, 0x0f, 
	0x7a, 0x4f, 0x7a, 0x4f, 0x7a, 0x4f, 0x7a, 0x4f, 
	0x7a, 0x0f, 0x7a, 0x0f, 0x7a, 0x0f, 0x7a, 0x0f, 
	0x7a, 0x0e, 0x00, 0x00, 0x00, 0x00, 0x28, 0x42, 
	0x38, 0x42, 0x48, 0x85, 0x68, 0x85, 0x81, 0x09, 
	0x89, 0x8d, 0x89, 0x8d, 0x81, 0x09, 0x71, 0x8b, 
	0x7a, 0x0d, 0x7a, 0x0d, 0x7a, 0x0d, 0x72, 0x0d, 
	0x7a, 0x0d, 0x7a, 0x0d, 0x72, 0x0d, 0x71, 0xcb, 
	0x59, 0x07, 0x71, 0x09, 0x92, 0x53, 0x8a, 0x0f, 
	0x7a, 0x4f, 0x7a, 0x4f, 0x7a, 0x4f, 0x7a, 0x4f, 
	0x7a, 0x4f, 0x7a, 0x0f, 0x7a, 0x4f, 0x7a, 0x0f, 
	0x7a, 0x0e, 0x00, 0x00, 0x00, 0x00, 0x28, 0x42, 
	0x28, 0x43, 0x50, 0x85, 0x70, 0xc7, 0x81, 0x09, 
	0x89, 0x8d, 0x89, 0x8d, 0x81, 0x09, 0x71, 0xcb, 
	0x7a, 0x0d, 0x7a, 0x0d, 0x7a, 0x0d, 0x7a, 0x0d, 
	0x7a, 0x0d, 0x72, 0x0d, 0x72, 0x0d, 0x72, 0x0d, 
	0x69, 0xcb, 0x58, 0xc7, 0x81, 0x4b, 0x92, 0x53, 
	0x81, 0xcd, 0x7a, 0x4f, 0x7a, 0x4f, 0x7a, 0x4f, 
	0x7a, 0x4f, 0x7a, 0x4f, 0x7a, 0x4f, 0x7a, 0x0f, 
	0x7a, 0x0c, 0x00, 0x00, 0x00, 0x00, 0x40, 0x42, 
	0x40, 0x43, 0x58, 0x85, 0x78, 0xc7, 0x81, 0x4b, 
	0x89, 0x8d, 0x89, 0x4b, 0x79, 0x09, 0x71, 0xcd, 
	0x7a, 0x0f, 0x7a, 0x0f, 0x7a, 0x0d, 0x7a, 0x0d, 
	0x7a, 0x0d, 0x7a, 0x0d, 0x7a, 0x0d, 0x7a, 0x0d, 
	0x72, 0x0d, 0x61, 0x89, 0x60, 0xc7, 0x89, 0xcf, 
	0x8a, 0x11, 0x7a, 0x0f, 0x7a, 0x4f, 0x7a, 0x4f, 
	0x7a, 0x4f, 0x7a, 0x4f, 0x7a, 0x4f, 0x7a, 0x0d, 
	0x72, 0x0c, 0x00, 0x00, 0x18, 0x42, 0x30, 0x42, 
	0x40, 0x43, 0x60, 0x85, 0x78, 0xc7, 0x81, 0x4b, 
	0x89, 0x8d, 0x89, 0x4b, 0x79, 0x09, 0x7a, 0x0d, 
	0x7a, 0x4f, 0x7a, 0x4f, 0x7a, 0x0f, 0x7a, 0x0d, 
	0x7a, 0x0d, 0x7a, 0x0d, 0x7a, 0x0d, 0x7a, 0x0d, 
	0x7a, 0x0d, 0x72, 0x0d, 0x61, 0x49, 0x70, 0xc7, 
	0x8a, 0x11, 0x82, 0x0f, 0x7a, 0x4f, 0x7a, 0x4f, 
	0x7a, 0x4f, 0x7a, 0x4f, 0x7a, 0x4f, 0x72, 0x0d, 
	0x69, 0xca, 0x00, 0x00, 0x18, 0x42, 0x18, 0x43, 
	0x48, 0x85, 0x68, 0xc7, 0x81, 0x09, 0x89, 0x4b, 
	0x89, 0x8d, 0x81, 0x09, 0x79, 0x09, 0x7a, 0x0d, 
	0x7a, 0x4f, 0x7a, 0x0f, 0x7a, 0x4f, 0x7a, 0x0f, 
	0x7a, 0x0d, 0x7a, 0x0d, 0x7a, 0x0d, 0x7a, 0x0d, 
	0x7a, 0x0d, 0x7a, 0x0d, 0x71, 0xcb, 0x59, 0x07, 
	0x81, 0x4b, 0x8a, 0x11, 0x7a, 0x0d, 0x7a, 0x4f, 
	0x7a, 0x4f, 0x7a, 0x4f, 0x7a, 0x0f, 0x69, 0xcb, 
	0x69, 0xca, 0x00, 0x00, 0x30, 0x42, 0x30, 0x43, 
	0x50, 0x85, 0x70, 0xc7, 0x81, 0x09, 0x89, 0x8d, 
	0x89, 0x8d, 0x81, 0x09, 0x79, 0x49, 0x7a, 0x4f, 
	0x7a, 0x4f, 0x7a, 0x4f, 0x7a, 0x0f, 0x7a, 0x0f, 
	0x7a, 0x0f, 0x7a, 0x0d, 0x7a, 0x0d, 0x72, 0x0d, 
	0x72, 0x0d, 0x72, 0x0d, 0x72, 0x0d, 0x61, 0x89, 
	0x68, 0xc7, 0x89, 0xcf, 0x8a, 0x0f, 0x7a, 0x4f, 
	0x7a, 0x4f, 0x7a, 0x4f, 0x72, 0x0d, 0x71, 0xca, 
	0x00, 0x00, 0x00, 0x00, 0x38, 0x42, 0x38, 0x43, 
	0x58, 0x85, 0x78, 0xc7, 0x81, 0x09, 0x89, 0x8d, 
	0x89, 0x8d, 0x81, 0x09, 0x71, 0x8b, 0x7a, 0x4f, 
	0x7a, 0x4f, 0x7a, 0x4f, 0x7a, 0x4f, 0x7a, 0x0f, 
	0x7a, 0x0f, 0x7a, 0x0f, 0x7a, 0x0d, 0x7a, 0x0d, 
	0x7a, 0x0d, 0x7a, 0x0d, 0x72, 0x0d, 0x72, 0x0d, 
	0x61, 0x49, 0x79, 0x09, 0x8a, 0x11, 0x82, 0x0d, 
	0x7a, 0x4f, 0x7a, 0x0f, 0x69, 0x89, 0x69, 0x88, 
	0x00, 0x00, 0x00, 0x00, 0x40, 0x42, 0x40, 0x43, 
	0x60, 0x85, 0x78, 0xc7, 0x81, 0x09, 0x89, 0x8d, 
	0x89, 0x8d, 0x81, 0x09, 0x71, 0xcb, 0x7a, 0x4f, 
	0x7a, 0x4f, 0x7a, 0x4f, 0x7a, 0x4f, 0x7a, 0x4f, 
	0x7a, 0x0d, 0x7a, 0x0d, 0x7a, 0x0d, 0x7a, 0x0d, 
	0x7a, 0x0d, 0x72, 0x0d, 0x72, 0x0d, 0x72, 0x0d, 
	0x69, 0xcb, 0x60, 0xc7, 0x89, 0xcf, 0x8a, 0x11, 
	0x7a, 0x4f, 0x7a, 0x4f, 0x48, 0xc3, 0x48, 0xc2, 
	0x00, 0x00, 0x28, 0x42, 0x38, 0x42, 0x48, 0x43, 
	0x68, 0x85, 0x78, 0xc7, 0x81, 0x4b, 0x89, 0x8d, 
	0x89, 0x4b, 0x81, 0x09, 0x79, 0xcd, 0x7a, 0x4f, 
	0x7a, 0x4f, 0x7a, 0x4f, 0x7a, 0x4f, 0x7a, 0x4f, 
	0x7a, 0x0f, 0x7a, 0x0d, 0x7a, 0x0d, 0x7a, 0x0d, 
	0x7a, 0x0d, 0x7a, 0x0d, 0x72, 0x0d, 0x72, 0x0d, 
	0x72, 0x0d, 0x61, 0x89, 0x71, 0x09, 0x8a, 0x11, 
	0x82, 0x0d, 0x72, 0x0d, 0x59, 0x48, 0x48, 0xc2, 
	0x00, 0x00, 0x28, 0x42, 0x28, 0x43, 0x48, 0x85, 
	0x70, 0xc7, 0x81, 0x09, 0x81, 0x4b, 0x89, 0x8d, 
	0x89, 0x4b, 0x79, 0x09, 0x7a, 0x0d, 0x7a, 0x4f, 
	0x7a, 0x4f, 0x7a, 0x4f, 0x7a, 0x4f, 0x7a, 0x4f, 
	0x7a, 0x0f, 0x7a, 0x0f, 0x7a, 0x0d, 0x7a, 0x0d, 
	0x7a, 0x0d, 0x7a, 0x0d, 0x7a, 0x0d, 0x72, 0x0d, 
	0x7a, 0x0d, 0x71, 0xcd, 0x61, 0x07, 0x81, 0x8d, 
	0x89, 0xcf, 0x79, 0x07, 0x79, 0x06, 0x00, 0x00, 
	0x00, 0x00, 0x30, 0x42, 0x30, 0x43, 0x50, 0x85, 
	0x70, 0xc7, 0x81, 0x09, 0x89, 0x4b, 0x89, 0x8d, 
	0x89, 0x4b, 0x79, 0x09, 0x7a, 0x0d, 0x7a, 0x4f, 
	0x7a, 0x4f, 0x7a, 0x4f, 0x7a, 0x4f, 0x7a, 0x4f, 
	0x7a, 0x0f, 0x7a, 0x0d, 0x7a, 0x0d, 0x7a, 0x0d, 
	0x72, 0x0d, 0x72, 0x0d, 0x71, 0xcb, 0x71, 0xcb, 
	0x71, 0xcb, 0x71, 0xcb, 0x61, 0x49, 0x68, 0xc7, 
	0x89, 0xcf, 0x89, 0x8d, 0xab, 0xde, 0xce, 0x72, 
	0x00, 0x00, 0x38, 0x42, 0x38, 0x43, 0x58, 0x85, 
	0x70, 0xc7, 0x81, 0x09, 0x89, 0x8d, 0x89, 0x8d, 
	0x81, 0x09, 0x79, 0x09, 0x7a, 0x0f, 0x7a, 0x4f, 
	0x7a, 0x4f, 0x7a, 0x4f, 0x7a, 0x4f, 0x7a, 0x4f, 
	0x7a, 0x0d, 0x72, 0x0d, 0x72, 0x0d, 0x69, 0xcb, 
	0x71, 0xcb, 0x71, 0xcb, 0x69, 0x89, 0x69, 0x87, 
	0x61, 0x45, 0x51, 0x05, 0x59, 0x47, 0x58, 0x85, 
	0x81, 0x4b, 0x89, 0x8d, 0xce, 0x73, 0xce, 0x72, 
	0x00, 0x00, 0x38, 0x42, 0x38, 0x43, 0x60, 0x85, 
	0x78, 0xc7, 0x81, 0x09, 0x89, 0x8d, 0x89, 0x8d, 
	0x81, 0x09, 0x79, 0x49, 0x7a, 0x4f, 0x7a, 0x4f, 
	0x7a, 0x4f, 0x7a, 0x4f, 0x72, 0x0d, 0x72, 0x0d, 
	0x71, 0xcb, 0x69, 0x89, 0x71, 0xca, 0x69, 0xca, 
	0x71, 0xca, 0x71, 0xca, 0x69, 0x88, 0x69, 0x86, 
	0x61, 0x44, 0x51, 0x04, 0x50, 0xc4, 0x40, 0x43, 
	0x68, 0xc7, 0xd6, 0xb5, 0xce, 0x73, 0xce, 0x72, 
	0x20, 0x42, 0x30, 0x42, 0x40, 0x43, 0x60, 0x85, 
	0x78, 0xc7, 0x81, 0x09, 0x89, 0x8d, 0x89, 0x8d, 
	0x81, 0x09, 0x79, 0x49, 0x7a, 0x4f, 0x7a, 0x4f, 
	0x7a, 0x0f, 0x72, 0x0d, 0x69, 0xcb, 0x59, 0x05, 
	0x69, 0x88, 0x69, 0x88, 0x69, 0x88, 0x00, 0x00, 
	0x00, 0x00, 0x00, 0x00, 0x00, 0x00, 0x00, 0x00, 
	0x00, 0x00, 0x00, 0x00, 0x40, 0x42, 0x7a, 0xd6, 
	0xad, 0x6b, 0xc6, 0x31, 0xce, 0x73, 0xce, 0x72, 
	0x20, 0x42, 0x20, 0x43, 0x40, 0x43, 0x68, 0x85, 
	0x78, 0xc7, 0x81, 0x09, 0x89, 0x8d, 0x89, 0x8d, 
	0x81, 0x09, 0x79, 0x4b, 0x7a, 0x4f, 0x72, 0x0d, 
	0x69, 0xcb, 0x61, 0x45, 0x69, 0x86, 0x59, 0x04, 
	0x59, 0x04, 0x00, 0x00, 0x00, 0x00, 0x00, 0x00, 
	0x00, 0x00, 0x00, 0x00, 0x00, 0x00, 0x00, 0x00, 
	0x00, 0x00, 0x00, 0x00, 0x00, 0x00, 0xa5, 0x28, 
	0xa5, 0x29, 0xbd, 0xef, 0xce, 0x73, 0xce, 0x72, 
	0x7b, 0x5a, 0x28, 0x43, 0x40, 0x43, 0x68, 0x85, 
	0x78, 0xc7, 0x81, 0x09, 0x89, 0x8d, 0x89, 0x8d, 
	0x81, 0x09, 0x79, 0x49, 0x72, 0x0d, 0x7a, 0x4f, 
	0x72, 0x0c, 0x61, 0x44, 0x61, 0x44, 0x00, 0x00, 
	0x00, 0x00, 0x00, 0x00, 0x00, 0x00, 0x00, 0x00, 
	0x00, 0x00, 0x00, 0x00, 0x00, 0x00, 0x00, 0x00, 
	0x00, 0x00, 0x00, 0x00, 0x00, 0x00, 0xa5, 0x28, 
	0xad, 0x6a, 0xb5, 0xad, 0xc6, 0x31, 0xce, 0x73, 
	0x7b, 0x5a, 0x28, 0x43, 0x48, 0x85, 0x68, 0xc7, 
	0x78, 0xc7, 0x81, 0x4b, 0x89, 0x8d, 0x89, 0x8d, 
	0x81, 0x09, 0x70, 0xc7, 0x69, 0x49, 0x71, 0xcc, 
	0x7a, 0x4e, 0x00, 0x00, 0x00, 0x00, 0x00, 0x00, 
	0x00, 0x00, 0x00, 0x00, 0x00, 0x00, 0x00, 0x00, 
	0x00, 0x00, 0x00, 0x00, 0x00, 0x00, 0x00, 0x00, 
	0x00, 0x00, 0x00, 0x00, 0x00, 0x00, 0x00, 0x00, 
	0xb5, 0xac, 0xbd, 0xee, 0xc6, 0x31, 0xce, 0x73, 
	0x7b, 0x5a, 0x30, 0x43, 0x48, 0x85, 0x70, 0xc7, 
	0x79, 0x09, 0x81, 0x4b, 0x89, 0x8d, 0x89, 0x8d, 
	0x81, 0x09, 0x70, 0xc7, 0x71, 0x08, 0x69, 0x48, 
	0x00, 0x00, 0x00, 0x00, 0x00, 0x00, 0x00, 0x00, 
	0x00, 0x00, 0x00, 0x00, 0x00, 0x00, 0x00, 0x00, 
	0x00, 0x00, 0x00, 0x00, 0x00, 0x00, 0x00, 0x00, 
	0x00, 0x00, 0x00, 0x00, 0x00, 0x00, 0x00, 0x00, 
	0x00, 0x00, 0xb5, 0xac, 0xb5, 0xad, 0xce, 0x73, 
	0x30, 0x42, 0x30, 0x43, 0x50, 0x85, 0x70, 0xc7, 
	0x79, 0x09, 0x81, 0x4b, 0x89, 0x8d, 0x89, 0x4b, 
	0x81, 0x09, 0x70, 0xc7, 0x70, 0xc6, 0x00, 0x00, 
	0x00, 0x00, 0x00, 0x00, 0x00, 0x00, 0x00, 0x00, 
	0x00, 0x00, 0x00, 0x00, 0x00, 0x00, 0x00, 0x00, 
	0x00, 0x00, 0x00, 0x00, 0x00, 0x00, 0x00, 0x00, 
	0x00, 0x00, 0x00, 0x00, 0x00, 0x00, 0x00, 0x00, 
	0x00, 0x00, 0xb5, 0xac, 0xb5, 0xac, 0xce, 0x72, 
	0x30, 0x42, 0x30, 0x43, 0x50, 0x85, 0x70, 0xc7, 
	0x81, 0x09, 0x81, 0x4b, 0x89, 0x8d, 0x89, 0x4b, 
	0x81, 0x09, 0x70, 0xc7, 0x70, 0xc6, 0x00, 0x00, 
	0x00, 0x00, 0x00, 0x00, 0x00, 0x00, 0x00, 0x00, 
	0x00, 0x00, 0x00, 0x00, 0x00, 0x00, 0x00, 0x00, 
	0x00, 0x00, 0x00, 0x00, 0x00, 0x00, 0x00, 0x00, 
	0x00, 0x00, 0x00, 0x00, 0x00, 0x00, 0x00, 0x00, 
	0x00, 0x00, 0x00, 0x00, 0x00, 0x00, 0x00, 0x00, 
	0x30, 0x42, 0x30, 0x43, 0x50, 0x85, 0x70, 0xc7, 
	0x81, 0x09, 0x81, 0x4b, 0x89, 0x8d, 0x89, 0x4b, 
	0x81, 0x09, 0x70, 0xc7, 0x70, 0xc6, 0x00, 0x00, 
	0x00, 0x00, 0x00, 0x00, 0x00, 0x00, 0x00, 0x00, 
	0x00, 0x00, 0x00, 0x00, 0x00, 0x00, 0x00, 0x00, 
	0x00, 0x00, 0x00, 0x00, 0x00, 0x00, 0x00, 0x00, 
	0x00, 0x00, 0x00, 0x00, 0x00, 0x00, 0x00, 0x00, 
	0x00, 0x00, 0x00, 0x00, 0x00, 0x00, 0x00, 0x00, 
	0x30, 0x42, 0x30, 0x43, 0x50, 0x85, 0x70, 0xc7, 
	0x81, 0x09, 0x81, 0x4b, 0x89, 0x8d, 0x89, 0x4b, 
	0x80, 0xc7, 0x70, 0xc7, 0x70, 0xc6, 0x00, 0x00, 
	0x00, 0x00, 0x00, 0x00, 0x00, 0x00, 0x00, 0x00, 
	0x00, 0x00, 0x00, 0x00, 0x00, 0x00, 0x00, 0x00, 
	0x00, 0x00, 0x00, 0x00, 0x00, 0x00, 0x00, 0x00, 
	0x00, 0x00, 0x00, 0x00, 0x00, 0x00, 0x00, 0x00, 
	0x00, 0x00, 0x00, 0x00, 0x00, 0x00, 0x00, 0x00, 
	0x30, 0x42, 0x30, 0x43, 0x58, 0x85, 0x70, 0xc7, 
	0x81, 0x09, 0x81, 0x4b, 0x89, 0x8d, 0x89, 0x4b, 
	0x80, 0xc7, 0x70, 0xc7, 0x70, 0xc6, 0x00, 0x00, 
	0x00, 0x00, 0x00, 0x00, 0x00, 0x00, 0x00, 0x00, 
	0x00, 0x00, 0x00, 0x00, 0x00, 0x00, 0x00, 0x00, 
	0x00, 0x00, 0x00, 0x00, 0x00, 0x00, 0x00, 0x00, 
	0x00, 0x00, 0x00, 0x00, 0x00, 0x00, 0x00, 0x00, 
	0x00, 0x00, 0x00, 0x00, 0x00, 0x00, 0x00, 0x00, 
	0x30, 0x42, 0x30, 0x43, 0x58, 0x85, 0x70, 0xc7, 
	0x81, 0x09, 0x81, 0x4b, 0x89, 0x8d, 0x89, 0x4b, 
	0x80, 0xc7, 0x70, 0xc7, 0x70, 0xc6, 0x00, 0x00, 
	0x00, 0x00, 0x00, 0x00, 0x00, 0x00, 0x00, 0x00, 
	0x00, 0x00, 0x00, 0x00, 0x00, 0x00, 0x00, 0x00, 
	0x00, 0x00, 0x00, 0x00, 0x00, 0x00, 0x00, 0x00, 
	0x00, 0x00, 0x00, 0x00, 0x00, 0x00, 0x00, 0x00, 
	0x00, 0x00, 0x00, 0x00, 0x00, 0x00, 0x00, 0x00, 
	0x30, 0x42, 0x30, 0x43, 0x50, 0x85, 0x70, 0xc7, 
	0x78, 0xc7, 0x81, 0x09, 0x89, 0x4b, 0x81, 0x4b, 
	0x80, 0xc7, 0x70, 0xc7, 0x70, 0xc6, 0x00, 0x00, 
	0x00, 0x00, 0x00, 0x00, 0x00, 0x00, 0x00, 0x00, 
	0x00, 0x00, 0x00, 0x00, 0x00, 0x00, 0x00, 0x00, 
	0x00, 0x00, 0x00, 0x00, 0x00, 0x00, 0x00, 0x00, 
	0x00, 0x00, 0x00, 0x00, 0x00, 0x00, 0x00, 0x00, 
	0x00, 0x00, 0x00, 0x00, 0x00, 0x00, 0x00, 0x00, 
	0x28, 0x42, 0x28, 0x43, 0x38, 0x43, 0x48, 0x85, 
	0x58, 0x85, 0x60, 0x85, 0x68, 0xc7, 0x68, 0xc7, 
	0x68, 0x85, 0x60, 0x85, 0x60, 0x84, 0x00, 0x00, 
	0x00, 0x00, 0x00, 0x00, 0x00, 0x00, 0x00, 0x00, 
	0x00, 0x00, 0x00, 0x00, 0x00, 0x00, 0x00, 0x00, 
	0x00, 0x00, 0x00, 0x00, 0x00, 0x00, 0x00, 0x00, 
	0x00, 0x00, 0x00, 0x00, 0x00, 0x00, 0x00, 0x00, 
	0x00, 0x00, 0x00, 0x00, 0x00, 0x00, 0x00, 0x00, 
	0x28, 0x42, 0x28, 0x42, 0x20, 0x43, 0x28, 0x43, 
	0x28, 0x43, 0x30, 0x43, 0x30, 0x43, 0x30, 0x43, 
	0x30, 0x43, 0x30, 0x43, 0x30, 0x42, 0x00, 0x00, 
	0x00, 0x00, 0x00, 0x00, 0x00, 0x00, 0x00, 0x00, 
	0x00, 0x00, 0x00, 0x00, 0x00, 0x00, 0x00, 0x00, 
	0x00, 0x00, 0x00, 0x00, 0x00, 0x00, 0x00, 0x00, 
	0x00, 0x00, 0x00, 0x00, 0x00, 0x00, 0x00, 0x00, 
	0x00, 0x00, 0x00, 0x00, 0x00, 0x00, 0x00, 0x00, 
	0x00, 0x00, 0x20, 0x42, 0x20, 0x42, 0x28, 0x42, 
	0x28, 0x42, 0x30, 0x42, 0x30, 0x42, 0x30, 0x42, 
	0x30, 0x42, 0x30, 0x42, 0x30, 0x42, 0x00, 0x00, 
	0x00, 0x00, 0x00, 0x00, 0x00, 0x00, 0x00, 0x00, 
	0x00, 0x00, 0x00, 0x00, 0x00, 0x00, 0x00, 0x00, 
	0x00, 0x00, 0x00, 0x00, 0x00, 0x00, 0x00, 0x00, 
	0x00, 0x00, 0x00, 0x00, 0x00, 0x00, 0x00, 0x00, 
	0x00, 0x00, 0x00, 0x00, 0x00, 0x00, 0x00, 0x00, 
	0x00, 0x00, 0x00, 0x00, 0x00, 0x00, 0x00, 0x00, 
	0x00, 0x00, 0x00, 0x00, 0x00, 0x00, 0x00, 0x00, 
	0x00, 0x00, 0x00, 0x00, 0x00, 0x00, 0x00, 0x00, 
	0x00, 0x00, 0x00, 0x00, 0x00, 0x00, 0x00, 0x00, 
	0x00, 0x00, 0x00, 0x00, 0x00, 0x00, 0x00, 0x00, 
	0x00, 0x00, 0x00, 0x00, 0x00, 0x00, 0x00, 0x00, 
	0x00, 0x00, 0x00, 0x00, 0x00, 0x00, 0x00, 0x00, 
	0x00, 0x00, 0x00, 0x00, 0x00, 0x00, 0x00, 0x00, 
	
};

Gfx mario_wing2_rgba16_aligner[] = {gsSPEndDisplayList()};
u8 mario_wing2_rgba16[] = {
	0x00, 0x00, 0x00, 0x00, 0x00, 0x00, 0x00, 0x00, 
	0x00, 0x00, 0x00, 0x00, 0x00, 0x00, 0x00, 0x00, 
	0x00, 0x00, 0x00, 0x00, 0x00, 0x00, 0x00, 0x00, 
	0x00, 0x00, 0x00, 0x00, 0x00, 0x00, 0x00, 0x00, 
	0x00, 0x00, 0x00, 0x00, 0x00, 0x00, 0x00, 0x00, 
	0x00, 0x00, 0x00, 0x00, 0x00, 0x00, 0x00, 0x00, 
	0x00, 0x00, 0x00, 0x00, 0x00, 0x00, 0x00, 0x00, 
	0x00, 0x00, 0x00, 0x00, 0x00, 0x00, 0x00, 0x00, 
	0x00, 0x00, 0x00, 0x00, 0x00, 0x00, 0x00, 0x00, 
	0x00, 0x00, 0x00, 0x00, 0x00, 0x00, 0x00, 0x00, 
	0x00, 0x00, 0x00, 0x00, 0x00, 0x00, 0x00, 0x00, 
	0x00, 0x00, 0x00, 0x00, 0x00, 0x00, 0x00, 0x00, 
	0x00, 0x00, 0x00, 0x00, 0x00, 0x00, 0x00, 0x00, 
	0x00, 0x00, 0x00, 0x00, 0x00, 0x00, 0x00, 0x00, 
	0x00, 0x00, 0x00, 0x00, 0x00, 0x00, 0x00, 0x00, 
	0x00, 0x00, 0x00, 0x00, 0x00, 0x00, 0x00, 0x00, 
	0x00, 0x00, 0x00, 0x00, 0x00, 0x00, 0x00, 0x00, 
	0x00, 0x00, 0x00, 0x00, 0x00, 0x00, 0x00, 0x00, 
	0x00, 0x00, 0x00, 0x00, 0x00, 0x00, 0x00, 0x00, 
	0x00, 0x00, 0x00, 0x00, 0x00, 0x00, 0x00, 0x00, 
	0x00, 0x00, 0x00, 0x00, 0x00, 0x00, 0x00, 0x00, 
	0x00, 0x00, 0x00, 0x00, 0x00, 0x00, 0x00, 0x00, 
	0x00, 0x00, 0x00, 0x00, 0x00, 0x00, 0x00, 0x00, 
	0x00, 0x00, 0x00, 0x00, 0x00, 0x00, 0x00, 0x00, 
	0x00, 0x00, 0x00, 0x00, 0x00, 0x00, 0x00, 0x00, 
	0x00, 0x00, 0x00, 0x00, 0x00, 0x00, 0x00, 0x00, 
	0x00, 0x00, 0x00, 0x00, 0x00, 0x00, 0x00, 0x00, 
	0x00, 0x00, 0x00, 0x00, 0x00, 0x00, 0x00, 0x00, 
	0x00, 0x00, 0x00, 0x00, 0x00, 0x00, 0x00, 0x00, 
	0x00, 0x00, 0x00, 0x00, 0x00, 0x00, 0x00, 0x00, 
	0x00, 0x00, 0x00, 0x00, 0x00, 0x00, 0x00, 0x00, 
	0x00, 0x00, 0x00, 0x00, 0x00, 0x00, 0x00, 0x00, 
	0x00, 0x00, 0x00, 0x00, 0x00, 0x00, 0x00, 0x00, 
	0x00, 0x00, 0x00, 0x00, 0x00, 0x00, 0x00, 0x00, 
	0x00, 0x00, 0x00, 0x00, 0x00, 0x00, 0x00, 0x00, 
	0x00, 0x00, 0x00, 0x00, 0x00, 0x00, 0x00, 0x00, 
	0x00, 0x00, 0x00, 0x00, 0x00, 0x00, 0x00, 0x00, 
	0x00, 0x00, 0x00, 0x00, 0x00, 0x00, 0x00, 0x00, 
	0x00, 0x00, 0x00, 0x00, 0x00, 0x00, 0x00, 0x00, 
	0x00, 0x00, 0x00, 0x00, 0x00, 0x00, 0x00, 0x00, 
	0x00, 0x00, 0x00, 0x00, 0x78, 0xc6, 0x78, 0xc6, 
	0x78, 0xc6, 0x80, 0xc6, 0x80, 0xc6, 0x80, 0xc6, 
	0x81, 0x08, 0x80, 0xc6, 0x80, 0xc6, 0x80, 0xc6, 
	0x80, 0xc6, 0x80, 0xc6, 0x80, 0xc6, 0x78, 0xc6, 
	0x80, 0xc6, 0x78, 0xc6, 0x68, 0x84, 0x68, 0x84, 
	0x00, 0x00, 0x00, 0x00, 0x00, 0x00, 0x00, 0x00, 
	0x00, 0x00, 0x00, 0x00, 0x00, 0x00, 0x00, 0x00, 
	0x00, 0x00, 0x00, 0x00, 0x00, 0x00, 0x00, 0x00, 
	0x68, 0x84, 0x78, 0xc6, 0x78, 0xc6, 0x78, 0xc7, 
	0x78, 0xc7, 0x80, 0xc7, 0x80, 0xc7, 0x80, 0xc7, 
	0x81, 0x09, 0x80, 0xc7, 0x80, 0xc7, 0x80, 0xc7, 
	0x80, 0xc7, 0x80, 0xc7, 0x80, 0xc7, 0x78, 0xc7, 
	0x80, 0xc7, 0x78, 0xc7, 0x68, 0x85, 0x79, 0x08, 
	0x89, 0x4a, 0x81, 0x4a, 0x81, 0x08, 0x78, 0xc6, 
	0x78, 0xc6, 0x00, 0x00, 0x00, 0x00, 0x00, 0x00, 
	0x00, 0x00, 0x00, 0x00, 0x00, 0x00, 0x68, 0x84, 
	0x68, 0x85, 0x78, 0xc7, 0x81, 0x09, 0x81, 0x4b, 
	0x89, 0x8d, 0x89, 0x8d, 0x89, 0xcf, 0x89, 0xcf, 
	0x89, 0xcf, 0x89, 0xcf, 0x89, 0xcf, 0x89, 0xcf, 
	0x89, 0xcf, 0x89, 0xcf, 0x89, 0xcf, 0x89, 0xcf, 
	0x89, 0xcf, 0x89, 0xcf, 0x89, 0x8d, 0x89, 0x8d, 
	0x89, 0x4b, 0x81, 0x4b, 0x81, 0x09, 0x78, 0xc7, 
	0xab, 0xde, 0xbd, 0xee, 0x9c, 0xe6, 0x9c, 0xe6, 
	0x00, 0x00, 0x00, 0x00, 0x00, 0x00, 0x68, 0x84, 
	0x81, 0x09, 0x81, 0x09, 0x81, 0x4b, 0x81, 0x4b, 
	0x81, 0x4b, 0x79, 0x09, 0x79, 0x09, 0x79, 0x09, 
	0x79, 0x09, 0x79, 0x09, 0x79, 0x09, 0x79, 0x09, 
	0x79, 0x09, 0x79, 0x4b, 0x79, 0x4b, 0x81, 0x4b, 
	0x81, 0x4b, 0x81, 0x8d, 0x89, 0x8d, 0x89, 0xcf, 
	0x89, 0xcf, 0x8a, 0x11, 0x92, 0x53, 0x92, 0x53, 
	0xde, 0xf7, 0xbd, 0xef, 0x9c, 0xe7, 0xbd, 0xee, 
	0xde, 0xf6, 0x00, 0x00, 0x00, 0x00, 0x81, 0x08, 
	0x81, 0x4b, 0x81, 0x09, 0x70, 0xc7, 0x69, 0x07, 
	0x61, 0x49, 0x61, 0x49, 0x61, 0x49, 0x61, 0x49, 
	0x61, 0x89, 0x61, 0x89, 0x61, 0x89, 0x61, 0x49, 
	0x61, 0x89, 0x61, 0x49, 0x61, 0x49, 0x61, 0x49, 
	0x61, 0x49, 0x61, 0x07, 0x61, 0x07, 0x61, 0x07, 
	0x69, 0x07, 0x68, 0xc7, 0x71, 0x09, 0xbd, 0xef, 
	0xd6, 0xb5, 0xce, 0x73, 0xce, 0x73, 0xde, 0xf7, 
	0xd6, 0xb4, 0xce, 0x72, 0x00, 0x00, 0x81, 0x4a, 
	0x79, 0x09, 0x69, 0x07, 0x69, 0x8b, 0x72, 0x0d, 
	0x72, 0x0d, 0x72, 0x0d, 0x72, 0x0d, 0x72, 0x0d, 
	0x72, 0x0d, 0x7a, 0x0d, 0x72, 0x0d, 0x72, 0x0d, 
	0x72, 0x0d, 0x72, 0x0d, 0x72, 0x0d, 0x72, 0x0d, 
	0x72, 0x0d, 0x72, 0x0d, 0x72, 0x0d, 0x72, 0x0d, 
	0x69, 0xcb, 0x51, 0x07, 0x48, 0x43, 0x8c, 0x63, 
	0x8c, 0x63, 0x94, 0xa5, 0xb5, 0xad, 0xc6, 0x31, 
	0xce, 0x73, 0xce, 0x72, 0x00, 0x00, 0x79, 0x08, 
	0x69, 0x89, 0x72, 0x0d, 0x72, 0x0d, 0x7a, 0x0d, 
	0x7a, 0x0d, 0x72, 0x0d, 0x72, 0x0d, 0x72, 0x0d, 
	0x72, 0x0d, 0x72, 0x0d, 0x7a, 0x0d, 0x7a, 0x0d, 
	0x72, 0x0d, 0x72, 0x0d, 0x72, 0x0d, 0x7a, 0x0d, 
	0x72, 0x0d, 0x72, 0x0d, 0x72, 0x0d, 0x71, 0xcb, 
	0x69, 0xcb, 0x49, 0x05, 0x48, 0xc4, 0x8c, 0x62, 
	0x8c, 0x62, 0x94, 0xa4, 0xb5, 0xac, 0xc6, 0x30, 
	0xce, 0x72, 0xce, 0x72, 0x00, 0x00, 0x69, 0x88, 
	0x72, 0x0d, 0x7a, 0x0d, 0x7a, 0x0d, 0x7a, 0x0d, 
	0x7a, 0x0d, 0x7a, 0x0d, 0x7a, 0x0d, 0x7a, 0x0d, 
	0x7a, 0x0d, 0x7a, 0x0d, 0x72, 0x0d, 0x72, 0x0d, 
	0x7a, 0x0d, 0x72, 0x0d, 0x7a, 0x0d, 0x7a, 0x0d, 
	0x72, 0x0d, 0x72, 0x0d, 0x72, 0x0d, 0x71, 0xcb, 
	0x30, 0x83, 0x40, 0xc4, 0x49, 0x04, 0x00, 0x00, 
	0x00, 0x00, 0x00, 0x00, 0x00, 0x00, 0x00, 0x00, 
	0x00, 0x00, 0x00, 0x00, 0x00, 0x00, 0x72, 0x0c, 
	0x7a, 0x0d, 0x7a, 0x0d, 0x7a, 0x0d, 0x7a, 0x0d, 
	0x7a, 0x0d, 0x7a, 0x0d, 0x72, 0x0d, 0x7a, 0x0d, 
	0x7a, 0x0d, 0x7a, 0x0d, 0x7a, 0x0d, 0x7a, 0x0d, 
	0x7a, 0x0d, 0x7a, 0x0d, 0x7a, 0x0d, 0x7a, 0x0d, 
	0x72, 0x0d, 0x72, 0x0d, 0x72, 0x0b, 0x69, 0x87, 
	0x51, 0x04, 0x30, 0x82, 0x00, 0x00, 0x00, 0x00, 
	0x00, 0x00, 0x00, 0x00, 0x00, 0x00, 0x00, 0x00, 
	0x00, 0x00, 0x00, 0x00, 0x00, 0x00, 0x7a, 0x0c, 
	0x7a, 0x0d, 0x7a, 0x0d, 0x7a, 0x0d, 0x7a, 0x0d, 
	0x7a, 0x0d, 0x7a, 0x0d, 0x7a, 0x0d, 0x7a, 0x0d, 
	0x7a, 0x0d, 0x7a, 0x0d, 0x7a, 0x0d, 0x7a, 0x0d, 
	0x7a, 0x0d, 0x72, 0x0d, 0x7a, 0x0d, 0x7a, 0x0d, 
	0x72, 0x0d, 0x72, 0x0d, 0x71, 0xc9, 0x69, 0x88, 
	0x69, 0x86, 0x00, 0x00, 0x00, 0x00, 0x00, 0x00, 
	0x00, 0x00, 0x00, 0x00, 0x00, 0x00, 0x00, 0x00, 
	0x00, 0x00, 0x00, 0x00, 0x00, 0x00, 0x7a, 0x0c, 
	0x7a, 0x0d, 0x7a, 0x0d, 0x7a, 0x0d, 0x7a, 0x0d, 
	0x7a, 0x0d, 0x7a, 0x0d, 0x72, 0x0d, 0x72, 0x0d, 
	0x72, 0x0d, 0x7a, 0x0d, 0x7a, 0x0d, 0x7a, 0x0d, 
	0x7a, 0x0d, 0x7a, 0x0d, 0x7a, 0x0d, 0x72, 0x0d, 
	0x72, 0x0d, 0x72, 0x0d, 0x71, 0xca, 0x71, 0xc8, 
	0x00, 0x00, 0x00, 0x00, 0x00, 0x00, 0x00, 0x00, 
	0x00, 0x00, 0x00, 0x00, 0x00, 0x00, 0x00, 0x00, 
	0x00, 0x00, 0x00, 0x00, 0x00, 0x00, 0x7a, 0x0c, 
	0x7a, 0x0d, 0x7a, 0x0d, 0x7a, 0x0d, 0x7a, 0x0d, 
	0x7a, 0x0d, 0x7a, 0x0d, 0x7a, 0x0d, 0x7a, 0x0d, 
	0x7a, 0x0d, 0x7a, 0x0d, 0x7a, 0x0d, 0x7a, 0x0d, 
	0x7a, 0x0d, 0x7a, 0x0d, 0x7a, 0x0d, 0x7a, 0x0d, 
	0x7a, 0x0d, 0x72, 0x0c, 0x72, 0x0c, 0x00, 0x00, 
	0x00, 0x00, 0x00, 0x00, 0x00, 0x00, 0x00, 0x00, 
	0x00, 0x00, 0x00, 0x00, 0x00, 0x00, 0x00, 0x00, 
	0x00, 0x00, 0x00, 0x00, 0x00, 0x00, 0x7a, 0x0c, 
	0x7a, 0x0d, 0x7a, 0x0d, 0x7a, 0x0f, 0x7a, 0x0f, 
	0x7a, 0x0f, 0x7a, 0x0f, 0x7a, 0x0f, 0x7a, 0x0f, 
	0x7a, 0x0d, 0x7a, 0x0d, 0x7a, 0x0d, 0x7a, 0x0d, 
	0x7a, 0x0d, 0x7a, 0x0d, 0x7a, 0x0d, 0x7a, 0x0d, 
	0x69, 0xcb, 0x69, 0xca, 0x00, 0x00, 0x00, 0x00, 
	0x00, 0x00, 0x00, 0x00, 0x00, 0x00, 0x00, 0x00, 
	0x00, 0x00, 0x00, 0x00, 0x00, 0x00, 0x00, 0x00, 
	0x00, 0x00, 0x00, 0x00, 0x00, 0x00, 0x7a, 0x0c, 
	0x7a, 0x4f, 0x7a, 0x4f, 0x7a, 0x4f, 0x7a, 0x4f, 
	0x7a, 0x4f, 0x7a, 0x0f, 0x7a, 0x4f, 0x7a, 0x0f, 
	0x7a, 0x4f, 0x7a, 0x0f, 0x7a, 0x0f, 0x7a, 0x0f, 
	0x7a, 0x0f, 0x7a, 0x0d, 0x7a, 0x0f, 0x7a, 0x0d, 
	0x72, 0x0c, 0x69, 0xca, 0x00, 0x00, 0x00, 0x00, 
	0x00, 0x00, 0x00, 0x00, 0x00, 0x00, 0x00, 0x00, 
	0x00, 0x00, 0x00, 0x00, 0x00, 0x00, 0x00, 0x00, 
	0x00, 0x00, 0x00, 0x00, 0x00, 0x00, 0x7a, 0x4e, 
	0x7a, 0x4f, 0x7a, 0x4f, 0x7a, 0x4f, 0x7a, 0x4f, 
	0x7a, 0x4f, 0x7a, 0x0f, 0x7a, 0x4f, 0x7a, 0x4f, 
	0x7a, 0x4f, 0x7a, 0x4f, 0x7a, 0x0f, 0x7a, 0x4f, 
	0x7a, 0x4f, 0x7a, 0x0f, 0x7a, 0x0f, 0x72, 0x0d, 
	0x72, 0x0c, 0x00, 0x00, 0x00, 0x00, 0x00, 0x00, 
	0x00, 0x00, 0x00, 0x00, 0x00, 0x00, 0x00, 0x00, 
	0x00, 0x00, 0x00, 0x00, 0x00, 0x00, 0x00, 0x00, 
	0x00, 0x00, 0x00, 0x00, 0x00, 0x00, 0x7a, 0x4e, 
	0x7a, 0x4f, 0x7a, 0x4f, 0x7a, 0x4f, 0x7a, 0x4f, 
	0x7a, 0x4f, 0x7a, 0x0f, 0x7a, 0x0f, 0x7a, 0x4f, 
	0x7a, 0x4f, 0x7a, 0x4f, 0x7a, 0x4f, 0x7a, 0x0f, 
	0x7a, 0x0f, 0x7a, 0x4f, 0x7a, 0x0d, 0x7a, 0x4f, 
	0x7a, 0x4e, 0x00, 0x00, 0x00, 0x00, 0x00, 0x00, 
	0x00, 0x00, 0x00, 0x00, 0x00, 0x00, 0x00, 0x00, 
	0x00, 0x00, 0x00, 0x00, 0x00, 0x00, 0x00, 0x00, 
	0x00, 0x00, 0x00, 0x00, 0x00, 0x00, 0x7a, 0x4e, 
	0x7a, 0x0f, 0x7a, 0x4f, 0x7a, 0x4f, 0x7a, 0x4f, 
	0x7a, 0x4f, 0x7a, 0x4f, 0x7a, 0x4f, 0x7a, 0x4f, 
	0x7a, 0x4f, 0x7a, 0x4f, 0x7a, 0x4f, 0x7a, 0x4f, 
	0x7a, 0x4f, 0x7a, 0x4f, 0x7a, 0x0f, 0x7a, 0x4e, 
	0x7a, 0x4e, 0x00, 0x00, 0x00, 0x00, 0x00, 0x00, 
	0x00, 0x00, 0x00, 0x00, 0x00, 0x00, 0x00, 0x00, 
	0x00, 0x00, 0x00, 0x00, 0x00, 0x00, 0x00, 0x00, 
	0x00, 0x00, 0x00, 0x00, 0x00, 0x00, 0x7a, 0x0e, 
	0x81, 0xcd, 0x81, 0xcd, 0x81, 0xcd, 0x81, 0xcd, 
	0x7a, 0x0d, 0x7a, 0x0f, 0x7a, 0x4f, 0x7a, 0x4f, 
	0x7a, 0x4f, 0x7a, 0x4f, 0x7a, 0x4f, 0x7a, 0x4f, 
	0x7a, 0x4f, 0x7a, 0x4f, 0x7a, 0x4f, 0x7a, 0x4e, 
	0x00, 0x00, 0x00, 0x00, 0x00, 0x00, 0x00, 0x00, 
	0x00, 0x00, 0x00, 0x00, 0x00, 0x00, 0x00, 0x00, 
	0x00, 0x00, 0x00, 0x00, 0x00, 0x00, 0x00, 0x00, 
	0x00, 0x00, 0x00, 0x00, 0x00, 0x00, 0x81, 0xcc, 
	0x81, 0x8d, 0x89, 0xcf, 0x8a, 0x11, 0x8a, 0x11, 
	0x92, 0x53, 0x8a, 0x51, 0x8a, 0x11, 0x7a, 0x0d, 
	0x7a, 0x4f, 0x7a, 0x4f, 0x7a, 0x4f, 0x7a, 0x4f, 
	0x7a, 0x4f, 0x7a, 0x4f, 0x7a, 0x4f, 0x7a, 0x4e, 
	0x00, 0x00, 0x00, 0x00, 0x00, 0x00, 0x00, 0x00, 
	0x00, 0x00, 0x00, 0x00, 0x00, 0x00, 0x00, 0x00, 
	0x00, 0x00, 0x00, 0x00, 0x00, 0x00, 0x00, 0x00, 
	0x00, 0x00, 0x00, 0x00, 0x00, 0x00, 0x81, 0x8c, 
	0x61, 0x07, 0x60, 0xc7, 0x60, 0xc7, 0x68, 0xc7, 
	0x79, 0x09, 0x81, 0xcf, 0x92, 0x53, 0x92, 0x95, 
	0x8a, 0x53, 0x82, 0x0f, 0x7a, 0x0f, 0x7a, 0x4f, 
	0x7a, 0x4f, 0x7a, 0x4f, 0x7a, 0x51, 0x7a, 0x50, 
	0x00, 0x00, 0x00, 0x00, 0x00, 0x00, 0x00, 0x00, 
	0x00, 0x00, 0x00, 0x00, 0x00, 0x00, 0x00, 0x00, 
	0x00, 0x00, 0x00, 0x00, 0x00, 0x00, 0x00, 0x00, 
	0x00, 0x00, 0x00, 0x00, 0x00, 0x00, 0x61, 0x06, 
	0x72, 0x0d, 0x71, 0xcd, 0x69, 0xcb, 0x69, 0x8b, 
	0x61, 0x49, 0x59, 0x07, 0x60, 0xc7, 0x71, 0x09, 
	0x8a, 0x11, 0x92, 0x95, 0x92, 0x95, 0x8a, 0x53, 
	0x7a, 0x0f, 0x7a, 0x51, 0x82, 0xd5, 0x82, 0x0e, 
	0x79, 0x46, 0x00, 0x00, 0x00, 0x00, 0x00, 0x00, 
	0x00, 0x00, 0x00, 0x00, 0x00, 0x00, 0x00, 0x00, 
	0x00, 0x00, 0x00, 0x00, 0x00, 0x00, 0x00, 0x00, 
	0x00, 0x00, 0x00, 0x00, 0x00, 0x00, 0x72, 0x0c, 
	0x7a, 0x0d, 0x7a, 0x0d, 0x7a, 0x0d, 0x7a, 0x0d, 
	0x72, 0x0d, 0x72, 0x0d, 0x69, 0xcb, 0x61, 0x49, 
	0x59, 0x07, 0x68, 0xc7, 0x79, 0x8d, 0x92, 0x95, 
	0x92, 0xd7, 0x8a, 0x95, 0x8a, 0xd5, 0x79, 0x47, 
	0x9b, 0x9a, 0xbd, 0xee, 0x00, 0x00, 0x00, 0x00, 
	0x00, 0x00, 0x00, 0x00, 0x00, 0x00, 0x00, 0x00, 
	0x00, 0x00, 0x00, 0x00, 0x00, 0x00, 0x00, 0x00, 
	0x00, 0x00, 0x00, 0x00, 0x00, 0x00, 0x7a, 0x0c, 
	0x7a, 0x0d, 0x72, 0x0d, 0x72, 0x0d, 0x72, 0x0d, 
	0x72, 0x0d, 0x72, 0x0d, 0x72, 0x0d, 0x72, 0x0d, 
	0x72, 0x0d, 0x69, 0x8b, 0x61, 0x49, 0x60, 0xc7, 
	0x71, 0x4b, 0x8a, 0x53, 0x9b, 0x19, 0x92, 0x95, 
	0xbd, 0xef, 0xc6, 0x30, 0xc6, 0x30, 0x00, 0x00, 
	0x00, 0x00, 0x00, 0x00, 0x00, 0x00, 0x00, 0x00, 
	0x00, 0x00, 0x00, 0x00, 0x00, 0x00, 0x00, 0x00, 
	0x00, 0x00, 0x00, 0x00, 0x00, 0x00, 0x7a, 0x0c, 
	0x72, 0x0d, 0x72, 0x0d, 0x7a, 0x0d, 0x7a, 0x0d, 
	0x72, 0x0d, 0x7a, 0x0d, 0x72, 0x0d, 0x7a, 0x0d, 
	0x72, 0x0d, 0x72, 0x0d, 0x72, 0x0b, 0x69, 0xcb, 
	0x59, 0x47, 0x58, 0x85, 0x69, 0x09, 0xc6, 0x31, 
	0xce, 0x73, 0xc6, 0x31, 0xbd, 0xee, 0xd6, 0xb4, 
	0xd6, 0xb4, 0x00, 0x00, 0x00, 0x00, 0x00, 0x00, 
	0x00, 0x00, 0x00, 0x00, 0x00, 0x00, 0x00, 0x00, 
	0x00, 0x00, 0x00, 0x00, 0x00, 0x00, 0x72, 0x0c, 
	0x7a, 0x0d, 0x7a, 0x0d, 0x7a, 0x0d, 0x7a, 0x0d, 
	0x72, 0x0d, 0x72, 0x0d, 0x72, 0x0d, 0x72, 0x0d, 
	0x72, 0x0d, 0x71, 0xcb, 0x69, 0xcb, 0x69, 0x89, 
	0x69, 0x87, 0x51, 0x05, 0x38, 0x43, 0x8c, 0x63, 
	0x9c, 0xe7, 0xb5, 0xad, 0xb5, 0xad, 0xd6, 0xb5, 
	0xd6, 0xb4, 0x00, 0x00, 0x00, 0x00, 0x00, 0x00, 
	0x00, 0x00, 0x00, 0x00, 0x00, 0x00, 0x00, 0x00, 
	0x00, 0x00, 0x00, 0x00, 0x00, 0x00, 0x7a, 0x0c, 
	0x7a, 0x0d, 0x7a, 0x0d, 0x7a, 0x0d, 0x7a, 0x0d, 
	0x7a, 0x0d, 0x72, 0x0d, 0x72, 0x0d, 0x72, 0x0d, 
	0x69, 0xcb, 0x69, 0x89, 0x69, 0x88, 0x69, 0x88, 
	0x69, 0x86, 0x51, 0x04, 0x38, 0x42, 0x8c, 0x62, 
	0x8c, 0x62, 0x73, 0x9d, 0xbd, 0xef, 0xa5, 0x29, 
	0xa5, 0x28, 0x00, 0x00, 0x00, 0x00, 0x00, 0x00, 
	0x00, 0x00, 0x00, 0x00, 0x00, 0x00, 0x00, 0x00, 
	0x00, 0x00, 0x00, 0x00, 0x00, 0x00, 0x7a, 0x0c, 
	0x7a, 0x0d, 0x7a, 0x0d, 0x7a, 0x0d, 0x7a, 0x0d, 
	0x7a, 0x0d, 0x72, 0x0d, 0x71, 0xcb, 0x61, 0x49, 
	0x69, 0x88, 0x69, 0x88, 0x69, 0x88, 0x00, 0x00, 
	0x00, 0x00, 0x00, 0x00, 0x00, 0x00, 0x00, 0x00, 
	0x73, 0x9c, 0x73, 0x9c, 0xbd, 0xee, 0xa5, 0x28, 
	0xa5, 0x28, 0x00, 0x00, 0x00, 0x00, 0x00, 0x00, 
	0x00, 0x00, 0x00, 0x00, 0x00, 0x00, 0x00, 0x00, 
	0x00, 0x00, 0x00, 0x00, 0x00, 0x00, 0x7a, 0x0c, 
	0x7a, 0x0d, 0x7a, 0x0d, 0x7a, 0x0d, 0x7a, 0x0d, 
	0x72, 0x0d, 0x71, 0xcb, 0x71, 0x89, 0x69, 0x88, 
	0x61, 0x48, 0x00, 0x00, 0x00, 0x00, 0x00, 0x00, 
	0x00, 0x00, 0x00, 0x00, 0x00, 0x00, 0x00, 0x00, 
	0x00, 0x00, 0x00, 0x00, 0x00, 0x00, 0x00, 0x00, 
	0x00, 0x00, 0x00, 0x00, 0x00, 0x00, 0x00, 0x00, 
	0x00, 0x00, 0x00, 0x00, 0x00, 0x00, 0x00, 0x00, 
	0x00, 0x00, 0x00, 0x00, 0x00, 0x00, 0x7a, 0x0c, 
	0x7a, 0x0d, 0x7a, 0x0d, 0x7a, 0x0d, 0x7a, 0x0d, 
	0x71, 0xcb, 0x71, 0xca, 0x71, 0x88, 0x71, 0x88, 
	0x00, 0x00, 0x00, 0x00, 0x00, 0x00, 0x00, 0x00, 
	0x00, 0x00, 0x00, 0x00, 0x00, 0x00, 0x00, 0x00, 
	0x00, 0x00, 0x00, 0x00, 0x00, 0x00, 0x00, 0x00, 
	0x00, 0x00, 0x00, 0x00, 0x00, 0x00, 0x00, 0x00, 
	0x00, 0x00, 0x00, 0x00, 0x00, 0x00, 0x00, 0x00, 
	0x00, 0x00, 0x00, 0x00, 0x00, 0x00, 0x7a, 0x0c, 
	0x7a, 0x0d, 0x7a, 0x0d, 0x72, 0x0d, 0x71, 0xcb, 
	0x71, 0xca, 0x71, 0xca, 0x00, 0x00, 0x00, 0x00, 
	0x00, 0x00, 0x00, 0x00, 0x00, 0x00, 0x00, 0x00, 
	0x00, 0x00, 0x00, 0x00, 0x00, 0x00, 0x00, 0x00, 
	0x00, 0x00, 0x00, 0x00, 0x00, 0x00, 0x00, 0x00, 
	0x00, 0x00, 0x00, 0x00, 0x00, 0x00, 0x00, 0x00, 
	0x00, 0x00, 0x00, 0x00, 0x00, 0x00, 0x00, 0x00, 
	0x00, 0x00, 0x00, 0x00, 0x00, 0x00, 0x7a, 0x0c, 
	0x7a, 0x0d, 0x72, 0x0d, 0x71, 0xcb, 0x71, 0xca, 
	0x71, 0xca, 0x00, 0x00, 0x00, 0x00, 0x00, 0x00, 
	0x00, 0x00, 0x00, 0x00, 0x00, 0x00, 0x00, 0x00, 
	0x00, 0x00, 0x00, 0x00, 0x00, 0x00, 0x00, 0x00, 
	0x00, 0x00, 0x00, 0x00, 0x00, 0x00, 0x00, 0x00, 
	0x00, 0x00, 0x00, 0x00, 0x00, 0x00, 0x00, 0x00, 
	0x00, 0x00, 0x00, 0x00, 0x00, 0x00, 0x00, 0x00, 
	0x00, 0x00, 0x00, 0x00, 0x00, 0x00, 0x7a, 0x0c, 
	0x7a, 0x0d, 0x69, 0xcb, 0x71, 0xca, 0x71, 0xca, 
	0x00, 0x00, 0x00, 0x00, 0x00, 0x00, 0x00, 0x00, 
	0x00, 0x00, 0x00, 0x00, 0x00, 0x00, 0x00, 0x00, 
	0x00, 0x00, 0x00, 0x00, 0x00, 0x00, 0x00, 0x00, 
	0x00, 0x00, 0x00, 0x00, 0x00, 0x00, 0x00, 0x00, 
	0x00, 0x00, 0x00, 0x00, 0x00, 0x00, 0x00, 0x00, 
	0x00, 0x00, 0x00, 0x00, 0x00, 0x00, 0x00, 0x00, 
	0x00, 0x00, 0x00, 0x00, 0x00, 0x00, 0x7a, 0x0c, 
	0x72, 0x0d, 0x71, 0xca, 0x69, 0xca, 0x00, 0x00, 
	0x00, 0x00, 0x00, 0x00, 0x00, 0x00, 0x00, 0x00, 
	0x00, 0x00, 0x00, 0x00, 0x00, 0x00, 0x00, 0x00, 
	0x00, 0x00, 0x00, 0x00, 0x00, 0x00, 0x00, 0x00, 
	0x00, 0x00, 0x00, 0x00, 0x00, 0x00, 0x00, 0x00, 
	0x00, 0x00, 0x00, 0x00, 0x00, 0x00, 0x00, 0x00, 
	0x00, 0x00, 0x00, 0x00, 0x00, 0x00, 0x00, 0x00, 
	0x00, 0x00, 0x00, 0x00, 0x00, 0x00, 0x72, 0x0c, 
	0x7a, 0x0d, 0x7a, 0x0c, 0x00, 0x00, 0x00, 0x00, 
	0x00, 0x00, 0x00, 0x00, 0x00, 0x00, 0x00, 0x00, 
	0x00, 0x00, 0x00, 0x00, 0x00, 0x00, 0x00, 0x00, 
	0x00, 0x00, 0x00, 0x00, 0x00, 0x00, 0x00, 0x00, 
	0x00, 0x00, 0x00, 0x00, 0x00, 0x00, 0x00, 0x00, 
	0x00, 0x00, 0x00, 0x00, 0x00, 0x00, 0x00, 0x00, 
	0x00, 0x00, 0x00, 0x00, 0x00, 0x00, 0x00, 0x00, 
	0x00, 0x00, 0x00, 0x00, 0x00, 0x00, 0x7a, 0x0c, 
	0x7a, 0x0c, 0x7a, 0x0c, 0x00, 0x00, 0x00, 0x00, 
	0x00, 0x00, 0x00, 0x00, 0x00, 0x00, 0x00, 0x00, 
	0x00, 0x00, 0x00, 0x00, 0x00, 0x00, 0x00, 0x00, 
	0x00, 0x00, 0x00, 0x00, 0x00, 0x00, 0x00, 0x00, 
	0x00, 0x00, 0x00, 0x00, 0x00, 0x00, 0x00, 0x00, 
	0x00, 0x00, 0x00, 0x00, 0x00, 0x00, 0x00, 0x00, 
	0x00, 0x00, 0x00, 0x00, 0x00, 0x00, 0x00, 0x00, 
	0x00, 0x00, 0x00, 0x00, 0x00, 0x00, 0x7a, 0x0c, 
	0x00, 0x00, 0x00, 0x00, 0x00, 0x00, 0x00, 0x00, 
	0x00, 0x00, 0x00, 0x00, 0x00, 0x00, 0x00, 0x00, 
	0x00, 0x00, 0x00, 0x00, 0x00, 0x00, 0x00, 0x00, 
	0x00, 0x00, 0x00, 0x00, 0x00, 0x00, 0x00, 0x00, 
	0x00, 0x00, 0x00, 0x00, 0x00, 0x00, 0x00, 0x00, 
	0x00, 0x00, 0x00, 0x00, 0x00, 0x00, 0x00, 0x00, 
	0x00, 0x00, 0x00, 0x00, 0x00, 0x00, 0x00, 0x00, 
	0x00, 0x00, 0x00, 0x00, 0x00, 0x00, 0x00, 0x00, 
	0x00, 0x00, 0x00, 0x00, 0x00, 0x00, 0x00, 0x00, 
	0x00, 0x00, 0x00, 0x00, 0x00, 0x00, 0x00, 0x00, 
	0x00, 0x00, 0x00, 0x00, 0x00, 0x00, 0x00, 0x00, 
	0x00, 0x00, 0x00, 0x00, 0x00, 0x00, 0x00, 0x00, 
	0x00, 0x00, 0x00, 0x00, 0x00, 0x00, 0x00, 0x00, 
	0x00, 0x00, 0x00, 0x00, 0x00, 0x00, 0x00, 0x00, 
	0x00, 0x00, 0x00, 0x00, 0x00, 0x00, 0x00, 0x00, 
	0x00, 0x00, 0x00, 0x00, 0x00, 0x00, 0x00, 0x00, 
	0x00, 0x00, 0x00, 0x00, 0x00, 0x00, 0x00, 0x00, 
	0x00, 0x00, 0x00, 0x00, 0x00, 0x00, 0x00, 0x00, 
	0x00, 0x00, 0x00, 0x00, 0x00, 0x00, 0x00, 0x00, 
	0x00, 0x00, 0x00, 0x00, 0x00, 0x00, 0x00, 0x00, 
	0x00, 0x00, 0x00, 0x00, 0x00, 0x00, 0x00, 0x00, 
	0x00, 0x00, 0x00, 0x00, 0x00, 0x00, 0x00, 0x00, 
	0x00, 0x00, 0x00, 0x00, 0x00, 0x00, 0x00, 0x00, 
	0x00, 0x00, 0x00, 0x00, 0x00, 0x00, 0x00, 0x00, 
	0x00, 0x00, 0x00, 0x00, 0x00, 0x00, 0x00, 0x00, 
	0x00, 0x00, 0x00, 0x00, 0x00, 0x00, 0x00, 0x00, 
	0x00, 0x00, 0x00, 0x00, 0x00, 0x00, 0x00, 0x00, 
	0x00, 0x00, 0x00, 0x00, 0x00, 0x00, 0x00, 0x00, 
	0x00, 0x00, 0x00, 0x00, 0x00, 0x00, 0x00, 0x00, 
	0x00, 0x00, 0x00, 0x00, 0x00, 0x00, 0x00, 0x00, 
	0x00, 0x00, 0x00, 0x00, 0x00, 0x00, 0x00, 0x00, 
	0x00, 0x00, 0x00, 0x00, 0x00, 0x00, 0x00, 0x00, 
	0x00, 0x00, 0x00, 0x00, 0x00, 0x00, 0x00, 0x00, 
	0x00, 0x00, 0x00, 0x00, 0x00, 0x00, 0x00, 0x00, 
	0x00, 0x00, 0x00, 0x00, 0x00, 0x00, 0x00, 0x00, 
	0x00, 0x00, 0x00, 0x00, 0x00, 0x00, 0x00, 0x00, 
	0x00, 0x00, 0x00, 0x00, 0x00, 0x00, 0x00, 0x00, 
	0x00, 0x00, 0x00, 0x00, 0x00, 0x00, 0x00, 0x00, 
	0x00, 0x00, 0x00, 0x00, 0x00, 0x00, 0x00, 0x00, 
	0x00, 0x00, 0x00, 0x00, 0x00, 0x00, 0x00, 0x00, 
	0x00, 0x00, 0x00, 0x00, 0x00, 0x00, 0x00, 0x00, 
	0x00, 0x00, 0x00, 0x00, 0x00, 0x00, 0x00, 0x00, 
	0x00, 0x00, 0x00, 0x00, 0x00, 0x00, 0x00, 0x00, 
	0x00, 0x00, 0x00, 0x00, 0x00, 0x00, 0x00, 0x00, 
	0x00, 0x00, 0x00, 0x00, 0x00, 0x00, 0x00, 0x00, 
	0x00, 0x00, 0x00, 0x00, 0x00, 0x00, 0x00, 0x00, 
	0x00, 0x00, 0x00, 0x00, 0x00, 0x00, 0x00, 0x00, 
	0x00, 0x00, 0x00, 0x00, 0x00, 0x00, 0x00, 0x00, 
	0x00, 0x00, 0x00, 0x00, 0x00, 0x00, 0x00, 0x00, 
	0x00, 0x00, 0x00, 0x00, 0x00, 0x00, 0x00, 0x00, 
	0x00, 0x00, 0x00, 0x00, 0x00, 0x00, 0x00, 0x00, 
	0x00, 0x00, 0x00, 0x00, 0x00, 0x00, 0x00, 0x00, 
	0x00, 0x00, 0x00, 0x00, 0x00, 0x00, 0x00, 0x00, 
	0x00, 0x00, 0x00, 0x00, 0x00, 0x00, 0x00, 0x00, 
	0x00, 0x00, 0x00, 0x00, 0x00, 0x00, 0x00, 0x00, 
	0x00, 0x00, 0x00, 0x00, 0x00, 0x00, 0x00, 0x00, 
	0x00, 0x00, 0x00, 0x00, 0x00, 0x00, 0x00, 0x00, 
	0x00, 0x00, 0x00, 0x00, 0x00, 0x00, 0x00, 0x00, 
	0x00, 0x00, 0x00, 0x00, 0x00, 0x00, 0x00, 0x00, 
	0x00, 0x00, 0x00, 0x00, 0x00, 0x00, 0x00, 0x00, 
	0x00, 0x00, 0x00, 0x00, 0x00, 0x00, 0x00, 0x00, 
	0x00, 0x00, 0x00, 0x00, 0x00, 0x00, 0x00, 0x00, 
	0x00, 0x00, 0x00, 0x00, 0x00, 0x00, 0x00, 0x00, 
	0x00, 0x00, 0x00, 0x00, 0x00, 0x00, 0x00, 0x00, 
	0x00, 0x00, 0x00, 0x00, 0x00, 0x00, 0x00, 0x00, 
	0x00, 0x00, 0x00, 0x00, 0x00, 0x00, 0x00, 0x00, 
	0x00, 0x00, 0x00, 0x00, 0x00, 0x00, 0x00, 0x00, 
	0x00, 0x00, 0x00, 0x00, 0x00, 0x00, 0x00, 0x00, 
	0x00, 0x00, 0x00, 0x00, 0x00, 0x00, 0x00, 0x00, 
	0x00, 0x00, 0x00, 0x00, 0x00, 0x00, 0x00, 0x00, 
	0x00, 0x00, 0x00, 0x00, 0x00, 0x00, 0x00, 0x00, 
	0x00, 0x00, 0x00, 0x00, 0x00, 0x00, 0x00, 0x00, 
	0x00, 0x00, 0x00, 0x00, 0x00, 0x00, 0x00, 0x00, 
	0x00, 0x00, 0x00, 0x00, 0x00, 0x00, 0x00, 0x00, 
	0x00, 0x00, 0x00, 0x00, 0x00, 0x00, 0x00, 0x00, 
	0x00, 0x00, 0x00, 0x00, 0x00, 0x00, 0x00, 0x00, 
	0x00, 0x00, 0x00, 0x00, 0x00, 0x00, 0x00, 0x00, 
	0x00, 0x00, 0x00, 0x00, 0x00, 0x00, 0x00, 0x00, 
	0x00, 0x00, 0x00, 0x00, 0x00, 0x00, 0x00, 0x00, 
	0x00, 0x00, 0x00, 0x00, 0x00, 0x00, 0x00, 0x00, 
	0x00, 0x00, 0x00, 0x00, 0x00, 0x00, 0x00, 0x00, 
	0x00, 0x00, 0x00, 0x00, 0x00, 0x00, 0x00, 0x00, 
	0x00, 0x00, 0x00, 0x00, 0x00, 0x00, 0x00, 0x00, 
	0x00, 0x00, 0x00, 0x00, 0x00, 0x00, 0x00, 0x00, 
	0x00, 0x00, 0x00, 0x00, 0x00, 0x00, 0x00, 0x00, 
	0x00, 0x00, 0x00, 0x00, 0x00, 0x00, 0x00, 0x00, 
	0x00, 0x00, 0x00, 0x00, 0x00, 0x00, 0x00, 0x00, 
	0x00, 0x00, 0x00, 0x00, 0x00, 0x00, 0x00, 0x00, 
	0x00, 0x00, 0x00, 0x00, 0x00, 0x00, 0x00, 0x00, 
	0x00, 0x00, 0x00, 0x00, 0x00, 0x00, 0x00, 0x00, 
	0x00, 0x00, 0x00, 0x00, 0x00, 0x00, 0x00, 0x00, 
	0x00, 0x00, 0x00, 0x00, 0x00, 0x00, 0x00, 0x00, 
	0x00, 0x00, 0x00, 0x00, 0x00, 0x00, 0x00, 0x00, 
	0x00, 0x00, 0x00, 0x00, 0x00, 0x00, 0x00, 0x00, 
	0x00, 0x00, 0x00, 0x00, 0x00, 0x00, 0x00, 0x00, 
	0x00, 0x00, 0x00, 0x00, 0x00, 0x00, 0x00, 0x00, 
	0x00, 0x00, 0x00, 0x00, 0x00, 0x00, 0x00, 0x00, 
	0x00, 0x00, 0x00, 0x00, 0x00, 0x00, 0x00, 0x00, 
	0x00, 0x00, 0x00, 0x00, 0x00, 0x00, 0x00, 0x00, 
	0x00, 0x00, 0x00, 0x00, 0x00, 0x00, 0x00, 0x00, 
	0x00, 0x00, 0x00, 0x00, 0x00, 0x00, 0x00, 0x00, 
	0x00, 0x00, 0x00, 0x00, 0x00, 0x00, 0x00, 0x00, 
	0x00, 0x00, 0x00, 0x00, 0x00, 0x00, 0x00, 0x00, 
	0x00, 0x00, 0x00, 0x00, 0x00, 0x00, 0x00, 0x00, 
	0x00, 0x00, 0x00, 0x00, 0x00, 0x00, 0x00, 0x00, 
	0x00, 0x00, 0x00, 0x00, 0x00, 0x00, 0x00, 0x00, 
	0x00, 0x00, 0x00, 0x00, 0x00, 0x00, 0x00, 0x00, 
	0x00, 0x00, 0x00, 0x00, 0x00, 0x00, 0x00, 0x00, 
	0x00, 0x00, 0x00, 0x00, 0x00, 0x00, 0x00, 0x00, 
	0x00, 0x00, 0x00, 0x00, 0x00, 0x00, 0x00, 0x00, 
	0x00, 0x00, 0x00, 0x00, 0x00, 0x00, 0x00, 0x00, 
	0x00, 0x00, 0x00, 0x00, 0x00, 0x00, 0x00, 0x00, 
	0x00, 0x00, 0x00, 0x00, 0x00, 0x00, 0x00, 0x00, 
	0x00, 0x00, 0x00, 0x00, 0x00, 0x00, 0x00, 0x00, 
	0x00, 0x00, 0x00, 0x00, 0x00, 0x00, 0x00, 0x00, 
	0x00, 0x00, 0x00, 0x00, 0x00, 0x00, 0x00, 0x00, 
	0x00, 0x00, 0x00, 0x00, 0x00, 0x00, 0x00, 0x00, 
	0x00, 0x00, 0x00, 0x00, 0x00, 0x00, 0x00, 0x00, 
	0x00, 0x00, 0x00, 0x00, 0x00, 0x00, 0x00, 0x00, 
	0x00, 0x00, 0x00, 0x00, 0x00, 0x00, 0x00, 0x00, 
	0x00, 0x00, 0x00, 0x00, 0x00, 0x00, 0x00, 0x00, 
	0x00, 0x00, 0x00, 0x00, 0x00, 0x00, 0x00, 0x00, 
	0x00, 0x00, 0x00, 0x00, 0x00, 0x00, 0x00, 0x00, 
	0x00, 0x00, 0x00, 0x00, 0x00, 0x00, 0x00, 0x00, 
	0x00, 0x00, 0x00, 0x00, 0x00, 0x00, 0x00, 0x00, 
	0x00, 0x00, 0x00, 0x00, 0x00, 0x00, 0x00, 0x00, 
	0x00, 0x00, 0x00, 0x00, 0x00, 0x00, 0x00, 0x00, 
	0x00, 0x00, 0x00, 0x00, 0x00, 0x00, 0x00, 0x00, 
	0x00, 0x00, 0x00, 0x00, 0x00, 0x00, 0x00, 0x00, 
	0x00, 0x00, 0x00, 0x00, 0x00, 0x00, 0x00, 0x00, 
	0x00, 0x00, 0x00, 0x00, 0x00, 0x00, 0x00, 0x00, 
	0x00, 0x00, 0x00, 0x00, 0x00, 0x00, 0x00, 0x00, 
	0x00, 0x00, 0x00, 0x00, 0x00, 0x00, 0x00, 0x00, 
	0x00, 0x00, 0x00, 0x00, 0x00, 0x00, 0x00, 0x00, 
	0x00, 0x00, 0x00, 0x00, 0x00, 0x00, 0x00, 0x00, 
	0x00, 0x00, 0x00, 0x00, 0x00, 0x00, 0x00, 0x00, 
	0x00, 0x00, 0x00, 0x00, 0x00, 0x00, 0x00, 0x00, 
	0x00, 0x00, 0x00, 0x00, 0x00, 0x00, 0x00, 0x00, 
	0x00, 0x00, 0x00, 0x00, 0x00, 0x00, 0x00, 0x00, 
	0x00, 0x00, 0x00, 0x00, 0x00, 0x00, 0x00, 0x00, 
	0x00, 0x00, 0x00, 0x00, 0x00, 0x00, 0x00, 0x00, 
	0x00, 0x00, 0x00, 0x00, 0x00, 0x00, 0x00, 0x00, 
	0x00, 0x00, 0x00, 0x00, 0x00, 0x00, 0x00, 0x00, 
	0x00, 0x00, 0x00, 0x00, 0x00, 0x00, 0x00, 0x00, 
	0x00, 0x00, 0x00, 0x00, 0x00, 0x00, 0x00, 0x00, 
	0x00, 0x00, 0x00, 0x00, 0x00, 0x00, 0x00, 0x00, 
	0x00, 0x00, 0x00, 0x00, 0x00, 0x00, 0x00, 0x00, 
	0x00, 0x00, 0x00, 0x00, 0x00, 0x00, 0x00, 0x00, 
	0x00, 0x00, 0x00, 0x00, 0x00, 0x00, 0x00, 0x00, 
	0x00, 0x00, 0x00, 0x00, 0x00, 0x00, 0x00, 0x00, 
	0x00, 0x00, 0x00, 0x00, 0x00, 0x00, 0x00, 0x00, 
	0x00, 0x00, 0x00, 0x00, 0x00, 0x00, 0x00, 0x00, 
	0x00, 0x00, 0x00, 0x00, 0x00, 0x00, 0x00, 0x00, 
	0x00, 0x00, 0x00, 0x00, 0x00, 0x00, 0x00, 0x00, 
	0x00, 0x00, 0x00, 0x00, 0x00, 0x00, 0x00, 0x00, 
	0x00, 0x00, 0x00, 0x00, 0x00, 0x00, 0x00, 0x00, 
	0x00, 0x00, 0x00, 0x00, 0x00, 0x00, 0x00, 0x00, 
	0x00, 0x00, 0x00, 0x00, 0x00, 0x00, 0x00, 0x00, 
	0x00, 0x00, 0x00, 0x00, 0x00, 0x00, 0x00, 0x00, 
	0x00, 0x00, 0x00, 0x00, 0x00, 0x00, 0x00, 0x00, 
	0x00, 0x00, 0x00, 0x00, 0x00, 0x00, 0x00, 0x00, 
	0x00, 0x00, 0x00, 0x00, 0x00, 0x00, 0x00, 0x00, 
	0x00, 0x00, 0x00, 0x00, 0x00, 0x00, 0x00, 0x00, 
	0x00, 0x00, 0x00, 0x00, 0x00, 0x00, 0x00, 0x00, 
	0x00, 0x00, 0x00, 0x00, 0x00, 0x00, 0x00, 0x00, 
	0x00, 0x00, 0x00, 0x00, 0x00, 0x00, 0x00, 0x00, 
	0x00, 0x00, 0x00, 0x00, 0x00, 0x00, 0x00, 0x00, 
	0x00, 0x00, 0x00, 0x00, 0x00, 0x00, 0x00, 0x00, 
	0x00, 0x00, 0x00, 0x00, 0x00, 0x00, 0x00, 0x00, 
	0x00, 0x00, 0x00, 0x00, 0x00, 0x00, 0x00, 0x00, 
	0x00, 0x00, 0x00, 0x00, 0x00, 0x00, 0x00, 0x00, 
	0x00, 0x00, 0x00, 0x00, 0x00, 0x00, 0x00, 0x00, 
	0x00, 0x00, 0x00, 0x00, 0x00, 0x00, 0x00, 0x00, 
	0x00, 0x00, 0x00, 0x00, 0x00, 0x00, 0x00, 0x00, 
	0x00, 0x00, 0x00, 0x00, 0x00, 0x00, 0x00, 0x00, 
	0x00, 0x00, 0x00, 0x00, 0x00, 0x00, 0x00, 0x00, 
	0x00, 0x00, 0x00, 0x00, 0x00, 0x00, 0x00, 0x00, 
	0x00, 0x00, 0x00, 0x00, 0x00, 0x00, 0x00, 0x00, 
	0x00, 0x00, 0x00, 0x00, 0x00, 0x00, 0x00, 0x00, 
	0x00, 0x00, 0x00, 0x00, 0x00, 0x00, 0x00, 0x00, 
	0x00, 0x00, 0x00, 0x00, 0x00, 0x00, 0x00, 0x00, 
	0x00, 0x00, 0x00, 0x00, 0x00, 0x00, 0x00, 0x00, 
	0x00, 0x00, 0x00, 0x00, 0x00, 0x00, 0x00, 0x00, 
	0x00, 0x00, 0x00, 0x00, 0x00, 0x00, 0x00, 0x00, 
	0x00, 0x00, 0x00, 0x00, 0x00, 0x00, 0x00, 0x00, 
	0x00, 0x00, 0x00, 0x00, 0x00, 0x00, 0x00, 0x00, 
	0x00, 0x00, 0x00, 0x00, 0x00, 0x00, 0x00, 0x00, 
	0x00, 0x00, 0x00, 0x00, 0x00, 0x00, 0x00, 0x00, 
	0x00, 0x00, 0x00, 0x00, 0x00, 0x00, 0x00, 0x00, 
	0x00, 0x00, 0x00, 0x00, 0x00, 0x00, 0x00, 0x00, 
	0x00, 0x00, 0x00, 0x00, 0x00, 0x00, 0x00, 0x00, 
	0x00, 0x00, 0x00, 0x00, 0x00, 0x00, 0x00, 0x00, 
	
};

Gfx mario_mario_rust_shade_rgba16_rgba16_aligner[] = {gsSPEndDisplayList()};
u8 mario_mario_rust_shade_rgba16_rgba16[] = {
	0x21, 0x4f, 0x21, 0x4f, 0x21, 0x4f, 0x21, 0x4f, 
	0x21, 0x0d, 0x21, 0x0f, 0x21, 0x4f, 0x21, 0x51, 
	0x29, 0x91, 0x21, 0x4f, 0x21, 0x51, 0x29, 0x93, 
	0x29, 0xd3, 0x31, 0xd3, 0x41, 0x91, 0x59, 0xd1, 
	0x6a, 0x11, 0x82, 0x51, 0x8a, 0x91, 0x92, 0x91, 
	0x92, 0x91, 0x82, 0x53, 0x7a, 0x53, 0x72, 0x53, 
	0x5a, 0x13, 0x49, 0xd3, 0x6a, 0x11, 0x6a, 0x51, 
	0x82, 0x91, 0x9a, 0xd1, 0x82, 0x95, 0x7a, 0xd7, 
	0x62, 0x97, 0x4a, 0x59, 0x42, 0x17, 0x3a, 0x15, 
	0x31, 0xd5, 0x31, 0x93, 0x31, 0x4f, 0x39, 0x4b, 
	0x20, 0xc9, 0x10, 0x89, 0x10, 0x87, 0x08, 0x87, 
	0x08, 0x45, 0x08, 0x45, 0x08, 0x45, 0x08, 0x43, 
	0x08, 0x43, 0x08, 0x43, 0x08, 0x45, 0x08, 0x43, 
	0x08, 0x43, 0x08, 0x45, 0x08, 0x45, 0x08, 0x45, 
	0x08, 0x45, 0x08, 0x45, 0x10, 0x45, 0x20, 0x85, 
	0x51, 0x49, 0x61, 0xcb, 0x51, 0xcb, 0x51, 0xcb, 
	0x21, 0x4f, 0x21, 0x4f, 0x29, 0x91, 0x21, 0x4f, 
	0x29, 0x93, 0x29, 0x93, 0x29, 0xd3, 0x31, 0xd5, 
	0x29, 0x93, 0x21, 0x4f, 0x21, 0x4f, 0x21, 0x51, 
	0x21, 0x4f, 0x21, 0x4f, 0x21, 0x0d, 0x21, 0x0d, 
	0x21, 0x0f, 0x21, 0x0f, 0x39, 0x91, 0x5a, 0x13, 
	0x6a, 0x55, 0x6a, 0x97, 0x6a, 0x99, 0x72, 0xd9, 
	0x93, 0x5b, 0xb3, 0x99, 0xab, 0x57, 0xab, 0x57, 
	0xab, 0x59, 0xab, 0x9b, 0x7b, 0x1d, 0x7b, 0x1d, 
	0x62, 0xdb, 0x62, 0xdb, 0x4a, 0x9b, 0x42, 0x59, 
	0x4a, 0x9d, 0x4a, 0xdd, 0x5a, 0xdd, 0x62, 0xdd, 
	0x72, 0xdb, 0x6a, 0xdb, 0x4a, 0x57, 0x29, 0x91, 
	0x31, 0x4d, 0x20, 0xc9, 0x08, 0x87, 0x08, 0x85, 
	0x08, 0x45, 0x08, 0x45, 0x08, 0x43, 0x08, 0x43, 
	0x00, 0x43, 0x00, 0x43, 0x08, 0x43, 0x08, 0x43, 
	0x08, 0x43, 0x08, 0x45, 0x08, 0x45, 0x08, 0x43, 
	0x08, 0x43, 0x41, 0x07, 0x59, 0x89, 0x59, 0xcb, 
	0x3a, 0x17, 0x3a, 0x17, 0x31, 0xd5, 0x31, 0xd3, 
	0x31, 0xd5, 0x31, 0xd7, 0x31, 0xd5, 0x29, 0x91, 
	0x21, 0x4f, 0x21, 0x4f, 0x21, 0x4f, 0x21, 0x4f, 
	0x21, 0x0f, 0x21, 0x4f, 0x21, 0x4f, 0x41, 0x8f, 
	0x6a, 0x0f, 0xa2, 0xd1, 0xbb, 0x93, 0xdc, 0x13, 
	0xdc, 0x15, 0xab, 0x9b, 0x62, 0xdd, 0x42, 0x9b, 
	0x42, 0x5b, 0x4a, 0x59, 0x3a, 0x17, 0x3a, 0x17, 
	0x3a, 0x15, 0x3a, 0x17, 0x3a, 0x17, 0x3a, 0x17, 
	0x3a, 0x17, 0x3a, 0x17, 0x31, 0xd5, 0x3a, 0x15, 
	0x3a, 0x17, 0x3a, 0x17, 0x42, 0x59, 0x42, 0x59, 
	0x3a, 0x59, 0x42, 0x59, 0x4a, 0x9b, 0x4a, 0x9b, 
	0x4a, 0xdd, 0x5a, 0xdb, 0x52, 0x9b, 0x72, 0x51, 
	0x59, 0x89, 0x18, 0x87, 0x08, 0x45, 0x08, 0x45, 
	0x08, 0x45, 0x08, 0x43, 0x08, 0x43, 0x08, 0x43, 
	0x08, 0x43, 0x08, 0x45, 0x08, 0x45, 0x08, 0x43, 
	0x08, 0x43, 0x08, 0x43, 0x30, 0xc5, 0x61, 0xc9, 
	0x31, 0xd7, 0x31, 0xd5, 0x31, 0xd5, 0x31, 0xd5, 
	0x29, 0x93, 0x29, 0x93, 0x29, 0x91, 0x29, 0x93, 
	0x29, 0xd3, 0x31, 0xd3, 0x29, 0x93, 0x21, 0x91, 
	0x39, 0x91, 0x72, 0x53, 0x9a, 0xd3, 0xb3, 0x53, 
	0xcb, 0xd3, 0xd3, 0xd3, 0xe4, 0x13, 0xdc, 0x13, 
	0xdc, 0x13, 0xdc, 0x15, 0xb3, 0x99, 0x8b, 0x19, 
	0x7a, 0xd9, 0x4a, 0x57, 0x3a, 0x17, 0x3a, 0x19, 
	0x42, 0x5b, 0x3a, 0x17, 0x31, 0xd3, 0x31, 0xd3, 
	0x31, 0xd5, 0x31, 0xd5, 0x31, 0xd3, 0x31, 0xd3, 
	0x31, 0xd3, 0x31, 0xd5, 0x31, 0xd5, 0x32, 0x15, 
	0x32, 0x17, 0x3a, 0x59, 0x42, 0x5b, 0x42, 0x5b, 
	0x4a, 0x9b, 0x4a, 0xdd, 0x5b, 0x1f, 0x9b, 0x9f, 
	0xd4, 0x19, 0xc3, 0x95, 0x92, 0x8f, 0x49, 0x49, 
	0x08, 0x87, 0x08, 0x45, 0x08, 0x45, 0x08, 0x45, 
	0x08, 0x45, 0x08, 0x45, 0x08, 0x45, 0x08, 0x45, 
	0x08, 0x43, 0x08, 0x45, 0x18, 0x85, 0x61, 0x89, 
	0x29, 0x91, 0x29, 0x91, 0x31, 0xd5, 0x31, 0xd5, 
	0x29, 0x93, 0x29, 0x93, 0x31, 0xd7, 0x3a, 0x19, 
	0x32, 0x17, 0x31, 0xd5, 0x39, 0xd3, 0x82, 0x93, 
	0xab, 0x11, 0xbb, 0x93, 0xd3, 0xd3, 0xd3, 0xd1, 
	0xd3, 0xd1, 0xdc, 0x11, 0xdc, 0x11, 0xdc, 0x11, 
	0xd4, 0x13, 0xec, 0x53, 0xfc, 0x93, 0xfc, 0xd5, 
	0xec, 0x57, 0xb3, 0x57, 0xa3, 0x19, 0x6a, 0x99, 
	0x3a, 0x59, 0x3a, 0x17, 0x31, 0xd5, 0x29, 0xd3, 
	0x31, 0xd3, 0x32, 0x17, 0x3a, 0x19, 0x3a, 0x59, 
	0x31, 0xd5, 0x31, 0xd7, 0x32, 0x17, 0x3a, 0x17, 
	0x3a, 0x59, 0x42, 0x5b, 0x3a, 0x59, 0x3a, 0x59, 
	0x42, 0x5b, 0x52, 0xdd, 0x6b, 0x1f, 0x5a, 0xdd, 
	0x62, 0xdd, 0x8b, 0x5d, 0xc3, 0xdd, 0xcc, 0x19, 
	0xa3, 0x11, 0x51, 0x89, 0x10, 0x87, 0x08, 0x87, 
	0x08, 0x87, 0x08, 0x45, 0x08, 0x45, 0x08, 0x45, 
	0x08, 0x43, 0x08, 0x43, 0x08, 0x45, 0x28, 0xc5, 
	0x29, 0x91, 0x29, 0x93, 0x29, 0x93, 0x29, 0x93, 
	0x29, 0xd3, 0x31, 0xd7, 0x32, 0x17, 0x31, 0xd5, 
	0x31, 0xd7, 0x62, 0x55, 0x9b, 0x15, 0xc3, 0x51, 
	0xd3, 0xd1, 0xdb, 0xd1, 0xdc, 0x11, 0xdc, 0x11, 
	0xd3, 0xd1, 0xdc, 0x11, 0xdc, 0x13, 0xdc, 0x13, 
	0xec, 0x53, 0xfc, 0x93, 0xec, 0x93, 0xf4, 0x93, 
	0xec, 0x93, 0xfc, 0xd3, 0xfd, 0x15, 0xfc, 0xd7, 
	0xab, 0x57, 0x62, 0x55, 0x8a, 0xd7, 0xa3, 0x59, 
	0x93, 0x17, 0xab, 0x59, 0xc3, 0xdb, 0x7a, 0xdb, 
	0x3a, 0x19, 0x31, 0xd5, 0x31, 0xd5, 0x31, 0xd5, 
	0x32, 0x17, 0x3a, 0x5b, 0x42, 0x5b, 0x42, 0x9d, 
	0x52, 0xdd, 0x72, 0xdd, 0xc3, 0xdb, 0xd4, 0x1b, 
	0xab, 0x5b, 0x93, 0x1b, 0xa3, 0x59, 0xdc, 0x5b, 
	0xec, 0x99, 0xdc, 0x57, 0x9a, 0xcf, 0x49, 0x89, 
	0x10, 0x87, 0x08, 0x87, 0x08, 0x85, 0x08, 0x45, 
	0x08, 0x43, 0x08, 0x43, 0x08, 0x43, 0x08, 0x43, 
	0x29, 0x91, 0x21, 0x91, 0x29, 0x91, 0x31, 0xd5, 
	0x31, 0xd7, 0x31, 0xd5, 0x21, 0x91, 0x29, 0x93, 
	0x5a, 0x55, 0x92, 0xd5, 0xab, 0x13, 0x9a, 0xd3, 
	0xc3, 0x91, 0xc3, 0x8f, 0xc3, 0x91, 0xcb, 0xd1, 
	0xdc, 0x11, 0xe4, 0x11, 0xdc, 0x11, 0xe4, 0x53, 
	0xec, 0x53, 0xe4, 0x53, 0xdc, 0x13, 0xec, 0x53, 
	0xf4, 0x93, 0xfc, 0xd5, 0xfd, 0x15, 0xfd, 0x15, 
	0xf4, 0x97, 0xfc, 0xd7, 0xfd, 0x57, 0xfd, 0x17, 
	0xfd, 0x17, 0xfd, 0x59, 0xf4, 0x99, 0x8b, 0x19, 
	0x3a, 0x5b, 0x3a, 0x19, 0x3a, 0x59, 0x3a, 0x19, 
	0x32, 0x17, 0x4a, 0x57, 0x4a, 0x59, 0x4a, 0x59, 
	0xb3, 0x9b, 0xdc, 0x19, 0xf4, 0x99, 0xfd, 0x57, 
	0xfc, 0xd7, 0xe4, 0x97, 0xdc, 0x17, 0xdc, 0x59, 
	0xf4, 0xd7, 0xf4, 0xd7, 0xec, 0x97, 0xdc, 0x13, 
	0x8a, 0x4d, 0x18, 0x87, 0x10, 0x87, 0x10, 0x87, 
	0x08, 0x85, 0x08, 0x45, 0x08, 0x43, 0x08, 0x43, 
	0x29, 0x91, 0x29, 0x91, 0x21, 0x91, 0x29, 0x91, 
	0x29, 0xd3, 0x29, 0x93, 0x21, 0x4f, 0x39, 0xd1, 
	0x7a, 0x93, 0xa3, 0x11, 0xb3, 0x0f, 0xb3, 0x4f, 
	0xbb, 0x4f, 0xb3, 0x4f, 0xbb, 0x91, 0xc3, 0x91, 
	0xdc, 0x11, 0xdc, 0x11, 0xdc, 0x13, 0xd4, 0x13, 
	0xd4, 0x13, 0xd4, 0x13, 0xdc, 0x53, 0xf4, 0x93, 
	0xfd, 0x15, 0xfc, 0xd7, 0xcb, 0xd7, 0x9b, 0x17, 
	0xbb, 0x97, 0xfc, 0xd7, 0xfd, 0x99, 0xf4, 0x99, 
	0xdc, 0x59, 0xe4, 0x59, 0xb3, 0x99, 0xbb, 0xdb, 
	0x72, 0xdb, 0x32, 0x17, 0x3a, 0x5b, 0x3a, 0x59, 
	0x72, 0xdb, 0xdc, 0x5b, 0xe4, 0x9b, 0xfc, 0xdb, 
	0xfd, 0x99, 0xfd, 0x59, 0xfd, 0x17, 0xf4, 0xd7, 
	0xec, 0xd7, 0xe4, 0x95, 0xdc, 0x55, 0xec, 0x95, 
	0xe4, 0x95, 0xe4, 0x55, 0xe4, 0x55, 0xdc, 0x55, 
	0xd4, 0x13, 0xa3, 0x11, 0x39, 0x0b, 0x10, 0x89, 
	0x10, 0x87, 0x10, 0x87, 0x08, 0x87, 0x08, 0x45, 
	0x29, 0x91, 0x29, 0x91, 0x21, 0x91, 0x21, 0x51, 
	0x21, 0x4f, 0x21, 0x0d, 0x51, 0xcf, 0x8a, 0x8f, 
	0x9a, 0xcf, 0xa2, 0xcf, 0xab, 0x0f, 0xab, 0x0f, 
	0xb3, 0x4f, 0xbb, 0x4f, 0xbb, 0x91, 0xc3, 0x91, 
	0xc3, 0x91, 0xcb, 0xd1, 0xcb, 0xd3, 0xcc, 0x13, 
	0xd4, 0x13, 0xd4, 0x13, 0xe4, 0x53, 0xf4, 0x93, 
	0xfc, 0xd5, 0xe4, 0x57, 0xbb, 0x99, 0x7a, 0x97, 
	0x6a, 0x55, 0xa3, 0x17, 0xfd, 0x1b, 0xdc, 0x5b, 
	0xb3, 0x99, 0xf4, 0xdb, 0xfd, 0xdf, 0xfe, 0x21, 
	0xfd, 0xa1, 0xfd, 0xa3, 0xfd, 0x61, 0xdc, 0x9f, 
	0xe4, 0xdf, 0xfd, 0x9f, 0xfd, 0x9d, 0xfd, 0x5b, 
	0xfd, 0x9b, 0xfd, 0x5b, 0xf4, 0xd9, 0xe4, 0x97, 
	0xe4, 0x97, 0xe4, 0x97, 0xe4, 0x95, 0xe4, 0x55, 
	0xdc, 0x55, 0xdc, 0x55, 0xdc, 0x55, 0xdc, 0x55, 
	0xd4, 0x13, 0xcc, 0x15, 0xab, 0x51, 0x49, 0x8b, 
	0x10, 0x89, 0x10, 0xc9, 0x10, 0xc9, 0x10, 0x89, 
	0x29, 0x91, 0x29, 0x91, 0x21, 0x91, 0x21, 0x4f, 
	0x18, 0xcb, 0x21, 0x4d, 0x82, 0x4f, 0x9a, 0xcd, 
	0x9a, 0xcd, 0xa2, 0xcf, 0xab, 0x0f, 0xab, 0x0f, 
	0xb3, 0x4f, 0xbb, 0x8f, 0xc3, 0x91, 0xc3, 0x91, 
	0xc3, 0x91, 0xcb, 0xd1, 0xcb, 0xd3, 0xcc, 0x13, 
	0xd4, 0x13, 0xd4, 0x13, 0xdc, 0x53, 0xe4, 0x53, 
	0xfc, 0xd5, 0xfd, 0x15, 0xfd, 0x57, 0xcb, 0xd9, 
	0x7a, 0x97, 0xd4, 0x19, 0xfd, 0x9b, 0xfd, 0xdd, 
	0xfd, 0xdf, 0xfd, 0xe3, 0xfe, 0x69, 0xfe, 0xef, 
	0xff, 0x73, 0xff, 0xb7, 0xff, 0x75, 0xfe, 0xad, 
	0xfe, 0xad, 0xfe, 0xeb, 0xfe, 0xa7, 0xfe, 0x63, 
	0xfd, 0xdf, 0xfd, 0x9d, 0xec, 0xdb, 0xec, 0xd9, 
	0xe4, 0x97, 0xe4, 0x97, 0xe4, 0x97, 0xe4, 0x95, 
	0xdc, 0x55, 0xdc, 0x55, 0xdc, 0x55, 0xdc, 0x53, 
	0xd4, 0x13, 0xd4, 0x13, 0xcc, 0x13, 0xab, 0x53, 
	0x41, 0x4b, 0x19, 0x0b, 0x19, 0x0b, 0x10, 0xc9, 
	0x29, 0x91, 0x29, 0x91, 0x21, 0x51, 0x18, 0xc9, 
	0x31, 0x09, 0x51, 0x8d, 0x8a, 0x4d, 0x92, 0xcd, 
	0x9a, 0xcd, 0xa2, 0xcd, 0xab, 0x0f, 0xab, 0x0f, 
	0xb3, 0x4f, 0xbb, 0x4f, 0xc3, 0x91, 0xc3, 0x91, 
	0xc3, 0x91, 0xcb, 0xd1, 0xcb, 0xd1, 0xcb, 0xd3, 
	0xd4, 0x13, 0xe4, 0x53, 0xec, 0x53, 0xf4, 0x93, 
	0xfd, 0x15, 0xfd, 0x57, 0xfd, 0x57, 0xe4, 0x59, 
	0xbb, 0x99, 0xa3, 0x59, 0xfd, 0x1b, 0xfe, 0x21, 
	0xfe, 0x25, 0xfe, 0x69, 0xff, 0x77, 0xff, 0xff, 
	0xff, 0xff, 0xff, 0xff, 0xff, 0xff, 0xff, 0xff, 
	0xff, 0xf9, 0xfe, 0xf1, 0xff, 0x2f, 0xfe, 0xeb, 
	0xfe, 0x23, 0xfd, 0x9f, 0xfd, 0x1b, 0xf5, 0x19, 
	0xf4, 0xd9, 0xec, 0xd7, 0xec, 0x97, 0xe4, 0x97, 
	0xdc, 0x55, 0xdc, 0x55, 0xdc, 0x55, 0xdc, 0x53, 
	0xdc, 0x53, 0xd4, 0x13, 0xd4, 0x13, 0xcc, 0x13, 
	0xa3, 0x13, 0x31, 0x4d, 0x19, 0x0d, 0x19, 0x0b, 
	0x29, 0x91, 0x21, 0x91, 0x19, 0x0d, 0x39, 0x09, 
	0x72, 0x0b, 0x82, 0x4d, 0x8a, 0x8d, 0x92, 0xcd, 
	0x9a, 0xcd, 0xa3, 0x0d, 0xab, 0x0f, 0xab, 0x0f, 
	0xb3, 0x4f, 0xbb, 0x4f, 0xbb, 0x8f, 0xc3, 0x91, 
	0xc3, 0x91, 0xc3, 0xd1, 0xcb, 0xd3, 0xdc, 0x13, 
	0xec, 0x53, 0xf4, 0x95, 0xf4, 0x95, 0xf4, 0x95, 
	0xfd, 0x17, 0xe4, 0x57, 0xdc, 0x19, 0xfc, 0xd9, 
	0xfd, 0x19, 0xfd, 0x5b, 0xfd, 0x9d, 0xfd, 0xe3, 
	0xfe, 0x27, 0xff, 0x33, 0xff, 0xff, 0xff, 0xff, 
	0xff, 0xff, 0xff, 0xff, 0xff, 0xbd, 0xbd, 0x6b, 
	0x8b, 0xe1, 0xcd, 0x27, 0xfe, 0x6d, 0xfe, 0x27, 
	0xec, 0xe1, 0xfd, 0x5f, 0xfd, 0x5d, 0xfd, 0x19, 
	0xfd, 0x59, 0xfd, 0x17, 0xf4, 0xd7, 0xf4, 0xd7, 
	0xe4, 0x95, 0xdc, 0x55, 0xdc, 0x55, 0xdc, 0x55, 
	0xdc, 0x53, 0xd4, 0x13, 0xd4, 0x13, 0xcc, 0x13, 
	0xc3, 0xd3, 0x82, 0xd3, 0x21, 0x4f, 0x19, 0x0d, 
	0x29, 0x91, 0x21, 0x51, 0x29, 0x09, 0x51, 0x8b, 
	0x6a, 0x0b, 0x7a, 0x4d, 0x8a, 0x8d, 0x92, 0xcd, 
	0x9a, 0xcd, 0xa3, 0x0d, 0xb3, 0x0f, 0xb3, 0x0f, 
	0xb3, 0x4f, 0xb3, 0x4f, 0xbb, 0x4f, 0xc3, 0x91, 
	0xc3, 0x91, 0xd3, 0xd1, 0xdc, 0x13, 0xb3, 0x55, 
	0x9a, 0xd5, 0x6a, 0x57, 0x82, 0xd7, 0x6a, 0x57, 
	0x8a, 0x95, 0x7a, 0x99, 0x93, 0x19, 0xfc, 0xd9, 
	0xfd, 0x59, 0xfd, 0x1b, 0xfd, 0x1b, 0xfd, 0x5f, 
	0xfd, 0xe3, 0xfe, 0xef, 0xff, 0xf9, 0xff, 0xff, 
	0xff, 0xff, 0xc5, 0xad, 0x32, 0x17, 0x31, 0xd7, 
	0x29, 0x93, 0x31, 0xd5, 0x31, 0xd7, 0x62, 0x57, 
	0x4a, 0x57, 0x62, 0x99, 0x82, 0xdb, 0x5a, 0x59, 
	0xec, 0x99, 0xfd, 0x57, 0xfd, 0x57, 0xfd, 0x17, 
	0xfc, 0xd5, 0xec, 0x95, 0xdc, 0x55, 0xdc, 0x53, 
	0xdc, 0x13, 0xd4, 0x13, 0xd4, 0x13, 0xcc, 0x13, 
	0xcb, 0xd3, 0xc3, 0x93, 0x51, 0xd1, 0x19, 0x0d, 
	0x29, 0x93, 0x29, 0x4f, 0x49, 0x89, 0x59, 0xcb, 
	0x61, 0xcb, 0x7a, 0x4b, 0x82, 0x4b, 0x92, 0x8d, 
	0x9a, 0xcd, 0xa2, 0xcd, 0xab, 0x0f, 0xb3, 0x4f, 
	0xbb, 0x4f, 0xcb, 0x8f, 0xcb, 0xd1, 0xcb, 0xd1, 
	0xd3, 0xd3, 0xb3, 0x55, 0xa3, 0x17, 0x82, 0xd7, 
	0x62, 0x57, 0x72, 0x97, 0x62, 0x57, 0x31, 0xd5, 
	0x29, 0x93, 0x32, 0x17, 0x93, 0x19, 0xdc, 0x59, 
	0xfd, 0x59, 0xfd, 0x19, 0xa3, 0x59, 0xcc, 0x1b, 
	0xfd, 0x5d, 0xfe, 0x23, 0xfe, 0x69, 0xfe, 0xad, 
	0xc4, 0xe5, 0x52, 0xdd, 0x32, 0x19, 0x3a, 0x19, 
	0x3a, 0x19, 0x31, 0xd7, 0x29, 0x93, 0x21, 0x91, 
	0x29, 0xd5, 0x32, 0x17, 0x3a, 0x59, 0x31, 0xd7, 
	0x82, 0xd7, 0xc3, 0x99, 0xdc, 0x19, 0xcb, 0xd9, 
	0xfd, 0x17, 0xec, 0x95, 0xdc, 0x55, 0xdc, 0x53, 
	0xd4, 0x13, 0xd4, 0x13, 0xd4, 0x13, 0xcc, 0x13, 
	0xc3, 0xd3, 0xcb, 0xd5, 0x6a, 0x55, 0x21, 0x4f, 
	0x29, 0x91, 0x41, 0x8d, 0x69, 0xcb, 0x61, 0xcb, 
	0x61, 0xcb, 0x72, 0x0b, 0x82, 0x4b, 0x8a, 0x8d, 
	0x92, 0xcd, 0x9a, 0xcd, 0xab, 0x0d, 0xc3, 0x4f, 
	0xcb, 0x8f, 0xbb, 0x53, 0x9a, 0xd3, 0x6a, 0x55, 
	0x6a, 0x57, 0x72, 0x57, 0x42, 0x17, 0xc3, 0x97, 
	0xdc, 0x17, 0xdc, 0x17, 0x6a, 0x57, 0x31, 0xd5, 
	0x4a, 0x17, 0xbb, 0x97, 0xfc, 0x97, 0xfc, 0xd7, 
	0xfd, 0x17, 0xfd, 0x57, 0xfd, 0x19, 0xfc, 0xdb, 
	0xa3, 0x5b, 0xbb, 0xdb, 0xfd, 0x5f, 0xfd, 0x61, 
	0xc4, 0x1d, 0x93, 0x5b, 0x83, 0x1b, 0xa3, 0x9d, 
	0xbc, 0x1d, 0x5a, 0x9b, 0x3a, 0x59, 0x32, 0x19, 
	0x31, 0xd5, 0x29, 0x93, 0x29, 0x93, 0x21, 0x91, 
	0x29, 0x93, 0x31, 0xd5, 0x31, 0xd5, 0x42, 0x17, 
	0xb3, 0x57, 0xfc, 0xd5, 0xdc, 0x53, 0xdc, 0x13, 
	0xd4, 0x13, 0xd4, 0x13, 0xcc, 0x13, 0xcb, 0xd3, 
	0xcb, 0xd3, 0xcc, 0x17, 0x9b, 0x19, 0x21, 0x91, 
	0x31, 0x93, 0x49, 0x8d, 0x62, 0x0d, 0x59, 0xcb, 
	0x59, 0xc9, 0x6a, 0x0b, 0x7a, 0x4b, 0x8a, 0x4b, 
	0x92, 0x8d, 0x9a, 0xcd, 0xb3, 0x0d, 0xc3, 0x4f, 
	0xb3, 0x11, 0x62, 0x15, 0x41, 0xd5, 0x29, 0x93, 
	0x29, 0x93, 0x29, 0xd5, 0x6a, 0x57, 0x82, 0xd7, 
	0x9b, 0x17, 0x7a, 0x97, 0x29, 0xd5, 0x31, 0xd7, 
	0x72, 0x97, 0xc3, 0x97, 0xfc, 0x95, 0xfd, 0x15, 
	0xfc, 0xd7, 0xfc, 0xd7, 0xfd, 0x17, 0xfd, 0x59, 
	0xdc, 0x19, 0xb3, 0x99, 0xec, 0x9b, 0xe4, 0x9b, 
	0xfd, 0x1d, 0xfd, 0x5d, 0xc3, 0xdb, 0x31, 0xd7, 
	0x4a, 0x59, 0x3a, 0x19, 0x3a, 0x19, 0x3a, 0x19, 
	0x29, 0xd5, 0x21, 0x51, 0x21, 0x91, 0x21, 0x91, 
	0x29, 0x93, 0x29, 0x93, 0x29, 0xd5, 0x31, 0xd5, 
	0x52, 0x59, 0xdc, 0x17, 0xe4, 0x53, 0xdc, 0x53, 
	0xdc, 0x13, 0xd4, 0x13, 0xcb, 0xd3, 0xc3, 0xd3, 
	0xcb, 0xd3, 0xab, 0x9b, 0x73, 0x1d, 0x29, 0x51, 
	0x31, 0xd5, 0x49, 0xcd, 0x59, 0xcb, 0x59, 0xcb, 
	0x59, 0xc9, 0x69, 0xc9, 0x72, 0x0b, 0x82, 0x4b, 
	0x92, 0x8b, 0xaa, 0xcd, 0x92, 0x8f, 0x49, 0x91, 
	0x49, 0xd3, 0x39, 0x91, 0x21, 0x51, 0x21, 0x4f, 
	0x21, 0x91, 0x29, 0x93, 0x3a, 0x17, 0x42, 0x17, 
	0x32, 0x17, 0x31, 0xd7, 0x31, 0xd5, 0x29, 0x93, 
	0x29, 0xd3, 0x31, 0xd7, 0x7a, 0x97, 0x9b, 0x19, 
	0xa3, 0x17, 0xf4, 0x97, 0xfd, 0x15, 0xec, 0x57, 
	0xa3, 0x19, 0xdc, 0x19, 0xbb, 0x99, 0x52, 0x59, 
	0xa3, 0x5b, 0xdc, 0x5b, 0x9b, 0x1b, 0x3a, 0x19, 
	0x32, 0x17, 0x31, 0xd5, 0x31, 0xd5, 0x29, 0x93, 
	0x29, 0x93, 0x29, 0x93, 0x29, 0xd5, 0x29, 0x93, 
	0x29, 0x93, 0x29, 0x93, 0x31, 0xd5, 0x31, 0xd5, 
	0x31, 0xd7, 0x31, 0xd7, 0xc3, 0x97, 0xec, 0x97, 
	0xfc, 0xd3, 0xdc, 0x13, 0xcb, 0xd3, 0xc3, 0xd3, 
	0xcb, 0xd3, 0x8b, 0x19, 0x4a, 0x99, 0x21, 0x4f, 
	0x29, 0x93, 0x49, 0xcf, 0x59, 0xcb, 0x59, 0xcb, 
	0x59, 0xc9, 0x61, 0xc9, 0x72, 0x09, 0x8a, 0x4b, 
	0xa2, 0xcb, 0xa2, 0xcd, 0x49, 0x8f, 0x29, 0x4f, 
	0x21, 0x0f, 0x21, 0x0f, 0x21, 0x91, 0x29, 0x93, 
	0x29, 0x93, 0x29, 0x93, 0x29, 0xd5, 0x29, 0x93, 
	0x21, 0x91, 0x29, 0x93, 0x21, 0x93, 0x29, 0x93, 
	0x29, 0x93, 0x29, 0xd5, 0x4a, 0x17, 0x92, 0xd7, 
	0xcb, 0xd7, 0xfc, 0x95, 0xfc, 0xd5, 0xf4, 0x95, 
	0xd3, 0xd5, 0xf4, 0x97, 0xdc, 0x17, 0x7a, 0x99, 
	0x4a, 0x59, 0x52, 0x57, 0x41, 0xd5, 0x32, 0x17, 
	0x31, 0xd7, 0x42, 0x17, 0x3a, 0x19, 0x31, 0xd7, 
	0x29, 0x93, 0x29, 0x93, 0x21, 0x93, 0x21, 0x93, 
	0x21, 0x93, 0x29, 0x93, 0x31, 0xd7, 0x31, 0xd5, 
	0x3a, 0x17, 0x31, 0xd7, 0x3a, 0x17, 0xd4, 0x19, 
	0xfc, 0xd3, 0xe4, 0x53, 0xcb, 0xd3, 0xdc, 0x13, 
	0xc3, 0xd7, 0x6a, 0xdb, 0x42, 0x59, 0x21, 0x0f, 
	0x29, 0x93, 0x39, 0x91, 0x51, 0xcd, 0x59, 0xcb, 
	0x59, 0xc9, 0x59, 0x89, 0x69, 0xc9, 0x82, 0x4b, 
	0x9a, 0x8b, 0x9a, 0x8b, 0x39, 0x4d, 0x19, 0x0d, 
	0x19, 0x0d, 0x19, 0x0d, 0x19, 0x0d, 0x21, 0x4f, 
	0x21, 0x4f, 0x21, 0x0f, 0x21, 0x0f, 0x21, 0x0f, 
	0x19, 0x0d, 0x21, 0x0f, 0x21, 0x0f, 0x21, 0x93, 
	0x52, 0x17, 0x82, 0x95, 0xd3, 0xd5, 0xe4, 0x53, 
	0xdc, 0x13, 0xe4, 0x53, 0xec, 0x93, 0xf4, 0x93, 
	0xec, 0x93, 0xf4, 0x93, 0xf4, 0x95, 0xf4, 0x95, 
	0xec, 0x57, 0xcb, 0xd7, 0x4a, 0x15, 0x32, 0x19, 
	0x3a, 0x5b, 0x3a, 0x5b, 0x3a, 0x5b, 0x3a, 0x5b, 
	0x3a, 0x19, 0x29, 0xd5, 0x29, 0x93, 0x29, 0xd3, 
	0x31, 0xd7, 0x29, 0x93, 0x31, 0xd5, 0x3a, 0x59, 
	0x3a, 0x59, 0x32, 0x17, 0x4a, 0x59, 0x7a, 0xdb, 
	0xab, 0x5b, 0xbb, 0x97, 0xe4, 0x13, 0xe4, 0x55, 
	0x9b, 0x5d, 0x4a, 0x9b, 0x3a, 0x15, 0x21, 0x0f, 
	0x29, 0x93, 0x31, 0x91, 0x49, 0xcd, 0x59, 0xcb, 
	0x59, 0xc9, 0x61, 0xc9, 0x61, 0xc9, 0x69, 0xc9, 
	0x8a, 0x49, 0x9a, 0x8b, 0x7a, 0x0b, 0x21, 0x0b, 
	0x19, 0x0b, 0x19, 0x0b, 0x19, 0x0d, 0x19, 0x0d, 
	0x19, 0x0d, 0x19, 0x0d, 0x21, 0x4f, 0x21, 0x51, 
	0x21, 0x0f, 0x21, 0x51, 0x29, 0x93, 0x29, 0x93, 
	0x9a, 0xd5, 0xec, 0x51, 0xdc, 0x11, 0xdc, 0x11, 
	0xd4, 0x11, 0xe4, 0x53, 0xe4, 0x53, 0xd4, 0x13, 
	0xdc, 0x13, 0xdc, 0x13, 0xdc, 0x13, 0xf4, 0x93, 
	0xfc, 0x93, 0xfc, 0x93, 0xf4, 0x95, 0xc3, 0x97, 
	0x42, 0x59, 0x3a, 0x19, 0x62, 0x99, 0x8b, 0x1b, 
	0x3a, 0x5b, 0x3a, 0x59, 0x3a, 0x59, 0x3a, 0x59, 
	0x3a, 0x19, 0x31, 0xd5, 0x32, 0x17, 0x3a, 0x5b, 
	0x42, 0x9d, 0x42, 0x5b, 0x62, 0xdd, 0x42, 0x5b, 
	0x3a, 0x5b, 0x4a, 0x5b, 0x9b, 0x5b, 0x9b, 0x5d, 
	0x62, 0xdd, 0x4a, 0x99, 0x29, 0x91, 0x21, 0x0f, 
	0x29, 0x93, 0x29, 0x93, 0x41, 0xcf, 0x51, 0xcd, 
	0x59, 0xcb, 0x69, 0xc9, 0x69, 0xc9, 0x61, 0xc9, 
	0x61, 0xc9, 0x72, 0x09, 0x8a, 0x4b, 0x61, 0x8b, 
	0x21, 0x09, 0x19, 0x0d, 0x19, 0x0d, 0x19, 0x0d, 
	0x21, 0x0f, 0x21, 0x0f, 0x21, 0x4f, 0x21, 0x93, 
	0x21, 0x91, 0x49, 0xd1, 0xa2, 0xd3, 0x72, 0x53, 
	0xb3, 0x53, 0xd3, 0xcf, 0xc3, 0x91, 0xd3, 0xd1, 
	0xcb, 0xd1, 0xdc, 0x11, 0xec, 0x51, 0xec, 0x51, 
	0xe4, 0x11, 0xdc, 0x13, 0xec, 0x53, 0xfc, 0x93, 
	0xfc, 0x93, 0xf4, 0x53, 0xe4, 0x15, 0xb3, 0x57, 
	0xbb, 0x99, 0x8a, 0xd9, 0x8a, 0xd9, 0x7a, 0xd9, 
	0x52, 0x5b, 0x4a, 0x59, 0x3a, 0x59, 0x3a, 0x5b, 
	0x3a, 0x5b, 0x3a, 0x59, 0x3a, 0x59, 0x32, 0x17, 
	0x3a, 0x5b, 0x42, 0x9d, 0x7a, 0xdb, 0x42, 0x9d, 
	0x42, 0x5b, 0x42, 0x5b, 0x4a, 0xdd, 0x4a, 0x9b, 
	0x4a, 0x9b, 0x3a, 0x17, 0x21, 0x51, 0x21, 0x0f, 
	0x29, 0x93, 0x29, 0x93, 0x29, 0x93, 0x49, 0xcf, 
	0x51, 0xcb, 0x59, 0xcb, 0x61, 0xc9, 0x61, 0xc9, 
	0x61, 0xc9, 0x61, 0xc9, 0x69, 0xc9, 0x8a, 0x49, 
	0x8a, 0x4b, 0x7a, 0x0d, 0x69, 0xcd, 0x51, 0x8d, 
	0x19, 0x0d, 0x21, 0x0f, 0x72, 0x0f, 0xaa, 0xcf, 
	0x8a, 0x8f, 0xaa, 0xcf, 0xcb, 0x8f, 0xcb, 0x8f, 
	0xc3, 0x8f, 0xbb, 0x4f, 0xbb, 0x4f, 0xbb, 0x8f, 
	0xc3, 0x91, 0xdc, 0x11, 0xec, 0x51, 0xec, 0x51, 
	0xd3, 0xd1, 0xd3, 0xd1, 0xdc, 0x11, 0xf4, 0x53, 
	0xf4, 0x53, 0xf4, 0x53, 0xec, 0x55, 0xd3, 0xd5, 
	0xf4, 0x55, 0x82, 0xd9, 0x3a, 0x19, 0x3a, 0x19, 
	0x62, 0x99, 0x93, 0x19, 0x3a, 0x5b, 0x5a, 0x9b, 
	0x52, 0x5b, 0x3a, 0x19, 0x3a, 0x19, 0x3a, 0x59, 
	0x3a, 0x5b, 0x3a, 0x5b, 0x42, 0x5b, 0x3a, 0x59, 
	0x3a, 0x59, 0x42, 0x5b, 0x42, 0x5b, 0x3a, 0x17, 
	0x3a, 0x17, 0x29, 0x93, 0x29, 0x93, 0x29, 0x93, 
	0x29, 0x93, 0x29, 0x93, 0x29, 0x93, 0x31, 0x91, 
	0x49, 0xcf, 0x51, 0xcb, 0x61, 0xcb, 0x69, 0xc9, 
	0x71, 0xc9, 0x69, 0xc9, 0x69, 0xc9, 0x71, 0xc9, 
	0x8a, 0x49, 0x82, 0x09, 0x69, 0xcb, 0x59, 0x8b, 
	0x61, 0xcd, 0x39, 0x4d, 0x51, 0x8d, 0xbb, 0x0d, 
	0xc3, 0x4d, 0xc3, 0x4d, 0xbb, 0x4d, 0xb3, 0x4f, 
	0xb3, 0x0f, 0xab, 0x0f, 0xb3, 0x4f, 0xb3, 0x4f, 
	0xb3, 0x4f, 0xbb, 0x8f, 0xcb, 0x8f, 0xcb, 0x8f, 
	0xcb, 0x8f, 0xd3, 0xcf, 0xe4, 0x11, 0xf4, 0x51, 
	0xdb, 0xd3, 0xdb, 0xd5, 0x92, 0xd7, 0x62, 0x57, 
	0x5a, 0x57, 0x4a, 0x17, 0x31, 0xd5, 0x31, 0xd5, 
	0x3a, 0x19, 0x6a, 0x99, 0x42, 0x17, 0x42, 0x59, 
	0x39, 0xd5, 0x32, 0x17, 0x3a, 0x19, 0x32, 0x17, 
	0x31, 0xd7, 0x32, 0x17, 0x3a, 0x19, 0x32, 0x17, 
	0x31, 0xd5, 0x3a, 0x17, 0x3a, 0x17, 0x3a, 0x15, 
	0x29, 0x93, 0x29, 0xd3, 0x32, 0x17, 0x31, 0xd7, 
	0x29, 0x93, 0x29, 0x93, 0x29, 0x93, 0x29, 0x93, 
	0x31, 0x91, 0x49, 0xcd, 0x61, 0xcb, 0x69, 0xcb, 
	0x72, 0x09, 0x61, 0x89, 0x30, 0xc5, 0x30, 0xc5, 
	0x30, 0xc5, 0x10, 0x45, 0x18, 0x87, 0x61, 0x89, 
	0x8a, 0x49, 0x61, 0x8b, 0x41, 0x4d, 0x8a, 0x4d, 
	0xb2, 0xcd, 0xbb, 0x0d, 0xab, 0x0d, 0xa3, 0x0d, 
	0xab, 0x0d, 0xb3, 0x0d, 0xab, 0x0f, 0xb3, 0x0d, 
	0xbb, 0x4f, 0xbb, 0x4f, 0xbb, 0x4f, 0xc3, 0x4f, 
	0xbb, 0x4f, 0xc3, 0x8f, 0xdc, 0x11, 0xb3, 0x53, 
	0xa3, 0x15, 0x9b, 0x17, 0x72, 0x57, 0x31, 0xd5, 
	0x29, 0xd5, 0x29, 0xd5, 0x32, 0x17, 0x31, 0xd7, 
	0x31, 0xd5, 0x29, 0x93, 0x21, 0x91, 0x29, 0x91, 
	0x29, 0x93, 0x29, 0x93, 0x29, 0x93, 0x29, 0x91, 
	0x29, 0xd3, 0x31, 0xd5, 0x31, 0xd5, 0x31, 0xd3, 
	0x31, 0x93, 0x31, 0xd3, 0x31, 0xd3, 0x29, 0x93, 
	0x21, 0x4f, 0x21, 0x91, 0x29, 0x93, 0x29, 0x93, 
	0x29, 0x93, 0x29, 0x93, 0x29, 0x93, 0x29, 0x93, 
	0x29, 0x93, 0x31, 0x91, 0x49, 0xcf, 0x61, 0xcb, 
	0x69, 0xcb, 0x51, 0x49, 0x08, 0x45, 0x08, 0x43, 
	0x00, 0x43, 0x08, 0x43, 0x08, 0x43, 0x08, 0x45, 
	0x10, 0x85, 0x10, 0x87, 0x10, 0x89, 0x20, 0xc9, 
	0x39, 0x0b, 0x82, 0x0d, 0xaa, 0xcd, 0x9a, 0x8d, 
	0xb3, 0x0d, 0xcb, 0x4d, 0xc3, 0x4d, 0xc3, 0x4d, 
	0xcb, 0x4d, 0xbb, 0x4d, 0xbb, 0x4d, 0xd3, 0x8f, 
	0xd3, 0x8f, 0xcb, 0x8f, 0x9a, 0xd3, 0x6a, 0x55, 
	0x52, 0x15, 0x41, 0xd5, 0x31, 0xd7, 0x31, 0xd7, 
	0x31, 0xd7, 0x32, 0x17, 0x31, 0xd7, 0x31, 0xd5, 
	0x29, 0x93, 0x21, 0x4f, 0x21, 0x4f, 0x21, 0x4f, 
	0x21, 0x4f, 0x21, 0x4f, 0x21, 0x4f, 0x21, 0x4f, 
	0x29, 0x93, 0x31, 0xd5, 0x29, 0x93, 0x29, 0x91, 
	0x29, 0x91, 0x31, 0xd3, 0x29, 0x93, 0x29, 0x91, 
	0x21, 0x51, 0x21, 0x4f, 0x21, 0x4f, 0x21, 0x4f, 
	0x31, 0xd3, 0x29, 0x93, 0x29, 0x93, 0x29, 0x93, 
	0x29, 0x93, 0x29, 0x93, 0x29, 0x93, 0x31, 0x4f, 
	0x39, 0x09, 0x20, 0xc7, 0x08, 0x45, 0x08, 0x43, 
	0x08, 0x43, 0x08, 0x43, 0x08, 0x43, 0x08, 0x45, 
	0x08, 0x43, 0x08, 0x45, 0x08, 0x45, 0x08, 0x87, 
	0x18, 0xc9, 0x10, 0xc9, 0x51, 0x8b, 0x92, 0x4b, 
	0x92, 0x4d, 0xa2, 0xcd, 0xbb, 0x0d, 0xbb, 0x0d, 
	0xbb, 0x0d, 0xb3, 0x0d, 0xbb, 0x0d, 0xc3, 0x4f, 
	0xbb, 0x4f, 0x72, 0x51, 0x29, 0x51, 0x21, 0x4f, 
	0x21, 0x0f, 0x21, 0x4f, 0x21, 0x93, 0x29, 0xd3, 
	0x29, 0xd5, 0x29, 0x93, 0x29, 0x93, 0x29, 0x93, 
	0x29, 0x91, 0x21, 0x4f, 0x21, 0x4f, 0x21, 0x0d, 
	0x21, 0x4f, 0x21, 0x4f, 0x21, 0x4f, 0x21, 0x4f, 
	0x21, 0x4f, 0x21, 0x4f, 0x21, 0x4f, 0x21, 0x4f, 
	0x21, 0x51, 0x21, 0x91, 0x21, 0x51, 0x21, 0x51, 
	0x21, 0x51, 0x21, 0x51, 0x21, 0x51, 0x21, 0x51, 
	0x31, 0xd3, 0x31, 0xd3, 0x31, 0xd3, 0x29, 0x93, 
	0x29, 0x93, 0x29, 0x93, 0x29, 0x93, 0x29, 0x93, 
	0x21, 0x51, 0x19, 0x0d, 0x10, 0x89, 0x08, 0x45, 
	0x08, 0x45, 0x08, 0x43, 0x08, 0x43, 0x08, 0x43, 
	0x08, 0x43, 0x08, 0x43, 0x08, 0x43, 0x08, 0x45, 
	0x08, 0x45, 0x08, 0x45, 0x08, 0x87, 0x49, 0x09, 
	0x92, 0x49, 0x92, 0x4b, 0xa2, 0x8b, 0x9a, 0x8d, 
	0x61, 0xcd, 0x59, 0x8d, 0x69, 0xcd, 0x59, 0xcf, 
	0x39, 0x8f, 0x29, 0x0d, 0x19, 0x0b, 0x18, 0xcb, 
	0x19, 0x0b, 0x19, 0x0d, 0x19, 0x0b, 0x19, 0x0d, 
	0x19, 0x0d, 0x19, 0x0d, 0x19, 0x0d, 0x19, 0x0d, 
	0x21, 0x0d, 0x21, 0x0d, 0x21, 0x0d, 0x21, 0x0d, 
	0x21, 0x0d, 0x21, 0x0d, 0x21, 0x0d, 0x21, 0x0d, 
	0x19, 0x0b, 0x19, 0x0b, 0x21, 0x0d, 0x21, 0x51, 
	0x21, 0x51, 0x21, 0x91, 0x29, 0x93, 0x29, 0x93, 
	0x29, 0x93, 0x29, 0x91, 0x29, 0x91, 0x29, 0x91, 
	0x31, 0xd3, 0x31, 0xd3, 0x31, 0xd3, 0x31, 0xd3, 
	0x29, 0x93, 0x29, 0x93, 0x29, 0x93, 0x29, 0x93, 
	0x29, 0x93, 0x29, 0x93, 0x21, 0x51, 0x19, 0x0d, 
	0x10, 0x87, 0x08, 0x45, 0x08, 0x43, 0x08, 0x43, 
	0x08, 0x43, 0x08, 0x43, 0x08, 0x43, 0x08, 0x43, 
	0x08, 0x45, 0x08, 0x43, 0x08, 0x43, 0x08, 0x45, 
	0x10, 0x85, 0x28, 0xc5, 0x30, 0xc7, 0x41, 0x09, 
	0x18, 0xc9, 0x10, 0xc9, 0x10, 0xc9, 0x10, 0xc9, 
	0x10, 0xc9, 0x10, 0xc9, 0x10, 0xc9, 0x10, 0x89, 
	0x10, 0xc9, 0x10, 0xc9, 0x10, 0xc9, 0x10, 0xc9, 
	0x10, 0xc9, 0x18, 0xc9, 0x18, 0xc9, 0x18, 0xc9, 
	0x18, 0xc9, 0x19, 0x0b, 0x18, 0xc9, 0x18, 0xc9, 
	0x10, 0xc9, 0x10, 0xc9, 0x10, 0x89, 0x19, 0x0b, 
	0x21, 0x0d, 0x21, 0x51, 0x21, 0x91, 0x21, 0x91, 
	0x21, 0x91, 0x29, 0x91, 0x29, 0x91, 0x29, 0x93, 
	0x31, 0xd3, 0x31, 0xd7, 0x29, 0x93, 0x29, 0x93, 
	0x31, 0xd5, 0x31, 0xd5, 0x31, 0xd3, 0x31, 0xd3, 
	0x31, 0xd3, 0x29, 0x93, 0x29, 0x93, 0x29, 0x93, 
	0x29, 0x93, 0x29, 0x93, 0x29, 0x93, 0x29, 0x93, 
	0x21, 0x91, 0x21, 0x0f, 0x18, 0xcb, 0x10, 0x87, 
	0x08, 0x45, 0x08, 0x43, 0x08, 0x43, 0x08, 0x45, 
	0x08, 0x45, 0x08, 0x45, 0x08, 0x43, 0x08, 0x43, 
	0x08, 0x45, 0x08, 0x43, 0x08, 0x45, 0x08, 0x45, 
	0x08, 0x45, 0x08, 0x45, 0x08, 0x45, 0x08, 0x45, 
	0x08, 0x45, 0x08, 0x45, 0x08, 0x45, 0x08, 0x45, 
	0x08, 0x85, 0x08, 0x87, 0x08, 0x87, 0x10, 0x87, 
	0x08, 0x87, 0x10, 0x87, 0x10, 0x87, 0x10, 0x87, 
	0x08, 0x87, 0x08, 0x85, 0x08, 0x85, 0x08, 0x85, 
	0x10, 0xc9, 0x21, 0x51, 0x32, 0x17, 0x3a, 0x19, 
	0x31, 0xd5, 0x29, 0x93, 0x29, 0x91, 0x29, 0x91, 
	0x29, 0x91, 0x29, 0x93, 0x29, 0x93, 0x29, 0x93, 
	0x31, 0xd3, 0x32, 0x17, 0x31, 0xd5, 0x29, 0x93, 
	0x3a, 0x15, 0x31, 0xd5, 0x31, 0xd5, 0x31, 0xd5, 
	0x31, 0xd3, 0x31, 0xd3, 0x31, 0xd3, 0x29, 0x93, 
	0x29, 0x93, 0x29, 0x93, 0x29, 0x93, 0x29, 0x93, 
	0x29, 0x93, 0x29, 0x93, 0x29, 0x93, 0x21, 0x51, 
	0x21, 0x0f, 0x19, 0x0b, 0x10, 0xc9, 0x10, 0x87, 
	0x08, 0x45, 0x08, 0x45, 0x08, 0x45, 0x08, 0x43, 
	0x08, 0x45, 0x08, 0x45, 0x08, 0x45, 0x08, 0x45, 
	0x08, 0x45, 0x08, 0x43, 0x08, 0x43, 0x08, 0x43, 
	0x08, 0x43, 0x08, 0x43, 0x08, 0x43, 0x08, 0x43, 
	0x08, 0x43, 0x08, 0x43, 0x08, 0x43, 0x08, 0x43, 
	0x08, 0x43, 0x08, 0x43, 0x08, 0x43, 0x08, 0x45, 
	0x08, 0x85, 0x10, 0xc9, 0x21, 0x0f, 0x29, 0x93, 
	0x3a, 0x19, 0x3a, 0x5b, 0x3a, 0x5b, 0x3a, 0x19, 
	0x31, 0xd5, 0x29, 0x93, 0x29, 0x93, 0x29, 0x93, 
	0x29, 0x93, 0x29, 0x93, 0x29, 0x93, 0x29, 0x93, 
	0x29, 0x93, 0x31, 0x93, 0x29, 0x93, 0x29, 0x93, 
	0x3a, 0x17, 0x3a, 0x17, 0x3a, 0x15, 0x31, 0xd5, 
	0x31, 0xd5, 0x31, 0xd5, 0x31, 0xd5, 0x31, 0xd3, 
	0x31, 0xd3, 0x31, 0xd3, 0x29, 0x93, 0x29, 0x93, 
	0x29, 0x93, 0x29, 0x93, 0x29, 0x93, 0x29, 0x93, 
	0x31, 0xd3, 0x31, 0xd7, 0x31, 0xd7, 0x32, 0x17, 
	0x31, 0xd5, 0x29, 0x93, 0x21, 0x0d, 0x19, 0x0b, 
	0x10, 0xc9, 0x10, 0x87, 0x08, 0x85, 0x08, 0x45, 
	0x08, 0x45, 0x08, 0x45, 0x08, 0x45, 0x08, 0x43, 
	0x08, 0x43, 0x08, 0x43, 0x08, 0x43, 0x08, 0x43, 
	0x08, 0x45, 0x08, 0x85, 0x10, 0x87, 0x10, 0xc9, 
	0x19, 0x0b, 0x21, 0x0d, 0x21, 0x4f, 0x21, 0x91, 
	0x29, 0x91, 0x29, 0x93, 0x31, 0xd5, 0x31, 0xd5, 
	0x3a, 0x59, 0x3a, 0x19, 0x32, 0x17, 0x32, 0x17, 
	0x31, 0xd5, 0x31, 0xd7, 0x32, 0x17, 0x31, 0xd3, 
	0x29, 0x93, 0x29, 0x93, 0x31, 0xd3, 0x31, 0xd3, 
	0x31, 0xd5, 0x32, 0x15, 0x31, 0xd5, 0x31, 0xd3, 
	0x42, 0x59, 0x3a, 0x57, 0x3a, 0x17, 0x3a, 0x17, 
	0x3a, 0x15, 0x31, 0xd5, 0x31, 0xd5, 0x31, 0xd5, 
	0x31, 0xd3, 0x31, 0xd3, 0x31, 0xd3, 0x31, 0xd3, 
	0x29, 0x93, 0x29, 0xd3, 0x29, 0xd3, 0x31, 0xd5, 
	0x31, 0xd5, 0x31, 0xd5, 0x32, 0x17, 0x3a, 0x19, 
	0x3a, 0x19, 0x3a, 0x19, 0x32, 0x17, 0x3a, 0x19, 
	0x3a, 0x19, 0x29, 0xd3, 0x21, 0x51, 0x21, 0x4f, 
	0x21, 0x4f, 0x21, 0x4f, 0x21, 0x4f, 0x21, 0x0f, 
	0x21, 0x0d, 0x21, 0x4f, 0x21, 0x91, 0x29, 0x93, 
	0x31, 0xd5, 0x31, 0xd5, 0x31, 0xd7, 0x32, 0x17, 
	0x32, 0x17, 0x32, 0x17, 0x31, 0xd3, 0x29, 0x93, 
	0x29, 0x93, 0x31, 0xd5, 0x31, 0xd5, 0x31, 0xd5, 
	0x31, 0xd7, 0x3a, 0x17, 0x3a, 0x59, 0x3a, 0x59, 
	0x3a, 0x17, 0x31, 0xd5, 0x31, 0xd3, 0x29, 0x93, 
	0x31, 0xd3, 0x31, 0xd3, 0x31, 0xd3, 0x32, 0x15, 
	0x42, 0x5b, 0x42, 0x59, 0x3a, 0x17, 0x3a, 0x57, 
	
};

Gfx mario_custom_mario_metal_wing_shade_rgba16_aligner[] = {gsSPEndDisplayList()};
u8 mario_custom_mario_metal_wing_shade_rgba16[] = {
	0x00, 0x00, 0x00, 0x00, 0x00, 0x00, 0x00, 0x00, 
	0x00, 0x00, 0x00, 0x00, 0x00, 0x00, 0x00, 0x00, 
	0x00, 0x00, 0x00, 0x00, 0x00, 0x00, 0x00, 0x00, 
	0x00, 0x00, 0x00, 0x00, 0x00, 0x00, 0x00, 0x00, 
	0x00, 0x00, 0x00, 0x00, 0x00, 0x00, 0x00, 0x00, 
	0x00, 0x00, 0x00, 0x00, 0x00, 0x00, 0x00, 0x00, 
	0x00, 0x00, 0x00, 0x00, 0x00, 0x00, 0x00, 0x00, 
	0x00, 0x00, 0x00, 0x00, 0x00, 0x00, 0x00, 0x00, 
	0x00, 0x00, 0x00, 0x00, 0x00, 0x00, 0x00, 0x00, 
	0x00, 0x00, 0x00, 0x00, 0x00, 0x00, 0x00, 0x00, 
	0x00, 0x00, 0x00, 0x00, 0x00, 0x00, 0x00, 0x00, 
	0x00, 0x00, 0x00, 0x00, 0x00, 0x00, 0x00, 0x00, 
	0x00, 0x00, 0x00, 0x00, 0x00, 0x00, 0x00, 0x00, 
	0x00, 0x00, 0x00, 0x00, 0x00, 0x00, 0x00, 0x00, 
	0x00, 0x00, 0x00, 0x00, 0x00, 0x00, 0x00, 0x00, 
	0x00, 0x00, 0x00, 0x00, 0x00, 0x00, 0x00, 0x00, 
	0x00, 0x00, 0x00, 0x00, 0x00, 0x00, 0x00, 0x00, 
	0x00, 0x00, 0x00, 0x00, 0x00, 0x00, 0x00, 0x00, 
	0x00, 0x00, 0x00, 0x00, 0x00, 0x00, 0x00, 0x00, 
	0x00, 0x00, 0x00, 0x00, 0x00, 0x00, 0x00, 0x00, 
	0x00, 0x00, 0x00, 0x00, 0x00, 0x00, 0x00, 0x00, 
	0x00, 0x00, 0x00, 0x00, 0x00, 0x00, 0x00, 0x00, 
	0x00, 0x00, 0x00, 0x00, 0x00, 0x00, 0x00, 0x00, 
	0x00, 0x00, 0x00, 0x00, 0x00, 0x00, 0x00, 0x00, 
	0x00, 0x00, 0x00, 0x00, 0x00, 0x00, 0x00, 0x00, 
	0x00, 0x00, 0x00, 0x00, 0x00, 0x00, 0x00, 0x00, 
	0x00, 0x00, 0x00, 0x00, 0x00, 0x00, 0x00, 0x00, 
	0x00, 0x00, 0x00, 0x00, 0x00, 0x00, 0x00, 0x00, 
	0x00, 0x00, 0x00, 0x00, 0x00, 0x00, 0x00, 0x00, 
	0x00, 0x00, 0x00, 0x00, 0x00, 0x00, 0x00, 0x00, 
	0x00, 0x00, 0x00, 0x00, 0x00, 0x00, 0x00, 0x00, 
	0x00, 0x00, 0x00, 0x00, 0x00, 0x00, 0x00, 0x00, 
	0x00, 0x00, 0x00, 0x00, 0x00, 0x00, 0x00, 0x00, 
	0x00, 0x00, 0x00, 0x00, 0x00, 0x00, 0x00, 0x00, 
	0x00, 0x00, 0x00, 0x00, 0x00, 0x00, 0x00, 0x00, 
	0x00, 0x00, 0x00, 0x00, 0x00, 0x00, 0x00, 0x00, 
	0x00, 0x00, 0x00, 0x00, 0x00, 0x00, 0x00, 0x00, 
	0x00, 0x00, 0x00, 0x00, 0x00, 0x00, 0x00, 0x00, 
	0x00, 0x00, 0x00, 0x00, 0x00, 0x00, 0x00, 0x00, 
	0x00, 0x00, 0x00, 0x00, 0x00, 0x00, 0x00, 0x00, 
	0x00, 0x00, 0x00, 0x00, 0x00, 0x00, 0x00, 0x00, 
	0x00, 0x00, 0x00, 0x00, 0x00, 0x00, 0x00, 0x00, 
	0x00, 0x00, 0x00, 0x00, 0x00, 0x00, 0x00, 0x00, 
	0x00, 0x00, 0x00, 0x00, 0x00, 0x00, 0x00, 0x00, 
	0x00, 0x00, 0x00, 0x00, 0x00, 0x00, 0x00, 0x00, 
	0x00, 0x00, 0x00, 0x00, 0x00, 0x00, 0x00, 0x00, 
	0x00, 0x00, 0x00, 0x00, 0x00, 0x00, 0x00, 0x00, 
	0x00, 0x00, 0x00, 0x00, 0x00, 0x00, 0x00, 0x00, 
	0x00, 0x00, 0x00, 0x00, 0x00, 0x00, 0x00, 0x00, 
	0x00, 0x00, 0x00, 0x00, 0x00, 0x00, 0x00, 0x00, 
	0x00, 0x00, 0x00, 0x00, 0x00, 0x00, 0x00, 0x00, 
	0x00, 0x00, 0x00, 0x00, 0x00, 0x00, 0x00, 0x00, 
	0x00, 0x00, 0x00, 0x00, 0x00, 0x00, 0x00, 0x00, 
	0x00, 0x00, 0x00, 0x00, 0x00, 0x00, 0x00, 0x00, 
	0x00, 0x00, 0x00, 0x00, 0x00, 0x00, 0x00, 0x00, 
	0x00, 0x00, 0x00, 0x00, 0x00, 0x00, 0x00, 0x00, 
	0x71, 0x08, 0x00, 0x00, 0x00, 0x00, 0x00, 0x00, 
	0x00, 0x00, 0x00, 0x00, 0x00, 0x00, 0x00, 0x00, 
	0x00, 0x00, 0x00, 0x00, 0x00, 0x00, 0x00, 0x00, 
	0x00, 0x00, 0x00, 0x00, 0x00, 0x00, 0x00, 0x00, 
	0x00, 0x00, 0x00, 0x00, 0x00, 0x00, 0x00, 0x00, 
	0x00, 0x00, 0x00, 0x00, 0x00, 0x00, 0x00, 0x00, 
	0x00, 0x00, 0x00, 0x00, 0x00, 0x00, 0x00, 0x00, 
	0x00, 0x00, 0x92, 0x10, 0x92, 0x10, 0x71, 0x08, 
	0x71, 0x08, 0x00, 0x00, 0x00, 0x00, 0x00, 0x00, 
	0x00, 0x00, 0x00, 0x00, 0x00, 0x00, 0x00, 0x00, 
	0x00, 0x00, 0x00, 0x00, 0x00, 0x00, 0x00, 0x00, 
	0x00, 0x00, 0x00, 0x00, 0x00, 0x00, 0x00, 0x00, 
	0x00, 0x00, 0x00, 0x00, 0x00, 0x00, 0x00, 0x00, 
	0x00, 0x00, 0x00, 0x00, 0x00, 0x00, 0x00, 0x00, 
	0x00, 0x00, 0x00, 0x00, 0x00, 0x00, 0x00, 0x00, 
	0x71, 0x08, 0x81, 0x8c, 0x92, 0x11, 0x71, 0x09, 
	0x60, 0x84, 0x00, 0x00, 0x00, 0x00, 0x00, 0x00, 
	0x00, 0x00, 0x00, 0x00, 0x00, 0x00, 0x00, 0x00, 
	0x00, 0x00, 0x00, 0x00, 0x00, 0x00, 0x00, 0x00, 
	0x00, 0x00, 0x00, 0x00, 0x00, 0x00, 0x00, 0x00, 
	0x00, 0x00, 0x00, 0x00, 0x00, 0x00, 0x00, 0x00, 
	0x00, 0x00, 0x00, 0x00, 0x00, 0x00, 0x00, 0x00, 
	0x00, 0x00, 0x00, 0x00, 0x71, 0x4a, 0x71, 0x4a, 
	0x69, 0x08, 0x71, 0x09, 0x69, 0x09, 0x60, 0x85, 
	0x60, 0x84, 0x00, 0x00, 0x00, 0x00, 0x00, 0x00, 
	0x00, 0x00, 0x00, 0x00, 0x00, 0x00, 0x00, 0x00, 
	0x00, 0x00, 0x00, 0x00, 0x00, 0x00, 0x00, 0x00, 
	0x00, 0x00, 0x00, 0x00, 0x00, 0x00, 0x00, 0x00, 
	0x00, 0x00, 0x00, 0x00, 0x00, 0x00, 0x00, 0x00, 
	0x00, 0x00, 0x00, 0x00, 0x00, 0x00, 0x00, 0x00, 
	0x79, 0x8c, 0x79, 0x8c, 0x71, 0x08, 0x71, 0x4b, 
	0x60, 0xc7, 0x60, 0x85, 0x60, 0x85, 0x60, 0x85, 
	0x58, 0x84, 0x00, 0x00, 0x00, 0x00, 0x00, 0x00, 
	0x00, 0x00, 0x00, 0x00, 0x00, 0x00, 0x00, 0x00, 
	0x00, 0x00, 0x00, 0x00, 0x00, 0x00, 0x00, 0x00, 
	0x00, 0x00, 0x00, 0x00, 0x00, 0x00, 0x00, 0x00, 
	0x00, 0x00, 0x00, 0x00, 0x00, 0x00, 0x00, 0x00, 
	0x00, 0x00, 0x00, 0x00, 0x00, 0x00, 0x59, 0x08, 
	0x69, 0x4a, 0x79, 0x8d, 0x71, 0x09, 0x70, 0xc7, 
	0x79, 0x07, 0x58, 0x85, 0x58, 0x85, 0x58, 0x85, 
	0x48, 0x82, 0x00, 0x00, 0x00, 0x00, 0x00, 0x00, 
	0x00, 0x00, 0x00, 0x00, 0x00, 0x00, 0x00, 0x00, 
	0x00, 0x00, 0x00, 0x00, 0x00, 0x00, 0x00, 0x00, 
	0x00, 0x00, 0x00, 0x00, 0x00, 0x00, 0x00, 0x00, 
	0x00, 0x00, 0x00, 0x00, 0x00, 0x00, 0x00, 0x00, 
	0x00, 0x00, 0xdc, 0x10, 0xdc, 0x10, 0x81, 0xca, 
	0x59, 0x09, 0x58, 0xc7, 0x60, 0x85, 0x70, 0xc5, 
	0xb2, 0x8b, 0x58, 0x85, 0x48, 0x83, 0x48, 0x83, 
	0x50, 0xc0, 0x00, 0x00, 0x00, 0x00, 0x00, 0x00, 
	0x00, 0x00, 0x00, 0x00, 0x00, 0x00, 0x00, 0x00, 
	0x00, 0x00, 0x00, 0x00, 0x00, 0x00, 0x00, 0x00, 
	0x00, 0x00, 0x00, 0x00, 0x00, 0x00, 0x00, 0x00, 
	0x00, 0x00, 0x00, 0x00, 0x00, 0x00, 0x00, 0x00, 
	0xc3, 0x90, 0xd3, 0xd0, 0xdc, 0x11, 0xa2, 0x8b, 
	0x58, 0xc7, 0x50, 0x85, 0x50, 0x43, 0x89, 0xc7, 
	0xa2, 0x49, 0x50, 0xc3, 0x48, 0xc1, 0x50, 0xc1, 
	0x50, 0xc0, 0x00, 0x00, 0x00, 0x00, 0x00, 0x00, 
	0x00, 0x00, 0x00, 0x00, 0x00, 0x00, 0x00, 0x00, 
	0x00, 0x00, 0x00, 0x00, 0x00, 0x00, 0x00, 0x00, 
	0x00, 0x00, 0x00, 0x00, 0x00, 0x00, 0x00, 0x00, 
	0x00, 0x00, 0x00, 0x00, 0xec, 0x50, 0xec, 0x50, 
	0xd3, 0xd0, 0xc3, 0x91, 0xd4, 0x13, 0xd3, 0x8f, 
	0x89, 0x87, 0x58, 0x85, 0x48, 0x83, 0x48, 0x83, 
	0x59, 0x03, 0x48, 0x81, 0x48, 0xc1, 0x50, 0xc1, 
	0x48, 0x80, 0x00, 0x00, 0x00, 0x00, 0x00, 0x00, 
	0x00, 0x00, 0x00, 0x00, 0x00, 0x00, 0x00, 0x00, 
	0x00, 0x00, 0x00, 0x00, 0x00, 0x00, 0x00, 0x00, 
	0x00, 0x00, 0x00, 0x00, 0x00, 0x00, 0x00, 0x00, 
	0x00, 0x00, 0x79, 0x48, 0xb2, 0xcc, 0xec, 0x51, 
	0xe4, 0x11, 0xe4, 0x53, 0xec, 0x95, 0xec, 0x51, 
	0xa2, 0x49, 0x69, 0x45, 0x50, 0xc3, 0x60, 0xc1, 
	0x58, 0xc1, 0x48, 0x81, 0x48, 0xc1, 0x48, 0x81, 
	0x48, 0xc0, 0x00, 0x00, 0x00, 0x00, 0x00, 0x00, 
	0x00, 0x00, 0x00, 0x00, 0x00, 0x00, 0x00, 0x00, 
	0x00, 0x00, 0x00, 0x00, 0x00, 0x00, 0x00, 0x00, 
	0x00, 0x00, 0x00, 0x00, 0x00, 0x00, 0xe4, 0x10, 
	0xe4, 0x10, 0x81, 0x88, 0x79, 0x49, 0xba, 0xcb, 
	0xf4, 0x93, 0xf4, 0xd5, 0xf4, 0x93, 0xd3, 0x8d, 
	0x69, 0x45, 0x50, 0xc3, 0x48, 0xc1, 0x50, 0xc1, 
	0x50, 0xc1, 0x48, 0xc1, 0x50, 0xc1, 0x48, 0xc1, 
	0x48, 0x80, 0x00, 0x00, 0x00, 0x00, 0x00, 0x00, 
	0x00, 0x00, 0x00, 0x00, 0x00, 0x00, 0x00, 0x00, 
	0x00, 0x00, 0x00, 0x00, 0x00, 0x00, 0x00, 0x00, 
	0x00, 0x00, 0x00, 0x00, 0x81, 0x8a, 0xb2, 0xcc, 
	0xe4, 0x11, 0x89, 0xc9, 0x91, 0xc9, 0xaa, 0x8b, 
	0xc3, 0x0d, 0xe4, 0x51, 0xa2, 0xcb, 0x69, 0x45, 
	0x48, 0xc3, 0x50, 0xc1, 0x50, 0xc1, 0x48, 0xc1, 
	0x58, 0xc1, 0x58, 0xc1, 0x50, 0xc1, 0x48, 0x81, 
	0x50, 0xc0, 0x00, 0x00, 0x00, 0x00, 0x00, 0x00, 
	0x00, 0x00, 0x00, 0x00, 0x00, 0x00, 0x00, 0x00, 
	0x00, 0x00, 0x00, 0x00, 0x00, 0x00, 0x00, 0x00, 
	0x00, 0x00, 0x59, 0x08, 0x69, 0x48, 0x81, 0x8b, 
	0x91, 0xc9, 0x79, 0x47, 0x81, 0x47, 0xdb, 0x8f, 
	0x79, 0x47, 0x81, 0xc7, 0x50, 0xc3, 0x48, 0xc1, 
	0x58, 0xc1, 0x50, 0xc1, 0x50, 0xc1, 0x50, 0xc1, 
	0x60, 0xc1, 0x58, 0xc1, 0x50, 0xc1, 0x50, 0xc1, 
	0x58, 0xc0, 0x00, 0x00, 0x00, 0x00, 0x00, 0x00, 
	0x00, 0x00, 0x00, 0x00, 0x00, 0x00, 0x00, 0x00, 
	0x00, 0x00, 0x00, 0x00, 0x00, 0x00, 0x59, 0x08, 
	0x59, 0x08, 0x50, 0xc6, 0x59, 0x09, 0x58, 0x85, 
	0x58, 0x85, 0x58, 0x85, 0x50, 0x85, 0x81, 0xc7, 
	0x58, 0xc3, 0x48, 0xc1, 0x48, 0x81, 0x50, 0xc1, 
	0x60, 0xc1, 0x50, 0xc1, 0x48, 0xc1, 0x60, 0xc1, 
	0x60, 0xc1, 0x58, 0xc1, 0x58, 0xc1, 0x58, 0xc1, 
	0x81, 0x82, 0x00, 0x00, 0x00, 0x00, 0x00, 0x00, 
	0x00, 0x00, 0x00, 0x00, 0x00, 0x00, 0x00, 0x00, 
	0x00, 0x00, 0x00, 0x00, 0x61, 0x08, 0x59, 0x08, 
	0x59, 0x09, 0x50, 0xc7, 0x48, 0x85, 0x48, 0x85, 
	0x50, 0x43, 0x50, 0x85, 0x58, 0xc3, 0x60, 0xc1, 
	0x50, 0xc1, 0x48, 0x81, 0x48, 0xc1, 0x48, 0xc1, 
	0x58, 0xc1, 0x50, 0xc1, 0x50, 0xc1, 0x58, 0xc1, 
	0x61, 0x01, 0x60, 0xc1, 0x58, 0xc1, 0x81, 0x83, 
	0x9a, 0x06, 0x00, 0x00, 0x00, 0x00, 0x00, 0x00, 
	0x00, 0x00, 0x00, 0x00, 0x00, 0x00, 0x00, 0x00, 
	0x00, 0x00, 0x00, 0x00, 0x61, 0x08, 0x61, 0x09, 
	0x50, 0xc7, 0x48, 0x85, 0x40, 0x43, 0x40, 0x43, 
	0x69, 0x05, 0x60, 0xc3, 0x69, 0x03, 0x58, 0xc3, 
	0x48, 0xc3, 0x59, 0x03, 0x69, 0x45, 0x69, 0x03, 
	0x71, 0x43, 0x79, 0x85, 0x69, 0x03, 0x69, 0x03, 
	0x69, 0x03, 0x58, 0xc3, 0x58, 0xc3, 0x9a, 0x07, 
	0x79, 0x46, 0x00, 0x00, 0x00, 0x00, 0x00, 0x00, 
	0x00, 0x00, 0x00, 0x00, 0x00, 0x00, 0x00, 0x00, 
	0x00, 0x00, 0xb3, 0x0c, 0x89, 0xc8, 0x58, 0xc7, 
	0x48, 0x85, 0x48, 0x43, 0x48, 0x43, 0x48, 0x85, 
	0x71, 0x47, 0x69, 0x05, 0x60, 0xc5, 0x60, 0xc7, 
	0x69, 0x07, 0x79, 0x47, 0xba, 0xcb, 0x9a, 0x09, 
	0xdb, 0xcf, 0xaa, 0x8b, 0x79, 0x47, 0x68, 0xc7, 
	0x68, 0xc5, 0x60, 0xc5, 0x58, 0xc5, 0x79, 0x47, 
	0x50, 0x84, 0x00, 0x00, 0x00, 0x00, 0x00, 0x00, 
	0x00, 0x00, 0x00, 0x00, 0x00, 0x00, 0x00, 0x00, 
	0x7a, 0x4c, 0x9a, 0x8c, 0xb3, 0x0d, 0x79, 0x87, 
	0x48, 0x43, 0x48, 0x43, 0x40, 0x43, 0x48, 0x43, 
	0x48, 0x85, 0x48, 0x43, 0x50, 0x43, 0x48, 0x43, 
	0x48, 0x43, 0x48, 0x43, 0x71, 0x05, 0x60, 0x85, 
	0xaa, 0x8d, 0x58, 0x85, 0x50, 0x43, 0x50, 0x43, 
	0x60, 0x85, 0x58, 0x85, 0x48, 0x43, 0x50, 0x85, 
	0x30, 0x42, 0x00, 0x00, 0x00, 0x00, 0x00, 0x00, 
	0x00, 0x00, 0x00, 0x00, 0x00, 0x00, 0x00, 0x00, 
	0x7a, 0x4c, 0x7a, 0x4d, 0xbb, 0x4f, 0xd3, 0x8d, 
	0x92, 0x0b, 0x71, 0x49, 0x50, 0x43, 0x38, 0x43, 
	0x30, 0x43, 0x38, 0x43, 0x38, 0x43, 0x30, 0x43, 
	0x30, 0x43, 0x30, 0x43, 0x40, 0x43, 0x40, 0x43, 
	0x40, 0x43, 0x38, 0x43, 0x38, 0x43, 0x38, 0x43, 
	0x38, 0x43, 0x38, 0x43, 0x38, 0x83, 0x30, 0x43, 
	0x50, 0xc0, 0x00, 0x00, 0x00, 0x00, 0x00, 0x00, 
	0x00, 0x00, 0x00, 0x00, 0x00, 0x00, 0x6a, 0x0e, 
	0x82, 0x8e, 0x92, 0xcd, 0xc3, 0x91, 0xfc, 0xd5, 
	0xfd, 0x5b, 0xf4, 0xdd, 0x71, 0x09, 0x60, 0xc5, 
	0x50, 0xc3, 0x40, 0x81, 0x48, 0xc1, 0x50, 0xc1, 
	0x50, 0xc1, 0x48, 0x81, 0x48, 0x81, 0x50, 0xc1, 
	0x58, 0xc1, 0x61, 0x01, 0x60, 0xc1, 0x48, 0x81, 
	0x50, 0xc1, 0x61, 0x01, 0x58, 0xc1, 0x50, 0xc1, 
	0x58, 0xc0, 0x00, 0x00, 0x00, 0x00, 0x00, 0x00, 
	0x00, 0x00, 0x00, 0x00, 0x00, 0x00, 0x6a, 0x0e, 
	0x6a, 0x0f, 0xc3, 0x8f, 0xec, 0x93, 0xfc, 0xd5, 
	0xba, 0xcd, 0xaa, 0x8d, 0x68, 0xc5, 0x8a, 0x0d, 
	0xbb, 0x53, 0x69, 0x45, 0x50, 0xc1, 0x48, 0xc1, 
	0x48, 0xc1, 0x48, 0x81, 0x48, 0xc1, 0x48, 0xc1, 
	0x50, 0xc1, 0x60, 0xc1, 0x58, 0xc1, 0x48, 0xc1, 
	0x48, 0xc1, 0x58, 0xc1, 0x58, 0xc1, 0x58, 0xc1, 
	0x69, 0x02, 0x00, 0x00, 0x00, 0x00, 0x00, 0x00, 
	0x00, 0x00, 0x00, 0x00, 0x7a, 0x4c, 0x92, 0x8c, 
	0xaa, 0xcd, 0xe4, 0x11, 0xfc, 0xd5, 0xd3, 0x8f, 
	0x71, 0x05, 0x50, 0x85, 0x40, 0x43, 0xc3, 0x95, 
	0xfe, 0x69, 0xcb, 0xd3, 0x50, 0xc3, 0x48, 0xc1, 
	0x48, 0x81, 0x40, 0x81, 0x48, 0xc1, 0x48, 0xc1, 
	0x48, 0xc1, 0x48, 0xc1, 0x50, 0xc1, 0x48, 0xc1, 
	0x50, 0xc1, 0x61, 0x03, 0x71, 0x43, 0x69, 0x03, 
	0xbb, 0x08, 0x00, 0x00, 0x00, 0x00, 0x00, 0x00, 
	0x00, 0x00, 0x00, 0x00, 0x7a, 0x4c, 0x7a, 0x4d, 
	0xc3, 0x4d, 0xf4, 0x51, 0xe4, 0x11, 0xfc, 0xd5, 
	0xcb, 0x0d, 0x50, 0xc3, 0x50, 0xc3, 0xa2, 0x49, 
	0xfd, 0xe3, 0xfe, 0x29, 0x81, 0xc9, 0x48, 0xc1, 
	0x48, 0xc1, 0x48, 0xc1, 0x50, 0xc1, 0x50, 0xc1, 
	0x60, 0xc1, 0x58, 0xc1, 0x50, 0xc1, 0x50, 0xc1, 
	0x58, 0xc1, 0x71, 0x43, 0xb2, 0x89, 0xbb, 0x09, 
	0xec, 0x4e, 0x00, 0x00, 0x00, 0x00, 0x00, 0x00, 
	0x00, 0x00, 0x00, 0x00, 0x9a, 0xcc, 0x9a, 0xcd, 
	0xd3, 0xcf, 0xf4, 0x53, 0xfc, 0xd7, 0xfd, 0x17, 
	0xc3, 0x0b, 0x58, 0xc3, 0x58, 0xc1, 0x8a, 0x07, 
	0xd3, 0x8f, 0xe4, 0x59, 0x8a, 0x0d, 0x69, 0x05, 
	0x50, 0xc1, 0x58, 0xc1, 0x60, 0xc1, 0x61, 0x01, 
	0x69, 0x01, 0x69, 0x01, 0x69, 0x03, 0x58, 0xc1, 
	0x71, 0x43, 0xe3, 0xcd, 0xf4, 0x4f, 0xec, 0x4f, 
	0xd3, 0xcc, 0x00, 0x00, 0x00, 0x00, 0x00, 0x00, 
	0x00, 0x00, 0x92, 0x8c, 0xa2, 0xcc, 0xb3, 0x0d, 
	0xd3, 0x8d, 0xa2, 0x49, 0xc3, 0x0f, 0xfd, 0x15, 
	0xc3, 0x0b, 0x61, 0x03, 0x71, 0x43, 0x69, 0x03, 
	0x59, 0x05, 0x79, 0x47, 0x81, 0x47, 0x68, 0xc7, 
	0x60, 0xc3, 0x50, 0xc1, 0x50, 0xc1, 0x58, 0xc1, 
	0x61, 0x01, 0x9a, 0x05, 0xe3, 0xcd, 0x9a, 0x05, 
	0xcb, 0x4b, 0xf4, 0x51, 0xe4, 0x0f, 0xd3, 0xcd, 
	0xe4, 0x0e, 0x00, 0x00, 0x00, 0x00, 0x00, 0x00, 
	0x00, 0x00, 0x92, 0x8c, 0x92, 0x8d, 0xbb, 0x4f, 
	0xec, 0x51, 0x91, 0xc9, 0xd3, 0x8f, 0xdb, 0x8f, 
	0x81, 0x87, 0xaa, 0x87, 0xaa, 0x47, 0xc3, 0x09, 
	0x58, 0xc3, 0x79, 0xc7, 0xcb, 0x0d, 0xb2, 0x8b, 
	0x60, 0xc5, 0x58, 0xc3, 0x71, 0x43, 0xa2, 0x47, 
	0x89, 0xc5, 0xec, 0x0f, 0xfc, 0x91, 0xba, 0xc9, 
	0xf4, 0x4f, 0xf4, 0x91, 0xdb, 0xcd, 0xe4, 0x0f, 
	0xe4, 0x0e, 0x00, 0x00, 0x00, 0x00, 0x00, 0x00, 
	0x18, 0x42, 0x61, 0x86, 0xa2, 0xcd, 0xdb, 0xcf, 
	0xfc, 0xd3, 0xf4, 0x53, 0xe4, 0x11, 0xaa, 0x4b, 
	0xa2, 0x49, 0xcb, 0x4b, 0xba, 0xc9, 0xe4, 0x0d, 
	0x81, 0x85, 0x48, 0xc3, 0x92, 0x49, 0x89, 0x87, 
	0x58, 0x85, 0x92, 0x09, 0xec, 0x4f, 0xfc, 0xd1, 
	0xe4, 0x0f, 0xe3, 0xcd, 0xf4, 0x51, 0xfc, 0x91, 
	0xfc, 0xd1, 0xf4, 0x91, 0xe4, 0x0f, 0xe4, 0x0f, 
	0xd3, 0xce, 0x00, 0x00, 0x00, 0x00, 0x00, 0x00, 
	0x18, 0x42, 0x18, 0x43, 0xaa, 0xcb, 0xec, 0x51, 
	0xfc, 0xd3, 0xcb, 0x4f, 0xc3, 0x0d, 0xd3, 0x8d, 
	0xfc, 0x91, 0xfc, 0x91, 0xfc, 0x91, 0xfc, 0x91, 
	0x81, 0x85, 0x58, 0xc1, 0x69, 0x43, 0x61, 0x05, 
	0x50, 0x43, 0x69, 0x07, 0xe3, 0xcf, 0xf4, 0x91, 
	0xec, 0x51, 0xfc, 0x91, 0xf4, 0x51, 0xe4, 0x0f, 
	0xdc, 0x0f, 0xdb, 0xcf, 0xd3, 0xcf, 0xd3, 0xcf, 
	0xd3, 0xce, 0x00, 0x00, 0x00, 0x00, 0x00, 0x00, 
	0x51, 0x04, 0x51, 0x05, 0xa2, 0x49, 0xcb, 0x4d, 
	0xaa, 0x49, 0x71, 0x05, 0xaa, 0x49, 0xdb, 0xcf, 
	0xfc, 0x91, 0xfc, 0xd1, 0xec, 0x0f, 0xaa, 0x87, 
	0x69, 0x03, 0x58, 0xc1, 0x71, 0x43, 0x79, 0x85, 
	0x40, 0x43, 0x58, 0x85, 0x89, 0xc9, 0xd3, 0xcf, 
	0xdb, 0xcf, 0xf4, 0x51, 0xdb, 0xcf, 0xd3, 0xcf, 
	0xd3, 0xcf, 0xd3, 0xcd, 0xd3, 0xcd, 0xd3, 0xcf, 
	0xd3, 0x8c, 0x00, 0x00, 0x00, 0x00, 0x18, 0x42, 
	0x28, 0x42, 0x38, 0x85, 0x58, 0xc5, 0x68, 0xc5, 
	0x60, 0x85, 0x70, 0xc5, 0x79, 0x07, 0xdb, 0x8d, 
	0xfc, 0x91, 0xfc, 0x91, 0xcb, 0x4b, 0x50, 0xc1, 
	0x50, 0xc1, 0x50, 0xc1, 0x50, 0xc1, 0x61, 0x03, 
	0x30, 0x41, 0x50, 0x43, 0x58, 0x85, 0xa2, 0x8b, 
	0xe4, 0x0f, 0xf4, 0x91, 0xe4, 0x0f, 0xdb, 0xcd, 
	0xd3, 0xcd, 0xd3, 0x8d, 0xd3, 0x8d, 0xd3, 0x8d, 
	0xd3, 0xcc, 0x00, 0x00, 0x00, 0x00, 0x18, 0x42, 
	0x18, 0x43, 0x38, 0x85, 0x50, 0x85, 0x48, 0x43, 
	0x50, 0x43, 0x58, 0x85, 0x71, 0x07, 0xba, 0xcb, 
	0xba, 0xc9, 0xcb, 0x4b, 0xc3, 0x09, 0x58, 0xc1, 
	0x58, 0xc1, 0x58, 0xc1, 0x89, 0xc5, 0xdb, 0x8b, 
	0xbb, 0x09, 0x79, 0x87, 0x58, 0x85, 0x68, 0xc5, 
	0xc3, 0x4d, 0xec, 0x4f, 0xdc, 0x0f, 0xe4, 0x0f, 
	0xd3, 0xcd, 0xd3, 0x8d, 0xd3, 0x8d, 0xd3, 0xcd, 
	0xd3, 0x8c, 0x00, 0x00, 0x00, 0x00, 0x28, 0x42, 
	0x28, 0x43, 0x48, 0x85, 0x58, 0x85, 0x50, 0x85, 
	0x50, 0x85, 0x50, 0x85, 0x71, 0x47, 0xd3, 0x8d, 
	0xc3, 0x0b, 0xec, 0x0f, 0xba, 0xc9, 0x69, 0x03, 
	0x81, 0x85, 0xaa, 0x87, 0xec, 0x0f, 0xfc, 0xd1, 
	0xfc, 0xd3, 0xd3, 0x8d, 0x50, 0xc3, 0x50, 0x43, 
	0x89, 0xc9, 0xe3, 0xcf, 0xdc, 0x0f, 0xec, 0x4f, 
	0xe4, 0x0f, 0xdb, 0xcd, 0xd3, 0x8d, 0xd3, 0x8d, 
	0xd3, 0x8c, 0x00, 0x00, 0x18, 0x42, 0x20, 0x42, 
	0x30, 0x43, 0x48, 0x85, 0x58, 0x85, 0x60, 0x85, 
	0x60, 0x85, 0x68, 0x85, 0x81, 0x87, 0xdb, 0xcd, 
	0xf4, 0x51, 0xfc, 0xd1, 0xdb, 0x8d, 0xb2, 0x89, 
	0xf4, 0x4f, 0xfc, 0xd1, 0xf4, 0x91, 0xfc, 0x91, 
	0xec, 0x4f, 0xdb, 0xcd, 0x9a, 0x49, 0x40, 0x43, 
	0x50, 0x85, 0xba, 0xcb, 0xec, 0x4f, 0xec, 0x4f, 
	0xe4, 0x0f, 0xdc, 0x0f, 0xd3, 0xcd, 0xd3, 0x8d, 
	0xd3, 0x8c, 0x00, 0x00, 0x18, 0x42, 0x18, 0x43, 
	0x61, 0x45, 0x79, 0x47, 0x68, 0xc5, 0x60, 0x85, 
	0x68, 0x85, 0x68, 0x85, 0xaa, 0x4b, 0xec, 0x4f, 
	0xfc, 0xd1, 0xec, 0x0f, 0x9a, 0x07, 0x81, 0x85, 
	0xb2, 0x89, 0xf4, 0x8f, 0xf4, 0x91, 0xf4, 0x4f, 
	0xe4, 0x0f, 0xdb, 0xcd, 0xcb, 0x4b, 0x71, 0x87, 
	0x40, 0x43, 0x69, 0x07, 0xf4, 0x51, 0xfc, 0xd1, 
	0xec, 0x0f, 0xf4, 0x4f, 0xec, 0x4f, 0xd3, 0x8d, 
	0xd3, 0x8c, 0x00, 0x00, 0x61, 0x88, 0x61, 0x89, 
	0xb3, 0x0b, 0xe4, 0x0f, 0xec, 0x0f, 0xaa, 0x4b, 
	0x60, 0x85, 0x60, 0x85, 0xa2, 0x4b, 0xb2, 0x89, 
	0xba, 0xc9, 0xb2, 0x89, 0x71, 0x43, 0xba, 0xc9, 
	0xe4, 0x0d, 0xfc, 0x91, 0xfc, 0x91, 0xfc, 0x91, 
	0xf4, 0x8f, 0xec, 0x0f, 0xe4, 0x0d, 0xc3, 0x0b, 
	0x40, 0x83, 0x40, 0x43, 0xba, 0xcb, 0xf4, 0x51, 
	0xaa, 0x89, 0xaa, 0x87, 0xfc, 0x8f, 0xec, 0x0e, 
	0x00, 0x00, 0x00, 0x00, 0x82, 0x4a, 0x82, 0x4b, 
	0xbb, 0x0d, 0xf4, 0x91, 0xfc, 0xd3, 0xc3, 0x0d, 
	0x70, 0xc5, 0x68, 0xc7, 0xb2, 0x8b, 0x89, 0xc5, 
	0xcb, 0x0b, 0xa2, 0x47, 0x9a, 0x07, 0xf4, 0x4f, 
	0xfc, 0xd3, 0xfc, 0x91, 0xfc, 0x91, 0xec, 0x0d, 
	0xec, 0x0f, 0xe4, 0x0d, 0xf4, 0x4f, 0x9a, 0x47, 
	0x30, 0x43, 0x40, 0x43, 0x60, 0xc5, 0x71, 0x47, 
	0x61, 0x03, 0x71, 0x45, 0xba, 0xc9, 0xba, 0xc8, 
	0x00, 0x00, 0x00, 0x00, 0x92, 0x8c, 0x92, 0x8d, 
	0xcb, 0x8f, 0xf4, 0x51, 0xec, 0x0f, 0x91, 0x89, 
	0x70, 0xc5, 0x79, 0x07, 0xb2, 0x8b, 0x89, 0xc5, 
	0x81, 0x83, 0x79, 0x43, 0xa2, 0x47, 0xdb, 0xcd, 
	0xdb, 0x8d, 0xe3, 0xcd, 0xb2, 0xc9, 0x81, 0x85, 
	0x91, 0xc5, 0xa2, 0x47, 0x9a, 0x47, 0x69, 0x03, 
	0x40, 0x81, 0x38, 0x43, 0x60, 0x85, 0x79, 0x47, 
	0xdb, 0x8d, 0xdb, 0x8d, 0x79, 0xcb, 0x79, 0xca, 
	0x00, 0x00, 0x49, 0x48, 0x72, 0x0a, 0x9a, 0x8b, 
	0xd3, 0x8d, 0xc3, 0x0b, 0xa2, 0x09, 0x68, 0x85, 
	0x68, 0x85, 0x70, 0xc7, 0x9a, 0x09, 0x69, 0x01, 
	0x69, 0x01, 0x61, 0x01, 0x71, 0x03, 0x89, 0xc5, 
	0x61, 0x01, 0x71, 0x43, 0x58, 0xc1, 0x71, 0x43, 
	0xc3, 0x09, 0xfc, 0x91, 0x91, 0xc5, 0x58, 0xc1, 
	0x58, 0xc1, 0x48, 0x83, 0x50, 0x43, 0x70, 0xc5, 
	0xdb, 0x8f, 0xf4, 0x91, 0xbb, 0x0c, 0x79, 0xca, 
	0x00, 0x00, 0x49, 0x48, 0x49, 0x49, 0xaa, 0xcb, 
	0xdb, 0xcf, 0x71, 0x05, 0x60, 0x85, 0x60, 0x85, 
	0x68, 0x85, 0x78, 0xc7, 0x61, 0x05, 0x50, 0xc1, 
	0x50, 0xc1, 0x50, 0xc1, 0x58, 0xc1, 0x58, 0xc1, 
	0x61, 0x01, 0x61, 0x01, 0x58, 0xc1, 0x79, 0x43, 
	0xc2, 0xc9, 0xcb, 0x0b, 0x69, 0x43, 0x58, 0xc1, 
	0x61, 0x01, 0x58, 0xc1, 0x40, 0x83, 0x60, 0x85, 
	0x81, 0x47, 0xa2, 0x0d, 0xa2, 0x0c, 0x00, 0x00, 
	0x00, 0x00, 0x51, 0x48, 0x51, 0x49, 0x9a, 0x8b, 
	0xc3, 0x0b, 0x79, 0x05, 0x91, 0xc9, 0xb2, 0x8b, 
	0x68, 0xc5, 0x79, 0x09, 0x59, 0x05, 0x48, 0x81, 
	0x48, 0x81, 0x48, 0xc1, 0x48, 0xc1, 0x50, 0xc1, 
	0x50, 0xc1, 0x58, 0xc1, 0x58, 0xc1, 0x61, 0x01, 
	0x79, 0x43, 0x71, 0x03, 0x58, 0xc1, 0x58, 0xc1, 
	0x58, 0xc1, 0x69, 0x43, 0x9a, 0x47, 0x58, 0xc5, 
	0x68, 0x85, 0x68, 0xc7, 0x69, 0x08, 0x61, 0x08, 
	0x00, 0x00, 0x20, 0x42, 0x20, 0x43, 0x50, 0xc5, 
	0x71, 0x45, 0x81, 0x87, 0xe4, 0x11, 0xec, 0x53, 
	0x89, 0x87, 0x79, 0x09, 0x50, 0xc3, 0x48, 0x81, 
	0x48, 0x81, 0x48, 0xc1, 0x50, 0xc1, 0x48, 0xc1, 
	0x50, 0xc1, 0x60, 0xc1, 0x50, 0xc1, 0x50, 0xc1, 
	0x50, 0xc1, 0x61, 0x01, 0x60, 0xc3, 0x50, 0xc1, 
	0x58, 0xc3, 0x40, 0x81, 0xcb, 0x4b, 0x40, 0x83, 
	0x50, 0x43, 0x58, 0xc7, 0x61, 0x09, 0x61, 0x08, 
	0x00, 0x00, 0x20, 0x42, 0x20, 0x43, 0x40, 0x43, 
	0x58, 0x85, 0x60, 0x85, 0xa2, 0x4b, 0x91, 0xc9, 
	0x78, 0xc7, 0x81, 0x49, 0x59, 0x03, 0x40, 0x81, 
	0x48, 0x81, 0x48, 0xc1, 0x48, 0xc1, 0x40, 0x81, 
	0x48, 0x81, 0x50, 0xc3, 0x50, 0xc2, 0x50, 0xc0, 
	0x50, 0xc0, 0x61, 0x00, 0x60, 0xc2, 0x50, 0xc0, 
	0x58, 0xc2, 0x40, 0x80, 0x71, 0xc6, 0x18, 0x01, 
	0x40, 0x43, 0x60, 0x85, 0x68, 0xc7, 0x68, 0xc6, 
	0x5a, 0x0c, 0x51, 0x88, 0x49, 0x05, 0x81, 0xc7, 
	0xba, 0xcb, 0xb2, 0x89, 0x81, 0x47, 0x89, 0x87, 
	0xa2, 0x09, 0xa2, 0x4b, 0x48, 0xc3, 0x48, 0x81, 
	0x48, 0x81, 0x48, 0x81, 0x48, 0xc3, 0x38, 0x83, 
	0x40, 0x82, 0x50, 0xc2, 0x50, 0xc2, 0x00, 0x00, 
	0x00, 0x00, 0x00, 0x00, 0x00, 0x00, 0x00, 0x00, 
	0x00, 0x00, 0x00, 0x00, 0x18, 0x00, 0x28, 0x42, 
	0x30, 0x43, 0x58, 0x85, 0x70, 0xc7, 0x70, 0xc6, 
	0x5a, 0x0c, 0x5a, 0x0d, 0x8a, 0x4b, 0xd3, 0x8f, 
	0xec, 0x53, 0xe3, 0xcf, 0x71, 0x05, 0xe3, 0xcf, 
	0xfc, 0x93, 0x9a, 0x0b, 0x50, 0xc3, 0x40, 0x83, 
	0x40, 0x83, 0x40, 0x83, 0x40, 0xc2, 0x38, 0x82, 
	0x38, 0x82, 0x00, 0x00, 0x00, 0x00, 0x00, 0x00, 
	0x00, 0x00, 0x00, 0x00, 0x00, 0x00, 0x00, 0x00, 
	0x00, 0x00, 0x00, 0x00, 0x00, 0x00, 0x18, 0x00, 
	0x18, 0x01, 0x48, 0x43, 0x58, 0x85, 0x50, 0x84, 
	0x59, 0x48, 0x59, 0xcd, 0x92, 0x8b, 0xd3, 0x8f, 
	0xe4, 0x53, 0xfc, 0xd5, 0xfc, 0xd5, 0xfd, 0x17, 
	0xfc, 0x93, 0x81, 0x89, 0x48, 0xc3, 0x40, 0x81, 
	0x40, 0x82, 0x40, 0x82, 0x40, 0x82, 0x00, 0x00, 
	0x00, 0x00, 0x00, 0x00, 0x00, 0x00, 0x00, 0x00, 
	0x00, 0x00, 0x00, 0x00, 0x00, 0x00, 0x00, 0x00, 
	0x00, 0x00, 0x00, 0x00, 0x00, 0x00, 0x18, 0x00, 
	0x20, 0x42, 0x28, 0x43, 0x40, 0x85, 0x50, 0x85, 
	0x51, 0x48, 0x61, 0xcb, 0xa2, 0xcb, 0xdb, 0xcf, 
	0xec, 0x51, 0xfd, 0x15, 0xfd, 0x99, 0xfd, 0x59, 
	0xfc, 0xd3, 0xaa, 0x4d, 0x79, 0x8b, 0x61, 0x06, 
	0x40, 0x80, 0x00, 0x00, 0x00, 0x00, 0x00, 0x00, 
	0x00, 0x00, 0x00, 0x00, 0x00, 0x00, 0x00, 0x00, 
	0x00, 0x00, 0x00, 0x00, 0x00, 0x00, 0x00, 0x00, 
	0x00, 0x00, 0x00, 0x00, 0x00, 0x00, 0x00, 0x00, 
	0x28, 0x42, 0x30, 0x42, 0x38, 0x43, 0x48, 0x85, 
	0x59, 0x48, 0x61, 0xcb, 0x9a, 0x8b, 0xe4, 0x0f, 
	0xf4, 0x51, 0xfc, 0x93, 0xfd, 0x59, 0xfd, 0x57, 
	0xfc, 0x93, 0xb2, 0x8d, 0x9a, 0x0c, 0x79, 0x8a, 
	0x00, 0x00, 0x00, 0x00, 0x00, 0x00, 0x00, 0x00, 
	0x00, 0x00, 0x00, 0x00, 0x00, 0x00, 0x00, 0x00, 
	0x00, 0x00, 0x00, 0x00, 0x00, 0x00, 0x00, 0x00, 
	0x00, 0x00, 0x00, 0x00, 0x00, 0x00, 0x00, 0x00, 
	0x00, 0x00, 0x30, 0x84, 0x30, 0x85, 0x50, 0x85, 
	0x61, 0xca, 0x61, 0xcb, 0x9a, 0x8d, 0xdc, 0x0f, 
	0xf4, 0x93, 0xfd, 0x15, 0xfd, 0x17, 0xd3, 0x8f, 
	0xd3, 0x4d, 0xaa, 0x4d, 0xaa, 0x4c, 0x00, 0x00, 
	0x00, 0x00, 0x00, 0x00, 0x00, 0x00, 0x00, 0x00, 
	0x00, 0x00, 0x00, 0x00, 0x00, 0x00, 0x00, 0x00, 
	0x00, 0x00, 0x00, 0x00, 0x00, 0x00, 0x00, 0x00, 
	0x00, 0x00, 0x00, 0x00, 0x00, 0x00, 0x00, 0x00, 
	0x00, 0x00, 0x30, 0x84, 0x30, 0x84, 0x50, 0x84, 
	0x61, 0xcc, 0x61, 0xcd, 0x92, 0x8d, 0xcb, 0x8f, 
	0xec, 0x53, 0xfd, 0x17, 0xf4, 0x95, 0x91, 0xc9, 
	0x99, 0xc9, 0x91, 0x8b, 0x91, 0x8a, 0x00, 0x00, 
	0x00, 0x00, 0x00, 0x00, 0x00, 0x00, 0x00, 0x00, 
	0x00, 0x00, 0x00, 0x00, 0x00, 0x00, 0x00, 0x00, 
	0x00, 0x00, 0x00, 0x00, 0x00, 0x00, 0x00, 0x00, 
	0x00, 0x00, 0x00, 0x00, 0x00, 0x00, 0x00, 0x00, 
	0x00, 0x00, 0x00, 0x00, 0x00, 0x00, 0x00, 0x00, 
	0x6a, 0x0a, 0x6a, 0x0b, 0x9a, 0xcd, 0xbb, 0x8f, 
	0xdc, 0x53, 0xec, 0x53, 0x89, 0x89, 0x68, 0x85, 
	0x79, 0x07, 0x89, 0x4b, 0x89, 0x4a, 0x00, 0x00, 
	0x00, 0x00, 0x00, 0x00, 0x00, 0x00, 0x00, 0x00, 
	0x00, 0x00, 0x00, 0x00, 0x00, 0x00, 0x00, 0x00, 
	0x00, 0x00, 0x00, 0x00, 0x00, 0x00, 0x00, 0x00, 
	0x00, 0x00, 0x00, 0x00, 0x00, 0x00, 0x00, 0x00, 
	0x00, 0x00, 0x00, 0x00, 0x00, 0x00, 0x00, 0x00, 
	0x6a, 0x0a, 0x6a, 0x0b, 0x9a, 0xcb, 0xbb, 0x8f, 
	0xe4, 0x53, 0xec, 0x11, 0x79, 0x47, 0x60, 0x85, 
	0x70, 0xc7, 0x89, 0x4b, 0x89, 0x4a, 0x00, 0x00, 
	0x00, 0x00, 0x00, 0x00, 0x00, 0x00, 0x00, 0x00, 
	0x00, 0x00, 0x00, 0x00, 0x00, 0x00, 0x00, 0x00, 
	0x00, 0x00, 0x00, 0x00, 0x00, 0x00, 0x00, 0x00, 
	0x00, 0x00, 0x00, 0x00, 0x00, 0x00, 0x00, 0x00, 
	0x00, 0x00, 0x00, 0x00, 0x00, 0x00, 0x00, 0x00, 
	0x61, 0xca, 0x61, 0xcb, 0xa2, 0xcd, 0xd3, 0xcf, 
	0xec, 0x93, 0xdb, 0xcf, 0x58, 0x85, 0x48, 0x85, 
	0x60, 0xc7, 0x81, 0x4b, 0x81, 0x4a, 0x00, 0x00, 
	0x00, 0x00, 0x00, 0x00, 0x00, 0x00, 0x00, 0x00, 
	0x00, 0x00, 0x00, 0x00, 0x00, 0x00, 0x00, 0x00, 
	0x00, 0x00, 0x00, 0x00, 0x00, 0x00, 0x00, 0x00, 
	0x00, 0x00, 0x00, 0x00, 0x00, 0x00, 0x00, 0x00, 
	0x00, 0x00, 0x00, 0x00, 0x00, 0x00, 0x00, 0x00, 
	0x59, 0xca, 0x59, 0xcb, 0x92, 0x8d, 0xcb, 0xd1, 
	0xe4, 0x53, 0xf4, 0x93, 0x81, 0x47, 0x50, 0x85, 
	0x58, 0xc7, 0x71, 0x4b, 0x71, 0x4a, 0x00, 0x00, 
	0x00, 0x00, 0x00, 0x00, 0x00, 0x00, 0x00, 0x00, 
	0x00, 0x00, 0x00, 0x00, 0x00, 0x00, 0x00, 0x00, 
	0x00, 0x00, 0x00, 0x00, 0x00, 0x00, 0x00, 0x00, 
	0x00, 0x00, 0x00, 0x00, 0x00, 0x00, 0x00, 0x00, 
	0x00, 0x00, 0x00, 0x00, 0x00, 0x00, 0x00, 0x00, 
	0x59, 0xca, 0x59, 0xcb, 0x8a, 0x4b, 0xbb, 0x4f, 
	0xdc, 0x13, 0xe3, 0xcf, 0x69, 0x05, 0x50, 0x85, 
	0x60, 0xc7, 0x81, 0x4b, 0x81, 0x4a, 0x00, 0x00, 
	0x00, 0x00, 0x00, 0x00, 0x00, 0x00, 0x00, 0x00, 
	0x00, 0x00, 0x00, 0x00, 0x00, 0x00, 0x00, 0x00, 
	0x00, 0x00, 0x00, 0x00, 0x00, 0x00, 0x00, 0x00, 
	0x00, 0x00, 0x00, 0x00, 0x00, 0x00, 0x00, 0x00, 
	0x00, 0x00, 0x00, 0x00, 0x00, 0x00, 0x00, 0x00, 
	0x59, 0xca, 0x59, 0xcb, 0x69, 0xcb, 0x82, 0x4b, 
	0xa2, 0xcb, 0xc3, 0x0b, 0x81, 0x87, 0x48, 0x43, 
	0x50, 0x85, 0x71, 0x4b, 0x71, 0x4a, 0x00, 0x00, 
	0x00, 0x00, 0x00, 0x00, 0x00, 0x00, 0x00, 0x00, 
	0x00, 0x00, 0x00, 0x00, 0x00, 0x00, 0x00, 0x00, 
	0x00, 0x00, 0x00, 0x00, 0x00, 0x00, 0x00, 0x00, 
	0x00, 0x00, 0x00, 0x00, 0x00, 0x00, 0x00, 0x00, 
	0x00, 0x00, 0x00, 0x00, 0x00, 0x00, 0x00, 0x00, 
	0x59, 0xca, 0x39, 0x06, 0x10, 0x43, 0x49, 0x47, 
	0x51, 0x47, 0x38, 0xc5, 0x40, 0xc5, 0x20, 0x43, 
	0x28, 0x43, 0x30, 0x85, 0x30, 0x84, 0x00, 0x00, 
	0x00, 0x00, 0x00, 0x00, 0x00, 0x00, 0x00, 0x00, 
	0x00, 0x00, 0x00, 0x00, 0x00, 0x00, 0x00, 0x00, 
	0x00, 0x00, 0x00, 0x00, 0x00, 0x00, 0x00, 0x00, 
	0x00, 0x00, 0x00, 0x00, 0x00, 0x00, 0x00, 0x00, 
	0x00, 0x00, 0x00, 0x00, 0x00, 0x00, 0x00, 0x00, 
	0x00, 0x00, 0x10, 0x42, 0x10, 0x42, 0x49, 0x46, 
	0x51, 0x46, 0x38, 0xc4, 0x40, 0xc4, 0x20, 0x42, 
	0x28, 0x42, 0x30, 0x84, 0x30, 0x84, 0x00, 0x00, 
	0x00, 0x00, 0x00, 0x00, 0x00, 0x00, 0x00, 0x00, 
	0x00, 0x00, 0x00, 0x00, 0x00, 0x00, 0x00, 0x00, 
	0x00, 0x00, 0x00, 0x00, 0x00, 0x00, 0x00, 0x00, 
	0x00, 0x00, 0x00, 0x00, 0x00, 0x00, 0x00, 0x00, 
	0x00, 0x00, 0x00, 0x00, 0x00, 0x00, 0x00, 0x00, 
	0x00, 0x00, 0x00, 0x00, 0x00, 0x00, 0x00, 0x00, 
	0x00, 0x00, 0x00, 0x00, 0x00, 0x00, 0x00, 0x00, 
	0x00, 0x00, 0x00, 0x00, 0x00, 0x00, 0x00, 0x00, 
	0x00, 0x00, 0x00, 0x00, 0x00, 0x00, 0x00, 0x00, 
	0x00, 0x00, 0x00, 0x00, 0x00, 0x00, 0x00, 0x00, 
	0x00, 0x00, 0x00, 0x00, 0x00, 0x00, 0x00, 0x00, 
	0x00, 0x00, 0x00, 0x00, 0x00, 0x00, 0x00, 0x00, 
	0x00, 0x00, 0x00, 0x00, 0x00, 0x00, 0x00, 0x00, 
	
};

Gfx mario_custom_mario_metal_wing_tip_shade_rgba16_aligner[] = {gsSPEndDisplayList()};
u8 mario_custom_mario_metal_wing_tip_shade_rgba16[] = {
	0x00, 0x00, 0x00, 0x00, 0x00, 0x00, 0x00, 0x00, 
	0x00, 0x00, 0x00, 0x00, 0x00, 0x00, 0x00, 0x00, 
	0x00, 0x00, 0x00, 0x00, 0x00, 0x00, 0x00, 0x00, 
	0x00, 0x00, 0x00, 0x00, 0x00, 0x00, 0x00, 0x00, 
	0x00, 0x00, 0x00, 0x00, 0x00, 0x00, 0x00, 0x00, 
	0x00, 0x00, 0x00, 0x00, 0x00, 0x00, 0x00, 0x00, 
	0x00, 0x00, 0x00, 0x00, 0x00, 0x00, 0x00, 0x00, 
	0x00, 0x00, 0x00, 0x00, 0x00, 0x00, 0x00, 0x00, 
	0x00, 0x00, 0x00, 0x00, 0x00, 0x00, 0x00, 0x00, 
	0x00, 0x00, 0x00, 0x00, 0x00, 0x00, 0x00, 0x00, 
	0x00, 0x00, 0x00, 0x00, 0x00, 0x00, 0x00, 0x00, 
	0x00, 0x00, 0x00, 0x00, 0x00, 0x00, 0x00, 0x00, 
	0x00, 0x00, 0x00, 0x00, 0x00, 0x00, 0x00, 0x00, 
	0x00, 0x00, 0x00, 0x00, 0x00, 0x00, 0x00, 0x00, 
	0x00, 0x00, 0x00, 0x00, 0x00, 0x00, 0x00, 0x00, 
	0x00, 0x00, 0x00, 0x00, 0x00, 0x00, 0x00, 0x00, 
	0x00, 0x00, 0x00, 0x00, 0x00, 0x00, 0x00, 0x00, 
	0x00, 0x00, 0x00, 0x00, 0x00, 0x00, 0x00, 0x00, 
	0x00, 0x00, 0x00, 0x00, 0x00, 0x00, 0x00, 0x00, 
	0x00, 0x00, 0x00, 0x00, 0x00, 0x00, 0x00, 0x00, 
	0x00, 0x00, 0x00, 0x00, 0x00, 0x00, 0x00, 0x00, 
	0x00, 0x00, 0x00, 0x00, 0x00, 0x00, 0x00, 0x00, 
	0x00, 0x00, 0x00, 0x00, 0x00, 0x00, 0x00, 0x00, 
	0x00, 0x00, 0x00, 0x00, 0x00, 0x00, 0x00, 0x00, 
	0x00, 0x00, 0x00, 0x00, 0x00, 0x00, 0x00, 0x00, 
	0x00, 0x00, 0x00, 0x00, 0x00, 0x00, 0x00, 0x00, 
	0x00, 0x00, 0x00, 0x00, 0x00, 0x00, 0x00, 0x00, 
	0x00, 0x00, 0x00, 0x00, 0x00, 0x00, 0x00, 0x00, 
	0x00, 0x00, 0x00, 0x00, 0x00, 0x00, 0x00, 0x00, 
	0x00, 0x00, 0x00, 0x00, 0x00, 0x00, 0x00, 0x00, 
	0x00, 0x00, 0x00, 0x00, 0x00, 0x00, 0x00, 0x00, 
	0x00, 0x00, 0x00, 0x00, 0x00, 0x00, 0x00, 0x00, 
	0x00, 0x00, 0x00, 0x00, 0x00, 0x00, 0x00, 0x00, 
	0x00, 0x00, 0x00, 0x00, 0x00, 0x00, 0x00, 0x00, 
	0x00, 0x00, 0x00, 0x00, 0x00, 0x00, 0x00, 0x00, 
	0x00, 0x00, 0x00, 0x00, 0x00, 0x00, 0x00, 0x00, 
	0x00, 0x00, 0x00, 0x00, 0x00, 0x00, 0x00, 0x00, 
	0x00, 0x00, 0x00, 0x00, 0x00, 0x00, 0x00, 0x00, 
	0x00, 0x00, 0x00, 0x00, 0x00, 0x00, 0x00, 0x00, 
	0x00, 0x00, 0x00, 0x00, 0x00, 0x00, 0x00, 0x00, 
	0x00, 0x00, 0x00, 0x00, 0x71, 0x4a, 0x71, 0x4a, 
	0x69, 0x08, 0x69, 0x4a, 0x61, 0x08, 0x61, 0x08, 
	0x69, 0x4a, 0x69, 0x08, 0x69, 0x08, 0x59, 0x08, 
	0x61, 0x08, 0x61, 0x4a, 0x61, 0x08, 0x69, 0x8c, 
	0x59, 0x08, 0x71, 0x4a, 0x92, 0x94, 0x92, 0x94, 
	0x00, 0x00, 0x00, 0x00, 0x00, 0x00, 0x00, 0x00, 
	0x00, 0x00, 0x00, 0x00, 0x00, 0x00, 0x00, 0x00, 
	0x00, 0x00, 0x00, 0x00, 0x00, 0x00, 0x00, 0x00, 
	0x81, 0x8c, 0x71, 0x08, 0x69, 0x08, 0x71, 0x4b, 
	0x69, 0x09, 0x69, 0x4b, 0x61, 0x09, 0x61, 0x09, 
	0x69, 0x4b, 0x69, 0x09, 0x69, 0x09, 0x59, 0x09, 
	0x61, 0x09, 0x61, 0x4b, 0x61, 0x09, 0x69, 0x8d, 
	0x59, 0x09, 0x71, 0x4b, 0x92, 0x95, 0x79, 0xce, 
	0x60, 0xc6, 0x69, 0x08, 0x69, 0x08, 0x71, 0x8c, 
	0x71, 0x8c, 0x00, 0x00, 0x00, 0x00, 0x00, 0x00, 
	0x00, 0x00, 0x00, 0x00, 0x00, 0x00, 0x81, 0x8c, 
	0x81, 0x8d, 0x71, 0x09, 0x69, 0x09, 0x60, 0xc7, 
	0x58, 0xc7, 0x50, 0x85, 0x50, 0x85, 0x50, 0x85, 
	0x50, 0x85, 0x58, 0x85, 0x58, 0x85, 0x58, 0x85, 
	0x58, 0x85, 0x50, 0x85, 0x50, 0x85, 0x50, 0x85, 
	0x50, 0x85, 0x60, 0xc7, 0x60, 0xc7, 0x60, 0xc7, 
	0x60, 0xc7, 0x69, 0x09, 0x69, 0x09, 0x71, 0x8d, 
	0x61, 0x4a, 0x59, 0x08, 0x82, 0x52, 0x82, 0x52, 
	0x00, 0x00, 0x00, 0x00, 0x00, 0x00, 0x81, 0x8c, 
	0x68, 0xc7, 0x60, 0x85, 0x58, 0x85, 0x58, 0x43, 
	0x58, 0x85, 0x48, 0x43, 0x40, 0x43, 0x40, 0x43, 
	0x40, 0x43, 0x48, 0x43, 0x48, 0x43, 0x48, 0x43, 
	0x50, 0x43, 0x48, 0x43, 0x40, 0x43, 0x40, 0x43, 
	0x48, 0x43, 0x50, 0x43, 0x50, 0x85, 0x58, 0x85, 
	0x58, 0x85, 0x58, 0x85, 0x50, 0x85, 0x50, 0xc7, 
	0x58, 0xc7, 0x59, 0x09, 0x82, 0x53, 0x69, 0x8c, 
	0x50, 0xc6, 0x00, 0x00, 0x00, 0x00, 0x68, 0xc6, 
	0x60, 0x85, 0x58, 0x85, 0x50, 0x85, 0x48, 0x83, 
	0x38, 0x83, 0x38, 0x83, 0x30, 0x41, 0x30, 0x81, 
	0x30, 0x83, 0x38, 0x83, 0x38, 0x83, 0x30, 0x81, 
	0x38, 0x83, 0x30, 0x81, 0x38, 0x81, 0x38, 0x81, 
	0x40, 0x83, 0x40, 0x83, 0x38, 0x43, 0x38, 0x43, 
	0x38, 0x43, 0x38, 0x43, 0x38, 0x43, 0x38, 0x43, 
	0x40, 0x43, 0x48, 0x85, 0x48, 0x85, 0x50, 0xc7, 
	0x48, 0x84, 0x48, 0x42, 0x00, 0x00, 0x60, 0x84, 
	0x60, 0x85, 0x50, 0x83, 0x40, 0x83, 0x40, 0x83, 
	0x48, 0x81, 0x48, 0x81, 0x48, 0x81, 0x48, 0x81, 
	0x48, 0x81, 0x48, 0x81, 0x48, 0x81, 0x40, 0x81, 
	0x40, 0x81, 0x48, 0x81, 0x48, 0xc1, 0x58, 0xc1, 
	0x69, 0x01, 0x50, 0xc1, 0x48, 0xc1, 0x48, 0xc1, 
	0x50, 0xc1, 0x38, 0x83, 0x18, 0x43, 0x20, 0x43, 
	0x28, 0x43, 0x30, 0x43, 0x38, 0x43, 0x40, 0x43, 
	0x48, 0x43, 0x48, 0x42, 0x00, 0x00, 0x60, 0x84, 
	0x48, 0x83, 0x40, 0x81, 0x40, 0x81, 0x48, 0x81, 
	0x50, 0xc1, 0x50, 0xc1, 0x50, 0xc1, 0x48, 0xc1, 
	0x48, 0x81, 0x48, 0x81, 0x48, 0x81, 0x48, 0xc1, 
	0x48, 0xc1, 0x48, 0xc1, 0x48, 0x81, 0x50, 0xc1, 
	0x58, 0xc1, 0x50, 0xc1, 0x48, 0xc1, 0x48, 0xc1, 
	0x50, 0xc3, 0x38, 0x83, 0x28, 0x42, 0x20, 0x42, 
	0x28, 0x42, 0x30, 0x42, 0x38, 0x42, 0x40, 0x42, 
	0x48, 0x42, 0x48, 0x42, 0x00, 0x00, 0x48, 0x82, 
	0x48, 0xc1, 0x50, 0xc1, 0x50, 0xc1, 0x50, 0xc1, 
	0x58, 0xc1, 0x50, 0xc1, 0x58, 0xc1, 0x58, 0xc1, 
	0x48, 0xc1, 0x48, 0x81, 0x48, 0x81, 0x48, 0x81, 
	0x48, 0xc1, 0x48, 0x81, 0x48, 0xc1, 0x50, 0xc1, 
	0x58, 0xc1, 0x58, 0xc1, 0x60, 0xc3, 0x50, 0xc1, 
	0x30, 0x85, 0x38, 0x82, 0x38, 0x82, 0x00, 0x00, 
	0x00, 0x00, 0x00, 0x00, 0x00, 0x00, 0x00, 0x00, 
	0x00, 0x00, 0x00, 0x00, 0x00, 0x00, 0x48, 0xc0, 
	0x58, 0xc1, 0x58, 0xc1, 0x50, 0xc1, 0x60, 0xc1, 
	0x61, 0x01, 0x58, 0xc1, 0x60, 0xc1, 0x58, 0xc1, 
	0x50, 0xc1, 0x50, 0xc1, 0x48, 0xc1, 0x48, 0xc1, 
	0x50, 0xc1, 0x50, 0xc3, 0x58, 0xc1, 0x58, 0xc1, 
	0x69, 0x03, 0xb2, 0xc9, 0x92, 0x05, 0x61, 0x03, 
	0x48, 0xc2, 0x30, 0x84, 0x00, 0x00, 0x00, 0x00, 
	0x00, 0x00, 0x00, 0x00, 0x00, 0x00, 0x00, 0x00, 
	0x00, 0x00, 0x00, 0x00, 0x00, 0x00, 0x58, 0xc0, 
	0x50, 0xc1, 0x50, 0xc1, 0x58, 0xc1, 0x60, 0xc1, 
	0x60, 0xc1, 0x58, 0xc1, 0x60, 0xc1, 0x60, 0xc1, 
	0x61, 0x01, 0x60, 0xc1, 0x50, 0xc1, 0x48, 0xc1, 
	0x48, 0xc1, 0x50, 0xc1, 0x69, 0x01, 0x71, 0x43, 
	0xa2, 0x07, 0xec, 0x0d, 0xfd, 0x11, 0xb3, 0x0a, 
	0x61, 0x02, 0x00, 0x00, 0x00, 0x00, 0x00, 0x00, 
	0x00, 0x00, 0x00, 0x00, 0x00, 0x00, 0x00, 0x00, 
	0x00, 0x00, 0x00, 0x00, 0x00, 0x00, 0x50, 0xc0, 
	0x48, 0x81, 0x48, 0xc1, 0x48, 0xc1, 0x50, 0xc1, 
	0x58, 0xc1, 0x58, 0xc1, 0x58, 0xc1, 0x58, 0xc1, 
	0x69, 0x01, 0x69, 0x01, 0x60, 0xc1, 0x58, 0xc1, 
	0x50, 0xc1, 0x58, 0xc1, 0x89, 0x85, 0xba, 0xc9, 
	0x89, 0xc5, 0xb2, 0x87, 0xdb, 0xcc, 0xfd, 0x10, 
	0x00, 0x00, 0x00, 0x00, 0x00, 0x00, 0x00, 0x00, 
	0x00, 0x00, 0x00, 0x00, 0x00, 0x00, 0x00, 0x00, 
	0x00, 0x00, 0x00, 0x00, 0x00, 0x00, 0x48, 0x80, 
	0x48, 0x81, 0x48, 0xc3, 0x50, 0xc1, 0x50, 0xc1, 
	0x58, 0xc1, 0x58, 0xc1, 0x61, 0x01, 0x69, 0x01, 
	0x69, 0x01, 0x69, 0x01, 0x60, 0xc1, 0x58, 0xc1, 
	0x61, 0x01, 0x79, 0x43, 0xb2, 0xc9, 0xd3, 0x8b, 
	0xdb, 0x8d, 0xc3, 0x0a, 0xb2, 0x86, 0x00, 0x00, 
	0x00, 0x00, 0x00, 0x00, 0x00, 0x00, 0x00, 0x00, 
	0x00, 0x00, 0x00, 0x00, 0x00, 0x00, 0x00, 0x00, 
	0x00, 0x00, 0x00, 0x00, 0x00, 0x00, 0x48, 0x80, 
	0x48, 0xc1, 0x50, 0xc1, 0x58, 0xc1, 0x60, 0xc1, 
	0x58, 0xc1, 0x58, 0xc1, 0x61, 0x01, 0x69, 0x01, 
	0x69, 0x01, 0x60, 0xc1, 0x58, 0xc1, 0x58, 0xc1, 
	0x58, 0xc1, 0x60, 0xc1, 0x89, 0xc5, 0xe3, 0xcd, 
	0xfc, 0x91, 0xfc, 0x90, 0x00, 0x00, 0x00, 0x00, 
	0x00, 0x00, 0x00, 0x00, 0x00, 0x00, 0x00, 0x00, 
	0x00, 0x00, 0x00, 0x00, 0x00, 0x00, 0x00, 0x00, 
	0x00, 0x00, 0x00, 0x00, 0x00, 0x00, 0x48, 0xc0, 
	0x50, 0xc1, 0x58, 0xc1, 0x60, 0xc1, 0x69, 0x01, 
	0x58, 0xc1, 0x50, 0xc1, 0x61, 0x01, 0x69, 0x01, 
	0x69, 0x01, 0x61, 0x01, 0x58, 0xc1, 0x50, 0xc1, 
	0x58, 0xc1, 0x50, 0xc1, 0x60, 0xc1, 0x79, 0x83, 
	0xbb, 0x0a, 0xfc, 0x90, 0x00, 0x00, 0x00, 0x00, 
	0x00, 0x00, 0x00, 0x00, 0x00, 0x00, 0x00, 0x00, 
	0x00, 0x00, 0x00, 0x00, 0x00, 0x00, 0x00, 0x00, 
	0x00, 0x00, 0x00, 0x00, 0x00, 0x00, 0x50, 0xc0, 
	0x60, 0xc1, 0x69, 0x01, 0x71, 0x43, 0x69, 0x01, 
	0x61, 0x01, 0x50, 0xc1, 0x61, 0x01, 0x58, 0xc1, 
	0x58, 0xc1, 0x60, 0xc1, 0x58, 0xc1, 0x58, 0xc1, 
	0x60, 0xc1, 0x58, 0xc1, 0x58, 0xc1, 0x60, 0xc1, 
	0x60, 0xc0, 0x00, 0x00, 0x00, 0x00, 0x00, 0x00, 
	0x00, 0x00, 0x00, 0x00, 0x00, 0x00, 0x00, 0x00, 
	0x00, 0x00, 0x00, 0x00, 0x00, 0x00, 0x00, 0x00, 
	0x00, 0x00, 0x00, 0x00, 0x00, 0x00, 0x60, 0xc0, 
	0x89, 0x85, 0x69, 0x01, 0x89, 0x85, 0x91, 0xc5, 
	0xba, 0xc9, 0x71, 0x43, 0x69, 0x01, 0x50, 0xc1, 
	0x60, 0xc1, 0x69, 0x01, 0x61, 0x01, 0xba, 0xc9, 
	0xaa, 0x47, 0x81, 0x85, 0x69, 0x03, 0x71, 0x01, 
	0x71, 0x00, 0x00, 0x00, 0x00, 0x00, 0x00, 0x00, 
	0x00, 0x00, 0x00, 0x00, 0x00, 0x00, 0x00, 0x00, 
	0x00, 0x00, 0x00, 0x00, 0x00, 0x00, 0x00, 0x00, 
	0x00, 0x00, 0x00, 0x00, 0x00, 0x00, 0x89, 0x84, 
	0xba, 0xc9, 0xaa, 0x89, 0xba, 0xc9, 0xcb, 0x4b, 
	0xdb, 0x8d, 0xd3, 0x4b, 0x81, 0x85, 0x69, 0x43, 
	0xb2, 0x89, 0x81, 0x85, 0xcb, 0x4b, 0xfc, 0xd3, 
	0xfc, 0x91, 0xfc, 0x91, 0xf4, 0x4f, 0xb2, 0xc8, 
	0x71, 0x00, 0x00, 0x00, 0x00, 0x00, 0x00, 0x00, 
	0x00, 0x00, 0x00, 0x00, 0x00, 0x00, 0x00, 0x00, 
	0x00, 0x00, 0x00, 0x00, 0x00, 0x00, 0x00, 0x00, 
	0x00, 0x00, 0x00, 0x00, 0x00, 0x00, 0xba, 0xc8, 
	0xb2, 0x8b, 0xaa, 0x8b, 0x91, 0xc9, 0xdb, 0xcf, 
	0xe4, 0x11, 0xf4, 0x51, 0xd3, 0x8d, 0x89, 0xc5, 
	0xfc, 0x91, 0xe4, 0x0f, 0xec, 0x51, 0xe4, 0x0f, 
	0xec, 0x51, 0xf4, 0x93, 0xfc, 0xd3, 0xfc, 0xd2, 
	0x00, 0x00, 0x00, 0x00, 0x00, 0x00, 0x00, 0x00, 
	0x00, 0x00, 0x00, 0x00, 0x00, 0x00, 0x00, 0x00, 
	0x00, 0x00, 0x00, 0x00, 0x00, 0x00, 0x00, 0x00, 
	0x00, 0x00, 0x00, 0x00, 0x00, 0x00, 0xb2, 0x8a, 
	0x48, 0x43, 0x48, 0x43, 0x48, 0x43, 0x48, 0x85, 
	0x69, 0x07, 0x9a, 0x09, 0xb2, 0x8b, 0xb2, 0xc9, 
	0xf4, 0x51, 0xe4, 0x0f, 0xdb, 0xcf, 0xd3, 0xcf, 
	0xd3, 0xcf, 0xdc, 0x11, 0xdc, 0x11, 0xdc, 0x10, 
	0x00, 0x00, 0x00, 0x00, 0x00, 0x00, 0x00, 0x00, 
	0x00, 0x00, 0x00, 0x00, 0x00, 0x00, 0x00, 0x00, 
	0x00, 0x00, 0x00, 0x00, 0x00, 0x00, 0x00, 0x00, 
	0x00, 0x00, 0x00, 0x00, 0x00, 0x00, 0x48, 0x42, 
	0x30, 0x43, 0x69, 0x45, 0x61, 0x45, 0x40, 0x83, 
	0x40, 0x43, 0x48, 0x43, 0x58, 0x85, 0x69, 0x05, 
	0x9a, 0x09, 0xbb, 0x0b, 0xcb, 0x8d, 0xd3, 0xcf, 
	0xd3, 0xcf, 0xd3, 0xcf, 0xdb, 0xcf, 0xdb, 0xce, 
	0x00, 0x00, 0x00, 0x00, 0x00, 0x00, 0x00, 0x00, 
	0x00, 0x00, 0x00, 0x00, 0x00, 0x00, 0x00, 0x00, 
	0x00, 0x00, 0x00, 0x00, 0x00, 0x00, 0x00, 0x00, 
	0x00, 0x00, 0x00, 0x00, 0x00, 0x00, 0x30, 0x42, 
	0x59, 0x03, 0xdb, 0x8b, 0xec, 0x0f, 0xc3, 0x4b, 
	0xa2, 0x89, 0x92, 0x47, 0x40, 0x83, 0x38, 0x43, 
	0x40, 0x43, 0x48, 0x85, 0x69, 0x47, 0x9a, 0x49, 
	0xc3, 0x4d, 0xd3, 0xcf, 0xe4, 0x53, 0xe4, 0x10, 
	0xe3, 0xce, 0x00, 0x00, 0x00, 0x00, 0x00, 0x00, 
	0x00, 0x00, 0x00, 0x00, 0x00, 0x00, 0x00, 0x00, 
	0x00, 0x00, 0x00, 0x00, 0x00, 0x00, 0x00, 0x00, 
	0x00, 0x00, 0x00, 0x00, 0x00, 0x00, 0x59, 0x02, 
	0x58, 0xc1, 0xaa, 0x87, 0xfc, 0x91, 0xfc, 0xd1, 
	0xfc, 0x91, 0xfc, 0x91, 0xaa, 0x89, 0x92, 0x07, 
	0x81, 0xc7, 0x50, 0xc3, 0x40, 0x43, 0x48, 0x43, 
	0x69, 0x05, 0xa2, 0x8b, 0xd3, 0xd5, 0xe3, 0xcf, 
	0x9a, 0x4a, 0x58, 0xc6, 0x00, 0x00, 0x00, 0x00, 
	0x00, 0x00, 0x00, 0x00, 0x00, 0x00, 0x00, 0x00, 
	0x00, 0x00, 0x00, 0x00, 0x00, 0x00, 0x00, 0x00, 
	0x00, 0x00, 0x00, 0x00, 0x00, 0x00, 0x58, 0xc0, 
	0xcb, 0x4b, 0xf4, 0x4f, 0xf4, 0x4f, 0xf4, 0x4f, 
	0xf4, 0x91, 0xfc, 0xd3, 0xfc, 0x8f, 0xfc, 0xd1, 
	0xf4, 0x4f, 0xdb, 0xcd, 0xc3, 0x4b, 0x79, 0xc7, 
	0x40, 0x83, 0x40, 0x43, 0x79, 0xcd, 0x69, 0x09, 
	0x58, 0xc7, 0x50, 0xc6, 0x50, 0x84, 0x00, 0x00, 
	0x00, 0x00, 0x00, 0x00, 0x00, 0x00, 0x00, 0x00, 
	0x00, 0x00, 0x00, 0x00, 0x00, 0x00, 0x00, 0x00, 
	0x00, 0x00, 0x00, 0x00, 0x00, 0x00, 0xcb, 0x4a, 
	0xec, 0x0f, 0xfc, 0x91, 0xec, 0x4f, 0xec, 0x0f, 
	0xf4, 0x4f, 0xf4, 0x4f, 0xfc, 0x91, 0xfc, 0xd1, 
	0xf4, 0x4f, 0xf4, 0x4f, 0xfc, 0x91, 0xec, 0x0f, 
	0xc3, 0x0b, 0x61, 0x45, 0x38, 0x43, 0x48, 0x43, 
	0x50, 0x85, 0x50, 0x85, 0x50, 0x84, 0x58, 0x84, 
	0x58, 0x84, 0x00, 0x00, 0x00, 0x00, 0x00, 0x00, 
	0x00, 0x00, 0x00, 0x00, 0x00, 0x00, 0x00, 0x00, 
	0x00, 0x00, 0x00, 0x00, 0x00, 0x00, 0xec, 0x0e, 
	0xec, 0x4f, 0xdc, 0x0f, 0xdb, 0xcf, 0xdb, 0xcf, 
	0xec, 0x4f, 0xf4, 0x4f, 0xfc, 0x91, 0xf4, 0x8f, 
	0xe4, 0x0f, 0xec, 0x0f, 0xec, 0x0d, 0xe4, 0x0d, 
	0xec, 0x0d, 0xcb, 0x4b, 0x18, 0x43, 0x20, 0x43, 
	0x30, 0x43, 0x40, 0x85, 0x48, 0x85, 0x58, 0x85, 
	0x58, 0x84, 0x00, 0x00, 0x00, 0x00, 0x00, 0x00, 
	0x00, 0x00, 0x00, 0x00, 0x00, 0x00, 0x00, 0x00, 
	0x00, 0x00, 0x00, 0x00, 0x00, 0x00, 0xec, 0x4e, 
	0xd3, 0xcd, 0xd3, 0xcd, 0xdb, 0xcd, 0xe4, 0x0f, 
	0xec, 0x4f, 0xfc, 0x91, 0xfc, 0x8f, 0xf4, 0x8f, 
	0xd3, 0x8d, 0xd3, 0x8b, 0xdb, 0xcc, 0xe4, 0x0c, 
	0xec, 0x0c, 0xcb, 0x4a, 0x18, 0x42, 0x20, 0x42, 
	0x20, 0x42, 0x08, 0x01, 0x60, 0xc7, 0x40, 0x43, 
	0x40, 0x42, 0x00, 0x00, 0x00, 0x00, 0x00, 0x00, 
	0x00, 0x00, 0x00, 0x00, 0x00, 0x00, 0x00, 0x00, 
	0x00, 0x00, 0x00, 0x00, 0x00, 0x00, 0xd3, 0xcc, 
	0xec, 0x0f, 0xec, 0x0f, 0xf4, 0x8f, 0xfc, 0xd1, 
	0xf4, 0x4f, 0xfc, 0x91, 0xfc, 0x8f, 0xe3, 0xcd, 
	0xdb, 0xcc, 0xd3, 0x8a, 0xd3, 0x8a, 0x00, 0x00, 
	0x00, 0x00, 0x00, 0x00, 0x00, 0x00, 0x00, 0x00, 
	0x08, 0x00, 0x08, 0x00, 0x60, 0xc6, 0x40, 0x42, 
	0x40, 0x42, 0x00, 0x00, 0x00, 0x00, 0x00, 0x00, 
	0x00, 0x00, 0x00, 0x00, 0x00, 0x00, 0x00, 0x00, 
	0x00, 0x00, 0x00, 0x00, 0x00, 0x00, 0xec, 0x0e, 
	0xfc, 0x91, 0xfc, 0x91, 0xfc, 0x91, 0xec, 0x4f, 
	0x9a, 0x47, 0xba, 0xc9, 0xfd, 0x11, 0xf4, 0x8e, 
	0xe3, 0xcc, 0x00, 0x00, 0x00, 0x00, 0x00, 0x00, 
	0x00, 0x00, 0x00, 0x00, 0x00, 0x00, 0x00, 0x00, 
	0x00, 0x00, 0x00, 0x00, 0x00, 0x00, 0x00, 0x00, 
	0x00, 0x00, 0x00, 0x00, 0x00, 0x00, 0x00, 0x00, 
	0x00, 0x00, 0x00, 0x00, 0x00, 0x00, 0x00, 0x00, 
	0x00, 0x00, 0x00, 0x00, 0x00, 0x00, 0xfc, 0x90, 
	0xe4, 0x0f, 0xfc, 0xd1, 0xfc, 0x91, 0xfc, 0x91, 
	0xa2, 0x47, 0xb2, 0x88, 0xfd, 0x10, 0xfd, 0x10, 
	0x00, 0x00, 0x00, 0x00, 0x00, 0x00, 0x00, 0x00, 
	0x00, 0x00, 0x00, 0x00, 0x00, 0x00, 0x00, 0x00, 
	0x00, 0x00, 0x00, 0x00, 0x00, 0x00, 0x00, 0x00, 
	0x00, 0x00, 0x00, 0x00, 0x00, 0x00, 0x00, 0x00, 
	0x00, 0x00, 0x00, 0x00, 0x00, 0x00, 0x00, 0x00, 
	0x00, 0x00, 0x00, 0x00, 0x00, 0x00, 0xe4, 0x0e, 
	0xd3, 0xcf, 0xe4, 0x0f, 0xec, 0x4f, 0xfc, 0xd1, 
	0xd3, 0x8c, 0xa2, 0x46, 0x00, 0x00, 0x00, 0x00, 
	0x00, 0x00, 0x00, 0x00, 0x00, 0x00, 0x00, 0x00, 
	0x00, 0x00, 0x00, 0x00, 0x00, 0x00, 0x00, 0x00, 
	0x00, 0x00, 0x00, 0x00, 0x00, 0x00, 0x00, 0x00, 
	0x00, 0x00, 0x00, 0x00, 0x00, 0x00, 0x00, 0x00, 
	0x00, 0x00, 0x00, 0x00, 0x00, 0x00, 0x00, 0x00, 
	0x00, 0x00, 0x00, 0x00, 0x00, 0x00, 0xd3, 0xce, 
	0xd3, 0xcd, 0xd3, 0xcd, 0xd3, 0x8d, 0xec, 0x4e, 
	0xfc, 0xd0, 0x00, 0x00, 0x00, 0x00, 0x00, 0x00, 
	0x00, 0x00, 0x00, 0x00, 0x00, 0x00, 0x00, 0x00, 
	0x00, 0x00, 0x00, 0x00, 0x00, 0x00, 0x00, 0x00, 
	0x00, 0x00, 0x00, 0x00, 0x00, 0x00, 0x00, 0x00, 
	0x00, 0x00, 0x00, 0x00, 0x00, 0x00, 0x00, 0x00, 
	0x00, 0x00, 0x00, 0x00, 0x00, 0x00, 0x00, 0x00, 
	0x00, 0x00, 0x00, 0x00, 0x00, 0x00, 0xd3, 0xcc, 
	0xd3, 0xcd, 0xc3, 0x4b, 0xcb, 0x8a, 0xd3, 0x8c, 
	0x00, 0x00, 0x00, 0x00, 0x00, 0x00, 0x00, 0x00, 
	0x00, 0x00, 0x00, 0x00, 0x00, 0x00, 0x00, 0x00, 
	0x00, 0x00, 0x00, 0x00, 0x00, 0x00, 0x00, 0x00, 
	0x00, 0x00, 0x00, 0x00, 0x00, 0x00, 0x00, 0x00, 
	0x00, 0x00, 0x00, 0x00, 0x00, 0x00, 0x00, 0x00, 
	0x00, 0x00, 0x00, 0x00, 0x00, 0x00, 0x00, 0x00, 
	0x00, 0x00, 0x00, 0x00, 0x00, 0x00, 0xd3, 0xcc, 
	0xcb, 0x8d, 0xcb, 0x4a, 0xc3, 0x4a, 0x00, 0x00, 
	0x00, 0x00, 0x00, 0x00, 0x00, 0x00, 0x00, 0x00, 
	0x00, 0x00, 0x00, 0x00, 0x00, 0x00, 0x00, 0x00, 
	0x00, 0x00, 0x00, 0x00, 0x00, 0x00, 0x00, 0x00, 
	0x00, 0x00, 0x00, 0x00, 0x00, 0x00, 0x00, 0x00, 
	0x00, 0x00, 0x00, 0x00, 0x00, 0x00, 0x00, 0x00, 
	0x00, 0x00, 0x00, 0x00, 0x00, 0x00, 0x00, 0x00, 
	0x00, 0x00, 0x00, 0x00, 0x00, 0x00, 0xcb, 0x8c, 
	0xd3, 0x8b, 0xd3, 0x8a, 0x00, 0x00, 0x00, 0x00, 
	0x00, 0x00, 0x00, 0x00, 0x00, 0x00, 0x00, 0x00, 
	0x00, 0x00, 0x00, 0x00, 0x00, 0x00, 0x00, 0x00, 
	0x00, 0x00, 0x00, 0x00, 0x00, 0x00, 0x00, 0x00, 
	0x00, 0x00, 0x00, 0x00, 0x00, 0x00, 0x00, 0x00, 
	0x00, 0x00, 0x00, 0x00, 0x00, 0x00, 0x00, 0x00, 
	0x00, 0x00, 0x00, 0x00, 0x00, 0x00, 0x00, 0x00, 
	0x00, 0x00, 0x00, 0x00, 0x00, 0x00, 0xd3, 0x8a, 
	0xd3, 0x8a, 0xd3, 0x8a, 0x00, 0x00, 0x00, 0x00, 
	0x00, 0x00, 0x00, 0x00, 0x00, 0x00, 0x00, 0x00, 
	0x00, 0x00, 0x00, 0x00, 0x00, 0x00, 0x00, 0x00, 
	0x00, 0x00, 0x00, 0x00, 0x00, 0x00, 0x00, 0x00, 
	0x00, 0x00, 0x00, 0x00, 0x00, 0x00, 0x00, 0x00, 
	0x00, 0x00, 0x00, 0x00, 0x00, 0x00, 0x00, 0x00, 
	0x00, 0x00, 0x00, 0x00, 0x00, 0x00, 0x00, 0x00, 
	0x00, 0x00, 0x00, 0x00, 0x00, 0x00, 0xd3, 0x8a, 
	0x00, 0x00, 0x00, 0x00, 0x00, 0x00, 0x00, 0x00, 
	0x00, 0x00, 0x00, 0x00, 0x00, 0x00, 0x00, 0x00, 
	0x00, 0x00, 0x00, 0x00, 0x00, 0x00, 0x00, 0x00, 
	0x00, 0x00, 0x00, 0x00, 0x00, 0x00, 0x00, 0x00, 
	0x00, 0x00, 0x00, 0x00, 0x00, 0x00, 0x00, 0x00, 
	0x00, 0x00, 0x00, 0x00, 0x00, 0x00, 0x00, 0x00, 
	0x00, 0x00, 0x00, 0x00, 0x00, 0x00, 0x00, 0x00, 
	0x00, 0x00, 0x00, 0x00, 0x00, 0x00, 0x00, 0x00, 
	0x00, 0x00, 0x00, 0x00, 0x00, 0x00, 0x00, 0x00, 
	0x00, 0x00, 0x00, 0x00, 0x00, 0x00, 0x00, 0x00, 
	0x00, 0x00, 0x00, 0x00, 0x00, 0x00, 0x00, 0x00, 
	0x00, 0x00, 0x00, 0x00, 0x00, 0x00, 0x00, 0x00, 
	0x00, 0x00, 0x00, 0x00, 0x00, 0x00, 0x00, 0x00, 
	0x00, 0x00, 0x00, 0x00, 0x00, 0x00, 0x00, 0x00, 
	0x00, 0x00, 0x00, 0x00, 0x00, 0x00, 0x00, 0x00, 
	0x00, 0x00, 0x00, 0x00, 0x00, 0x00, 0x00, 0x00, 
	0x00, 0x00, 0x00, 0x00, 0x00, 0x00, 0x00, 0x00, 
	0x00, 0x00, 0x00, 0x00, 0x00, 0x00, 0x00, 0x00, 
	0x00, 0x00, 0x00, 0x00, 0x00, 0x00, 0x00, 0x00, 
	0x00, 0x00, 0x00, 0x00, 0x00, 0x00, 0x00, 0x00, 
	0x00, 0x00, 0x00, 0x00, 0x00, 0x00, 0x00, 0x00, 
	0x00, 0x00, 0x00, 0x00, 0x00, 0x00, 0x00, 0x00, 
	0x00, 0x00, 0x00, 0x00, 0x00, 0x00, 0x00, 0x00, 
	0x00, 0x00, 0x00, 0x00, 0x00, 0x00, 0x00, 0x00, 
	0x00, 0x00, 0x00, 0x00, 0x00, 0x00, 0x00, 0x00, 
	0x00, 0x00, 0x00, 0x00, 0x00, 0x00, 0x00, 0x00, 
	0x00, 0x00, 0x00, 0x00, 0x00, 0x00, 0x00, 0x00, 
	0x00, 0x00, 0x00, 0x00, 0x00, 0x00, 0x00, 0x00, 
	0x00, 0x00, 0x00, 0x00, 0x00, 0x00, 0x00, 0x00, 
	0x00, 0x00, 0x00, 0x00, 0x00, 0x00, 0x00, 0x00, 
	0x00, 0x00, 0x00, 0x00, 0x00, 0x00, 0x00, 0x00, 
	0x00, 0x00, 0x00, 0x00, 0x00, 0x00, 0x00, 0x00, 
	0x00, 0x00, 0x00, 0x00, 0x00, 0x00, 0x00, 0x00, 
	0x00, 0x00, 0x00, 0x00, 0x00, 0x00, 0x00, 0x00, 
	0x00, 0x00, 0x00, 0x00, 0x00, 0x00, 0x00, 0x00, 
	0x00, 0x00, 0x00, 0x00, 0x00, 0x00, 0x00, 0x00, 
	0x00, 0x00, 0x00, 0x00, 0x00, 0x00, 0x00, 0x00, 
	0x00, 0x00, 0x00, 0x00, 0x00, 0x00, 0x00, 0x00, 
	0x00, 0x00, 0x00, 0x00, 0x00, 0x00, 0x00, 0x00, 
	0x00, 0x00, 0x00, 0x00, 0x00, 0x00, 0x00, 0x00, 
	0x00, 0x00, 0x00, 0x00, 0x00, 0x00, 0x00, 0x00, 
	0x00, 0x00, 0x00, 0x00, 0x00, 0x00, 0x00, 0x00, 
	0x00, 0x00, 0x00, 0x00, 0x00, 0x00, 0x00, 0x00, 
	0x00, 0x00, 0x00, 0x00, 0x00, 0x00, 0x00, 0x00, 
	0x00, 0x00, 0x00, 0x00, 0x00, 0x00, 0x00, 0x00, 
	0x00, 0x00, 0x00, 0x00, 0x00, 0x00, 0x00, 0x00, 
	0x00, 0x00, 0x00, 0x00, 0x00, 0x00, 0x00, 0x00, 
	0x00, 0x00, 0x00, 0x00, 0x00, 0x00, 0x00, 0x00, 
	0x00, 0x00, 0x00, 0x00, 0x00, 0x00, 0x00, 0x00, 
	0x00, 0x00, 0x00, 0x00, 0x00, 0x00, 0x00, 0x00, 
	0x00, 0x00, 0x00, 0x00, 0x00, 0x00, 0x00, 0x00, 
	0x00, 0x00, 0x00, 0x00, 0x00, 0x00, 0x00, 0x00, 
	0x00, 0x00, 0x00, 0x00, 0x00, 0x00, 0x00, 0x00, 
	0x00, 0x00, 0x00, 0x00, 0x00, 0x00, 0x00, 0x00, 
	0x00, 0x00, 0x00, 0x00, 0x00, 0x00, 0x00, 0x00, 
	0x00, 0x00, 0x00, 0x00, 0x00, 0x00, 0x00, 0x00, 
	0x00, 0x00, 0x00, 0x00, 0x00, 0x00, 0x00, 0x00, 
	0x00, 0x00, 0x00, 0x00, 0x00, 0x00, 0x00, 0x00, 
	0x00, 0x00, 0x00, 0x00, 0x00, 0x00, 0x00, 0x00, 
	0x00, 0x00, 0x00, 0x00, 0x00, 0x00, 0x00, 0x00, 
	0x00, 0x00, 0x00, 0x00, 0x00, 0x00, 0x00, 0x00, 
	0x00, 0x00, 0x00, 0x00, 0x00, 0x00, 0x00, 0x00, 
	0x00, 0x00, 0x00, 0x00, 0x00, 0x00, 0x00, 0x00, 
	0x00, 0x00, 0x00, 0x00, 0x00, 0x00, 0x00, 0x00, 
	0x00, 0x00, 0x00, 0x00, 0x00, 0x00, 0x00, 0x00, 
	0x00, 0x00, 0x00, 0x00, 0x00, 0x00, 0x00, 0x00, 
	0x00, 0x00, 0x00, 0x00, 0x00, 0x00, 0x00, 0x00, 
	0x00, 0x00, 0x00, 0x00, 0x00, 0x00, 0x00, 0x00, 
	0x00, 0x00, 0x00, 0x00, 0x00, 0x00, 0x00, 0x00, 
	0x00, 0x00, 0x00, 0x00, 0x00, 0x00, 0x00, 0x00, 
	0x00, 0x00, 0x00, 0x00, 0x00, 0x00, 0x00, 0x00, 
	0x00, 0x00, 0x00, 0x00, 0x00, 0x00, 0x00, 0x00, 
	0x00, 0x00, 0x00, 0x00, 0x00, 0x00, 0x00, 0x00, 
	0x00, 0x00, 0x00, 0x00, 0x00, 0x00, 0x00, 0x00, 
	0x00, 0x00, 0x00, 0x00, 0x00, 0x00, 0x00, 0x00, 
	0x00, 0x00, 0x00, 0x00, 0x00, 0x00, 0x00, 0x00, 
	0x00, 0x00, 0x00, 0x00, 0x00, 0x00, 0x00, 0x00, 
	0x00, 0x00, 0x00, 0x00, 0x00, 0x00, 0x00, 0x00, 
	0x00, 0x00, 0x00, 0x00, 0x00, 0x00, 0x00, 0x00, 
	0x00, 0x00, 0x00, 0x00, 0x00, 0x00, 0x00, 0x00, 
	0x00, 0x00, 0x00, 0x00, 0x00, 0x00, 0x00, 0x00, 
	0x00, 0x00, 0x00, 0x00, 0x00, 0x00, 0x00, 0x00, 
	0x00, 0x00, 0x00, 0x00, 0x00, 0x00, 0x00, 0x00, 
	0x00, 0x00, 0x00, 0x00, 0x00, 0x00, 0x00, 0x00, 
	0x00, 0x00, 0x00, 0x00, 0x00, 0x00, 0x00, 0x00, 
	0x00, 0x00, 0x00, 0x00, 0x00, 0x00, 0x00, 0x00, 
	0x00, 0x00, 0x00, 0x00, 0x00, 0x00, 0x00, 0x00, 
	0x00, 0x00, 0x00, 0x00, 0x00, 0x00, 0x00, 0x00, 
	0x00, 0x00, 0x00, 0x00, 0x00, 0x00, 0x00, 0x00, 
	0x00, 0x00, 0x00, 0x00, 0x00, 0x00, 0x00, 0x00, 
	0x00, 0x00, 0x00, 0x00, 0x00, 0x00, 0x00, 0x00, 
	0x00, 0x00, 0x00, 0x00, 0x00, 0x00, 0x00, 0x00, 
	0x00, 0x00, 0x00, 0x00, 0x00, 0x00, 0x00, 0x00, 
	0x00, 0x00, 0x00, 0x00, 0x00, 0x00, 0x00, 0x00, 
	0x00, 0x00, 0x00, 0x00, 0x00, 0x00, 0x00, 0x00, 
	0x00, 0x00, 0x00, 0x00, 0x00, 0x00, 0x00, 0x00, 
	0x00, 0x00, 0x00, 0x00, 0x00, 0x00, 0x00, 0x00, 
	0x00, 0x00, 0x00, 0x00, 0x00, 0x00, 0x00, 0x00, 
	0x00, 0x00, 0x00, 0x00, 0x00, 0x00, 0x00, 0x00, 
	0x00, 0x00, 0x00, 0x00, 0x00, 0x00, 0x00, 0x00, 
	0x00, 0x00, 0x00, 0x00, 0x00, 0x00, 0x00, 0x00, 
	0x00, 0x00, 0x00, 0x00, 0x00, 0x00, 0x00, 0x00, 
	0x00, 0x00, 0x00, 0x00, 0x00, 0x00, 0x00, 0x00, 
	0x00, 0x00, 0x00, 0x00, 0x00, 0x00, 0x00, 0x00, 
	0x00, 0x00, 0x00, 0x00, 0x00, 0x00, 0x00, 0x00, 
	0x00, 0x00, 0x00, 0x00, 0x00, 0x00, 0x00, 0x00, 
	0x00, 0x00, 0x00, 0x00, 0x00, 0x00, 0x00, 0x00, 
	0x00, 0x00, 0x00, 0x00, 0x00, 0x00, 0x00, 0x00, 
	0x00, 0x00, 0x00, 0x00, 0x00, 0x00, 0x00, 0x00, 
	0x00, 0x00, 0x00, 0x00, 0x00, 0x00, 0x00, 0x00, 
	0x00, 0x00, 0x00, 0x00, 0x00, 0x00, 0x00, 0x00, 
	0x00, 0x00, 0x00, 0x00, 0x00, 0x00, 0x00, 0x00, 
	0x00, 0x00, 0x00, 0x00, 0x00, 0x00, 0x00, 0x00, 
	0x00, 0x00, 0x00, 0x00, 0x00, 0x00, 0x00, 0x00, 
	0x00, 0x00, 0x00, 0x00, 0x00, 0x00, 0x00, 0x00, 
	0x00, 0x00, 0x00, 0x00, 0x00, 0x00, 0x00, 0x00, 
	0x00, 0x00, 0x00, 0x00, 0x00, 0x00, 0x00, 0x00, 
	0x00, 0x00, 0x00, 0x00, 0x00, 0x00, 0x00, 0x00, 
	0x00, 0x00, 0x00, 0x00, 0x00, 0x00, 0x00, 0x00, 
	0x00, 0x00, 0x00, 0x00, 0x00, 0x00, 0x00, 0x00, 
	0x00, 0x00, 0x00, 0x00, 0x00, 0x00, 0x00, 0x00, 
	0x00, 0x00, 0x00, 0x00, 0x00, 0x00, 0x00, 0x00, 
	0x00, 0x00, 0x00, 0x00, 0x00, 0x00, 0x00, 0x00, 
	0x00, 0x00, 0x00, 0x00, 0x00, 0x00, 0x00, 0x00, 
	0x00, 0x00, 0x00, 0x00, 0x00, 0x00, 0x00, 0x00, 
	0x00, 0x00, 0x00, 0x00, 0x00, 0x00, 0x00, 0x00, 
	0x00, 0x00, 0x00, 0x00, 0x00, 0x00, 0x00, 0x00, 
	0x00, 0x00, 0x00, 0x00, 0x00, 0x00, 0x00, 0x00, 
	0x00, 0x00, 0x00, 0x00, 0x00, 0x00, 0x00, 0x00, 
	0x00, 0x00, 0x00, 0x00, 0x00, 0x00, 0x00, 0x00, 
	0x00, 0x00, 0x00, 0x00, 0x00, 0x00, 0x00, 0x00, 
	0x00, 0x00, 0x00, 0x00, 0x00, 0x00, 0x00, 0x00, 
	0x00, 0x00, 0x00, 0x00, 0x00, 0x00, 0x00, 0x00, 
	0x00, 0x00, 0x00, 0x00, 0x00, 0x00, 0x00, 0x00, 
	0x00, 0x00, 0x00, 0x00, 0x00, 0x00, 0x00, 0x00, 
	0x00, 0x00, 0x00, 0x00, 0x00, 0x00, 0x00, 0x00, 
	0x00, 0x00, 0x00, 0x00, 0x00, 0x00, 0x00, 0x00, 
	0x00, 0x00, 0x00, 0x00, 0x00, 0x00, 0x00, 0x00, 
	0x00, 0x00, 0x00, 0x00, 0x00, 0x00, 0x00, 0x00, 
	0x00, 0x00, 0x00, 0x00, 0x00, 0x00, 0x00, 0x00, 
	0x00, 0x00, 0x00, 0x00, 0x00, 0x00, 0x00, 0x00, 
	0x00, 0x00, 0x00, 0x00, 0x00, 0x00, 0x00, 0x00, 
	0x00, 0x00, 0x00, 0x00, 0x00, 0x00, 0x00, 0x00, 
	0x00, 0x00, 0x00, 0x00, 0x00, 0x00, 0x00, 0x00, 
	0x00, 0x00, 0x00, 0x00, 0x00, 0x00, 0x00, 0x00, 
	0x00, 0x00, 0x00, 0x00, 0x00, 0x00, 0x00, 0x00, 
	0x00, 0x00, 0x00, 0x00, 0x00, 0x00, 0x00, 0x00, 
	0x00, 0x00, 0x00, 0x00, 0x00, 0x00, 0x00, 0x00, 
	0x00, 0x00, 0x00, 0x00, 0x00, 0x00, 0x00, 0x00, 
	0x00, 0x00, 0x00, 0x00, 0x00, 0x00, 0x00, 0x00, 
	0x00, 0x00, 0x00, 0x00, 0x00, 0x00, 0x00, 0x00, 
	0x00, 0x00, 0x00, 0x00, 0x00, 0x00, 0x00, 0x00, 
	0x00, 0x00, 0x00, 0x00, 0x00, 0x00, 0x00, 0x00, 
	0x00, 0x00, 0x00, 0x00, 0x00, 0x00, 0x00, 0x00, 
	0x00, 0x00, 0x00, 0x00, 0x00, 0x00, 0x00, 0x00, 
	0x00, 0x00, 0x00, 0x00, 0x00, 0x00, 0x00, 0x00, 
	0x00, 0x00, 0x00, 0x00, 0x00, 0x00, 0x00, 0x00, 
	0x00, 0x00, 0x00, 0x00, 0x00, 0x00, 0x00, 0x00, 
	0x00, 0x00, 0x00, 0x00, 0x00, 0x00, 0x00, 0x00, 
	0x00, 0x00, 0x00, 0x00, 0x00, 0x00, 0x00, 0x00, 
	0x00, 0x00, 0x00, 0x00, 0x00, 0x00, 0x00, 0x00, 
	0x00, 0x00, 0x00, 0x00, 0x00, 0x00, 0x00, 0x00, 
	0x00, 0x00, 0x00, 0x00, 0x00, 0x00, 0x00, 0x00, 
	0x00, 0x00, 0x00, 0x00, 0x00, 0x00, 0x00, 0x00, 
	0x00, 0x00, 0x00, 0x00, 0x00, 0x00, 0x00, 0x00, 
	0x00, 0x00, 0x00, 0x00, 0x00, 0x00, 0x00, 0x00, 
	0x00, 0x00, 0x00, 0x00, 0x00, 0x00, 0x00, 0x00, 
	0x00, 0x00, 0x00, 0x00, 0x00, 0x00, 0x00, 0x00, 
	0x00, 0x00, 0x00, 0x00, 0x00, 0x00, 0x00, 0x00, 
	0x00, 0x00, 0x00, 0x00, 0x00, 0x00, 0x00, 0x00, 
	0x00, 0x00, 0x00, 0x00, 0x00, 0x00, 0x00, 0x00, 
	0x00, 0x00, 0x00, 0x00, 0x00, 0x00, 0x00, 0x00, 
	0x00, 0x00, 0x00, 0x00, 0x00, 0x00, 0x00, 0x00, 
	0x00, 0x00, 0x00, 0x00, 0x00, 0x00, 0x00, 0x00, 
	0x00, 0x00, 0x00, 0x00, 0x00, 0x00, 0x00, 0x00, 
	0x00, 0x00, 0x00, 0x00, 0x00, 0x00, 0x00, 0x00, 
	0x00, 0x00, 0x00, 0x00, 0x00, 0x00, 0x00, 0x00, 
	0x00, 0x00, 0x00, 0x00, 0x00, 0x00, 0x00, 0x00, 
	0x00, 0x00, 0x00, 0x00, 0x00, 0x00, 0x00, 0x00, 
	0x00, 0x00, 0x00, 0x00, 0x00, 0x00, 0x00, 0x00, 
	0x00, 0x00, 0x00, 0x00, 0x00, 0x00, 0x00, 0x00, 
	0x00, 0x00, 0x00, 0x00, 0x00, 0x00, 0x00, 0x00, 
	0x00, 0x00, 0x00, 0x00, 0x00, 0x00, 0x00, 0x00, 
	0x00, 0x00, 0x00, 0x00, 0x00, 0x00, 0x00, 0x00, 
	0x00, 0x00, 0x00, 0x00, 0x00, 0x00, 0x00, 0x00, 
	0x00, 0x00, 0x00, 0x00, 0x00, 0x00, 0x00, 0x00, 
	0x00, 0x00, 0x00, 0x00, 0x00, 0x00, 0x00, 0x00, 
	0x00, 0x00, 0x00, 0x00, 0x00, 0x00, 0x00, 0x00, 
	0x00, 0x00, 0x00, 0x00, 0x00, 0x00, 0x00, 0x00, 
	0x00, 0x00, 0x00, 0x00, 0x00, 0x00, 0x00, 0x00, 
	0x00, 0x00, 0x00, 0x00, 0x00, 0x00, 0x00, 0x00, 
	0x00, 0x00, 0x00, 0x00, 0x00, 0x00, 0x00, 0x00, 
	
};

Gfx mario_mario_eyes_half_closed_rgba16_ci8_aligner[] = {gsSPEndDisplayList()};
u8 mario_mario_eyes_half_closed_rgba16_ci8[] = {
	0x00, 0x00, 0x00, 0x00, 0x00, 0x00, 0x00, 0x00, 
	0x00, 0x00, 0x00, 0x00, 0x00, 0x00, 0x00, 0x00, 
	0x00, 0x00, 0x00, 0x00, 0x00, 0x00, 0x00, 0x00, 
	0x00, 0x00, 0x00, 0x00, 0x00, 0x00, 0x00, 0x00, 
	0x00, 0x00, 0x00, 0x00, 0x00, 0x00, 0x00, 0x00, 
	0x00, 0x00, 0x00, 0x00, 0x00, 0x00, 0x00, 0x00, 
	0x00, 0x00, 0x00, 0x00, 0x00, 0x00, 0x00, 0x00, 
	0x00, 0x00, 0x00, 0x00, 0x00, 0x00, 0x00, 0x00, 
	0x00, 0x00, 0x00, 0x00, 0x00, 0x00, 0x00, 0x00, 
	0x00, 0x00, 0x00, 0x00, 0x00, 0x00, 0x00, 0x00, 
	0x00, 0x00, 0x00, 0x00, 0x00, 0x00, 0x00, 0x00, 
	0x00, 0x00, 0x00, 0x00, 0x00, 0x00, 0x00, 0x00, 
	0x00, 0x00, 0x00, 0x00, 0x00, 0x00, 0x00, 0x00, 
	0x00, 0x00, 0x00, 0x00, 0x00, 0x00, 0x00, 0x00, 
	0x00, 0x00, 0x00, 0x00, 0x00, 0x00, 0x00, 0x00, 
	0x00, 0x00, 0x00, 0x00, 0x00, 0x00, 0x00, 0x00, 
	0x00, 0x00, 0x00, 0x01, 0x01, 0x01, 0x02, 0x02, 
	0x02, 0x02, 0x01, 0x00, 0x00, 0x00, 0x00, 0x00, 
	0x00, 0x00, 0x00, 0x00, 0x00, 0x01, 0x02, 0x02, 
	0x02, 0x02, 0x01, 0x01, 0x02, 0x00, 0x00, 0x00, 
	0x00, 0x00, 0x01, 0x01, 0x03, 0x04, 0x05, 0x06, 
	0x06, 0x07, 0x01, 0x01, 0x01, 0x00, 0x00, 0x00, 
	0x00, 0x00, 0x00, 0x01, 0x01, 0x01, 0x08, 0x06, 
	0x06, 0x05, 0x04, 0x09, 0x01, 0x01, 0x00, 0x00, 
	0x00, 0x02, 0x01, 0x03, 0x05, 0x06, 0x06, 0x06, 
	0x06, 0x08, 0x08, 0x01, 0x01, 0x00, 0x00, 0x00, 
	0x00, 0x00, 0x00, 0x01, 0x01, 0x08, 0x08, 0x06, 
	0x06, 0x06, 0x06, 0x05, 0x04, 0x01, 0x02, 0x00, 
	0x00, 0x02, 0x01, 0x06, 0x0a, 0x01, 0x02, 0x02, 
	0x02, 0x0b, 0x06, 0x02, 0x01, 0x00, 0x00, 0x00, 
	0x00, 0x00, 0x00, 0x01, 0x02, 0x06, 0x09, 0x02, 
	0x02, 0x02, 0x01, 0x0a, 0x04, 0x01, 0x02, 0x00, 
	0x00, 0x02, 0x01, 0x01, 0x01, 0x01, 0x01, 0x00, 
	0x02, 0x02, 0x05, 0x05, 0x01, 0x00, 0x00, 0x00, 
	0x00, 0x00, 0x00, 0x01, 0x05, 0x06, 0x02, 0x02, 
	0x00, 0x01, 0x01, 0x01, 0x01, 0x01, 0x02, 0x00, 
	0x00, 0x02, 0x01, 0x01, 0x01, 0x01, 0x01, 0x00, 
	0x02, 0x02, 0x01, 0x0c, 0x01, 0x00, 0x00, 0x00, 
	0x00, 0x00, 0x00, 0x01, 0x04, 0x01, 0x02, 0x00, 
	0x00, 0x01, 0x01, 0x01, 0x01, 0x02, 0x02, 0x00, 
	0x00, 0x00, 0x00, 0x00, 0x00, 0x00, 0x00, 0x00, 
	0x00, 0x00, 0x01, 0x01, 0x01, 0x00, 0x00, 0x00, 
	0x00, 0x00, 0x00, 0x01, 0x01, 0x01, 0x00, 0x00, 
	0x00, 0x00, 0x00, 0x00, 0x00, 0x00, 0x00, 0x00, 
	0x00, 0x00, 0x00, 0x00, 0x00, 0x00, 0x00, 0x00, 
	0x00, 0x00, 0x00, 0x00, 0x00, 0x00, 0x00, 0x00, 
	0x00, 0x00, 0x00, 0x00, 0x00, 0x00, 0x00, 0x00, 
	0x00, 0x00, 0x00, 0x00, 0x00, 0x00, 0x00, 0x00, 
	0x00, 0x00, 0x00, 0x00, 0x00, 0x00, 0x00, 0x00, 
	0x00, 0x00, 0x00, 0x00, 0x00, 0x00, 0x00, 0x00, 
	0x00, 0x00, 0x00, 0x00, 0x00, 0x00, 0x00, 0x00, 
	0x00, 0x00, 0x00, 0x00, 0x00, 0x00, 0x00, 0x00, 
	0x00, 0x00, 0x00, 0x00, 0x00, 0x00, 0x00, 0x00, 
	0x00, 0x00, 0x00, 0x00, 0x00, 0x00, 0x00, 0x00, 
	0x00, 0x00, 0x00, 0x00, 0x00, 0x00, 0x00, 0x00, 
	0x00, 0x00, 0x00, 0x00, 0x00, 0x00, 0x00, 0x00, 
	0x00, 0x00, 0x00, 0x00, 0x00, 0x00, 0x00, 0x00, 
	0x00, 0x00, 0x00, 0x00, 0x00, 0x00, 0x00, 0x00, 
	0x00, 0x00, 0x00, 0x00, 0x00, 0x00, 0x00, 0x00, 
	0x00, 0x00, 0x00, 0x00, 0x00, 0x00, 0x00, 0x00, 
	0x00, 0x00, 0x00, 0x00, 0x00, 0x00, 0x00, 0x00, 
	0x00, 0x00, 0x00, 0x00, 0x00, 0x00, 0x00, 0x00, 
	0x00, 0x00, 0x00, 0x00, 0x00, 0x00, 0x00, 0x00, 
	0x00, 0x00, 0x00, 0x00, 0x00, 0x00, 0x00, 0x00, 
	0x00, 0x00, 0x00, 0x0d, 0x0e, 0x0f, 0x10, 0x05, 
	0x05, 0x05, 0x05, 0x05, 0x11, 0x00, 0x00, 0x00, 
	0x00, 0x00, 0x00, 0x11, 0x05, 0x05, 0x05, 0x05, 
	0x10, 0x12, 0x0f, 0x13, 0x0d, 0x00, 0x00, 0x00, 
	0x00, 0x14, 0x15, 0x0e, 0x11, 0x12, 0x10, 0x05, 
	0x05, 0x05, 0x05, 0x05, 0x05, 0x16, 0x00, 0x00, 
	0x00, 0x00, 0x05, 0x05, 0x05, 0x05, 0x05, 0x05, 
	0x05, 0x12, 0x12, 0x11, 0x0e, 0x13, 0x15, 0x00, 
	0x00, 0x17, 0x17, 0x17, 0x17, 0x17, 0x18, 0x19, 
	0x1a, 0x05, 0x1b, 0x1c, 0x1d, 0x1e, 0x1f, 0x00, 
	0x00, 0x00, 0x20, 0x21, 0x1c, 0x22, 0x05, 0x23, 
	0x24, 0x25, 0x26, 0x17, 0x17, 0x17, 0x17, 0x00, 
	0x00, 0x17, 0x17, 0x17, 0x17, 0x17, 0x27, 0x24, 
	0x28, 0x05, 0x29, 0x17, 0x2a, 0x2b, 0x1f, 0x00, 
	0x00, 0x00, 0x2c, 0x2d, 0x17, 0x2e, 0x05, 0x2f, 
	0x30, 0x25, 0x31, 0x17, 0x17, 0x17, 0x17, 0x00, 
	0x00, 0x17, 0x17, 0x17, 0x17, 0x17, 0x32, 0x19, 
	0x1a, 0x05, 0x33, 0x2a, 0x29, 0x1e, 0x1f, 0x00, 
	0x00, 0x00, 0x34, 0x35, 0x2a, 0x36, 0x05, 0x37, 
	0x30, 0x25, 0x38, 0x17, 0x17, 0x17, 0x17, 0x00, 
	0x00, 0x17, 0x17, 0x17, 0x17, 0x17, 0x39, 0x19, 
	0x3a, 0x05, 0x05, 0x05, 0x05, 0x3b, 0x00, 0x00, 
	0x00, 0x00, 0x3c, 0x05, 0x3d, 0x05, 0x05, 0x3e, 
	0x24, 0x3f, 0x40, 0x17, 0x17, 0x17, 0x17, 0x00, 
	0x00, 0x00, 0x17, 0x17, 0x17, 0x17, 0x41, 0x19, 
	0x42, 0x3d, 0x05, 0x05, 0x05, 0x43, 0x00, 0x00, 
	0x00, 0x00, 0x44, 0x05, 0x05, 0x05, 0x05, 0x1a, 
	0x19, 0x45, 0x17, 0x17, 0x17, 0x17, 0x17, 0x00, 
	0x00, 0x00, 0x17, 0x17, 0x17, 0x17, 0x46, 0x19, 
	0x30, 0x2f, 0x05, 0x05, 0x05, 0x47, 0x00, 0x00, 
	0x00, 0x00, 0x48, 0x2f, 0x05, 0x05, 0x3d, 0x49, 
	0x19, 0x4a, 0x17, 0x17, 0x17, 0x17, 0x00, 0x00, 
	0x00, 0x00, 0x17, 0x17, 0x17, 0x17, 0x26, 0x25, 
	0x24, 0x4b, 0x05, 0x05, 0x1a, 0x4c, 0x00, 0x00, 
	0x00, 0x00, 0x1f, 0x4d, 0x4e, 0x05, 0x28, 0x24, 
	0x19, 0x4f, 0x17, 0x17, 0x17, 0x17, 0x00, 0x00, 
	0x00, 0x00, 0x00, 0x17, 0x17, 0x17, 0x17, 0x39, 
	0x50, 0x24, 0x42, 0x51, 0x45, 0x00, 0x00, 0x00, 
	0x00, 0x00, 0x00, 0x41, 0x52, 0x4b, 0x30, 0x19, 
	0x53, 0x38, 0x17, 0x17, 0x17, 0x17, 0x00, 0x00, 
	0x00, 0x00, 0x00, 0x17, 0x17, 0x17, 0x17, 0x31, 
	0x25, 0x54, 0x19, 0x24, 0x55, 0x00, 0x00, 0x00, 
	0x00, 0x00, 0x00, 0x56, 0x53, 0x57, 0x19, 0x54, 
	0x46, 0x17, 0x17, 0x17, 0x17, 0x00, 0x00, 0x00, 
	0x00, 0x00, 0x00, 0x00, 0x17, 0x17, 0x17, 0x17, 
	0x58, 0x32, 0x45, 0x4f, 0x00, 0x00, 0x00, 0x00, 
	0x00, 0x00, 0x00, 0x00, 0x59, 0x5a, 0x45, 0x46, 
	0x17, 0x17, 0x17, 0x17, 0x17, 0x00, 0x00, 0x00, 
	0x00, 0x00, 0x00, 0x00, 0x17, 0x17, 0x17, 0x17, 
	0x17, 0x17, 0x17, 0x00, 0x00, 0x00, 0x00, 0x00, 
	0x00, 0x00, 0x00, 0x00, 0x00, 0x17, 0x17, 0x17, 
	0x17, 0x17, 0x17, 0x17, 0x00, 0x00, 0x00, 0x00, 
	0x00, 0x00, 0x00, 0x00, 0x00, 0x00, 0x17, 0x17, 
	0x17, 0x17, 0x00, 0x00, 0x00, 0x00, 0x00, 0x00, 
	0x00, 0x00, 0x00, 0x00, 0x00, 0x00, 0x00, 0x17, 
	0x17, 0x17, 0x00, 0x00, 0x00, 0x00, 0x00, 0x00, 
	0x00, 0x00, 0x00, 0x00, 0x00, 0x00, 0x00, 0x00, 
	0x00, 0x00, 0x00, 0x00, 0x00, 0x00, 0x00, 0x00, 
	0x00, 0x00, 0x00, 0x00, 0x00, 0x00, 0x00, 0x00, 
	0x00, 0x00, 0x00, 0x00, 0x00, 0x00, 0x00, 0x00, 
	0x00, 0x00, 0x00, 0x00, 0x00, 0x00, 0x00, 0x00, 
	0x00, 0x00, 0x00, 0x00, 0x00, 0x00, 0x00, 0x00, 
	0x00, 0x00, 0x00, 0x00, 0x00, 0x00, 0x00, 0x00, 
	0x00, 0x00, 0x00, 0x00, 0x00, 0x00, 0x00, 0x00, 
	
};

Gfx mario_mario_eyes_half_closed_rgba16_pal_rgba16_aligner[] = {gsSPEndDisplayList()};
u8 mario_mario_eyes_half_closed_rgba16_pal_rgba16[] = {
	0xff, 0xfe, 0x00, 0x00, 0x08, 0x00, 0x29, 0x4b, 
	0x18, 0x85, 0x00, 0x01, 0x08, 0x01, 0x10, 0x43, 
	0x08, 0x43, 0x39, 0x8d, 0x41, 0xcf, 0x31, 0x8d, 
	0x20, 0xc7, 0x8c, 0x62, 0x73, 0x9d, 0x52, 0x95, 
	0x18, 0xc7, 0x42, 0x11, 0x21, 0x09, 0x8c, 0x63, 
	0x84, 0x21, 0x9c, 0xe7, 0xa1, 0x8d, 0xff, 0xff, 
	0xf2, 0x95, 0xe8, 0xc7, 0xa0, 0x85, 0x71, 0x09, 
	0xfe, 0xb5, 0xc3, 0x5b, 0x80, 0xc7, 0xff, 0xbc, 
	0xba, 0x95, 0x81, 0x8d, 0xaa, 0x95, 0x70, 0x43, 
	0xe9, 0x09, 0xe9, 0x4b, 0xff, 0x39, 0xf2, 0x11, 
	0x98, 0x43, 0xb2, 0xd7, 0xfd, 0xef, 0x78, 0x85, 
	0xaa, 0x11, 0xc3, 0x9d, 0xed, 0x29, 0x60, 0x01, 
	0xe1, 0x09, 0xfe, 0xf7, 0xfa, 0x95, 0x68, 0xc7, 
	0xba, 0x53, 0x79, 0x4b, 0xa2, 0x53, 0x70, 0x01, 
	0xff, 0x7b, 0xfb, 0x5b, 0xa8, 0x85, 0xa1, 0x4b, 
	0xd3, 0x19, 0x10, 0x01, 0x80, 0x43, 0xf1, 0x8d, 
	0xff, 0xbd, 0xfb, 0xdf, 0xc8, 0xc7, 0xca, 0x95, 
	0xf4, 0x63, 0xf2, 0x53, 0xfd, 0x29, 0xf4, 0x21, 
	0xfd, 0xee, 0xd0, 0xc7, 0xfb, 0x9d, 0xb8, 0x85, 
	0xfe, 0x72, 0xd1, 0x4b, 0x28, 0x01, 0xfd, 0xad, 
	0xe0, 0xc7, 0xc0, 0x85, 0xc8, 0x43, 0xf1, 0xcf, 
	0xe0, 0x85, 0xfd, 0xac, 0xff, 0x38, 0xe8, 0x85, 
	0xfe, 0x31, 0xfe, 0x73, 0xfa, 0xd7, 
};

Gfx mario_mario_eyes_closed_rgba16_ci4_aligner[] = {gsSPEndDisplayList()};
u8 mario_mario_eyes_closed_rgba16_ci4[] = {
	0x00, 0x00, 0x00, 0x00, 0x00, 0x00, 0x00, 0x00, 
	0x00, 0x00, 0x00, 0x00, 0x00, 0x00, 0x00, 0x00, 
	0x00, 0x00, 0x00, 0x00, 0x00, 0x00, 0x00, 0x00, 
	0x00, 0x00, 0x00, 0x00, 0x00, 0x00, 0x00, 0x00, 
	0x00, 0x00, 0x00, 0x00, 0x00, 0x00, 0x00, 0x00, 
	0x00, 0x00, 0x00, 0x00, 0x00, 0x00, 0x00, 0x00, 
	0x00, 0x00, 0x00, 0x00, 0x00, 0x00, 0x00, 0x00, 
	0x00, 0x00, 0x00, 0x00, 0x00, 0x00, 0x00, 0x00, 
	0x00, 0x00, 0x00, 0x00, 0x00, 0x00, 0x00, 0x00, 
	0x00, 0x00, 0x00, 0x00, 0x00, 0x00, 0x00, 0x00, 
	0x00, 0x00, 0x12, 0x34, 0x45, 0x00, 0x00, 0x00, 
	0x00, 0x00, 0x00, 0x64, 0x43, 0x27, 0x00, 0x00, 
	0x00, 0x01, 0x34, 0x44, 0x46, 0x60, 0x00, 0x00, 
	0x00, 0x00, 0x06, 0x64, 0x44, 0x43, 0x20, 0x00, 
	0x00, 0x04, 0x80, 0x00, 0x09, 0x40, 0x00, 0x00, 
	0x00, 0x00, 0x04, 0x70, 0x00, 0x08, 0x20, 0x00, 
	0x00, 0x00, 0x00, 0x00, 0x00, 0x33, 0x00, 0x00, 
	0x00, 0x00, 0x34, 0x00, 0x00, 0x00, 0x00, 0x00, 
	0x00, 0x00, 0x00, 0x00, 0x00, 0x0a, 0x00, 0x00, 
	0x00, 0x00, 0x20, 0x00, 0x00, 0x00, 0x00, 0x00, 
	0x00, 0x00, 0x00, 0x00, 0x00, 0x00, 0x00, 0x00, 
	0x00, 0x00, 0x00, 0x00, 0x00, 0x00, 0x00, 0x00, 
	0x00, 0x00, 0x00, 0x00, 0x00, 0x00, 0x00, 0x00, 
	0x00, 0x00, 0x00, 0x00, 0x00, 0x00, 0x00, 0x00, 
	0x00, 0x00, 0x00, 0x00, 0x00, 0x00, 0x00, 0x00, 
	0x00, 0x00, 0x00, 0x00, 0x00, 0x00, 0x00, 0x00, 
	0x00, 0x00, 0x00, 0x00, 0x00, 0x00, 0x00, 0x00, 
	0x00, 0x00, 0x00, 0x00, 0x00, 0x00, 0x00, 0x00, 
	0x00, 0x00, 0x00, 0x00, 0x00, 0x00, 0x00, 0x00, 
	0x00, 0x00, 0x00, 0x00, 0x00, 0x00, 0x00, 0x00, 
	0x00, 0x00, 0x00, 0x00, 0x00, 0x00, 0x00, 0x00, 
	0x00, 0x00, 0x00, 0x00, 0x00, 0x00, 0x00, 0x00, 
	0x00, 0x00, 0x00, 0x00, 0x00, 0x00, 0x00, 0x00, 
	0x00, 0x00, 0x00, 0x00, 0x00, 0x00, 0x00, 0x00, 
	0x00, 0x00, 0x00, 0x00, 0x00, 0x00, 0x00, 0x00, 
	0x00, 0x00, 0x00, 0x00, 0x00, 0x00, 0x00, 0x00, 
	0x00, 0x00, 0x00, 0x00, 0x00, 0x00, 0x00, 0x00, 
	0x00, 0x00, 0x00, 0x00, 0x00, 0x00, 0x00, 0x00, 
	0x00, 0x00, 0x00, 0x00, 0x00, 0x00, 0x00, 0x00, 
	0x00, 0x00, 0x00, 0x00, 0x00, 0x00, 0x00, 0x00, 
	0x00, 0x00, 0x00, 0x00, 0x00, 0x00, 0x00, 0x00, 
	0x00, 0x00, 0x00, 0x00, 0x00, 0x00, 0x00, 0x00, 
	0x00, 0x00, 0x00, 0x00, 0x00, 0x00, 0x00, 0x00, 
	0x00, 0x00, 0x00, 0x00, 0x00, 0x00, 0x00, 0x00, 
	0x00, 0x00, 0x00, 0x00, 0x00, 0x00, 0x00, 0x00, 
	0x00, 0x00, 0x00, 0x00, 0x00, 0x00, 0x00, 0x00, 
	0x00, 0x00, 0x00, 0x00, 0x00, 0x00, 0x00, 0x00, 
	0x00, 0x00, 0x00, 0x00, 0x00, 0x00, 0x00, 0x00, 
	0x00, 0x00, 0x00, 0x00, 0x00, 0x00, 0x00, 0x00, 
	0x00, 0x00, 0x00, 0x00, 0x00, 0x00, 0x00, 0x00, 
	0x03, 0x39, 0x00, 0x00, 0x00, 0x09, 0xbb, 0x00, 
	0x00, 0xbb, 0x90, 0x00, 0x00, 0x00, 0x96, 0x60, 
	0x00, 0x63, 0x3c, 0xcc, 0xcc, 0x33, 0x30, 0x00, 
	0x00, 0x03, 0x3c, 0xcc, 0xcc, 0xc6, 0x66, 0x00, 
	0x00, 0x06, 0x66, 0x6b, 0xbb, 0xb3, 0x00, 0x00, 
	0x00, 0x00, 0xb3, 0x33, 0xb6, 0x66, 0x00, 0x00, 
	0x00, 0x00, 0x00, 0x00, 0x00, 0x00, 0x00, 0x00, 
	0x00, 0x00, 0x00, 0x00, 0x00, 0x00, 0x00, 0x00, 
	0x00, 0x00, 0x00, 0x00, 0x00, 0x00, 0x00, 0x00, 
	0x00, 0x00, 0x00, 0x00, 0x00, 0x00, 0x00, 0x00, 
	0x00, 0x00, 0x00, 0x00, 0x00, 0x00, 0x00, 0x00, 
	0x00, 0x00, 0x00, 0x00, 0x00, 0x00, 0x00, 0x00, 
	0x00, 0x00, 0x00, 0x00, 0x00, 0x00, 0x00, 0x00, 
	0x00, 0x00, 0x00, 0x00, 0x00, 0x00, 0x00, 0x00, 
	
};

Gfx mario_mario_eyes_closed_rgba16_pal_rgba16_aligner[] = {gsSPEndDisplayList()};
u8 mario_mario_eyes_closed_rgba16_pal_rgba16[] = {
	0x00, 0x00, 0x29, 0x4b, 0x18, 0x85, 0x00, 0x01, 
	0x08, 0x01, 0x10, 0x43, 0x08, 0x43, 0x39, 0x8d, 
	0x41, 0xcf, 0x31, 0x8d, 0x20, 0xc7, 0x00, 0x05, 
	0x21, 0x09, 
};

Gfx mario_mario_eyes_left_unused_rgba16_rgba16_aligner[] = {gsSPEndDisplayList()};
u8 mario_mario_eyes_left_unused_rgba16_rgba16[] = {
	0xff, 0xfe, 0xff, 0xfe, 0xff, 0xfe, 0xff, 0xfe, 
	0xff, 0xfe, 0xff, 0xfe, 0xff, 0xfe, 0xff, 0xfe, 
	0xff, 0xfe, 0xff, 0xfe, 0xff, 0xfe, 0xff, 0xfe, 
	0xff, 0xfe, 0xff, 0xfe, 0xff, 0xfe, 0xff, 0xfe, 
	0xff, 0xfe, 0xff, 0xfe, 0xff, 0xfe, 0xff, 0xfe, 
	0xff, 0xfe, 0xff, 0xfe, 0xff, 0xfe, 0xff, 0xfe, 
	0xff, 0xfe, 0xff, 0xfe, 0xff, 0xfe, 0xff, 0xfe, 
	0xff, 0xfe, 0xff, 0xfe, 0xff, 0xfe, 0xff, 0xfe, 
	0xff, 0xfe, 0xff, 0xfe, 0xff, 0xfe, 0xff, 0xfe, 
	0xff, 0xfe, 0xff, 0xfe, 0xff, 0xfe, 0xff, 0xfe, 
	0xff, 0xfe, 0xff, 0xfe, 0xff, 0xfe, 0xff, 0xfe, 
	0xff, 0xfe, 0xff, 0xfe, 0xff, 0xfe, 0xff, 0xfe, 
	0xff, 0xfe, 0xff, 0xfe, 0xff, 0xfe, 0xff, 0xfe, 
	0xff, 0xfe, 0xff, 0xfe, 0xff, 0xfe, 0xff, 0xfe, 
	0xff, 0xfe, 0xff, 0xfe, 0xff, 0xfe, 0xff, 0xfe, 
	0xff, 0xfe, 0xff, 0xfe, 0xff, 0xfe, 0xff, 0xfe, 
	0xff, 0xfe, 0xff, 0xfe, 0xff, 0xfe, 0xff, 0xfe, 
	0xff, 0xfe, 0xff, 0xfe, 0xff, 0xfe, 0xff, 0xfe, 
	0xff, 0xfe, 0xff, 0xfe, 0xff, 0xfe, 0xff, 0xfe, 
	0xff, 0xfe, 0xff, 0xfe, 0xff, 0xfe, 0xff, 0xfe, 
	0xff, 0xfe, 0xff, 0xfe, 0xff, 0xfe, 0xff, 0xfe, 
	0xff, 0xfe, 0xff, 0xfe, 0xff, 0xfe, 0xff, 0xfe, 
	0xff, 0xfe, 0xff, 0xfe, 0xff, 0xfe, 0xff, 0xfe, 
	0xff, 0xfe, 0xff, 0xfe, 0xff, 0xfe, 0xff, 0xfe, 
	0xff, 0xfe, 0xff, 0xfe, 0xff, 0xfe, 0xff, 0xfe, 
	0xff, 0xfe, 0xff, 0xfe, 0xff, 0xfe, 0xff, 0xfe, 
	0xff, 0xfe, 0xff, 0xfe, 0xff, 0xfe, 0xff, 0xfe, 
	0xff, 0xfe, 0xff, 0xfe, 0xff, 0xfe, 0xff, 0xfe, 
	0xff, 0xfe, 0xff, 0xfe, 0xff, 0xfe, 0xff, 0xfe, 
	0xff, 0xfe, 0xff, 0xfe, 0xff, 0xfe, 0xff, 0xfe, 
	0xff, 0xfe, 0xff, 0xfe, 0xff, 0xfe, 0xff, 0xfe, 
	0xff, 0xfe, 0xff, 0xfe, 0xff, 0xfe, 0xff, 0xfe, 
	0xff, 0xfe, 0x08, 0x02, 0x08, 0x02, 0x08, 0x02, 
	0x08, 0x02, 0x08, 0x02, 0x08, 0x02, 0x08, 0x02, 
	0x08, 0x02, 0x08, 0x02, 0xff, 0xfe, 0xff, 0xfe, 
	0xff, 0xfe, 0xff, 0xfe, 0xff, 0xfe, 0xff, 0xfe, 
	0xff, 0xfe, 0xff, 0xfe, 0xff, 0xfe, 0xff, 0xfe, 
	0xff, 0xfe, 0x08, 0x02, 0x08, 0x02, 0x08, 0x02, 
	0x08, 0x02, 0x08, 0x02, 0x08, 0x02, 0x08, 0x02, 
	0x08, 0x02, 0xff, 0xfe, 0xff, 0xfe, 0xff, 0xfe, 
	0xff, 0xfe, 0x08, 0x02, 0x08, 0x02, 0x08, 0x02, 
	0x18, 0x87, 0x00, 0x01, 0x08, 0x03, 0x08, 0x01, 
	0x08, 0x43, 0x08, 0x02, 0x08, 0x02, 0xff, 0xfe, 
	0xff, 0xfe, 0xff, 0xfe, 0xff, 0xfe, 0xff, 0xfe, 
	0xff, 0xfe, 0xff, 0xfe, 0xff, 0xfe, 0xff, 0xfe, 
	0xff, 0xfe, 0x08, 0x02, 0x08, 0x02, 0x10, 0x43, 
	0x08, 0x01, 0x08, 0x03, 0x00, 0x01, 0x18, 0x87, 
	0x08, 0x02, 0x08, 0x02, 0xff, 0xfe, 0xff, 0xfe, 
	0xff, 0xfe, 0x08, 0x02, 0x08, 0x02, 0x10, 0x45, 
	0x08, 0x03, 0x08, 0x01, 0x08, 0x03, 0x08, 0x01, 
	0x08, 0x43, 0x08, 0x01, 0x08, 0x02, 0x08, 0x02, 
	0xff, 0xfe, 0xff, 0xfe, 0xff, 0xfe, 0xff, 0xfe, 
	0xff, 0xfe, 0xff, 0xfe, 0xff, 0xfe, 0xff, 0xfe, 
	0xff, 0xfe, 0x08, 0x02, 0x08, 0x03, 0x08, 0x43, 
	0x08, 0x03, 0x08, 0x03, 0x08, 0x03, 0x08, 0x03, 
	0x08, 0x43, 0x08, 0x02, 0x08, 0x02, 0xff, 0xfe, 
	0xff, 0xfe, 0x08, 0x02, 0x39, 0x8f, 0x00, 0x01, 
	0x41, 0xcf, 0x08, 0x02, 0x08, 0x02, 0x08, 0x02, 
	0x39, 0x8f, 0x08, 0x01, 0x18, 0x85, 0x08, 0x02, 
	0xff, 0xfe, 0xff, 0xfe, 0xff, 0xfe, 0xff, 0xfe, 
	0xff, 0xfe, 0xff, 0xfe, 0xff, 0xfe, 0xff, 0xfe, 
	0x08, 0x02, 0x20, 0xc9, 0x00, 0x01, 0x31, 0x8d, 
	0x08, 0x02, 0x08, 0x02, 0x08, 0x02, 0x41, 0xcf, 
	0x00, 0x01, 0x29, 0x4b, 0x08, 0x02, 0xff, 0xfe, 
	0xff, 0xfe, 0x08, 0x02, 0x18, 0x87, 0x08, 0x02, 
	0x08, 0x02, 0xff, 0xfe, 0xff, 0xfe, 0xff, 0xfe, 
	0x08, 0x02, 0x08, 0x02, 0x20, 0xc7, 0x08, 0x02, 
	0xff, 0xfe, 0xff, 0xfe, 0xff, 0xfe, 0xff, 0xfe, 
	0xff, 0xfe, 0xff, 0xfe, 0xff, 0xfe, 0xff, 0xfe, 
	0x08, 0x02, 0x18, 0xc7, 0x08, 0x02, 0x08, 0x02, 
	0x08, 0x02, 0xff, 0xfe, 0x08, 0x02, 0x08, 0x02, 
	0x08, 0x02, 0x18, 0xc7, 0x08, 0x02, 0xff, 0xfe, 
	0xff, 0xfe, 0x08, 0x02, 0x08, 0x02, 0x08, 0x02, 
	0xff, 0xfe, 0xff, 0xfe, 0xff, 0xfe, 0xff, 0xfe, 
	0xff, 0xfe, 0x08, 0x02, 0x08, 0x02, 0x08, 0x02, 
	0xff, 0xfe, 0xff, 0xfe, 0xff, 0xfe, 0xff, 0xfe, 
	0xff, 0xfe, 0xff, 0xfe, 0xff, 0xfe, 0xff, 0xfe, 
	0x08, 0x02, 0x08, 0x02, 0x08, 0x02, 0xff, 0xfe, 
	0xff, 0xfe, 0xff, 0xfe, 0xff, 0xfe, 0xff, 0xfe, 
	0x08, 0x02, 0x08, 0x02, 0x08, 0x02, 0xff, 0xfe, 
	0xff, 0xfe, 0xff, 0xfe, 0xff, 0xfe, 0xff, 0xfe, 
	0xff, 0xfe, 0xff, 0xfe, 0xff, 0xff, 0xff, 0xff, 
	0xff, 0xff, 0xff, 0xfe, 0xff, 0xfe, 0xff, 0xfe, 
	0xff, 0xfe, 0xff, 0xfe, 0xff, 0xfe, 0xff, 0xfe, 
	0xff, 0xfe, 0xff, 0xfe, 0xff, 0xfe, 0xff, 0xfe, 
	0xff, 0xfe, 0xff, 0xfe, 0xff, 0xfe, 0xff, 0xff, 
	0xff, 0xff, 0xff, 0xff, 0xff, 0xfe, 0xff, 0xfe, 
	0xff, 0xfe, 0xff, 0xfe, 0xff, 0xfe, 0xff, 0xfe, 
	0xff, 0xfe, 0xff, 0xfe, 0xff, 0xfe, 0xff, 0xfe, 
	0xff, 0xff, 0xff, 0xff, 0xff, 0xff, 0xff, 0xff, 
	0xff, 0xff, 0xff, 0xff, 0xff, 0xfe, 0xff, 0xfe, 
	0xff, 0xfe, 0xff, 0xfe, 0xff, 0xfe, 0xff, 0xfe, 
	0xff, 0xfe, 0xff, 0xfe, 0xff, 0xfe, 0xff, 0xfe, 
	0xff, 0xfe, 0xff, 0xbd, 0xff, 0xbd, 0xff, 0xff, 
	0xff, 0xff, 0xff, 0xff, 0xff, 0xff, 0xff, 0xfe, 
	0xff, 0xfe, 0xff, 0xfe, 0xff, 0xfe, 0xff, 0xfe, 
	0xff, 0xfe, 0xff, 0xfe, 0xff, 0xfe, 0xff, 0xff, 
	0xfc, 0xa5, 0xe9, 0x4b, 0xf2, 0x11, 0xff, 0xff, 
	0xff, 0xff, 0xff, 0xff, 0xff, 0xff, 0xff, 0xfe, 
	0xff, 0xfe, 0xff, 0xfe, 0xff, 0xfe, 0xff, 0xfe, 
	0xff, 0xfe, 0xff, 0xfe, 0xff, 0xfe, 0xff, 0xfe, 
	0xfd, 0x6b, 0xe9, 0x8d, 0xf1, 0xcf, 0xfd, 0xef, 
	0xff, 0xff, 0xff, 0xff, 0xff, 0xff, 0xff, 0xff, 
	0xff, 0xfe, 0xff, 0xfe, 0xff, 0xfe, 0xff, 0xfe, 
	0xff, 0xfe, 0xff, 0xfe, 0xff, 0xfe, 0xfc, 0xe7, 
	0xe0, 0x85, 0xe9, 0x4b, 0xf2, 0x95, 0xf2, 0x11, 
	0xff, 0xff, 0xff, 0xff, 0xff, 0xff, 0xff, 0xff, 
	0xff, 0xfe, 0xff, 0xfe, 0xff, 0xfe, 0xff, 0xfe, 
	0xff, 0xfe, 0xff, 0xfe, 0xff, 0xfe, 0xfe, 0x30, 
	0xe9, 0x09, 0xe8, 0xc7, 0xe0, 0xc7, 0xe9, 0x4b, 
	0xfe, 0x73, 0xff, 0xff, 0xff, 0xff, 0xff, 0xff, 
	0xff, 0xff, 0xff, 0xfe, 0xff, 0xfe, 0xff, 0xfe, 
	0xff, 0xfe, 0xff, 0xfe, 0xff, 0x39, 0xe9, 0x8d, 
	0xe9, 0x4b, 0xe9, 0x09, 0xd0, 0xc7, 0xd8, 0x85, 
	0xfc, 0x21, 0xff, 0xff, 0xff, 0xff, 0xff, 0xff, 
	0xff, 0xff, 0xff, 0xfe, 0xff, 0xfe, 0xff, 0xfe, 
	0xff, 0xfe, 0xff, 0xfe, 0xff, 0xfe, 0xfa, 0x53, 
	0xd8, 0x85, 0xd9, 0x09, 0xe9, 0x09, 0xe0, 0xc7, 
	0xfa, 0xd7, 0xff, 0xff, 0xff, 0xff, 0xff, 0xff, 
	0xff, 0xff, 0xff, 0xfe, 0xff, 0xfe, 0xff, 0xfe, 
	0xff, 0xfe, 0xff, 0xfe, 0xda, 0x53, 0xda, 0x53, 
	0x78, 0x43, 0x58, 0xc7, 0xa0, 0x85, 0xd0, 0xc7, 
	0xe2, 0x53, 0xff, 0xff, 0xff, 0xff, 0xff, 0xff, 
	0xff, 0xff, 0xff, 0xfe, 0xff, 0xfe, 0xff, 0xfe, 
	0xff, 0xfe, 0xff, 0xfe, 0xfe, 0xb4, 0xc0, 0xc7, 
	0x48, 0x01, 0x48, 0x01, 0xd0, 0xc7, 0xe9, 0x09, 
	0xe9, 0x4b, 0xfe, 0xf7, 0xff, 0xff, 0xff, 0xff, 
	0xff, 0xff, 0xff, 0xff, 0xff, 0xfe, 0xff, 0xfe, 
	0xff, 0xfe, 0xff, 0xfe, 0xb9, 0x09, 0x60, 0x43, 
	0x00, 0x01, 0x00, 0x01, 0x00, 0x01, 0xa0, 0x85, 
	0xd0, 0xc7, 0xff, 0xff, 0xff, 0xff, 0xff, 0xff, 
	0xff, 0xff, 0xff, 0xfe, 0xff, 0xfe, 0xff, 0xfe, 
	0xff, 0xfe, 0xff, 0xfe, 0xfc, 0x63, 0x28, 0x01, 
	0x00, 0x01, 0x00, 0x01, 0x70, 0x43, 0xe9, 0x09, 
	0xe8, 0xc7, 0xfc, 0xe7, 0xff, 0xff, 0xff, 0xff, 
	0xff, 0xff, 0xff, 0xff, 0xff, 0xfe, 0xff, 0xfe, 
	0xff, 0xfe, 0xfb, 0x5b, 0xb9, 0x09, 0x00, 0x01, 
	0x00, 0x01, 0x00, 0x01, 0x28, 0x01, 0x00, 0x01, 
	0xe9, 0x09, 0xfd, 0xef, 0xff, 0xff, 0xff, 0xff, 
	0xff, 0xff, 0xff, 0xff, 0xff, 0xfe, 0xff, 0xfe, 
	0xff, 0xfe, 0xff, 0xfe, 0xd2, 0xd7, 0x00, 0x01, 
	0x00, 0x01, 0x00, 0x01, 0x10, 0x01, 0xd0, 0xc7, 
	0xe8, 0xc7, 0xfb, 0xdf, 0xff, 0xff, 0xff, 0xff, 
	0xff, 0xff, 0xff, 0xff, 0xff, 0xfe, 0xff, 0xfe, 
	0xff, 0xfe, 0xda, 0x53, 0xa0, 0x85, 0x00, 0x01, 
	0x00, 0x01, 0x38, 0x01, 0x00, 0x01, 0x00, 0x01, 
	0xe9, 0x09, 0xe9, 0x09, 0xff, 0xff, 0xff, 0xff, 
	0xff, 0xff, 0xff, 0xff, 0xff, 0xfe, 0xff, 0xfe, 
	0xff, 0xfe, 0xff, 0xfe, 0xa1, 0x8d, 0x00, 0x01, 
	0x30, 0x01, 0x00, 0x01, 0x00, 0x01, 0xb0, 0x85, 
	0xe8, 0xc7, 0xfb, 0x19, 0xff, 0xff, 0xff, 0xff, 
	0xff, 0xff, 0xff, 0xff, 0xff, 0xff, 0xff, 0xfe, 
	0xff, 0xfe, 0xd0, 0xc7, 0xa0, 0x85, 0x00, 0x01, 
	0xaa, 0x95, 0xfe, 0xb5, 0x81, 0x8d, 0x00, 0x01, 
	0xa0, 0x85, 0xe9, 0x09, 0xff, 0xff, 0xff, 0xff, 
	0xff, 0xff, 0xff, 0xff, 0xff, 0xfe, 0xff, 0xfe, 
	0xff, 0xfe, 0xff, 0xbc, 0x80, 0xc7, 0xc3, 0x5b, 
	0xfe, 0xb5, 0x71, 0x09, 0x00, 0x01, 0xa0, 0x85, 
	0xe8, 0xc7, 0xf2, 0x95, 0xff, 0xff, 0xff, 0xff, 
	0xff, 0xff, 0xff, 0xff, 0xff, 0xff, 0xff, 0xfe, 
	0xff, 0xfe, 0xa0, 0x85, 0x78, 0x85, 0x00, 0x01, 
	0xed, 0x29, 0xff, 0xff, 0xc3, 0x9d, 0x00, 0x01, 
	0xa0, 0x85, 0xe9, 0x09, 0xff, 0xff, 0xff, 0xff, 
	0xff, 0xff, 0xff, 0xff, 0xff, 0xfe, 0xff, 0xfe, 
	0xff, 0xfe, 0xff, 0xbc, 0x78, 0x85, 0xfd, 0xef, 
	0xff, 0xff, 0xb2, 0xd7, 0x00, 0x01, 0x98, 0x43, 
	0xe9, 0x09, 0xf2, 0x11, 0xff, 0xff, 0xff, 0xff, 
	0xff, 0xff, 0xff, 0xff, 0xff, 0xff, 0xff, 0xfe, 
	0xff, 0xfe, 0xb9, 0x09, 0x80, 0x85, 0x00, 0x01, 
	0xa2, 0x53, 0xfd, 0xef, 0x79, 0x4b, 0x00, 0x01, 
	0xa0, 0x85, 0xe9, 0x09, 0xff, 0xff, 0xff, 0xff, 
	0xff, 0xff, 0xff, 0xff, 0xff, 0xfe, 0xff, 0xfe, 
	0xff, 0xfe, 0xff, 0xbc, 0x80, 0xc7, 0xb2, 0xd7, 
	0xfd, 0xef, 0x68, 0xc7, 0x00, 0x01, 0xa0, 0x85, 
	0xe8, 0xc7, 0xfa, 0x95, 0xff, 0xff, 0xff, 0xff, 
	0xff, 0xff, 0xff, 0xff, 0xff, 0xff, 0xff, 0xfe, 
	0xff, 0xfe, 0xb9, 0x09, 0x88, 0x85, 0x00, 0x01, 
	0x00, 0x01, 0x18, 0x01, 0x00, 0x01, 0x08, 0x43, 
	0xa0, 0x85, 0xe9, 0x09, 0xff, 0xff, 0xff, 0xff, 
	0xff, 0xff, 0xff, 0xff, 0xff, 0xfe, 0xff, 0xfe, 
	0xff, 0xfe, 0xff, 0xfe, 0xa1, 0x4b, 0x00, 0x01, 
	0x00, 0x01, 0x00, 0x01, 0x00, 0x01, 0xa8, 0x85, 
	0xe8, 0xc7, 0xfb, 0x5b, 0xff, 0xff, 0xff, 0xff, 
	0xff, 0xff, 0xff, 0xff, 0xff, 0xff, 0xff, 0xfe, 
	0xff, 0xfe, 0xfb, 0x5b, 0xb9, 0x09, 0x00, 0x01, 
	0x00, 0x01, 0x00, 0x01, 0x00, 0x01, 0xa0, 0x85, 
	0xe9, 0x09, 0xf4, 0xe7, 0xff, 0xff, 0xff, 0xff, 
	0xff, 0xff, 0xff, 0xff, 0xff, 0xfe, 0xff, 0xfe, 
	0xff, 0xfe, 0xff, 0xfe, 0xca, 0x95, 0x00, 0x01, 
	0x00, 0x01, 0x00, 0x01, 0x10, 0x01, 0xc8, 0xc7, 
	0xe8, 0xc7, 0xfb, 0xdf, 0xff, 0xff, 0xff, 0xff, 
	0xff, 0xff, 0xff, 0xff, 0xff, 0xfe, 0xff, 0xfe, 
	0xff, 0xfe, 0xff, 0xfe, 0xf2, 0xd7, 0x10, 0x01, 
	0x00, 0x01, 0x00, 0x01, 0x00, 0x01, 0xd0, 0xc7, 
	0xe9, 0x09, 0xff, 0xff, 0xff, 0xff, 0xff, 0xff, 
	0xff, 0xff, 0xff, 0xfe, 0xff, 0xfe, 0xff, 0xfe, 
	0xff, 0xfe, 0xff, 0xfe, 0xf4, 0x21, 0x00, 0x01, 
	0x00, 0x01, 0x00, 0x01, 0x60, 0x01, 0xe1, 0x09, 
	0xe8, 0xc7, 0xfd, 0x29, 0xff, 0xff, 0xff, 0xff, 
	0xff, 0xff, 0xff, 0xff, 0xff, 0xfe, 0xff, 0xfe, 
	0xff, 0xfe, 0xff, 0xfe, 0xda, 0x53, 0xb0, 0x85, 
	0x00, 0x01, 0x18, 0x01, 0xa0, 0x85, 0xe9, 0x09, 
	0xe1, 0xcf, 0xff, 0xff, 0xff, 0xff, 0xff, 0xff, 
	0xff, 0xff, 0xff, 0xfe, 0xff, 0xfe, 0xff, 0xfe, 
	0xff, 0xfe, 0xff, 0xfe, 0xfe, 0x72, 0xa0, 0x85, 
	0x00, 0x01, 0x00, 0x01, 0xb8, 0x85, 0xe9, 0x09, 
	0xe9, 0x4b, 0xff, 0x39, 0xff, 0xff, 0xff, 0xff, 
	0xff, 0xff, 0xff, 0xff, 0xff, 0xfe, 0xff, 0xfe, 
	0xff, 0xfe, 0xff, 0xfe, 0xff, 0x7b, 0xe9, 0x8d, 
	0x80, 0x85, 0x88, 0x85, 0xd0, 0xc7, 0xe1, 0xcf, 
	0xeb, 0x5b, 0xff, 0xff, 0xff, 0xff, 0xff, 0xff, 
	0xff, 0xff, 0xff, 0xfe, 0xff, 0xfe, 0xff, 0xfe, 
	0xff, 0xfe, 0xff, 0xfe, 0xff, 0xfe, 0xf2, 0x53, 
	0xc0, 0x85, 0xc8, 0xc7, 0xe9, 0x09, 0xe0, 0xc7, 
	0xfb, 0x5b, 0xff, 0xff, 0xff, 0xff, 0xff, 0xff, 
	0xff, 0xff, 0xff, 0xfe, 0xff, 0xfe, 0xff, 0xfe, 
	0xff, 0xfe, 0xff, 0xfe, 0xff, 0xfe, 0xfd, 0x29, 
	0xe9, 0xcf, 0xe0, 0xc7, 0xd9, 0x8d, 0xea, 0x53, 
	0xfd, 0xad, 0xff, 0xff, 0xff, 0xff, 0xff, 0xff, 
	0xff, 0xfe, 0xff, 0xfe, 0xff, 0xfe, 0xff, 0xfe, 
	0xff, 0xfe, 0xff, 0xfe, 0xff, 0xfe, 0xfd, 0xac, 
	0xe9, 0x09, 0xe8, 0xc7, 0xe0, 0x85, 0xe9, 0x4b, 
	0xfe, 0xf7, 0xff, 0xff, 0xff, 0xff, 0xff, 0xff, 
	0xff, 0xff, 0xff, 0xfe, 0xff, 0xfe, 0xff, 0xfe, 
	0xff, 0xfe, 0xff, 0xfe, 0xff, 0xfe, 0xff, 0xff, 
	0xfc, 0xe7, 0xf3, 0x5b, 0xf2, 0x53, 0xfe, 0xb5, 
	0xff, 0xff, 0xff, 0xff, 0xff, 0xff, 0xff, 0xff, 
	0xff, 0xfe, 0xff, 0xfe, 0xff, 0xfe, 0xff, 0xfe, 
	0xff, 0xfe, 0xff, 0xfe, 0xff, 0xfe, 0xff, 0xfe, 
	0xfd, 0xad, 0xf2, 0x53, 0xfa, 0x95, 0xfe, 0x31, 
	0xff, 0xff, 0xff, 0xff, 0xff, 0xff, 0xff, 0xff, 
	0xff, 0xfe, 0xff, 0xfe, 0xff, 0xfe, 0xff, 0xfe, 
	0xff, 0xfe, 0xff, 0xfe, 0xff, 0xfe, 0xff, 0xfe, 
	0xff, 0xff, 0xff, 0xff, 0xff, 0xbd, 0xff, 0xff, 
	0xff, 0xff, 0xff, 0xff, 0xff, 0xff, 0xff, 0xfe, 
	0xff, 0xfe, 0xff, 0xfe, 0xff, 0xfe, 0xff, 0xfe, 
	0xff, 0xfe, 0xff, 0xfe, 0xff, 0xfe, 0xff, 0xfe, 
	0xff, 0xfe, 0xff, 0xff, 0xff, 0xff, 0xff, 0xff, 
	0xff, 0xff, 0xff, 0xff, 0xff, 0xff, 0xff, 0xff, 
	0xff, 0xfe, 0xff, 0xfe, 0xff, 0xfe, 0xff, 0xfe, 
	0xff, 0xfe, 0xff, 0xfe, 0xff, 0xfe, 0xff, 0xfe, 
	0xff, 0xfe, 0xff, 0xfe, 0xff, 0xff, 0xff, 0xff, 
	0xff, 0xff, 0xff, 0xfe, 0xff, 0xfe, 0xff, 0xfe, 
	0xff, 0xfe, 0xff, 0xfe, 0xff, 0xfe, 0xff, 0xfe, 
	0xff, 0xfe, 0xff, 0xfe, 0xff, 0xfe, 0xff, 0xfe, 
	0xff, 0xfe, 0xff, 0xfe, 0xff, 0xff, 0xff, 0xff, 
	0xff, 0xff, 0xff, 0xff, 0xff, 0xfe, 0xff, 0xfe, 
	0xff, 0xfe, 0xff, 0xfe, 0xff, 0xfe, 0xff, 0xfe, 
	0xff, 0xfe, 0xff, 0xfe, 0xff, 0xfe, 0xff, 0xfe, 
	0xff, 0xfe, 0xff, 0xfe, 0xff, 0xfe, 0xff, 0xfe, 
	0xff, 0xfe, 0xff, 0xfe, 0xff, 0xfe, 0xff, 0xfe, 
	0xff, 0xfe, 0xff, 0xfe, 0xff, 0xfe, 0xff, 0xfe, 
	0xff, 0xfe, 0xff, 0xfe, 0xff, 0xfe, 0xff, 0xfe, 
	0xff, 0xfe, 0xff, 0xfe, 0xff, 0xfe, 0xff, 0xfe, 
	0xff, 0xfe, 0xff, 0xfe, 0xff, 0xfe, 0xff, 0xfe, 
	0xff, 0xfe, 0xff, 0xfe, 0xff, 0xfe, 0xff, 0xfe, 
	
};

Gfx mario_mario_eyes_right_unused_rgba16_rgba16_aligner[] = {gsSPEndDisplayList()};
u8 mario_mario_eyes_right_unused_rgba16_rgba16[] = {
	0xff, 0xfe, 0xff, 0xfe, 0xff, 0xfe, 0xff, 0xfe, 
	0xff, 0xfe, 0xff, 0xfe, 0xff, 0xfe, 0xff, 0xfe, 
	0xff, 0xfe, 0xff, 0xfe, 0xff, 0xfe, 0xff, 0xfe, 
	0xff, 0xfe, 0xff, 0xfe, 0xff, 0xfe, 0xff, 0xfe, 
	0xff, 0xfe, 0xff, 0xfe, 0xff, 0xfe, 0xff, 0xfe, 
	0xff, 0xfe, 0xff, 0xfe, 0xff, 0xfe, 0xff, 0xfe, 
	0xff, 0xfe, 0xff, 0xfe, 0xff, 0xfe, 0xff, 0xfe, 
	0xff, 0xfe, 0xff, 0xfe, 0xff, 0xfe, 0xff, 0xfe, 
	0xff, 0xfe, 0xff, 0xfe, 0xff, 0xfe, 0xff, 0xfe, 
	0xff, 0xfe, 0xff, 0xfe, 0xff, 0xfe, 0xff, 0xfe, 
	0xff, 0xfe, 0xff, 0xfe, 0xff, 0xfe, 0xff, 0xfe, 
	0xff, 0xfe, 0xff, 0xfe, 0xff, 0xfe, 0xff, 0xfe, 
	0xff, 0xfe, 0xff, 0xfe, 0xff, 0xfe, 0xff, 0xfe, 
	0xff, 0xfe, 0xff, 0xfe, 0xff, 0xfe, 0xff, 0xfe, 
	0xff, 0xfe, 0xff, 0xfe, 0xff, 0xfe, 0xff, 0xfe, 
	0xff, 0xfe, 0xff, 0xfe, 0xff, 0xfe, 0xff, 0xfe, 
	0xff, 0xfe, 0xff, 0xfe, 0xff, 0xfe, 0xff, 0xfe, 
	0xff, 0xfe, 0xff, 0xfe, 0xff, 0xfe, 0xff, 0xfe, 
	0xff, 0xfe, 0xff, 0xfe, 0xff, 0xfe, 0xff, 0xfe, 
	0xff, 0xfe, 0xff, 0xfe, 0xff, 0xfe, 0xff, 0xfe, 
	0xff, 0xfe, 0xff, 0xfe, 0xff, 0xfe, 0xff, 0xfe, 
	0xff, 0xfe, 0xff, 0xfe, 0xff, 0xfe, 0xff, 0xfe, 
	0xff, 0xfe, 0xff, 0xfe, 0xff, 0xfe, 0xff, 0xfe, 
	0xff, 0xfe, 0xff, 0xfe, 0xff, 0xfe, 0xff, 0xfe, 
	0xff, 0xfe, 0xff, 0xfe, 0xff, 0xfe, 0xff, 0xfe, 
	0xff, 0xfe, 0xff, 0xfe, 0xff, 0xfe, 0xff, 0xfe, 
	0xff, 0xfe, 0xff, 0xfe, 0xff, 0xfe, 0xff, 0xfe, 
	0xff, 0xfe, 0xff, 0xfe, 0xff, 0xfe, 0xff, 0xfe, 
	0xff, 0xfe, 0xff, 0xfe, 0xff, 0xfe, 0xff, 0xfe, 
	0xff, 0xfe, 0xff, 0xfe, 0xff, 0xfe, 0xff, 0xfe, 
	0xff, 0xfe, 0xff, 0xfe, 0xff, 0xfe, 0xff, 0xfe, 
	0xff, 0xfe, 0xff, 0xfe, 0xff, 0xfe, 0xff, 0xfe, 
	0xff, 0xfe, 0xff, 0xfe, 0xff, 0xfe, 0x08, 0x02, 
	0x08, 0x02, 0x08, 0x02, 0x08, 0x02, 0x08, 0x02, 
	0x08, 0x02, 0x08, 0x02, 0xff, 0xfe, 0xff, 0xfe, 
	0xff, 0xfe, 0xff, 0xfe, 0xff, 0xfe, 0xff, 0xfe, 
	0xff, 0xfe, 0xff, 0xfe, 0xff, 0xfe, 0xff, 0xfe, 
	0xff, 0xfe, 0xff, 0xfe, 0x08, 0x02, 0x08, 0x02, 
	0x08, 0x02, 0x08, 0x02, 0x08, 0x02, 0x08, 0x02, 
	0xff, 0xfe, 0xff, 0xfe, 0xff, 0xfe, 0xff, 0xfe, 
	0xff, 0xfe, 0x08, 0x02, 0x08, 0x02, 0x08, 0x02, 
	0x18, 0x87, 0x00, 0x01, 0x08, 0x03, 0x08, 0x01, 
	0x10, 0x43, 0x08, 0x02, 0x08, 0x02, 0xff, 0xfe, 
	0xff, 0xfe, 0xff, 0xfe, 0xff, 0xfe, 0xff, 0xfe, 
	0xff, 0xfe, 0xff, 0xfe, 0xff, 0xfe, 0xff, 0xfe, 
	0xff, 0xfe, 0x08, 0x02, 0x08, 0x02, 0x08, 0x43, 
	0x08, 0x01, 0x08, 0x03, 0x00, 0x01, 0x18, 0x87, 
	0x08, 0x02, 0xff, 0xfe, 0xff, 0xfe, 0xff, 0xfe, 
	0xff, 0xfe, 0x08, 0x02, 0x08, 0x02, 0x08, 0x43, 
	0x08, 0x03, 0x08, 0x03, 0x08, 0x03, 0x08, 0x03, 
	0x08, 0x43, 0x08, 0x03, 0x08, 0x02, 0x08, 0x02, 
	0xff, 0xfe, 0xff, 0xfe, 0xff, 0xfe, 0xff, 0xfe, 
	0xff, 0xfe, 0xff, 0xfe, 0xff, 0xfe, 0xff, 0xfe, 
	0xff, 0xfe, 0x08, 0x02, 0x08, 0x01, 0x08, 0x43, 
	0x08, 0x01, 0x08, 0x03, 0x08, 0x01, 0x08, 0x03, 
	0x10, 0x45, 0x08, 0x02, 0x08, 0x02, 0xff, 0xfe, 
	0xff, 0xfe, 0x08, 0x02, 0x29, 0x4b, 0x00, 0x01, 
	0x41, 0xcf, 0x08, 0x02, 0x08, 0x02, 0x08, 0x02, 
	0x31, 0x8d, 0x00, 0x01, 0x20, 0xc9, 0x08, 0x02, 
	0xff, 0xfe, 0xff, 0xfe, 0xff, 0xfe, 0xff, 0xfe, 
	0xff, 0xfe, 0xff, 0xfe, 0xff, 0xfe, 0xff, 0xfe, 
	0x08, 0x02, 0x18, 0x85, 0x08, 0x01, 0x39, 0x8f, 
	0x08, 0x02, 0x08, 0x02, 0x08, 0x02, 0x41, 0xcf, 
	0x00, 0x01, 0x39, 0x8f, 0x08, 0x02, 0xff, 0xfe, 
	0xff, 0xfe, 0x08, 0x02, 0x18, 0xc7, 0x08, 0x02, 
	0x08, 0x02, 0x08, 0x02, 0xff, 0xfe, 0x08, 0x02, 
	0x08, 0x02, 0x08, 0x02, 0x18, 0xc7, 0x08, 0x02, 
	0xff, 0xfe, 0xff, 0xfe, 0xff, 0xfe, 0xff, 0xfe, 
	0xff, 0xfe, 0xff, 0xfe, 0xff, 0xfe, 0xff, 0xfe, 
	0x08, 0x02, 0x20, 0xc7, 0x08, 0x02, 0x08, 0x02, 
	0x08, 0x02, 0xff, 0xfe, 0xff, 0xfe, 0x08, 0x02, 
	0x08, 0x02, 0x18, 0x87, 0x08, 0x02, 0xff, 0xfe, 
	0xff, 0xfe, 0x08, 0x00, 0x08, 0x00, 0x08, 0x00, 
	0xff, 0xfe, 0xff, 0xfe, 0xff, 0xfe, 0xff, 0xfe, 
	0xff, 0xfe, 0x08, 0x00, 0x08, 0x00, 0x08, 0x00, 
	0xf7, 0xbc, 0xff, 0xfe, 0xff, 0xfe, 0xff, 0xfe, 
	0xff, 0xfe, 0xff, 0xfe, 0xff, 0xfe, 0xff, 0xfe, 
	0x08, 0x00, 0x08, 0x00, 0x08, 0x00, 0xff, 0xfe, 
	0xff, 0xfe, 0xff, 0xfe, 0xff, 0xfe, 0xff, 0xfe, 
	0x08, 0x00, 0x08, 0x00, 0x08, 0x00, 0xff, 0xfe, 
	0xff, 0xfe, 0xff, 0xfe, 0xff, 0xfe, 0xff, 0xfe, 
	0xff, 0xfe, 0xff, 0xfe, 0xff, 0xff, 0xff, 0xff, 
	0xff, 0xff, 0xff, 0xfe, 0xff, 0xfe, 0xff, 0xfe, 
	0xff, 0xfe, 0xff, 0xfe, 0xff, 0xfe, 0xff, 0xfe, 
	0xff, 0xfe, 0xff, 0xfe, 0xff, 0xfe, 0xff, 0xfe, 
	0xff, 0xfe, 0xff, 0xfe, 0xff, 0xfe, 0xff, 0xff, 
	0xff, 0xff, 0xff, 0xff, 0xff, 0xfe, 0xff, 0xfe, 
	0xff, 0xfe, 0xff, 0xfe, 0xff, 0xfe, 0xff, 0xfe, 
	0xff, 0xfe, 0xff, 0xfe, 0xff, 0xfe, 0xff, 0xfe, 
	0xff, 0xfe, 0xff, 0xff, 0xff, 0xff, 0xff, 0xff, 
	0xff, 0xff, 0xff, 0xbd, 0xff, 0xbd, 0xff, 0xfe, 
	0xff, 0xfe, 0xff, 0xfe, 0xff, 0xfe, 0xff, 0xfe, 
	0xff, 0xfe, 0xff, 0xfe, 0xff, 0xfe, 0xff, 0xfe, 
	0xff, 0xfe, 0xff, 0xfe, 0xff, 0xff, 0xff, 0xff, 
	0xff, 0xff, 0xff, 0xff, 0xff, 0xff, 0xff, 0xff, 
	0xff, 0xfe, 0xff, 0xfe, 0xff, 0xfe, 0xff, 0xfe, 
	0xff, 0xfe, 0xff, 0xfe, 0xff, 0xfe, 0xff, 0xfe, 
	0xff, 0xff, 0xff, 0xff, 0xff, 0xff, 0xff, 0xff, 
	0xfd, 0xef, 0xf1, 0xcf, 0xe9, 0x8d, 0xfd, 0x6b, 
	0xff, 0xfe, 0xff, 0xfe, 0xff, 0xfe, 0xff, 0xfe, 
	0xff, 0xfe, 0xff, 0xfe, 0xff, 0xfe, 0xff, 0xfe, 
	0xff, 0xfe, 0xff, 0xff, 0xff, 0xff, 0xff, 0xff, 
	0xff, 0xff, 0xf2, 0x11, 0xe9, 0x4b, 0xfc, 0xa5, 
	0xff, 0xff, 0xff, 0xfe, 0xff, 0xfe, 0xff, 0xfe, 
	0xff, 0xfe, 0xff, 0xfe, 0xff, 0xfe, 0xff, 0xff, 
	0xff, 0xff, 0xff, 0xff, 0xff, 0xff, 0xfe, 0x73, 
	0xe9, 0x4b, 0xe0, 0xc7, 0xe8, 0xc7, 0xe9, 0x09, 
	0xfe, 0x30, 0xff, 0xfe, 0xff, 0xfe, 0xff, 0xfe, 
	0xff, 0xfe, 0xff, 0xfe, 0xff, 0xfe, 0xff, 0xfe, 
	0xff, 0xff, 0xff, 0xff, 0xff, 0xff, 0xff, 0xff, 
	0xf2, 0x11, 0xf2, 0x95, 0xe9, 0x4b, 0xe0, 0x85, 
	0xfc, 0xe7, 0xff, 0xfe, 0xff, 0xfe, 0xff, 0xfe, 
	0xff, 0xfe, 0xff, 0xfe, 0xff, 0xfe, 0xff, 0xff, 
	0xff, 0xff, 0xff, 0xff, 0xff, 0xff, 0xfa, 0xd7, 
	0xe0, 0xc7, 0xe9, 0x09, 0xd9, 0x09, 0xd8, 0x85, 
	0xfa, 0x53, 0xff, 0xfe, 0xff, 0xfe, 0xff, 0xfe, 
	0xff, 0xfe, 0xff, 0xfe, 0xff, 0xfe, 0xff, 0xff, 
	0xff, 0xff, 0xff, 0xff, 0xff, 0xff, 0xfc, 0x21, 
	0xd8, 0x85, 0xd0, 0xc7, 0xe9, 0x09, 0xe9, 0x4b, 
	0xe9, 0x8d, 0xff, 0x39, 0xff, 0xfe, 0xff, 0xfe, 
	0xff, 0xfe, 0xff, 0xfe, 0xff, 0xff, 0xff, 0xff, 
	0xff, 0xff, 0xff, 0xff, 0xfe, 0xf7, 0xe9, 0x4b, 
	0xe9, 0x09, 0xd0, 0xc7, 0x48, 0x01, 0x48, 0x01, 
	0xc0, 0xc7, 0xfe, 0xb4, 0xff, 0xfe, 0xff, 0xfe, 
	0xff, 0xfe, 0xff, 0xfe, 0xff, 0xbc, 0xff, 0xff, 
	0xff, 0xff, 0xff, 0xff, 0xff, 0xff, 0xe2, 0x53, 
	0xd0, 0xc7, 0xa0, 0x85, 0x58, 0xc7, 0x78, 0x43, 
	0xda, 0x53, 0xda, 0x53, 0xff, 0xfe, 0xff, 0xfe, 
	0xff, 0xfe, 0xff, 0xfe, 0xff, 0xff, 0xff, 0xff, 
	0xff, 0xff, 0xff, 0xff, 0xfc, 0xe7, 0xe8, 0xc7, 
	0xe9, 0x09, 0x70, 0x43, 0x00, 0x01, 0x00, 0x01, 
	0x28, 0x01, 0xfc, 0x63, 0xff, 0xfe, 0xff, 0xfe, 
	0xff, 0xfe, 0xff, 0xfe, 0xff, 0xfe, 0xff, 0xff, 
	0xff, 0xff, 0xff, 0xff, 0xff, 0xff, 0xd0, 0xc7, 
	0xa0, 0x85, 0x00, 0x01, 0x00, 0x01, 0x00, 0x01, 
	0x60, 0x43, 0xb9, 0x09, 0xff, 0xfe, 0xff, 0xfe, 
	0xff, 0xfe, 0xff, 0xfe, 0xff, 0xff, 0xff, 0xff, 
	0xff, 0xff, 0xff, 0xff, 0xfb, 0xdf, 0xe8, 0xc7, 
	0xd0, 0xc7, 0x10, 0x01, 0x00, 0x01, 0x00, 0x01, 
	0x00, 0x01, 0xd2, 0xd7, 0xff, 0xfe, 0xff, 0xfe, 
	0xff, 0xfe, 0xff, 0xfe, 0xff, 0xff, 0xff, 0xff, 
	0xff, 0xff, 0xff, 0xff, 0xfd, 0xef, 0xe9, 0x09, 
	0x00, 0x01, 0x28, 0x01, 0x00, 0x01, 0x00, 0x01, 
	0x00, 0x01, 0xb9, 0x09, 0xfb, 0x5b, 0xff, 0xfe, 
	0xff, 0xfe, 0xff, 0xff, 0xff, 0xff, 0xff, 0xff, 
	0xff, 0xff, 0xff, 0xff, 0xfb, 0x19, 0xe8, 0xc7, 
	0xb0, 0x85, 0x00, 0x01, 0x00, 0x01, 0x30, 0x01, 
	0x00, 0x01, 0xa1, 0x8d, 0xff, 0xfe, 0xff, 0xfe, 
	0xff, 0xfe, 0xff, 0xfe, 0xff, 0xff, 0xff, 0xff, 
	0xff, 0xff, 0xff, 0xff, 0xe9, 0x09, 0xe9, 0x09, 
	0x00, 0x01, 0x00, 0x01, 0x38, 0x01, 0x00, 0x01, 
	0x00, 0x01, 0xa0, 0x85, 0xda, 0x53, 0xff, 0xfe, 
	0xff, 0xfe, 0xff, 0xff, 0xff, 0xff, 0xff, 0xff, 
	0xff, 0xff, 0xff, 0xff, 0xf2, 0x95, 0xe8, 0xc7, 
	0xa0, 0x85, 0x00, 0x01, 0x71, 0x09, 0xfe, 0xb5, 
	0xc3, 0x5b, 0x80, 0xc7, 0xff, 0xbc, 0xff, 0xfe, 
	0xff, 0xfe, 0xff, 0xfe, 0xff, 0xff, 0xff, 0xff, 
	0xff, 0xff, 0xff, 0xff, 0xe9, 0x09, 0xa0, 0x85, 
	0x00, 0x01, 0x81, 0x8d, 0xfe, 0xb5, 0xaa, 0x95, 
	0x00, 0x01, 0xa0, 0x85, 0xd0, 0xc7, 0xff, 0xfe, 
	0xff, 0xfe, 0xff, 0xff, 0xff, 0xff, 0xff, 0xff, 
	0xff, 0xff, 0xff, 0xff, 0xf2, 0x11, 0xe9, 0x09, 
	0x98, 0x43, 0x00, 0x01, 0xb2, 0xd7, 0xff, 0xff, 
	0xfd, 0xef, 0x78, 0x85, 0xff, 0xbc, 0xff, 0xfe, 
	0xff, 0xfe, 0xff, 0xfe, 0xff, 0xff, 0xff, 0xff, 
	0xff, 0xff, 0xff, 0xff, 0xe9, 0x09, 0xa0, 0x85, 
	0x00, 0x01, 0xc3, 0x9d, 0xff, 0xff, 0xed, 0x29, 
	0x00, 0x01, 0x78, 0x85, 0xa0, 0x85, 0xff, 0xfe, 
	0xff, 0xfe, 0xff, 0xff, 0xff, 0xff, 0xff, 0xff, 
	0xff, 0xff, 0xff, 0xff, 0xfa, 0x95, 0xe8, 0xc7, 
	0xa0, 0x85, 0x00, 0x01, 0x68, 0xc7, 0xfd, 0xef, 
	0xb2, 0xd7, 0x80, 0xc7, 0xff, 0xbc, 0xff, 0xfe, 
	0xff, 0xfe, 0xff, 0xfe, 0xff, 0xff, 0xff, 0xff, 
	0xff, 0xff, 0xff, 0xff, 0xe9, 0x09, 0xa0, 0x85, 
	0x00, 0x01, 0x79, 0x4b, 0xfd, 0xef, 0xa2, 0x53, 
	0x00, 0x01, 0x80, 0x85, 0xb9, 0x09, 0xff, 0xfe, 
	0xff, 0xfe, 0xff, 0xff, 0xff, 0xff, 0xff, 0xff, 
	0xff, 0xff, 0xff, 0xff, 0xfb, 0x5b, 0xe8, 0xc7, 
	0xa8, 0x85, 0x00, 0x01, 0x00, 0x01, 0x00, 0x01, 
	0x00, 0x01, 0xa1, 0x4b, 0xff, 0xfe, 0xff, 0xfe, 
	0xff, 0xfe, 0xff, 0xfe, 0xff, 0xff, 0xff, 0xff, 
	0xff, 0xff, 0xff, 0xff, 0xe9, 0x09, 0xa0, 0x85, 
	0x08, 0x43, 0x00, 0x01, 0x18, 0x01, 0x00, 0x01, 
	0x00, 0x01, 0x88, 0x85, 0xb9, 0x09, 0xff, 0xfe, 
	0xff, 0xfe, 0xff, 0xfe, 0xff, 0xff, 0xff, 0xff, 
	0xff, 0xff, 0xff, 0xff, 0xfb, 0xdf, 0xe8, 0xc7, 
	0xc8, 0xc7, 0x10, 0x01, 0x00, 0x01, 0x00, 0x01, 
	0x00, 0x01, 0xca, 0x95, 0xff, 0xfe, 0xff, 0xfe, 
	0xff, 0xfe, 0xff, 0xfe, 0xff, 0xff, 0xff, 0xff, 
	0xff, 0xff, 0xff, 0xff, 0xf4, 0xe7, 0xe9, 0x09, 
	0xa0, 0x85, 0x00, 0x01, 0x00, 0x01, 0x00, 0x01, 
	0x00, 0x01, 0xb9, 0x09, 0xfb, 0x5b, 0xff, 0xfe, 
	0xff, 0xfe, 0xff, 0xfe, 0xff, 0xff, 0xff, 0xff, 
	0xff, 0xff, 0xff, 0xff, 0xfd, 0x29, 0xe8, 0xc7, 
	0xe1, 0x09, 0x60, 0x01, 0x00, 0x01, 0x00, 0x01, 
	0x00, 0x01, 0xf4, 0x21, 0xff, 0xfe, 0xff, 0xfe, 
	0xff, 0xfe, 0xff, 0xfe, 0xff, 0xfe, 0xff, 0xff, 
	0xff, 0xff, 0xff, 0xff, 0xff, 0xff, 0xe9, 0x09, 
	0xd0, 0xc7, 0x00, 0x01, 0x00, 0x01, 0x00, 0x01, 
	0x10, 0x01, 0xf2, 0xd7, 0xff, 0xfe, 0xff, 0xfe, 
	0xff, 0xfe, 0xff, 0xfe, 0xff, 0xff, 0xff, 0xff, 
	0xff, 0xff, 0xff, 0xff, 0xff, 0x39, 0xe9, 0x4b, 
	0xe9, 0x09, 0xb8, 0x85, 0x00, 0x01, 0x00, 0x01, 
	0xa0, 0x85, 0xfe, 0x72, 0xff, 0xfe, 0xff, 0xfe, 
	0xff, 0xfe, 0xff, 0xfe, 0xff, 0xfe, 0xff, 0xff, 
	0xff, 0xff, 0xff, 0xff, 0xff, 0xff, 0xe1, 0xcf, 
	0xe9, 0x09, 0xa0, 0x85, 0x18, 0x01, 0x00, 0x01, 
	0xb0, 0x85, 0xda, 0x53, 0xff, 0xfe, 0xff, 0xfe, 
	0xff, 0xfe, 0xff, 0xfe, 0xff, 0xfe, 0xff, 0xff, 
	0xff, 0xff, 0xff, 0xff, 0xff, 0xff, 0xfb, 0x5b, 
	0xe0, 0xc7, 0xe9, 0x09, 0xc8, 0xc7, 0xc0, 0x85, 
	0xf2, 0x53, 0xff, 0xfe, 0xff, 0xfe, 0xff, 0xfe, 
	0xff, 0xfe, 0xff, 0xfe, 0xff, 0xfe, 0xff, 0xff, 
	0xff, 0xff, 0xff, 0xff, 0xff, 0xff, 0xeb, 0x5b, 
	0xe1, 0xcf, 0xd0, 0xc7, 0x88, 0x85, 0x80, 0x85, 
	0xe9, 0x8d, 0xff, 0x7b, 0xff, 0xfe, 0xff, 0xfe, 
	0xff, 0xfe, 0xff, 0xfe, 0xff, 0xfe, 0xff, 0xff, 
	0xff, 0xff, 0xff, 0xff, 0xff, 0xff, 0xfe, 0xf7, 
	0xe9, 0x4b, 0xe0, 0x85, 0xe8, 0xc7, 0xe9, 0x09, 
	0xfd, 0xac, 0xff, 0xfe, 0xff, 0xfe, 0xff, 0xfe, 
	0xff, 0xfe, 0xff, 0xfe, 0xff, 0xfe, 0xff, 0xfe, 
	0xff, 0xff, 0xff, 0xbd, 0xff, 0xff, 0xfd, 0xad, 
	0xea, 0x53, 0xd9, 0x8d, 0xe0, 0xc7, 0xe9, 0xcf, 
	0xfd, 0x29, 0xff, 0xfe, 0xff, 0xfe, 0xff, 0xfe, 
	0xff, 0xfe, 0xff, 0xfe, 0xff, 0xfe, 0xff, 0xfe, 
	0xff, 0xff, 0xff, 0xff, 0xff, 0xff, 0xff, 0xff, 
	0xfe, 0x31, 0xfa, 0x95, 0xf2, 0x53, 0xfd, 0xad, 
	0xff, 0xfe, 0xff, 0xfe, 0xff, 0xfe, 0xff, 0xfe, 
	0xff, 0xfe, 0xff, 0xfe, 0xff, 0xfe, 0xff, 0xfe, 
	0xff, 0xff, 0xff, 0xff, 0xff, 0xff, 0xff, 0xff, 
	0xfe, 0xb5, 0xf2, 0x53, 0xf3, 0x5b, 0xfc, 0xe7, 
	0xff, 0xff, 0xff, 0xfe, 0xff, 0xfe, 0xff, 0xfe, 
	0xff, 0xfe, 0xff, 0xfe, 0xff, 0xfe, 0xff, 0xfe, 
	0xff, 0xff, 0xff, 0xff, 0xff, 0xff, 0xff, 0xff, 
	0xff, 0xff, 0xff, 0xff, 0xff, 0xff, 0xff, 0xfe, 
	0xff, 0xfe, 0xff, 0xfe, 0xff, 0xfe, 0xff, 0xfe, 
	0xff, 0xfe, 0xff, 0xfe, 0xff, 0xfe, 0xff, 0xfe, 
	0xff, 0xfe, 0xff, 0xff, 0xff, 0xff, 0xff, 0xff, 
	0xff, 0xff, 0xff, 0xbd, 0xff, 0xff, 0xff, 0xff, 
	0xff, 0xfe, 0xff, 0xfe, 0xff, 0xfe, 0xff, 0xfe, 
	0xff, 0xfe, 0xff, 0xfe, 0xff, 0xfe, 0xff, 0xfe, 
	0xff, 0xfe, 0xff, 0xfe, 0xff, 0xff, 0xff, 0xff, 
	0xff, 0xff, 0xff, 0xff, 0xff, 0xfe, 0xff, 0xfe, 
	0xff, 0xfe, 0xff, 0xfe, 0xff, 0xfe, 0xff, 0xfe, 
	0xff, 0xfe, 0xff, 0xfe, 0xff, 0xfe, 0xff, 0xfe, 
	0xff, 0xfe, 0xff, 0xfe, 0xff, 0xfe, 0xff, 0xff, 
	0xff, 0xff, 0xff, 0xff, 0xff, 0xfe, 0xff, 0xfe, 
	0xff, 0xfe, 0xff, 0xfe, 0xff, 0xfe, 0xff, 0xfe, 
	0xff, 0xfe, 0xff, 0xfe, 0xff, 0xfe, 0xff, 0xfe, 
	0xff, 0xfe, 0xff, 0xfe, 0xff, 0xfe, 0xff, 0xfe, 
	0xff, 0xfe, 0xff, 0xfe, 0xff, 0xfe, 0xff, 0xfe, 
	0xff, 0xfe, 0xff, 0xfe, 0xff, 0xfe, 0xff, 0xfe, 
	0xff, 0xfe, 0xff, 0xfe, 0xff, 0xfe, 0xff, 0xfe, 
	0xff, 0xfe, 0xff, 0xfe, 0xff, 0xfe, 0xff, 0xfe, 
	0xff, 0xfe, 0xff, 0xfe, 0xff, 0xfe, 0xff, 0xfe, 
	0xff, 0xfe, 0xff, 0xfe, 0xff, 0xfe, 0xff, 0xfe, 
	
};

Gfx mario_mario_eyes_up_unused_rgba16_rgba16_aligner[] = {gsSPEndDisplayList()};
u8 mario_mario_eyes_up_unused_rgba16_rgba16[] = {
	0xff, 0xfe, 0xff, 0xfe, 0xff, 0xfe, 0xff, 0xfe, 
	0xff, 0xfe, 0xff, 0xfe, 0xff, 0xfe, 0xff, 0xfe, 
	0xff, 0xfe, 0xff, 0xfe, 0xff, 0xfe, 0xff, 0xfe, 
	0xff, 0xfe, 0xff, 0xfe, 0xff, 0xfe, 0xff, 0xfe, 
	0xff, 0xfe, 0xff, 0xfe, 0xff, 0xfe, 0xff, 0xfe, 
	0xff, 0xfe, 0xff, 0xfe, 0xff, 0xfe, 0xff, 0xfe, 
	0xff, 0xfe, 0xff, 0xfe, 0xff, 0xfe, 0xff, 0xfe, 
	0xff, 0xfe, 0xff, 0xfe, 0xff, 0xfe, 0xff, 0xfe, 
	0xff, 0xfe, 0xff, 0xfe, 0xff, 0xfe, 0xff, 0xfe, 
	0xff, 0xfe, 0xff, 0xfe, 0xff, 0xfe, 0xff, 0xfe, 
	0xff, 0xfe, 0xff, 0xfe, 0xff, 0xfe, 0xff, 0xfe, 
	0xff, 0xfe, 0xff, 0xfe, 0xff, 0xfe, 0xff, 0xfe, 
	0xff, 0xfe, 0xff, 0xfe, 0xff, 0xfe, 0xff, 0xfe, 
	0xff, 0xfe, 0xff, 0xfe, 0xff, 0xfe, 0xff, 0xfe, 
	0xff, 0xfe, 0xff, 0xfe, 0xff, 0xfe, 0xff, 0xfe, 
	0xff, 0xfe, 0xff, 0xfe, 0xff, 0xfe, 0xff, 0xfe, 
	0xff, 0xfe, 0xff, 0xfe, 0xff, 0xfe, 0xff, 0xfe, 
	0xff, 0xfe, 0xff, 0xfe, 0xff, 0xfe, 0xff, 0xfe, 
	0xff, 0xfe, 0xff, 0xfe, 0xff, 0xfe, 0xff, 0xfe, 
	0xff, 0xfe, 0xff, 0xfe, 0xff, 0xfe, 0xff, 0xfe, 
	0xff, 0xfe, 0xff, 0xfe, 0xff, 0xfe, 0xff, 0xfe, 
	0xff, 0xfe, 0xff, 0xfe, 0xff, 0xfe, 0xff, 0xfe, 
	0xff, 0xfe, 0xff, 0xfe, 0xff, 0xfe, 0xff, 0xfe, 
	0xff, 0xfe, 0xff, 0xfe, 0xff, 0xfe, 0xff, 0xfe, 
	0xff, 0xfe, 0xff, 0xfe, 0xff, 0xfe, 0xff, 0xfe, 
	0xff, 0xfe, 0xff, 0xfe, 0xff, 0xfe, 0xff, 0xfe, 
	0xff, 0xfe, 0xff, 0xfe, 0xff, 0xfe, 0xff, 0xfe, 
	0xff, 0xfe, 0xff, 0xfe, 0xff, 0xfe, 0xff, 0xfe, 
	0xff, 0xfe, 0xff, 0xfe, 0xff, 0xfe, 0xff, 0xfe, 
	0xff, 0xfe, 0xff, 0xfe, 0xff, 0xfe, 0xff, 0xfe, 
	0xff, 0xfe, 0xff, 0xfe, 0xff, 0xfe, 0xff, 0xfe, 
	0xff, 0xfe, 0xff, 0xfe, 0xff, 0xfe, 0xff, 0xfe, 
	0xff, 0xfe, 0xff, 0xfe, 0xff, 0xfe, 0x08, 0x00, 
	0x08, 0x00, 0x08, 0x00, 0x08, 0x00, 0x08, 0x00, 
	0x08, 0x00, 0x08, 0x00, 0xff, 0xfe, 0xff, 0xfe, 
	0xff, 0xfe, 0xff, 0xfe, 0xff, 0xfe, 0xff, 0xfe, 
	0xff, 0xfe, 0xff, 0xfe, 0xff, 0xfe, 0xff, 0xfe, 
	0xff, 0xfe, 0xff, 0xfe, 0x08, 0x00, 0x08, 0x00, 
	0x08, 0x00, 0x08, 0x00, 0x08, 0x00, 0x08, 0x00, 
	0x08, 0x00, 0xff, 0xfe, 0xff, 0xfe, 0xff, 0xfe, 
	0xff, 0xfe, 0xff, 0xfe, 0x08, 0x00, 0x08, 0x00, 
	0x18, 0x85, 0x00, 0x01, 0x08, 0x01, 0x08, 0x01, 
	0x10, 0x43, 0x08, 0x00, 0x08, 0x00, 0xff, 0xfe, 
	0xff, 0xfe, 0xff, 0xfe, 0xff, 0xfe, 0xff, 0xfe, 
	0xff, 0xfe, 0xff, 0xfe, 0xff, 0xfe, 0xff, 0xfe, 
	0xff, 0xfe, 0x08, 0x00, 0x08, 0x00, 0x08, 0x43, 
	0x08, 0x01, 0x08, 0x01, 0x00, 0x01, 0x18, 0x85, 
	0x08, 0x00, 0x08, 0x00, 0xff, 0xfe, 0xff, 0xfe, 
	0xff, 0xfe, 0x08, 0x00, 0x08, 0x00, 0x08, 0x43, 
	0x08, 0x01, 0x08, 0x01, 0x08, 0x01, 0x08, 0x01, 
	0x08, 0x43, 0x08, 0x01, 0x08, 0x00, 0x08, 0x00, 
	0xff, 0xfe, 0xff, 0xfe, 0xff, 0xfe, 0xff, 0xfe, 
	0xff, 0xfe, 0xff, 0xfe, 0xff, 0xfe, 0xff, 0xfe, 
	0x08, 0x00, 0x08, 0x00, 0x08, 0x01, 0x08, 0x43, 
	0x08, 0x01, 0x08, 0x01, 0x08, 0x01, 0x08, 0x01, 
	0x10, 0x43, 0x08, 0x00, 0x08, 0x00, 0xff, 0xfe, 
	0xff, 0xfe, 0x08, 0x00, 0x29, 0x4b, 0x00, 0x01, 
	0x41, 0xcf, 0x08, 0x00, 0x08, 0x00, 0x08, 0x00, 
	0x31, 0x8d, 0x00, 0x01, 0x20, 0xc7, 0x08, 0x00, 
	0xff, 0xfe, 0xff, 0xfe, 0xff, 0xfe, 0xff, 0xfe, 
	0xff, 0xfe, 0xff, 0xfe, 0xff, 0xfe, 0xff, 0xfe, 
	0x08, 0x00, 0x18, 0x85, 0x08, 0x01, 0x39, 0x8d, 
	0x08, 0x00, 0x08, 0x00, 0x08, 0x00, 0x41, 0xcf, 
	0x00, 0x01, 0x39, 0x8d, 0x08, 0x00, 0xff, 0xfe, 
	0xff, 0xfe, 0x08, 0x00, 0x08, 0x01, 0x08, 0x00, 
	0x08, 0x00, 0x08, 0x00, 0xff, 0xfe, 0x08, 0x00, 
	0x08, 0x00, 0x08, 0x00, 0x08, 0x01, 0x08, 0x00, 
	0xff, 0xfe, 0xff, 0xfe, 0xff, 0xfe, 0xff, 0xfe, 
	0xff, 0xfe, 0xff, 0xfe, 0xff, 0xfe, 0xff, 0xfe, 
	0x08, 0x00, 0x20, 0xc7, 0x08, 0x00, 0x08, 0x00, 
	0x08, 0x00, 0xff, 0xfe, 0x08, 0x00, 0x08, 0x00, 
	0x08, 0x00, 0x18, 0x85, 0x08, 0x00, 0xff, 0xfe, 
	0xff, 0xfe, 0x08, 0x00, 0x08, 0x00, 0xff, 0xfe, 
	0xff, 0xfe, 0xfa, 0xd6, 0xe0, 0xc6, 0xe9, 0x08, 
	0xd9, 0x08, 0xd8, 0x84, 0xfa, 0x52, 0xff, 0xfe, 
	0xff, 0xfe, 0xff, 0xfe, 0xff, 0xfe, 0xff, 0xfe, 
	0xff, 0xfe, 0xff, 0xfe, 0xff, 0xfe, 0xff, 0xfe, 
	0xff, 0xfe, 0xf4, 0x22, 0xd8, 0x84, 0xd0, 0xc6, 
	0xe9, 0x08, 0xe8, 0xc6, 0xe9, 0x8c, 0xff, 0x38, 
	0x08, 0x00, 0x08, 0x00, 0x08, 0x00, 0xff, 0xfe, 
	0xff, 0xfe, 0xff, 0xfe, 0xff, 0xfe, 0xff, 0xfe, 
	0xfe, 0xf6, 0xe9, 0x4a, 0xe9, 0x09, 0xd0, 0xc7, 
	0x48, 0x01, 0x48, 0x00, 0xc0, 0xc6, 0xfe, 0xb4, 
	0xff, 0xfe, 0xff, 0xfe, 0xff, 0xfe, 0xff, 0xfe, 
	0xff, 0xfe, 0xff, 0xfe, 0xff, 0xfe, 0xff, 0xfe, 
	0xff, 0xbc, 0xc9, 0xd0, 0x60, 0x00, 0x28, 0x01, 
	0xb0, 0x85, 0xe9, 0x09, 0xe0, 0xc6, 0xfd, 0x6a, 
	0xff, 0xfe, 0xff, 0xfe, 0xff, 0xfe, 0xff, 0xfe, 
	0xff, 0xfe, 0xff, 0xfe, 0xff, 0xfe, 0xff, 0xfe, 
	0xfc, 0xe6, 0xe8, 0xc7, 0xe9, 0x09, 0x70, 0x43, 
	0x00, 0x01, 0x00, 0x01, 0x28, 0x01, 0xfc, 0x62, 
	0xff, 0xfe, 0xff, 0xfe, 0xff, 0xfe, 0xff, 0xfe, 
	0xff, 0xfe, 0xff, 0xfe, 0xff, 0xfe, 0xff, 0xfe, 
	0xfe, 0x30, 0x68, 0x02, 0x00, 0x01, 0x00, 0x01, 
	0x38, 0x01, 0xd8, 0xc7, 0xe8, 0xc7, 0xfb, 0x5b, 
	0xff, 0xfe, 0xff, 0xfe, 0xff, 0xfe, 0xff, 0xfe, 
	0xff, 0xfe, 0xff, 0xfe, 0xff, 0xfe, 0xff, 0xfe, 
	0xfb, 0xdf, 0xe8, 0xc7, 0xd0, 0xc7, 0x10, 0x01, 
	0x00, 0x01, 0x00, 0x01, 0x00, 0x01, 0xd2, 0xd7, 
	0xff, 0xfe, 0xff, 0xfe, 0xff, 0xfe, 0xff, 0xfe, 
	0xff, 0xfe, 0xff, 0xfe, 0xff, 0xfe, 0xff, 0xfe, 
	0xf4, 0xa4, 0x00, 0x01, 0x00, 0x01, 0x00, 0x01, 
	0x00, 0x01, 0xa8, 0x85, 0xe9, 0x09, 0xf2, 0x11, 
	0xff, 0xff, 0xff, 0xfe, 0xff, 0xfe, 0xff, 0xfe, 
	0xff, 0xfe, 0xff, 0xfe, 0xff, 0xfe, 0xff, 0xff, 
	0xfb, 0x19, 0xe8, 0xc7, 0xb0, 0x85, 0x00, 0x01, 
	0x00, 0x01, 0x30, 0x01, 0x00, 0x01, 0xa1, 0x8d, 
	0xff, 0xfe, 0xff, 0xfe, 0xff, 0xfe, 0xff, 0xfe, 
	0xff, 0xfe, 0xff, 0xfe, 0xff, 0xfe, 0xff, 0xfe, 
	0xd3, 0x5b, 0x00, 0x01, 0x38, 0x01, 0x00, 0x01, 
	0x00, 0x01, 0x88, 0x43, 0xe9, 0x09, 0xf1, 0x8d, 
	0xff, 0xbd, 0xff, 0xfe, 0xff, 0xfe, 0xff, 0xfe, 
	0xff, 0xfe, 0xff, 0xfe, 0xff, 0xfe, 0xff, 0xff, 
	0xf2, 0x95, 0xe8, 0xc7, 0xa0, 0x85, 0x00, 0x01, 
	0x71, 0x09, 0xfe, 0xb5, 0xc3, 0x5b, 0x80, 0xc7, 
	0xff, 0xbd, 0xff, 0xfe, 0xff, 0xfe, 0xff, 0xfe, 
	0xff, 0xfe, 0xff, 0xfe, 0xff, 0xfe, 0xff, 0xff, 
	0xba, 0x95, 0x81, 0x8d, 0xfe, 0xb5, 0xaa, 0x95, 
	0x00, 0x01, 0x70, 0x43, 0xe9, 0x09, 0xe9, 0x4b, 
	0xff, 0x39, 0xff, 0xff, 0xff, 0xfe, 0xff, 0xfe, 
	0xff, 0xfe, 0xff, 0xfe, 0xff, 0xff, 0xff, 0xff, 
	0xf2, 0x11, 0xe9, 0x09, 0x98, 0x43, 0x00, 0x01, 
	0xb2, 0xd7, 0xff, 0xff, 0xfd, 0xef, 0x78, 0x85, 
	0xff, 0xbd, 0xff, 0xfe, 0xff, 0xfe, 0xff, 0xfe, 
	0xff, 0xfe, 0xff, 0xfe, 0xff, 0xfe, 0xff, 0xff, 
	0xaa, 0x11, 0xc3, 0x9d, 0xff, 0xff, 0xed, 0x29, 
	0x00, 0x01, 0x60, 0x01, 0xe1, 0x09, 0xe9, 0x4b, 
	0xfe, 0xf7, 0xff, 0xff, 0xff, 0xfe, 0xff, 0xfe, 
	0xff, 0xfe, 0xff, 0xfe, 0xff, 0xff, 0xff, 0xff, 
	0xfa, 0x95, 0xe8, 0xc7, 0xa0, 0x85, 0x00, 0x01, 
	0x68, 0xc7, 0xfd, 0xef, 0xb2, 0xd7, 0x80, 0xc7, 
	0xff, 0xbd, 0xff, 0xff, 0xff, 0xfe, 0xff, 0xfe, 
	0xff, 0xfe, 0xff, 0xfe, 0xff, 0xfe, 0xff, 0xff, 
	0xba, 0x53, 0x79, 0x4b, 0xfd, 0xef, 0xa2, 0x53, 
	0x00, 0x01, 0x70, 0x01, 0xe1, 0x09, 0xe9, 0x4b, 
	0xff, 0x7b, 0xff, 0xff, 0xff, 0xfe, 0xff, 0xfe, 
	0xff, 0xfe, 0xff, 0xfe, 0xff, 0xff, 0xff, 0xff, 
	0xfb, 0x5b, 0xe8, 0xc7, 0xa8, 0x85, 0x00, 0x01, 
	0x00, 0x01, 0x00, 0x01, 0x00, 0x01, 0xa1, 0x4b, 
	0xff, 0xff, 0xff, 0xff, 0xff, 0xfe, 0xff, 0xfe, 
	0xff, 0xfe, 0xff, 0xfe, 0xff, 0xff, 0xff, 0xff, 
	0xd3, 0x19, 0x00, 0x01, 0x10, 0x01, 0x00, 0x01, 
	0x00, 0x01, 0x80, 0x43, 0xe9, 0x09, 0xf1, 0x8d, 
	0xff, 0xbd, 0xff, 0xff, 0xff, 0xff, 0xff, 0xfe, 
	0xff, 0xfe, 0xff, 0xff, 0xff, 0xff, 0xff, 0xff, 
	0xfb, 0xdf, 0xe8, 0xc7, 0xc8, 0xc7, 0x10, 0x01, 
	0x00, 0x01, 0x00, 0x01, 0x00, 0x01, 0xca, 0x95, 
	0xff, 0xff, 0xff, 0xff, 0xff, 0xfe, 0xff, 0xfe, 
	0xff, 0xfe, 0xff, 0xfe, 0xff, 0xff, 0xff, 0xff, 
	0xf4, 0x63, 0x00, 0x01, 0x00, 0x01, 0x00, 0x01, 
	0x00, 0x01, 0xa0, 0x85, 0xe8, 0xc7, 0xf2, 0x53, 
	0xff, 0xff, 0xff, 0xff, 0xff, 0xff, 0xff, 0xfe, 
	0xff, 0xfe, 0xff, 0xff, 0xff, 0xff, 0xff, 0xff, 
	0xfd, 0x29, 0xe8, 0xc7, 0xe1, 0x09, 0x60, 0x01, 
	0x00, 0x01, 0x00, 0x01, 0x00, 0x01, 0xf4, 0x21, 
	0xff, 0xff, 0xff, 0xff, 0xff, 0xfe, 0xff, 0xfe, 
	0xff, 0xfe, 0xff, 0xfe, 0xff, 0xff, 0xff, 0xff, 
	0xfd, 0xef, 0x60, 0x01, 0x00, 0x01, 0x00, 0x01, 
	0x10, 0x01, 0xd0, 0xc7, 0xe8, 0xc7, 0xfb, 0x9d, 
	0xff, 0xff, 0xff, 0xff, 0xff, 0xff, 0xff, 0xfe, 
	0xff, 0xfe, 0xff, 0xff, 0xff, 0xff, 0xff, 0xff, 
	0xff, 0x39, 0xe9, 0x4b, 0xe9, 0x09, 0xb8, 0x85, 
	0x00, 0x01, 0x00, 0x01, 0xa0, 0x85, 0xfe, 0x73, 
	0xff, 0xff, 0xff, 0xff, 0xff, 0xfe, 0xff, 0xfe, 
	0xff, 0xfe, 0xff, 0xfe, 0xff, 0xff, 0xff, 0xff, 
	0xff, 0xbd, 0xd1, 0x4b, 0x28, 0x01, 0x00, 0x01, 
	0x98, 0x43, 0xe9, 0x09, 0xe8, 0xc7, 0xfd, 0xad, 
	0xff, 0xff, 0xff, 0xff, 0xff, 0xff, 0xff, 0xfe, 
	0xff, 0xfe, 0xff, 0xff, 0xff, 0xff, 0xff, 0xff, 
	0xff, 0xff, 0xfb, 0x5b, 0xe0, 0xc7, 0xe9, 0x09, 
	0xc8, 0xc7, 0xc0, 0x85, 0xf2, 0x53, 0xff, 0xff, 
	0xff, 0xff, 0xff, 0xff, 0xff, 0xfe, 0xff, 0xfe, 
	0xff, 0xfe, 0xff, 0xfe, 0xff, 0xff, 0xff, 0xff, 
	0xff, 0xff, 0xfb, 0xdf, 0xc8, 0x43, 0xb8, 0x85, 
	0xe1, 0x09, 0xe8, 0xc7, 0xf1, 0xcf, 0xff, 0x7b, 
	0xff, 0xff, 0xff, 0xff, 0xff, 0xff, 0xff, 0xfe, 
	0xff, 0xfe, 0xff, 0xff, 0xff, 0xff, 0xff, 0xff, 
	0xff, 0xff, 0xff, 0xff, 0xe9, 0x4b, 0xe0, 0x85, 
	0xe8, 0xc7, 0xe9, 0x09, 0xff, 0xff, 0xff, 0xff, 
	0xff, 0xff, 0xff, 0xff, 0xff, 0xfe, 0xff, 0xfe, 
	0xff, 0xfe, 0xff, 0xfe, 0xff, 0xff, 0xff, 0xff, 
	0xff, 0xff, 0xff, 0xff, 0xf1, 0xcf, 0xe8, 0x85, 
	0xe8, 0xc7, 0xe0, 0x85, 0xff, 0xff, 0xff, 0xff, 
	0xff, 0xff, 0xff, 0xff, 0xff, 0xff, 0xff, 0xfe, 
	0xff, 0xfe, 0xff, 0xfe, 0xff, 0xff, 0xff, 0xff, 
	0xff, 0xff, 0xff, 0xff, 0xff, 0xff, 0xff, 0xff, 
	0xff, 0xff, 0xff, 0xff, 0xff, 0xff, 0xff, 0xff, 
	0xff, 0xff, 0xff, 0xff, 0xff, 0xfe, 0xff, 0xfe, 
	0xff, 0xfe, 0xff, 0xfe, 0xff, 0xff, 0xff, 0xff, 
	0xff, 0xff, 0xff, 0xff, 0xff, 0xff, 0xff, 0xff, 
	0xff, 0xff, 0xff, 0xff, 0xff, 0xff, 0xff, 0xff, 
	0xff, 0xff, 0xff, 0xff, 0xff, 0xff, 0xff, 0xfe, 
	0xff, 0xfe, 0xff, 0xfe, 0xff, 0xff, 0xff, 0xff, 
	0xff, 0xff, 0xff, 0xff, 0xff, 0xff, 0xff, 0xff, 
	0xff, 0xff, 0xff, 0xff, 0xff, 0xff, 0xff, 0xff, 
	0xff, 0xff, 0xff, 0xff, 0xff, 0xfe, 0xff, 0xfe, 
	0xff, 0xfe, 0xff, 0xfe, 0xff, 0xfe, 0xff, 0xff, 
	0xff, 0xff, 0xff, 0xff, 0xff, 0xff, 0xff, 0xff, 
	0xff, 0xff, 0xff, 0xff, 0xff, 0xff, 0xff, 0xff, 
	0xff, 0xff, 0xff, 0xff, 0xff, 0xfe, 0xff, 0xfe, 
	0xff, 0xfe, 0xff, 0xfe, 0xff, 0xff, 0xff, 0xff, 
	0xff, 0xff, 0xff, 0xff, 0xff, 0xff, 0xff, 0xff, 
	0xff, 0xff, 0xff, 0xff, 0xff, 0xff, 0xff, 0xff, 
	0xff, 0xff, 0xff, 0xfe, 0xff, 0xfe, 0xff, 0xfe, 
	0xff, 0xfe, 0xff, 0xfe, 0xff, 0xfe, 0xff, 0xff, 
	0xff, 0xff, 0xff, 0xff, 0xff, 0xff, 0xff, 0xff, 
	0xff, 0xff, 0xff, 0xff, 0xff, 0xff, 0xff, 0xff, 
	0xff, 0xff, 0xff, 0xff, 0xff, 0xfe, 0xff, 0xfe, 
	0xff, 0xfe, 0xff, 0xfe, 0xff, 0xfe, 0xff, 0xff, 
	0xff, 0xff, 0xff, 0xff, 0xff, 0xff, 0xff, 0xff, 
	0xff, 0xff, 0xff, 0xff, 0xff, 0xff, 0xff, 0xff, 
	0xff, 0xff, 0xff, 0xfe, 0xff, 0xfe, 0xff, 0xfe, 
	0xff, 0xfe, 0xff, 0xfe, 0xff, 0xfe, 0xff, 0xff, 
	0xff, 0xff, 0xff, 0xff, 0xff, 0xff, 0xff, 0xff, 
	0xff, 0xff, 0xff, 0xff, 0xff, 0xff, 0xff, 0xff, 
	0xff, 0xff, 0xff, 0xff, 0xff, 0xfe, 0xff, 0xfe, 
	0xff, 0xfe, 0xff, 0xfe, 0xff, 0xfe, 0xff, 0xff, 
	0xff, 0xff, 0xff, 0xff, 0xff, 0xff, 0xff, 0xff, 
	0xff, 0xff, 0xff, 0xff, 0xff, 0xff, 0xff, 0xff, 
	0xff, 0xfe, 0xff, 0xfe, 0xff, 0xfe, 0xff, 0xfe, 
	0xff, 0xfe, 0xff, 0xfe, 0xff, 0xfe, 0xff, 0xfe, 
	0xff, 0xff, 0xff, 0xff, 0xff, 0xff, 0xff, 0xff, 
	0xff, 0xff, 0xff, 0xff, 0xff, 0xff, 0xff, 0xff, 
	0xff, 0xff, 0xff, 0xfe, 0xff, 0xfe, 0xff, 0xfe, 
	0xff, 0xfe, 0xff, 0xfe, 0xff, 0xfe, 0xff, 0xfe, 
	0xff, 0xff, 0xff, 0xff, 0xff, 0xff, 0xff, 0xff, 
	0xff, 0xff, 0xff, 0xff, 0xff, 0xff, 0xff, 0xff, 
	0xff, 0xfe, 0xff, 0xfe, 0xff, 0xfe, 0xff, 0xfe, 
	0xff, 0xfe, 0xff, 0xfe, 0xff, 0xfe, 0xff, 0xfe, 
	0xff, 0xff, 0xff, 0xff, 0xff, 0xff, 0xff, 0xff, 
	0xff, 0xff, 0xff, 0xff, 0xff, 0xff, 0xff, 0xff, 
	0xff, 0xff, 0xff, 0xfe, 0xff, 0xfe, 0xff, 0xfe, 
	0xff, 0xfe, 0xff, 0xfe, 0xff, 0xfe, 0xff, 0xfe, 
	0xff, 0xff, 0xff, 0xff, 0xff, 0xff, 0xff, 0xff, 
	0xff, 0xff, 0xff, 0xff, 0xff, 0xff, 0xff, 0xfe, 
	0xff, 0xfe, 0xff, 0xfe, 0xff, 0xfe, 0xff, 0xfe, 
	0xff, 0xfe, 0xff, 0xfe, 0xff, 0xfe, 0xff, 0xfe, 
	0xff, 0xfe, 0xff, 0xff, 0xff, 0xff, 0xff, 0xff, 
	0xff, 0xff, 0xff, 0xff, 0xff, 0xff, 0xff, 0xff, 
	0xff, 0xfe, 0xff, 0xfe, 0xff, 0xfe, 0xff, 0xfe, 
	0xff, 0xfe, 0xff, 0xfe, 0xff, 0xfe, 0xff, 0xfe, 
	0xff, 0xfe, 0xff, 0xfe, 0xff, 0xff, 0xff, 0xff, 
	0xff, 0xff, 0xff, 0xff, 0xff, 0xfe, 0xff, 0xfe, 
	0xff, 0xfe, 0xff, 0xfe, 0xff, 0xfe, 0xff, 0xfe, 
	0xff, 0xfe, 0xff, 0xfe, 0xff, 0xfe, 0xff, 0xfe, 
	0xff, 0xfe, 0xff, 0xfe, 0xff, 0xfe, 0xff, 0xff, 
	0xff, 0xff, 0xff, 0xff, 0xff, 0xfe, 0xff, 0xfe, 
	0xff, 0xfe, 0xff, 0xfe, 0xff, 0xfe, 0xff, 0xfe, 
	0xff, 0xfe, 0xff, 0xfe, 0xff, 0xfe, 0xff, 0xfe, 
	0xff, 0xfe, 0xff, 0xfe, 0xff, 0xfe, 0xff, 0xfe, 
	0xff, 0xfe, 0xff, 0xfe, 0xff, 0xfe, 0xff, 0xfe, 
	0xff, 0xfe, 0xff, 0xfe, 0xff, 0xfe, 0xff, 0xfe, 
	0xff, 0xfe, 0xff, 0xfe, 0xff, 0xfe, 0xff, 0xfe, 
	0xff, 0xfe, 0xff, 0xfe, 0xff, 0xfe, 0xff, 0xfe, 
	0xff, 0xfe, 0xff, 0xfe, 0xff, 0xfe, 0xff, 0xfe, 
	0xff, 0xfe, 0xff, 0xfe, 0xff, 0xfe, 0xff, 0xfe, 
	
};

Gfx mario_mario_eyes_down_unused_rgba16_rgba16_aligner[] = {gsSPEndDisplayList()};
u8 mario_mario_eyes_down_unused_rgba16_rgba16[] = {
	0xff, 0xfe, 0xff, 0xfe, 0xff, 0xfe, 0xff, 0xfe, 
	0xff, 0xfe, 0xff, 0xfe, 0xff, 0xfe, 0xff, 0xfe, 
	0xff, 0xfe, 0xff, 0xfe, 0xff, 0xfe, 0xff, 0xfe, 
	0xff, 0xfe, 0xff, 0xfe, 0xff, 0xfe, 0xff, 0xfe, 
	0xff, 0xfe, 0xff, 0xfe, 0xff, 0xfe, 0xff, 0xfe, 
	0xff, 0xfe, 0xff, 0xfe, 0xff, 0xfe, 0xff, 0xfe, 
	0xff, 0xfe, 0xff, 0xfe, 0xff, 0xfe, 0xff, 0xfe, 
	0xff, 0xfe, 0xff, 0xfe, 0xff, 0xfe, 0xff, 0xfe, 
	0xff, 0xfe, 0xff, 0xfe, 0xff, 0xfe, 0xff, 0xfe, 
	0xff, 0xfe, 0xff, 0xfe, 0xff, 0xfe, 0xff, 0xfe, 
	0xff, 0xfe, 0xff, 0xfe, 0xff, 0xfe, 0xff, 0xfe, 
	0xff, 0xfe, 0xff, 0xfe, 0xff, 0xfe, 0xff, 0xfe, 
	0xff, 0xfe, 0xff, 0xfe, 0xff, 0xfe, 0xff, 0xfe, 
	0xff, 0xfe, 0xff, 0xfe, 0xff, 0xfe, 0xff, 0xfe, 
	0xff, 0xfe, 0xff, 0xfe, 0xff, 0xfe, 0xff, 0xfe, 
	0xff, 0xfe, 0xff, 0xfe, 0xff, 0xfe, 0xff, 0xfe, 
	0xff, 0xfe, 0xff, 0xfe, 0xff, 0xfe, 0xff, 0xfe, 
	0xff, 0xfe, 0xff, 0xfe, 0xff, 0xfe, 0xff, 0xfe, 
	0xff, 0xfe, 0xff, 0xfe, 0xff, 0xfe, 0xff, 0xfe, 
	0xff, 0xfe, 0xff, 0xfe, 0xff, 0xfe, 0xff, 0xfe, 
	0xff, 0xfe, 0xff, 0xfe, 0xff, 0xfe, 0xff, 0xfe, 
	0xff, 0xfe, 0xff, 0xfe, 0xff, 0xfe, 0xff, 0xfe, 
	0xff, 0xfe, 0xff, 0xfe, 0xff, 0xfe, 0xff, 0xfe, 
	0xff, 0xfe, 0xff, 0xfe, 0xff, 0xfe, 0xff, 0xfe, 
	0xff, 0xfe, 0xff, 0xfe, 0xff, 0xfe, 0xff, 0xfe, 
	0xff, 0xfe, 0xff, 0xfe, 0xff, 0xfe, 0xff, 0xfe, 
	0xff, 0xfe, 0xff, 0xfe, 0xff, 0xfe, 0xff, 0xfe, 
	0xff, 0xfe, 0xff, 0xfe, 0xff, 0xfe, 0xff, 0xfe, 
	0xff, 0xfe, 0xff, 0xfe, 0xff, 0xfe, 0xff, 0xfe, 
	0xff, 0xfe, 0xff, 0xfe, 0xff, 0xfe, 0xff, 0xfe, 
	0xff, 0xfe, 0xff, 0xfe, 0xff, 0xfe, 0xff, 0xfe, 
	0xff, 0xfe, 0xff, 0xfe, 0xff, 0xfe, 0xff, 0xfe, 
	0xff, 0xfe, 0x08, 0x02, 0x08, 0x02, 0x08, 0x02, 
	0x08, 0x02, 0x08, 0x02, 0x08, 0x02, 0x08, 0x02, 
	0x08, 0x02, 0x08, 0x02, 0xff, 0xfe, 0xff, 0xfe, 
	0xff, 0xfe, 0xff, 0xfe, 0xff, 0xfe, 0xff, 0xfe, 
	0xff, 0xfe, 0xff, 0xfe, 0xff, 0xfe, 0xff, 0xfe, 
	0xff, 0xfe, 0x08, 0x02, 0x08, 0x02, 0x08, 0x02, 
	0x08, 0x02, 0x08, 0x02, 0x08, 0x02, 0x08, 0x02, 
	0x08, 0x02, 0xff, 0xfe, 0xff, 0xfe, 0xff, 0xfe, 
	0xff, 0xfe, 0x08, 0x02, 0x08, 0x02, 0x08, 0x02, 
	0x18, 0x87, 0x00, 0x01, 0x08, 0x03, 0x08, 0x01, 
	0x08, 0x43, 0x08, 0x02, 0x08, 0x02, 0xff, 0xfe, 
	0xff, 0xfe, 0xff, 0xfe, 0xff, 0xfe, 0xff, 0xfe, 
	0xff, 0xfe, 0xff, 0xfe, 0xff, 0xfe, 0xff, 0xfe, 
	0xff, 0xfe, 0x08, 0x02, 0x08, 0x02, 0x10, 0x43, 
	0x08, 0x01, 0x08, 0x03, 0x00, 0x01, 0x18, 0x87, 
	0x08, 0x02, 0x08, 0x02, 0xff, 0xfe, 0xff, 0xfe, 
	0xff, 0xfe, 0x08, 0x02, 0x08, 0x02, 0x10, 0x45, 
	0x08, 0x03, 0x08, 0x01, 0x08, 0x03, 0x08, 0x01, 
	0x08, 0x43, 0x08, 0x01, 0x08, 0x02, 0x08, 0x02, 
	0xff, 0xfe, 0xff, 0xfe, 0xff, 0xfe, 0xff, 0xfe, 
	0xff, 0xfe, 0xff, 0xfe, 0xff, 0xfe, 0xff, 0xfe, 
	0xff, 0xfe, 0x08, 0x02, 0x08, 0x03, 0x08, 0x43, 
	0x08, 0x03, 0x08, 0x03, 0x08, 0x03, 0x08, 0x03, 
	0x08, 0x43, 0x08, 0x02, 0x08, 0x02, 0xff, 0xfe, 
	0xff, 0xfe, 0x08, 0x02, 0x39, 0x8f, 0x00, 0x01, 
	0x41, 0xcf, 0x08, 0x02, 0x08, 0x02, 0x08, 0x02, 
	0x39, 0x8f, 0x08, 0x01, 0x18, 0x85, 0x08, 0x02, 
	0xff, 0xfe, 0xff, 0xfe, 0xff, 0xfe, 0xff, 0xfe, 
	0xff, 0xfe, 0xff, 0xfe, 0xff, 0xfe, 0xff, 0xfe, 
	0x08, 0x02, 0x20, 0xc9, 0x00, 0x01, 0x31, 0x8d, 
	0x08, 0x02, 0x08, 0x02, 0x08, 0x02, 0x41, 0xcf, 
	0x00, 0x01, 0x29, 0x4b, 0x08, 0x02, 0xff, 0xfe, 
	0xff, 0xfe, 0x08, 0x02, 0x18, 0x87, 0x08, 0x02, 
	0x08, 0x02, 0xff, 0xfe, 0xff, 0xfe, 0xff, 0xfe, 
	0x08, 0x02, 0x08, 0x02, 0x20, 0xc7, 0x08, 0x02, 
	0xff, 0xfe, 0xff, 0xfe, 0xff, 0xfe, 0xff, 0xfe, 
	0xff, 0xfe, 0xff, 0xfe, 0xff, 0xfe, 0xff, 0xfe, 
	0x08, 0x02, 0x18, 0xc7, 0x08, 0x02, 0x08, 0x02, 
	0x08, 0x02, 0xff, 0xfe, 0x08, 0x02, 0x08, 0x02, 
	0x08, 0x02, 0x18, 0xc7, 0x08, 0x02, 0xff, 0xfe, 
	0xff, 0xfe, 0x08, 0x02, 0x08, 0x02, 0x08, 0x02, 
	0xff, 0xfe, 0xff, 0xfe, 0xff, 0xfe, 0xff, 0xfe, 
	0xff, 0xfe, 0x08, 0x02, 0x08, 0x02, 0x08, 0x02, 
	0xff, 0xfe, 0xff, 0xfe, 0xff, 0xfe, 0xff, 0xfe, 
	0xff, 0xfe, 0xff, 0xfe, 0xff, 0xfe, 0xff, 0xfe, 
	0x08, 0x02, 0x08, 0x02, 0x08, 0x02, 0xff, 0xfe, 
	0xff, 0xfe, 0xff, 0xfe, 0xff, 0xfe, 0xff, 0xfe, 
	0x08, 0x02, 0x08, 0x02, 0x08, 0x02, 0xff, 0xfe, 
	0xff, 0xfe, 0xff, 0xfe, 0xff, 0xfe, 0xff, 0xfe, 
	0xff, 0xfe, 0xff, 0xfe, 0xff, 0xff, 0xff, 0xff, 
	0xff, 0xff, 0xff, 0xfe, 0xff, 0xfe, 0xff, 0xfe, 
	0xff, 0xfe, 0xff, 0xfe, 0xff, 0xfe, 0xff, 0xfe, 
	0xff, 0xfe, 0xff, 0xfe, 0xff, 0xfe, 0xff, 0xfe, 
	0xff, 0xfe, 0xff, 0xfe, 0xff, 0xfe, 0xff, 0xff, 
	0xff, 0xff, 0xff, 0xff, 0xff, 0xfe, 0xff, 0xfe, 
	0xff, 0xfe, 0xff, 0xfe, 0xff, 0xfe, 0xff, 0xfe, 
	0xff, 0xfe, 0xff, 0xfe, 0xff, 0xfe, 0xff, 0xfe, 
	0xff, 0xff, 0xff, 0xff, 0xff, 0xff, 0xff, 0xff, 
	0xff, 0xff, 0xff, 0xff, 0xff, 0xfe, 0xff, 0xfe, 
	0xff, 0xfe, 0xff, 0xfe, 0xff, 0xfe, 0xff, 0xfe, 
	0xff, 0xfe, 0xff, 0xfe, 0xff, 0xfe, 0xff, 0xfe, 
	0xff, 0xfe, 0xf7, 0xbf, 0xff, 0xff, 0xff, 0xff, 
	0xff, 0xff, 0xff, 0xff, 0xff, 0xff, 0xff, 0xfe, 
	0xff, 0xfe, 0xff, 0xfe, 0xff, 0xfe, 0xff, 0xfe, 
	0xff, 0xfe, 0xff, 0xfe, 0xff, 0xfe, 0xff, 0xff, 
	0xff, 0xff, 0xff, 0xff, 0xff, 0xff, 0xff, 0xff, 
	0xff, 0xff, 0xff, 0xff, 0xff, 0xff, 0xff, 0xfe, 
	0xff, 0xfe, 0xff, 0xfe, 0xff, 0xfe, 0xff, 0xfe, 
	0xff, 0xfe, 0xff, 0xfe, 0xff, 0xfe, 0xff, 0xfe, 
	0xff, 0xff, 0xff, 0xff, 0xff, 0xff, 0xff, 0xff, 
	0xff, 0xff, 0xff, 0xff, 0xff, 0xff, 0xff, 0xff, 
	0xff, 0xfe, 0xff, 0xfe, 0xff, 0xfe, 0xff, 0xfe, 
	0xff, 0xfe, 0xff, 0xfe, 0xff, 0xfe, 0xff, 0xff, 
	0xff, 0xff, 0xff, 0xff, 0xff, 0xff, 0xff, 0xff, 
	0xff, 0xff, 0xff, 0xff, 0xff, 0xff, 0xff, 0xff, 
	0xff, 0xfe, 0xff, 0xfe, 0xff, 0xfe, 0xff, 0xfe, 
	0xff, 0xfe, 0xff, 0xfe, 0xff, 0xfe, 0xff, 0xfe, 
	0xff, 0xff, 0xff, 0xff, 0xff, 0xff, 0xff, 0xff, 
	0xff, 0xff, 0xff, 0xff, 0xff, 0xff, 0xff, 0xff, 
	0xff, 0xff, 0xff, 0xfe, 0xff, 0xfe, 0xff, 0xfe, 
	0xff, 0xfe, 0xff, 0xfe, 0xff, 0xff, 0xff, 0xff, 
	0xff, 0xff, 0xff, 0xff, 0xff, 0xff, 0xff, 0xff, 
	0xff, 0xff, 0xff, 0xff, 0xff, 0xff, 0xff, 0xff, 
	0xff, 0xff, 0xff, 0xfe, 0xff, 0xfe, 0xff, 0xfe, 
	0xff, 0xfe, 0xff, 0xfe, 0xff, 0xfe, 0xff, 0xff, 
	0xff, 0xff, 0xff, 0xff, 0xff, 0xff, 0xff, 0xff, 
	0xff, 0xff, 0xff, 0xff, 0xff, 0xff, 0xff, 0xff, 
	0xff, 0xff, 0xff, 0xfe, 0xff, 0xfe, 0xff, 0xfe, 
	0xff, 0xfe, 0xff, 0xfe, 0xff, 0xff, 0xff, 0xff, 
	0xff, 0xff, 0xff, 0xff, 0xff, 0xff, 0xff, 0xff, 
	0xff, 0xff, 0xff, 0xff, 0xff, 0xff, 0xff, 0xff, 
	0xff, 0xff, 0xff, 0xfe, 0xff, 0xfe, 0xff, 0xfe, 
	0xff, 0xfe, 0xff, 0xfe, 0xff, 0xfe, 0xff, 0xff, 
	0xff, 0xff, 0xff, 0xff, 0xff, 0xff, 0xff, 0xff, 
	0xff, 0xff, 0xff, 0xff, 0xff, 0xff, 0xff, 0xff, 
	0xff, 0xff, 0xff, 0xff, 0xff, 0xfe, 0xff, 0xfe, 
	0xff, 0xfe, 0xff, 0xfe, 0xff, 0xff, 0xff, 0xff, 
	0xff, 0xff, 0xff, 0xff, 0xff, 0xff, 0xff, 0xff, 
	0xff, 0xff, 0xff, 0xff, 0xff, 0xff, 0xff, 0xff, 
	0xff, 0xff, 0xff, 0xfe, 0xff, 0xfe, 0xff, 0xfe, 
	0xff, 0xfe, 0xff, 0xfe, 0xff, 0xff, 0xff, 0xff, 
	0xff, 0xff, 0xff, 0xff, 0xff, 0xff, 0xff, 0xff, 
	0xff, 0xff, 0xff, 0xff, 0xff, 0xff, 0xff, 0xff, 
	0xff, 0xff, 0xff, 0xff, 0xff, 0xfe, 0xff, 0xfe, 
	0xff, 0xfe, 0xff, 0xff, 0xff, 0xff, 0xff, 0xff, 
	0xff, 0xff, 0xff, 0xff, 0xff, 0xff, 0xff, 0xff, 
	0xff, 0xff, 0xff, 0xff, 0xff, 0xff, 0xff, 0xff, 
	0xff, 0xff, 0xff, 0xff, 0xff, 0xfe, 0xff, 0xfe, 
	0xff, 0xfe, 0xff, 0xfe, 0xff, 0xff, 0xff, 0xff, 
	0xff, 0xff, 0xff, 0xff, 0xff, 0xff, 0xff, 0xff, 
	0xff, 0xbd, 0xff, 0xff, 0xff, 0xff, 0xff, 0xff, 
	0xff, 0xff, 0xff, 0xff, 0xff, 0xfe, 0xff, 0xfe, 
	0xff, 0xfe, 0xff, 0xff, 0xff, 0xff, 0xff, 0xff, 
	0xff, 0xff, 0xff, 0xff, 0xff, 0xff, 0xff, 0xff, 
	0xff, 0xff, 0xff, 0xff, 0xff, 0xff, 0xff, 0xff, 
	0xff, 0xff, 0xff, 0xff, 0xff, 0xfe, 0xff, 0xfe, 
	0xff, 0xfe, 0xff, 0xfe, 0xff, 0xff, 0xff, 0xff, 
	0xff, 0xff, 0xff, 0xff, 0xff, 0xff, 0xff, 0xff, 
	0xff, 0xff, 0xff, 0xff, 0xff, 0xff, 0xff, 0xff, 
	0xff, 0xff, 0xff, 0xff, 0xff, 0xff, 0xff, 0xfe, 
	0xff, 0xfe, 0xff, 0xff, 0xff, 0xff, 0xff, 0xff, 
	0xff, 0xff, 0xff, 0xff, 0xe0, 0x85, 0xe9, 0x4b, 
	0xf2, 0x95, 0xf2, 0x11, 0xff, 0xff, 0xff, 0xff, 
	0xff, 0xff, 0xff, 0xff, 0xff, 0xfe, 0xff, 0xfe, 
	0xff, 0xfe, 0xff, 0xfe, 0xff, 0xff, 0xff, 0xff, 
	0xff, 0xff, 0xff, 0xff, 0xe9, 0x09, 0xe8, 0xc7, 
	0xe0, 0xc7, 0xe9, 0x4b, 0xff, 0xff, 0xff, 0xff, 
	0xff, 0xff, 0xff, 0xff, 0xff, 0xff, 0xff, 0xfe, 
	0xff, 0xfe, 0xff, 0xff, 0xff, 0xff, 0xff, 0xff, 
	0xff, 0x39, 0xe9, 0x8d, 0xe9, 0x4b, 0xe9, 0x09, 
	0xd0, 0xc7, 0xd8, 0x85, 0xfc, 0x21, 0xff, 0xff, 
	0xff, 0xff, 0xff, 0xff, 0xff, 0xfe, 0xff, 0xfe, 
	0xff, 0xfe, 0xff, 0xfe, 0xff, 0xff, 0xff, 0xff, 
	0xff, 0xff, 0xfa, 0x53, 0xd8, 0x85, 0xd9, 0x09, 
	0xe9, 0x09, 0xe0, 0xc7, 0xfa, 0xd7, 0xff, 0xff, 
	0xff, 0xff, 0xff, 0xff, 0xff, 0xff, 0xff, 0xfe, 
	0xff, 0xfe, 0xff, 0xff, 0xff, 0xff, 0xff, 0xff, 
	0xda, 0x53, 0xda, 0x53, 0x78, 0x43, 0x58, 0xc7, 
	0xa0, 0x85, 0xd0, 0xc7, 0xe2, 0x53, 0xff, 0xff, 
	0xff, 0xff, 0xff, 0xff, 0xff, 0xfe, 0xff, 0xfe, 
	0xff, 0xfe, 0xff, 0xfe, 0xff, 0xff, 0xff, 0xff, 
	0xfe, 0xb5, 0xc0, 0xc7, 0x48, 0x01, 0x48, 0x01, 
	0xd0, 0xc7, 0xe9, 0x09, 0xe9, 0x4b, 0xfe, 0xf7, 
	0xff, 0xff, 0xff, 0xff, 0xff, 0xff, 0xff, 0xfe, 
	0xff, 0xfe, 0xff, 0xff, 0xff, 0xff, 0xff, 0xff, 
	0xb9, 0x09, 0x60, 0x43, 0x00, 0x01, 0x00, 0x01, 
	0x00, 0x01, 0xa0, 0x85, 0xd0, 0xc7, 0xff, 0xff, 
	0xff, 0xff, 0xff, 0xff, 0xff, 0xfe, 0xff, 0xfe, 
	0xff, 0xfe, 0xff, 0xfe, 0xff, 0xff, 0xff, 0xff, 
	0xfc, 0x63, 0x28, 0x01, 0x00, 0x01, 0x00, 0x01, 
	0x70, 0x43, 0xe9, 0x09, 0xe8, 0xc7, 0xfc, 0xe7, 
	0xff, 0xff, 0xff, 0xff, 0xff, 0xff, 0xff, 0xfe, 
	0xff, 0xfe, 0xff, 0xff, 0xff, 0xff, 0xfb, 0x5b, 
	0xb9, 0x09, 0x00, 0x01, 0x00, 0x01, 0x00, 0x01, 
	0x28, 0x01, 0x00, 0x01, 0xe9, 0x09, 0xfd, 0xef, 
	0xff, 0xff, 0xff, 0xff, 0xff, 0xfe, 0xff, 0xfe, 
	0xff, 0xfe, 0xff, 0xfe, 0xff, 0xff, 0xff, 0xff, 
	0xd2, 0xd7, 0x00, 0x01, 0x00, 0x01, 0x00, 0x01, 
	0x10, 0x01, 0xd0, 0xc7, 0xe8, 0xc7, 0xfb, 0xdf, 
	0xff, 0xff, 0xff, 0xff, 0xff, 0xfe, 0xff, 0xfe, 
	0xff, 0xfe, 0xff, 0xfe, 0xff, 0xff, 0xda, 0x53, 
	0xa0, 0x85, 0x00, 0x01, 0x00, 0x01, 0x38, 0x01, 
	0x00, 0x01, 0x00, 0x01, 0xe9, 0x09, 0xe9, 0x09, 
	0xff, 0xff, 0xff, 0xfe, 0xff, 0xfe, 0xff, 0xfe, 
	0xff, 0xfe, 0xff, 0xfe, 0xff, 0xff, 0xff, 0xff, 
	0xa1, 0x8d, 0x00, 0x01, 0x30, 0x01, 0x00, 0x01, 
	0x00, 0x01, 0xb0, 0x85, 0xe8, 0xc7, 0xfb, 0x19, 
	0xff, 0xff, 0xff, 0xff, 0xff, 0xfe, 0xff, 0xfe, 
	0xff, 0xfe, 0xff, 0xfe, 0xff, 0xff, 0xd0, 0xc7, 
	0xa0, 0x85, 0x00, 0x01, 0xaa, 0x95, 0xfe, 0xb5, 
	0x81, 0x8d, 0x00, 0x01, 0xa0, 0x85, 0xe9, 0x09, 
	0xff, 0xff, 0xff, 0xfe, 0xff, 0xfe, 0xff, 0xfe, 
	0xff, 0xfe, 0xff, 0xfe, 0xff, 0xfe, 0xff, 0xbd, 
	0x80, 0xc7, 0xc3, 0x5b, 0xfe, 0xb5, 0x71, 0x09, 
	0x00, 0x01, 0xa0, 0x85, 0xe8, 0xc7, 0xf2, 0x95, 
	0xff, 0xff, 0xff, 0xff, 0xff, 0xfe, 0xff, 0xfe, 
	0xff, 0xfe, 0xff, 0xfe, 0xff, 0xff, 0xa0, 0x85, 
	0x78, 0x85, 0x00, 0x01, 0xed, 0x29, 0xff, 0xff, 
	0xc3, 0x9d, 0x00, 0x01, 0xa0, 0x85, 0xe9, 0x09, 
	0xff, 0xff, 0xff, 0xfe, 0xff, 0xfe, 0xff, 0xfe, 
	0xff, 0xfe, 0xff, 0xfe, 0xff, 0xfe, 0xff, 0xbd, 
	0x78, 0x85, 0xfd, 0xef, 0xff, 0xff, 0xb2, 0xd7, 
	0x00, 0x01, 0x98, 0x43, 0xe9, 0x09, 0xf2, 0x11, 
	0xff, 0xff, 0xff, 0xfe, 0xff, 0xfe, 0xff, 0xfe, 
	0xff, 0xfe, 0xff, 0xfe, 0xff, 0xfe, 0xb9, 0x09, 
	0x80, 0x85, 0x00, 0x01, 0xa2, 0x53, 0xfd, 0xef, 
	0x79, 0x4b, 0x00, 0x01, 0xa0, 0x85, 0xe9, 0x09, 
	0xff, 0xfe, 0xff, 0xfe, 0xff, 0xfe, 0xff, 0xfe, 
	0xff, 0xfe, 0xff, 0xfe, 0xff, 0xfe, 0xff, 0xbc, 
	0x80, 0xc7, 0xb2, 0xd7, 0xfd, 0xef, 0x68, 0xc7, 
	0x00, 0x01, 0xa0, 0x85, 0xe8, 0xc7, 0xfa, 0x95, 
	0xff, 0xff, 0xff, 0xfe, 0xff, 0xfe, 0xff, 0xfe, 
	0xff, 0xfe, 0xff, 0xfe, 0xff, 0xfe, 0xb9, 0x09, 
	0x88, 0x85, 0x00, 0x01, 0x00, 0x01, 0x18, 0x01, 
	0x00, 0x01, 0x08, 0x43, 0xa0, 0x85, 0xe9, 0x09, 
	0xff, 0xfe, 0xff, 0xfe, 0xff, 0xfe, 0xff, 0xfe, 
	0xff, 0xfe, 0xff, 0xfe, 0xff, 0xfe, 0xff, 0xfe, 
	0xa1, 0x4b, 0x00, 0x01, 0x00, 0x01, 0x00, 0x01, 
	0x00, 0x01, 0xa8, 0x85, 0xe8, 0xc7, 0xfb, 0x5b, 
	0xff, 0xfe, 0xff, 0xfe, 0xff, 0xfe, 0xff, 0xfe, 
	0xff, 0xfe, 0xff, 0xfe, 0xff, 0xfe, 0xfb, 0x5a, 
	0xb9, 0x09, 0x00, 0x01, 0x00, 0x01, 0x00, 0x01, 
	0x00, 0x01, 0xa0, 0x85, 0xe9, 0x09, 0xf4, 0xe6, 
	0xff, 0xfe, 0xff, 0xfe, 0xff, 0xfe, 0xff, 0xfe, 
	0xff, 0xfe, 0xff, 0xfe, 0xff, 0xfe, 0xff, 0xfe, 
	0xca, 0x94, 0x00, 0x01, 0x00, 0x01, 0x00, 0x01, 
	0x10, 0x01, 0xc8, 0xc7, 0xe8, 0xc7, 0xfb, 0xdf, 
	0xff, 0xfe, 0xff, 0xfe, 0xff, 0xfe, 0xff, 0xfe, 
	0xff, 0xfe, 0xff, 0xfe, 0xff, 0xfe, 0xff, 0xfe, 
	0xf2, 0xd6, 0x10, 0x00, 0x00, 0x01, 0x00, 0x01, 
	0x00, 0x01, 0xd0, 0xc6, 0xe9, 0x08, 0xff, 0xfe, 
	0xff, 0xfe, 0xff, 0xfe, 0xff, 0xfe, 0xff, 0xfe, 
	0xff, 0xfe, 0xff, 0xfe, 0xff, 0xfe, 0xff, 0xfe, 
	0xf4, 0x20, 0x00, 0x00, 0x00, 0x01, 0x00, 0x01, 
	0x60, 0x01, 0xe1, 0x09, 0xe8, 0xc6, 0xfd, 0x28, 
	0xff, 0xfe, 0xff, 0xfe, 0xff, 0xfe, 0xff, 0xfe, 
	0xff, 0xfe, 0xff, 0xfe, 0xff, 0xfe, 0xff, 0xfe, 
	0xda, 0x52, 0xb0, 0x84, 0x00, 0x00, 0x18, 0x00, 
	0xa0, 0x84, 0xe9, 0x08, 0xe1, 0xce, 0xff, 0xfe, 
	0xff, 0xfe, 0xff, 0xfe, 0xff, 0xfe, 0xff, 0xfe, 
	0xff, 0xfe, 0xff, 0xfe, 0xff, 0xfe, 0xff, 0xfe, 
	0xfe, 0x72, 0xa0, 0x84, 0x00, 0x00, 0x00, 0x00, 
	0xb8, 0x84, 0xe9, 0x08, 0xe9, 0x4a, 0xff, 0x38, 
	0xff, 0xfe, 0xff, 0xfe, 0xff, 0xfe, 0xff, 0xfe, 
	
};

Gfx mario_mario_eyes_dead_rgba16_rgba16_aligner[] = {gsSPEndDisplayList()};
u8 mario_mario_eyes_dead_rgba16_rgba16[] = {
	0xff, 0xfe, 0xff, 0xfe, 0xff, 0xfe, 0xff, 0xfe, 
	0xff, 0xfe, 0xff, 0xfe, 0xff, 0xfe, 0xff, 0xfe, 
	0xff, 0xfe, 0xff, 0xfe, 0xff, 0xfe, 0xff, 0xfe, 
	0xff, 0xfe, 0xff, 0xfe, 0xff, 0xfe, 0xff, 0xfe, 
	0xff, 0xfe, 0xff, 0xfe, 0xff, 0xfe, 0xff, 0xfe, 
	0xff, 0xfe, 0xff, 0xfe, 0xff, 0xfe, 0xff, 0xfe, 
	0xff, 0xfe, 0xff, 0xfe, 0xff, 0xfe, 0xff, 0xfe, 
	0xff, 0xfe, 0xff, 0xfe, 0xff, 0xfe, 0xff, 0xfe, 
	0xff, 0xfe, 0xff, 0xfe, 0xff, 0xfe, 0xff, 0xfe, 
	0xff, 0xfe, 0xff, 0xfe, 0xff, 0xfe, 0xff, 0xfe, 
	0xff, 0xfe, 0xff, 0xfe, 0xff, 0xfe, 0xff, 0xfe, 
	0xff, 0xfe, 0xff, 0xfe, 0xff, 0xfe, 0xff, 0xfe, 
	0xff, 0xfe, 0xff, 0xfe, 0xff, 0xfe, 0xff, 0xfe, 
	0xff, 0xfe, 0xff, 0xfe, 0xff, 0xfe, 0xff, 0xfe, 
	0xff, 0xfe, 0xff, 0xfe, 0xff, 0xfe, 0xff, 0xfe, 
	0xff, 0xfe, 0xff, 0xfe, 0xff, 0xfe, 0xff, 0xfe, 
	0xff, 0xfe, 0xff, 0xfe, 0xff, 0xfe, 0xff, 0xfe, 
	0xff, 0xfe, 0xff, 0xfe, 0xff, 0xfe, 0xff, 0xfe, 
	0xff, 0xfe, 0xff, 0xfe, 0xff, 0xfe, 0xff, 0xfe, 
	0xff, 0xfe, 0xff, 0xfe, 0xff, 0xfe, 0xff, 0xfe, 
	0xff, 0xfe, 0xff, 0xfe, 0xff, 0xfe, 0xff, 0xfe, 
	0xff, 0xfe, 0xff, 0xfe, 0xff, 0xfe, 0xff, 0xfe, 
	0xff, 0xfe, 0xff, 0xfe, 0xff, 0xfe, 0xff, 0xfe, 
	0xff, 0xfe, 0xff, 0xfe, 0xff, 0xfe, 0xff, 0xfe, 
	0xff, 0xfe, 0xff, 0xfe, 0xff, 0xfe, 0xff, 0xfe, 
	0xff, 0xfe, 0xff, 0xfe, 0xff, 0xfe, 0xff, 0xfe, 
	0xff, 0xfe, 0xff, 0xfe, 0xff, 0xfe, 0xff, 0xfe, 
	0xff, 0xfe, 0xff, 0xfe, 0xff, 0xfe, 0xff, 0xfe, 
	0xff, 0xfe, 0xff, 0xfe, 0xff, 0xfe, 0xff, 0xfe, 
	0xff, 0xfe, 0xff, 0xfe, 0xff, 0xfe, 0xff, 0xfe, 
	0xff, 0xfe, 0xff, 0xfe, 0xff, 0xfe, 0xff, 0xfe, 
	0xff, 0xfe, 0xff, 0xfe, 0xff, 0xfe, 0xff, 0xfe, 
	0xff, 0xfe, 0xff, 0xfe, 0xff, 0xfe, 0xff, 0xfe, 
	0xff, 0xfe, 0xff, 0xfe, 0xff, 0xfe, 0xff, 0xfe, 
	0xff, 0xfe, 0xff, 0xfe, 0xff, 0xfe, 0xff, 0xfe, 
	0xff, 0xfe, 0xff, 0xfe, 0xff, 0xfe, 0xff, 0xfe, 
	0xff, 0xfe, 0xff, 0xfe, 0xff, 0xfe, 0xff, 0xfe, 
	0xff, 0xfe, 0xff, 0xfe, 0xff, 0xfe, 0xff, 0xfe, 
	0xff, 0xfe, 0xff, 0xfe, 0xff, 0xfe, 0xff, 0xfe, 
	0xff, 0xfe, 0xff, 0xfe, 0xff, 0xfe, 0xff, 0xfe, 
	0xff, 0xfe, 0xff, 0xfe, 0xff, 0xfe, 0xff, 0xfe, 
	0xff, 0xfe, 0xff, 0xfe, 0xff, 0xfe, 0xff, 0xfe, 
	0xff, 0xfe, 0xff, 0xfe, 0xff, 0xfe, 0xff, 0xfe, 
	0xff, 0xfe, 0xff, 0xfe, 0xff, 0xfe, 0xff, 0xfe, 
	0xff, 0xfe, 0xff, 0xfe, 0xff, 0xfe, 0xff, 0xfe, 
	0xff, 0xfe, 0xff, 0xfe, 0xff, 0xfe, 0xff, 0xfe, 
	0xff, 0xfe, 0xff, 0xfe, 0xff, 0xfe, 0xff, 0xfe, 
	0xff, 0xfe, 0xff, 0xfe, 0xff, 0xfe, 0xff, 0xfe, 
	0xff, 0xfe, 0xff, 0xfe, 0xff, 0xfe, 0xff, 0xfe, 
	0xff, 0xfe, 0xff, 0xfe, 0xff, 0xfe, 0xff, 0xfe, 
	0x00, 0x00, 0x00, 0x00, 0x00, 0x01, 0xff, 0xfe, 
	0xff, 0xfe, 0xff, 0xfe, 0xff, 0xfe, 0xff, 0xfe, 
	0xff, 0xfe, 0xff, 0xfe, 0xff, 0xfe, 0xff, 0xfe, 
	0x00, 0x00, 0x00, 0x01, 0x00, 0x00, 0x00, 0x00, 
	0xff, 0xfe, 0xff, 0xfe, 0xff, 0xfe, 0xff, 0xfe, 
	0xff, 0xfe, 0xff, 0xfe, 0xff, 0xfe, 0xff, 0xfe, 
	0xff, 0xfe, 0xff, 0xfe, 0xff, 0xfe, 0xff, 0xfe, 
	0xff, 0xfe, 0xff, 0xfe, 0x00, 0x00, 0x00, 0x00, 
	0x00, 0x01, 0x00, 0x01, 0x00, 0x01, 0x00, 0x01, 
	0xff, 0xfe, 0xff, 0xfe, 0xff, 0xfe, 0xff, 0xfe, 
	0xff, 0xfe, 0xff, 0xfe, 0xff, 0xfe, 0xff, 0xfe, 
	0x00, 0x00, 0x00, 0x01, 0x00, 0x01, 0x00, 0x01, 
	0x00, 0x00, 0x00, 0x00, 0xff, 0xfe, 0xff, 0xfe, 
	0xff, 0xfe, 0xff, 0xfe, 0xff, 0xfe, 0xff, 0xfe, 
	0xff, 0xfe, 0xff, 0xfe, 0xff, 0xfe, 0xff, 0xfe, 
	0x00, 0x00, 0x00, 0x00, 0x00, 0x01, 0x00, 0x01, 
	0x00, 0x01, 0x00, 0x01, 0x00, 0x01, 0x00, 0x00, 
	0xff, 0xfe, 0xff, 0xfe, 0xff, 0xfe, 0xff, 0xfe, 
	0xff, 0xfe, 0xff, 0xfe, 0xff, 0xfe, 0xff, 0xfe, 
	0xff, 0xfe, 0x00, 0x00, 0x00, 0x01, 0x00, 0x01, 
	0x00, 0x01, 0x00, 0x01, 0x00, 0x00, 0x00, 0x00, 
	0xff, 0xfe, 0xff, 0xfe, 0xff, 0xfe, 0xff, 0xfe, 
	0xff, 0xfe, 0xff, 0xfe, 0xff, 0xfe, 0x00, 0x00, 
	0x00, 0x01, 0x00, 0x01, 0x00, 0x01, 0x00, 0x01, 
	0x00, 0x00, 0x00, 0x00, 0xff, 0xfe, 0xff, 0xfe, 
	0xff, 0xfe, 0xff, 0xfe, 0xff, 0xfe, 0xff, 0xfe, 
	0xff, 0xfe, 0xff, 0xfe, 0xff, 0xfe, 0xff, 0xfe, 
	0xff, 0xfe, 0xff, 0xfe, 0xff, 0xfe, 0x00, 0x00, 
	0x00, 0x01, 0x00, 0x01, 0x00, 0x01, 0x00, 0x01, 
	0x00, 0x00, 0xff, 0xfe, 0xff, 0xfe, 0xff, 0xfe, 
	0xff, 0xfe, 0xff, 0xfe, 0x00, 0x00, 0x00, 0x01, 
	0x00, 0x01, 0x00, 0x01, 0x00, 0x00, 0xff, 0xfe, 
	0xff, 0xfe, 0xff, 0xfe, 0xff, 0xfe, 0xff, 0xfe, 
	0xff, 0xfe, 0xff, 0xfe, 0xff, 0xfe, 0xff, 0xfe, 
	0xff, 0xfe, 0xff, 0xfe, 0xff, 0xfe, 0xff, 0xfe, 
	0xff, 0xfe, 0xff, 0xfe, 0xff, 0xfe, 0xff, 0xfe, 
	0x00, 0x00, 0x00, 0x00, 0x00, 0x00, 0x00, 0x01, 
	0x00, 0x01, 0xff, 0xfe, 0xff, 0xfe, 0xff, 0xfe, 
	0xff, 0xfe, 0xff, 0xfe, 0xff, 0xfe, 0x00, 0x00, 
	0xff, 0xfe, 0xff, 0xfe, 0xff, 0xff, 0xff, 0xff, 
	0xff, 0xff, 0xff, 0xff, 0xff, 0xfe, 0xff, 0xfe, 
	0xff, 0xfe, 0xff, 0xfe, 0xff, 0xfe, 0xff, 0xfe, 
	0xff, 0xfe, 0xff, 0xfe, 0xff, 0xfe, 0xff, 0xfe, 
	0xff, 0xfe, 0xff, 0xfe, 0xff, 0xfe, 0xff, 0xff, 
	0xff, 0xff, 0xff, 0xff, 0xff, 0xff, 0xff, 0xfe, 
	0xff, 0xfe, 0xff, 0xfe, 0xff, 0xfe, 0xff, 0xfe, 
	0xff, 0xfe, 0xff, 0xfe, 0xff, 0xfe, 0xff, 0xfe, 
	0xff, 0xff, 0xff, 0xff, 0xff, 0xff, 0xff, 0xff, 
	0xff, 0xff, 0xff, 0xff, 0xff, 0xff, 0xff, 0xff, 
	0xff, 0xfe, 0xff, 0xfe, 0xff, 0xfe, 0xff, 0xfe, 
	0xff, 0xfe, 0xff, 0xfe, 0xff, 0xfe, 0xff, 0xfe, 
	0xff, 0xfe, 0xff, 0xff, 0xff, 0xff, 0xff, 0xff, 
	0xff, 0xff, 0xff, 0xff, 0xff, 0xff, 0xff, 0xff, 
	0xff, 0xff, 0xff, 0xfe, 0xff, 0xfe, 0xff, 0xfe, 
	0xff, 0xfe, 0xff, 0xfe, 0xff, 0xfe, 0xef, 0x7b, 
	0xef, 0x7b, 0xff, 0xff, 0xff, 0xff, 0xff, 0xff, 
	0xff, 0xff, 0xff, 0xff, 0xef, 0x7b, 0xef, 0x7b, 
	0xff, 0xfe, 0xff, 0xfe, 0xff, 0xfe, 0xff, 0xfe, 
	0xff, 0xfe, 0xff, 0xfe, 0xff, 0xfe, 0xff, 0xfe, 
	0xef, 0x7b, 0xef, 0x7b, 0xff, 0xff, 0xff, 0xff, 
	0xff, 0xff, 0xff, 0xff, 0xff, 0xff, 0xff, 0xff, 
	0xef, 0x7b, 0xff, 0xfe, 0xff, 0xfe, 0xff, 0xfe, 
	0xff, 0xfe, 0xff, 0xfe, 0xef, 0x7a, 0x00, 0x01, 
	0x00, 0x01, 0xce, 0x73, 0xff, 0xff, 0xff, 0xff, 
	0xff, 0xff, 0xce, 0x73, 0x00, 0x01, 0x00, 0x01, 
	0x73, 0x9d, 0xff, 0xfe, 0xff, 0xfe, 0xff, 0xfe, 
	0xff, 0xfe, 0xff, 0xfe, 0xff, 0xfe, 0xef, 0x7b, 
	0x00, 0x01, 0x00, 0x01, 0x42, 0x11, 0xff, 0xff, 
	0xff, 0xff, 0xff, 0xff, 0xe7, 0x39, 0x42, 0x11, 
	0x00, 0x01, 0xef, 0x7b, 0xff, 0xfe, 0xff, 0xfe, 
	0xff, 0xfe, 0xff, 0xfe, 0xff, 0xff, 0x21, 0x09, 
	0x00, 0x01, 0x42, 0x11, 0xff, 0xff, 0xff, 0xff, 
	0xff, 0xff, 0x42, 0x11, 0x00, 0x01, 0x00, 0x01, 
	0xce, 0x73, 0xff, 0xfe, 0xff, 0xfe, 0xff, 0xfe, 
	0xff, 0xfe, 0xff, 0xfe, 0xff, 0xfe, 0xff, 0xff, 
	0x42, 0x11, 0x00, 0x01, 0x00, 0x01, 0xce, 0x73, 
	0xff, 0xff, 0xff, 0xff, 0x42, 0x11, 0x00, 0x01, 
	0x00, 0x01, 0xef, 0x7b, 0xff, 0xfe, 0xff, 0xfe, 
	0xff, 0xfe, 0xff, 0xfe, 0xff, 0xff, 0x5a, 0xd7, 
	0x00, 0x01, 0x00, 0x01, 0xce, 0x73, 0xff, 0xff, 
	0xce, 0x73, 0x00, 0x01, 0x00, 0x01, 0x42, 0x11, 
	0xff, 0xff, 0xff, 0xff, 0xff, 0xfe, 0xff, 0xfe, 
	0xff, 0xfe, 0xff, 0xfe, 0xff, 0xfe, 0xff, 0xff, 
	0xce, 0x73, 0x00, 0x01, 0x00, 0x01, 0x42, 0x11, 
	0xff, 0xff, 0xce, 0x73, 0x00, 0x01, 0x00, 0x01, 
	0x42, 0x11, 0xff, 0xff, 0xff, 0xfe, 0xff, 0xfe, 
	0xff, 0xfe, 0xff, 0xfe, 0xff, 0xff, 0xe7, 0x39, 
	0x42, 0x11, 0x00, 0x01, 0x42, 0x11, 0xce, 0x73, 
	0x42, 0x11, 0x00, 0x01, 0x00, 0x01, 0xce, 0x73, 
	0xff, 0xff, 0xff, 0xff, 0xff, 0xfe, 0xff, 0xfe, 
	0xff, 0xfe, 0xff, 0xfe, 0xff, 0xff, 0xff, 0xff, 
	0xff, 0xff, 0x42, 0x11, 0x00, 0x01, 0x00, 0x01, 
	0xb5, 0xad, 0x42, 0x11, 0x00, 0x01, 0x42, 0x11, 
	0xe7, 0x39, 0xff, 0xff, 0xff, 0xff, 0xff, 0xfe, 
	0xff, 0xfe, 0xff, 0xff, 0xff, 0xff, 0xff, 0xff, 
	0xe7, 0x39, 0x21, 0x09, 0x00, 0x01, 0x08, 0x43, 
	0x00, 0x01, 0x00, 0x01, 0x42, 0x11, 0xff, 0xff, 
	0xff, 0xff, 0xff, 0xff, 0xff, 0xfe, 0xff, 0xfe, 
	0xff, 0xfe, 0xff, 0xfe, 0xff, 0xff, 0xff, 0xff, 
	0xff, 0xff, 0xe7, 0x39, 0x21, 0x09, 0x00, 0x01, 
	0x08, 0x43, 0x00, 0x01, 0x00, 0x01, 0xce, 0x73, 
	0xff, 0xff, 0xff, 0xff, 0xff, 0xff, 0xff, 0xfe, 
	0xff, 0xfe, 0xff, 0xff, 0xff, 0xff, 0xff, 0xff, 
	0xff, 0xff, 0x5a, 0xd7, 0x00, 0x01, 0x00, 0x01, 
	0x00, 0x01, 0x00, 0x01, 0xce, 0x73, 0xff, 0xff, 
	0xff, 0xff, 0xff, 0xff, 0xff, 0xfe, 0xff, 0xfe, 
	0xff, 0xfe, 0xff, 0xfe, 0xff, 0xff, 0xff, 0xff, 
	0xff, 0xff, 0xff, 0xff, 0x5a, 0xd7, 0x00, 0x01, 
	0x00, 0x01, 0x00, 0x01, 0x42, 0x11, 0xff, 0xff, 
	0xff, 0xff, 0xff, 0xff, 0xff, 0xff, 0xff, 0xfe, 
	0xff, 0xfe, 0xff, 0xff, 0xff, 0xff, 0xff, 0xff, 
	0xff, 0xff, 0xce, 0x73, 0x08, 0x43, 0x00, 0x01, 
	0x00, 0x01, 0x42, 0x11, 0xff, 0xff, 0xff, 0xff, 
	0xff, 0xff, 0xff, 0xff, 0xff, 0xfe, 0xff, 0xfe, 
	0xff, 0xfe, 0xff, 0xfe, 0xff, 0xff, 0xff, 0xff, 
	0xff, 0xff, 0xff, 0xff, 0xce, 0x73, 0x00, 0x01, 
	0x00, 0x01, 0x00, 0x01, 0xb5, 0xad, 0xff, 0xff, 
	0xff, 0xff, 0xff, 0xff, 0xff, 0xff, 0xff, 0xfe, 
	0xff, 0xfe, 0xff, 0xff, 0xff, 0xff, 0xff, 0xff, 
	0xff, 0xff, 0x42, 0x11, 0x00, 0x01, 0x00, 0x01, 
	0x00, 0x01, 0xb5, 0xad, 0xff, 0xff, 0xff, 0xff, 
	0xff, 0xff, 0xff, 0xff, 0xff, 0xfe, 0xff, 0xfe, 
	0xff, 0xfe, 0xff, 0xfe, 0xff, 0xff, 0xff, 0xff, 
	0xff, 0xff, 0xff, 0xff, 0xce, 0x73, 0x00, 0x01, 
	0x00, 0x01, 0x00, 0x01, 0x42, 0x11, 0xe7, 0x39, 
	0xff, 0xff, 0xff, 0xff, 0xff, 0xff, 0xff, 0xfe, 
	0xff, 0xfe, 0xff, 0xff, 0xff, 0xff, 0xff, 0xff, 
	0xce, 0x73, 0x00, 0x01, 0x00, 0x01, 0x08, 0x43, 
	0x00, 0x01, 0x42, 0x11, 0xe7, 0x39, 0xff, 0xff, 
	0xff, 0xff, 0xff, 0xff, 0xff, 0xfe, 0xff, 0xfe, 
	0xff, 0xfe, 0xff, 0xfe, 0xff, 0xff, 0xff, 0xff, 
	0xff, 0xff, 0xe7, 0x39, 0x42, 0x11, 0x00, 0x01, 
	0x08, 0x43, 0x00, 0x01, 0x00, 0x01, 0x5a, 0xd7, 
	0xff, 0xff, 0xff, 0xff, 0xff, 0xff, 0xff, 0xfe, 
	0xff, 0xfe, 0xff, 0xfe, 0xff, 0xff, 0xe7, 0x39, 
	0x42, 0x11, 0x00, 0x01, 0x00, 0x01, 0xb5, 0xad, 
	0x21, 0x09, 0x00, 0x01, 0x42, 0x11, 0xe7, 0x39, 
	0xff, 0xff, 0xff, 0xff, 0xff, 0xfe, 0xff, 0xfe, 
	0xff, 0xfe, 0xff, 0xfe, 0xff, 0xff, 0xff, 0xff, 
	0xff, 0xff, 0x42, 0x11, 0x00, 0x01, 0x00, 0x01, 
	0x9c, 0xe7, 0x00, 0x01, 0x00, 0x01, 0x21, 0x09, 
	0xe7, 0x39, 0xff, 0xff, 0xff, 0xff, 0xff, 0xfe, 
	0xff, 0xfe, 0xff, 0xfe, 0xff, 0xff, 0x42, 0x11, 
	0x00, 0x01, 0x00, 0x01, 0x42, 0x11, 0xe7, 0x39, 
	0x5a, 0xd7, 0x00, 0x01, 0x00, 0x01, 0x5a, 0xd7, 
	0xff, 0xff, 0xff, 0xff, 0xff, 0xfe, 0xff, 0xfe, 
	0xff, 0xfe, 0xff, 0xfe, 0xff, 0xfe, 0xff, 0xff, 
	0xce, 0x73, 0x00, 0x01, 0x00, 0x01, 0x42, 0x11, 
	0xe7, 0x39, 0x42, 0x11, 0x00, 0x01, 0x00, 0x01, 
	0x42, 0x11, 0xff, 0xff, 0xff, 0xfe, 0xff, 0xfe, 
	0xff, 0xfe, 0xff, 0xfe, 0xce, 0x73, 0x00, 0x01, 
	0x00, 0x01, 0x21, 0x09, 0xe7, 0x39, 0xff, 0xff, 
	0xe7, 0x39, 0x42, 0x11, 0x00, 0x01, 0x21, 0x09, 
	0xff, 0xff, 0xff, 0xfe, 0xff, 0xfe, 0xff, 0xfe, 
	0xff, 0xfe, 0xff, 0xfe, 0xff, 0xfe, 0xff, 0xff, 
	0x42, 0x11, 0x00, 0x01, 0x00, 0x01, 0xce, 0x73, 
	0xff, 0xff, 0xce, 0x73, 0x00, 0x01, 0x00, 0x01, 
	0x00, 0x01, 0xef, 0x7b, 0xff, 0xfe, 0xff, 0xfe, 
	0xff, 0xfe, 0xff, 0xfe, 0x73, 0x9c, 0x00, 0x01, 
	0x00, 0x01, 0x5a, 0xd7, 0xff, 0xff, 0xff, 0xff, 
	0xff, 0xff, 0xe7, 0x39, 0x42, 0x11, 0x10, 0x85, 
	0xef, 0x7b, 0xff, 0xfe, 0xff, 0xfe, 0xff, 0xfe, 
	0xff, 0xfe, 0xff, 0xfe, 0xff, 0xfe, 0xef, 0x7b, 
	0x00, 0x01, 0x00, 0x01, 0x42, 0x11, 0xff, 0xff, 
	0xff, 0xff, 0xff, 0xff, 0x42, 0x11, 0x00, 0x01, 
	0x00, 0x01, 0xef, 0x7b, 0xff, 0xfe, 0xff, 0xfe, 
	0xff, 0xfe, 0xff, 0xfe, 0xff, 0xfe, 0xef, 0x7b, 
	0xef, 0x7b, 0xff, 0xff, 0xff, 0xff, 0xff, 0xff, 
	0xff, 0xff, 0xff, 0xff, 0xff, 0xff, 0xef, 0x7b, 
	0xff, 0xfe, 0xff, 0xfe, 0xff, 0xfe, 0xff, 0xfe, 
	0xff, 0xfe, 0xff, 0xfe, 0xff, 0xfe, 0xff, 0xfe, 
	0xef, 0x7b, 0xef, 0x7b, 0xff, 0xff, 0xff, 0xff, 
	0xff, 0xff, 0xff, 0xff, 0xff, 0xff, 0xef, 0x7b, 
	0xef, 0x7b, 0xff, 0xfe, 0xff, 0xfe, 0xff, 0xfe, 
	0xff, 0xfe, 0xff, 0xfe, 0xff, 0xfe, 0xff, 0xfe, 
	0xff, 0xff, 0xff, 0xff, 0xff, 0xff, 0xff, 0xff, 
	0xff, 0xff, 0xff, 0xff, 0xff, 0xff, 0xff, 0xff, 
	0xff, 0xfe, 0xff, 0xfe, 0xff, 0xfe, 0xff, 0xfe, 
	0xff, 0xfe, 0xff, 0xfe, 0xff, 0xfe, 0xff, 0xfe, 
	0xff, 0xff, 0xff, 0xff, 0xff, 0xff, 0xff, 0xff, 
	0xff, 0xff, 0xff, 0xff, 0xff, 0xff, 0xff, 0xff, 
	0xff, 0xff, 0xff, 0xfe, 0xff, 0xfe, 0xff, 0xfe, 
	0xff, 0xfe, 0xff, 0xfe, 0xff, 0xfe, 0xff, 0xfe, 
	0xff, 0xff, 0xff, 0xff, 0xff, 0xff, 0xff, 0xff, 
	0xff, 0xff, 0xff, 0xff, 0xff, 0xff, 0xff, 0xfe, 
	0xff, 0xfe, 0xff, 0xfe, 0xff, 0xfe, 0xff, 0xfe, 
	0xff, 0xfe, 0xff, 0xfe, 0xff, 0xfe, 0xff, 0xfe, 
	0xff, 0xfe, 0xff, 0xff, 0xff, 0xff, 0xff, 0xff, 
	0xff, 0xff, 0xff, 0xff, 0xff, 0xff, 0xff, 0xff, 
	0xff, 0xfe, 0xff, 0xfe, 0xff, 0xfe, 0xff, 0xfe, 
	0xff, 0xfe, 0xff, 0xfe, 0xff, 0xfe, 0xff, 0xfe, 
	0xff, 0xfe, 0xff, 0xfe, 0xff, 0xff, 0xff, 0xff, 
	0xff, 0xff, 0xff, 0xff, 0xff, 0xfe, 0xff, 0xfe, 
	0xff, 0xfe, 0xff, 0xfe, 0xff, 0xfe, 0xff, 0xfe, 
	0xff, 0xfe, 0xff, 0xfe, 0xff, 0xfe, 0xff, 0xfe, 
	0xff, 0xfe, 0xff, 0xfe, 0xff, 0xfe, 0xff, 0xff, 
	0xff, 0xff, 0xff, 0xff, 0xff, 0xfe, 0xff, 0xfe, 
	0xff, 0xfe, 0xff, 0xfe, 0xff, 0xfe, 0xff, 0xfe, 
	0xff, 0xfe, 0xff, 0xfe, 0xff, 0xfe, 0xff, 0xfe, 
	0xff, 0xfe, 0xff, 0xfe, 0xff, 0xfe, 0xff, 0xfe, 
	0xff, 0xfe, 0xff, 0xfe, 0xff, 0xfe, 0xff, 0xfe, 
	0xff, 0xfe, 0xff, 0xfe, 0xff, 0xfe, 0xff, 0xfe, 
	0xff, 0xfe, 0xff, 0xfe, 0xff, 0xfe, 0xff, 0xfe, 
	0xff, 0xfe, 0xff, 0xfe, 0xff, 0xfe, 0xff, 0xfe, 
	0xff, 0xfe, 0xff, 0xfe, 0xff, 0xfe, 0xff, 0xfe, 
	0xff, 0xfe, 0xff, 0xfe, 0xff, 0xfe, 0xff, 0xfe, 
	
};

Vtx mario_Butt_mesh_layer_1_vtx_0[53] = {
	{{ {73, 11, 0}, 0, {-16, -16}, {127, 5, 0, 255} }},
	{{ {55, -61, -36}, 0, {-16, -16}, {100, 181, 231, 255} }},
	{{ {44, -10, -92}, 0, {-16, -16}, {81, 240, 159, 255} }},
	{{ {55, -61, 36}, 0, {-16, -16}, {100, 181, 25, 255} }},
	{{ {44, -9, 92}, 0, {-16, -16}, {81, 241, 97, 255} }},
	{{ {43, 40, 91}, 0, {-16, -16}, {69, 44, 97, 255} }},
	{{ {52, 70, 38}, 0, {-16, -16}, {92, 83, 26, 255} }},
	{{ {52, 70, -39}, 0, {-16, -16}, {92, 83, 229, 255} }},
	{{ {43, 40, -91}, 0, {-16, -16}, {69, 44, 159, 255} }},
	{{ {6, 33, -95}, 0, {-16, -16}, {227, 40, 139, 255} }},
	{{ {8, -8, -99}, 0, {-16, -16}, {235, 244, 131, 255} }},
	{{ {36, -51, -79}, 0, {-16, -16}, {58, 183, 170, 255} }},
	{{ {26, -74, -46}, 0, {-16, -16}, {25, 136, 222, 255} }},
	{{ {26, -74, 45}, 0, {-16, -16}, {25, 136, 32, 255} }},
	{{ {36, -52, 79}, 0, {-16, -16}, {58, 182, 86, 255} }},
	{{ {8, -8, 99}, 0, {-16, -16}, {234, 244, 125, 255} }},
	{{ {7, 33, 95}, 0, {-16, -16}, {229, 40, 118, 255} }},
	{{ {27, 72, 63}, 0, {-16, -16}, {17, 109, 64, 255} }},
	{{ {22, 82, 26}, 0, {-16, -16}, {5, 126, 13, 255} }},
	{{ {22, 82, -26}, 0, {-16, -16}, {5, 126, 243, 255} }},
	{{ {27, 72, -63}, 0, {-16, -16}, {16, 109, 192, 255} }},
	{{ {-5, 59, -72}, 0, {-16, -16}, {198, 86, 183, 255} }},
	{{ {-17, 32, -79}, 0, {-16, -16}, {160, 32, 179, 255} }},
	{{ {-20, -8, -81}, 0, {-16, -16}, {157, 246, 178, 255} }},
	{{ {4, -48, -86}, 0, {-16, -16}, {223, 188, 154, 255} }},
	{{ {-9, -69, -55}, 0, {-16, -16}, {204, 153, 203, 255} }},
	{{ {-14, -74, 0}, 0, {-16, -16}, {199, 143, 0, 255} }},
	{{ {-9, -69, 55}, 0, {-16, -16}, {204, 152, 52, 255} }},
	{{ {4, -49, 86}, 0, {-16, -16}, {223, 187, 102, 255} }},
	{{ {-20, -7, 81}, 0, {-16, -16}, {157, 246, 79, 255} }},
	{{ {-18, 32, 79}, 0, {-16, -16}, {161, 32, 77, 255} }},
	{{ {-5, 59, 72}, 0, {-16, -16}, {198, 87, 72, 255} }},
	{{ {27, 72, 63}, 0, {-16, -16}, {17, 109, 64, 255} }},
	{{ {-9, 73, 34}, 0, {-16, -16}, {186, 104, 21, 255} }},
	{{ {-5, 59, 72}, 0, {-16, -16}, {198, 87, 72, 255} }},
	{{ {22, 82, 26}, 0, {-16, -16}, {5, 126, 13, 255} }},
	{{ {22, 82, -26}, 0, {-16, -16}, {5, 126, 243, 255} }},
	{{ {-9, 73, -34}, 0, {-16, -16}, {186, 104, 235, 255} }},
	{{ {27, 72, -63}, 0, {-16, -16}, {16, 109, 192, 255} }},
	{{ {-5, 59, -72}, 0, {-16, -16}, {198, 86, 183, 255} }},
	{{ {-32, 40, -39}, 0, {-16, -16}, {137, 39, 234, 255} }},
	{{ {-17, 32, -79}, 0, {-16, -16}, {160, 32, 179, 255} }},
	{{ {-20, -8, -81}, 0, {-16, -16}, {157, 246, 178, 255} }},
	{{ {-31, -51, -42}, 0, {-16, -16}, {142, 209, 225, 255} }},
	{{ {4, -48, -86}, 0, {-16, -16}, {223, 188, 154, 255} }},
	{{ {-9, -69, -55}, 0, {-16, -16}, {204, 153, 203, 255} }},
	{{ {-14, -74, 0}, 0, {-16, -16}, {199, 143, 0, 255} }},
	{{ {-31, -51, 42}, 0, {-16, -16}, {142, 209, 31, 255} }},
	{{ {-9, -69, 55}, 0, {-16, -16}, {204, 152, 52, 255} }},
	{{ {4, -49, 86}, 0, {-16, -16}, {223, 187, 102, 255} }},
	{{ {-20, -7, 81}, 0, {-16, -16}, {157, 246, 79, 255} }},
	{{ {-32, 40, 39}, 0, {-16, -16}, {137, 39, 21, 255} }},
	{{ {-18, 32, 79}, 0, {-16, -16}, {161, 32, 77, 255} }},
};

Gfx mario_Butt_mesh_layer_1_tri_0[] = {
	gsSPVertex(mario_Butt_mesh_layer_1_vtx_0 + 0, 32, 0),
	gsSP2Triangles(0, 1, 2, 0, 0, 3, 1, 0),
	gsSP2Triangles(3, 0, 4, 0, 5, 4, 0, 0),
	gsSP2Triangles(0, 6, 5, 0, 6, 0, 7, 0),
	gsSP2Triangles(8, 7, 0, 0, 0, 2, 8, 0),
	gsSP2Triangles(9, 8, 2, 0, 2, 10, 9, 0),
	gsSP2Triangles(10, 2, 11, 0, 1, 11, 2, 0),
	gsSP2Triangles(1, 12, 11, 0, 12, 1, 3, 0),
	gsSP2Triangles(3, 13, 12, 0, 14, 13, 3, 0),
	gsSP2Triangles(4, 14, 3, 0, 15, 14, 4, 0),
	gsSP2Triangles(16, 15, 4, 0, 16, 4, 5, 0),
	gsSP2Triangles(16, 5, 17, 0, 17, 5, 6, 0),
	gsSP2Triangles(6, 18, 17, 0, 19, 18, 6, 0),
	gsSP2Triangles(7, 19, 6, 0, 20, 19, 7, 0),
	gsSP2Triangles(8, 20, 7, 0, 9, 20, 8, 0),
	gsSP2Triangles(9, 21, 20, 0, 21, 9, 22, 0),
	gsSP2Triangles(23, 22, 9, 0, 9, 10, 23, 0),
	gsSP2Triangles(23, 10, 24, 0, 11, 24, 10, 0),
	gsSP2Triangles(24, 11, 12, 0, 12, 25, 24, 0),
	gsSP2Triangles(26, 25, 12, 0, 13, 26, 12, 0),
	gsSP2Triangles(13, 27, 26, 0, 28, 27, 13, 0),
	gsSP2Triangles(13, 14, 28, 0, 15, 28, 14, 0),
	gsSP2Triangles(28, 15, 29, 0, 29, 15, 16, 0),
	gsSP2Triangles(16, 30, 29, 0, 30, 16, 31, 0),
	gsSP1Triangle(17, 31, 16, 0),
	gsSPVertex(mario_Butt_mesh_layer_1_vtx_0 + 32, 21, 0),
	gsSP2Triangles(0, 1, 2, 0, 0, 3, 1, 0),
	gsSP2Triangles(1, 3, 4, 0, 5, 1, 4, 0),
	gsSP2Triangles(5, 4, 6, 0, 7, 5, 6, 0),
	gsSP2Triangles(8, 5, 7, 0, 7, 9, 8, 0),
	gsSP2Triangles(8, 9, 10, 0, 8, 10, 11, 0),
	gsSP2Triangles(10, 12, 11, 0, 12, 13, 11, 0),
	gsSP2Triangles(11, 13, 14, 0, 15, 11, 14, 0),
	gsSP2Triangles(14, 16, 15, 0, 15, 16, 17, 0),
	gsSP2Triangles(17, 18, 15, 0, 18, 19, 15, 0),
	gsSP2Triangles(18, 20, 19, 0, 19, 20, 2, 0),
	gsSP2Triangles(2, 1, 19, 0, 19, 1, 8, 0),
	gsSP2Triangles(1, 5, 8, 0, 15, 19, 8, 0),
	gsSP1Triangle(8, 11, 15, 0),
	gsSPEndDisplayList(),
};

Vtx mario_Torso_mesh_layer_1_vtx_0[14] = {
	{{ {47, 75, -34}, 0, {834, 56}, {72, 102, 230, 255} }},
	{{ {48, 64, -58}, 0, {296, -16}, {70, 89, 199, 255} }},
	{{ {32, 62, -73}, 0, {-40, 294}, {42, 81, 168, 255} }},
	{{ {17, 66, -75}, 0, {-74, 626}, {23, 87, 166, 255} }},
	{{ {3, 77, -61}, 0, {248, 956}, {4, 108, 189, 255} }},
	{{ {9, 89, -40}, 0, {760, 904}, {15, 120, 217, 255} }},
	{{ {28, 85, -29}, 0, {974, 496}, {44, 118, 240, 255} }},
	{{ {28, 85, 30}, 0, {-76, 556}, {44, 118, 16, 255} }},
	{{ {9, 89, 41}, 0, {164, 946}, {16, 120, 39, 255} }},
	{{ {47, 75, 35}, 0, {18, 90}, {72, 102, 26, 255} }},
	{{ {3, 77, 62}, 0, {666, 950}, {4, 108, 67, 255} }},
	{{ {17, 66, 76}, 0, {950, 574}, {24, 87, 89, 255} }},
	{{ {32, 62, 74}, 0, {886, 236}, {41, 82, 88, 255} }},
	{{ {48, 64, 59}, 0, {532, -16}, {70, 90, 56, 255} }},
};

Gfx mario_Torso_mesh_layer_1_tri_0[] = {
	gsSPVertex(mario_Torso_mesh_layer_1_vtx_0 + 0, 14, 0),
	gsSP2Triangles(0, 1, 2, 0, 0, 2, 3, 0),
	gsSP2Triangles(0, 3, 4, 0, 0, 4, 5, 0),
	gsSP2Triangles(6, 0, 5, 0, 7, 8, 9, 0),
	gsSP2Triangles(8, 10, 9, 0, 10, 11, 9, 0),
	gsSP2Triangles(11, 12, 9, 0, 12, 13, 9, 0),
	gsSPEndDisplayList(),
};

Vtx mario_Torso_mesh_layer_1_vtx_1[27] = {
	{{ {47, 75, -34}, 0, {-16, -16}, {72, 102, 230, 255} }},
	{{ {47, 75, 35}, 0, {-16, -16}, {72, 102, 26, 255} }},
	{{ {82, 37, 27}, 0, {-16, -16}, {104, 69, 21, 255} }},
	{{ {82, 37, -26}, 0, {-16, -16}, {104, 69, 235, 255} }},
	{{ {100, 1, 24}, 0, {-16, -16}, {124, 18, 21, 255} }},
	{{ {100, 1, -23}, 0, {-16, -16}, {124, 18, 235, 255} }},
	{{ {93, -36, 26}, 0, {-16, -16}, {107, 189, 16, 255} }},
	{{ {93, -36, -25}, 0, {-16, -16}, {107, 189, 240, 255} }},
	{{ {54, -63, 0}, 0, {-16, -16}, {47, 138, 0, 255} }},
	{{ {20, -61, 68}, 0, {-16, -16}, {9, 151, 71, 255} }},
	{{ {46, -34, 84}, 0, {-16, -16}, {36, 202, 109, 255} }},
	{{ {6, -11, 93}, 0, {-16, -16}, {0, 233, 125, 255} }},
	{{ {66, -52, 51}, 0, {-16, -16}, {58, 151, 42, 255} }},
	{{ {84, -29, 63}, 0, {-16, -16}, {95, 216, 75, 255} }},
	{{ {47, 3, 89}, 0, {-16, -16}, {47, 8, 118, 255} }},
	{{ {80, 14, 62}, 0, {-16, -16}, {97, 35, 74, 255} }},
	{{ {44, 51, 75}, 0, {-16, -16}, {62, 54, 96, 255} }},
	{{ {13, 33, 91}, 0, {-16, -16}, {16, 27, 123, 255} }},
	{{ {6, -10, -92}, 0, {-16, -16}, {0, 234, 131, 255} }},
	{{ {47, 3, -88}, 0, {-16, -16}, {47, 8, 138, 255} }},
	{{ {46, -34, -83}, 0, {-16, -16}, {35, 202, 147, 255} }},
	{{ {12, 33, -90}, 0, {-16, -16}, {13, 28, 133, 255} }},
	{{ {43, 51, -74}, 0, {-16, -16}, {61, 53, 158, 255} }},
	{{ {80, 14, -61}, 0, {-16, -16}, {97, 35, 182, 255} }},
	{{ {84, -29, -62}, 0, {-16, -16}, {95, 216, 181, 255} }},
	{{ {66, -52, -50}, 0, {-16, -16}, {58, 151, 213, 255} }},
	{{ {20, -61, -67}, 0, {-16, -16}, {9, 151, 185, 255} }},
};

Gfx mario_Torso_mesh_layer_1_tri_1[] = {
	gsSPVertex(mario_Torso_mesh_layer_1_vtx_1 + 0, 27, 0),
	gsSP2Triangles(0, 1, 2, 0, 0, 2, 3, 0),
	gsSP2Triangles(4, 3, 2, 0, 4, 5, 3, 0),
	gsSP2Triangles(5, 4, 6, 0, 5, 6, 7, 0),
	gsSP2Triangles(8, 7, 6, 0, 9, 10, 11, 0),
	gsSP2Triangles(9, 12, 10, 0, 13, 10, 12, 0),
	gsSP2Triangles(14, 10, 13, 0, 15, 14, 13, 0),
	gsSP2Triangles(16, 14, 15, 0, 17, 14, 16, 0),
	gsSP2Triangles(17, 11, 14, 0, 10, 14, 11, 0),
	gsSP2Triangles(18, 19, 20, 0, 18, 21, 19, 0),
	gsSP2Triangles(19, 21, 22, 0, 23, 19, 22, 0),
	gsSP2Triangles(24, 19, 23, 0, 24, 20, 19, 0),
	gsSP2Triangles(25, 20, 24, 0, 20, 25, 26, 0),
	gsSP1Triangle(18, 20, 26, 0),
	gsSPEndDisplayList(),
};

Vtx mario_Torso_mesh_layer_1_vtx_2[84] = {
	{{ {47, 75, -34}, 0, {-16, -16}, {72, 102, 230, 255} }},
	{{ {28, 85, 30}, 0, {-16, -16}, {44, 118, 16, 255} }},
	{{ {47, 75, 35}, 0, {-16, -16}, {72, 102, 26, 255} }},
	{{ {28, 85, -29}, 0, {-16, -16}, {44, 118, 240, 255} }},
	{{ {9, 89, -40}, 0, {-16, -16}, {15, 120, 217, 255} }},
	{{ {9, 89, 41}, 0, {-16, -16}, {16, 120, 39, 255} }},
	{{ {-15, 88, 35}, 0, {-16, -16}, {236, 122, 29, 255} }},
	{{ {-15, 87, -35}, 0, {-16, -16}, {235, 122, 226, 255} }},
	{{ {3, 77, -61}, 0, {-16, -16}, {4, 108, 189, 255} }},
	{{ {-28, 63, -74}, 0, {-16, -16}, {204, 72, 165, 255} }},
	{{ {-4, 58, -82}, 0, {-16, -16}, {250, 65, 147, 255} }},
	{{ {17, 66, -75}, 0, {-16, -16}, {23, 87, 166, 255} }},
	{{ {12, 33, -90}, 0, {-16, -16}, {13, 28, 133, 255} }},
	{{ {32, 62, -73}, 0, {-16, -16}, {42, 81, 168, 255} }},
	{{ {43, 51, -74}, 0, {-16, -16}, {61, 53, 158, 255} }},
	{{ {48, 64, -58}, 0, {-16, -16}, {70, 89, 199, 255} }},
	{{ {80, 14, -61}, 0, {-16, -16}, {97, 35, 182, 255} }},
	{{ {82, 37, -26}, 0, {-16, -16}, {104, 69, 235, 255} }},
	{{ {100, 1, -23}, 0, {-16, -16}, {124, 18, 235, 255} }},
	{{ {84, -29, -62}, 0, {-16, -16}, {95, 216, 181, 255} }},
	{{ {93, -36, -25}, 0, {-16, -16}, {107, 189, 240, 255} }},
	{{ {66, -52, -50}, 0, {-16, -16}, {58, 151, 213, 255} }},
	{{ {54, -63, 0}, 0, {-16, -16}, {47, 138, 0, 255} }},
	{{ {20, -61, -67}, 0, {-16, -16}, {9, 151, 185, 255} }},
	{{ {8, -74, 0}, 0, {-16, -16}, {2, 129, 0, 255} }},
	{{ {20, -61, 68}, 0, {-16, -16}, {9, 151, 71, 255} }},
	{{ {66, -52, 51}, 0, {-16, -16}, {58, 151, 42, 255} }},
	{{ {93, -36, 26}, 0, {-16, -16}, {107, 189, 16, 255} }},
	{{ {84, -29, 63}, 0, {-16, -16}, {95, 216, 75, 255} }},
	{{ {100, 1, 24}, 0, {-16, -16}, {124, 18, 21, 255} }},
	{{ {80, 14, 62}, 0, {-16, -16}, {97, 35, 74, 255} }},
	{{ {82, 37, 27}, 0, {-16, -16}, {104, 69, 21, 255} }},
	{{ {80, 14, 62}, 0, {-16, -16}, {97, 35, 74, 255} }},
	{{ {82, 37, 27}, 0, {-16, -16}, {104, 69, 21, 255} }},
	{{ {48, 64, 59}, 0, {-16, -16}, {70, 90, 56, 255} }},
	{{ {47, 75, 35}, 0, {-16, -16}, {72, 102, 26, 255} }},
	{{ {44, 51, 75}, 0, {-16, -16}, {62, 54, 96, 255} }},
	{{ {32, 62, 74}, 0, {-16, -16}, {41, 82, 88, 255} }},
	{{ {13, 33, 91}, 0, {-16, -16}, {16, 27, 123, 255} }},
	{{ {17, 66, 76}, 0, {-16, -16}, {24, 87, 89, 255} }},
	{{ {-4, 58, 84}, 0, {-16, -16}, {251, 66, 108, 255} }},
	{{ {3, 77, 62}, 0, {-16, -16}, {4, 108, 67, 255} }},
	{{ {-28, 63, 75}, 0, {-16, -16}, {203, 73, 89, 255} }},
	{{ {-15, 88, 35}, 0, {-16, -16}, {236, 122, 29, 255} }},
	{{ {9, 89, 41}, 0, {-16, -16}, {16, 120, 39, 255} }},
	{{ {-40, 72, 55}, 0, {-16, -16}, {192, 89, 65, 255} }},
	{{ {-43, 83, 25}, 0, {-16, -16}, {196, 110, 18, 255} }},
	{{ {-43, 83, -24}, 0, {-16, -16}, {197, 111, 237, 255} }},
	{{ {-15, 87, -35}, 0, {-16, -16}, {235, 122, 226, 255} }},
	{{ {-40, 72, -54}, 0, {-16, -16}, {193, 89, 192, 255} }},
	{{ {-28, 63, -74}, 0, {-16, -16}, {204, 72, 165, 255} }},
	{{ {-71, 54, -29}, 0, {-16, -16}, {139, 37, 222, 255} }},
	{{ {-27, 26, -89}, 0, {-16, -16}, {196, 13, 145, 255} }},
	{{ {-4, 58, -82}, 0, {-16, -16}, {250, 65, 147, 255} }},
	{{ {12, 33, -90}, 0, {-16, -16}, {13, 28, 133, 255} }},
	{{ {6, -10, -92}, 0, {-16, -16}, {0, 234, 131, 255} }},
	{{ {-27, -25, -86}, 0, {-16, -16}, {197, 218, 150, 255} }},
	{{ {20, -61, -67}, 0, {-16, -16}, {9, 151, 185, 255} }},
	{{ {-29, -58, -59}, 0, {-16, -16}, {197, 159, 199, 255} }},
	{{ {8, -74, 0}, 0, {-16, -16}, {2, 129, 0, 255} }},
	{{ {-30, -66, 0}, 0, {-16, -16}, {192, 146, 0, 255} }},
	{{ {-29, -58, 59}, 0, {-16, -16}, {196, 159, 56, 255} }},
	{{ {20, -61, 68}, 0, {-16, -16}, {9, 151, 71, 255} }},
	{{ {-27, -25, 87}, 0, {-16, -16}, {197, 216, 105, 255} }},
	{{ {20, -61, 68}, 0, {-16, -16}, {9, 151, 71, 255} }},
	{{ {6, -11, 93}, 0, {-16, -16}, {0, 233, 125, 255} }},
	{{ {-27, -25, 87}, 0, {-16, -16}, {197, 216, 105, 255} }},
	{{ {-27, 26, 91}, 0, {-16, -16}, {197, 13, 112, 255} }},
	{{ {13, 33, 91}, 0, {-16, -16}, {16, 27, 123, 255} }},
	{{ {-4, 58, 84}, 0, {-16, -16}, {251, 66, 108, 255} }},
	{{ {-28, 63, 75}, 0, {-16, -16}, {203, 73, 89, 255} }},
	{{ {-71, 54, 30}, 0, {-16, -16}, {139, 37, 34, 255} }},
	{{ {-40, 72, 55}, 0, {-16, -16}, {192, 89, 65, 255} }},
	{{ {-43, 83, 25}, 0, {-16, -16}, {196, 110, 18, 255} }},
	{{ {-71, 54, -29}, 0, {-16, -16}, {139, 37, 222, 255} }},
	{{ {-43, 83, -24}, 0, {-16, -16}, {197, 111, 237, 255} }},
	{{ {-40, 72, -54}, 0, {-16, -16}, {193, 89, 192, 255} }},
	{{ {-59, -28, 38}, 0, {-16, -16}, {142, 212, 34, 255} }},
	{{ {-59, -28, -37}, 0, {-16, -16}, {142, 212, 222, 255} }},
	{{ {-27, 26, -89}, 0, {-16, -16}, {196, 13, 145, 255} }},
	{{ {-27, -25, -86}, 0, {-16, -16}, {197, 218, 150, 255} }},
	{{ {-29, -58, -59}, 0, {-16, -16}, {197, 159, 199, 255} }},
	{{ {-30, -66, 0}, 0, {-16, -16}, {192, 146, 0, 255} }},
	{{ {-29, -58, 59}, 0, {-16, -16}, {196, 159, 56, 255} }},
};

Gfx mario_Torso_mesh_layer_1_tri_2[] = {
	gsSPVertex(mario_Torso_mesh_layer_1_vtx_2 + 0, 32, 0),
	gsSP2Triangles(0, 1, 2, 0, 0, 3, 1, 0),
	gsSP2Triangles(1, 3, 4, 0, 5, 1, 4, 0),
	gsSP2Triangles(5, 4, 6, 0, 4, 7, 6, 0),
	gsSP2Triangles(7, 4, 8, 0, 7, 8, 9, 0),
	gsSP2Triangles(9, 8, 10, 0, 11, 10, 8, 0),
	gsSP2Triangles(12, 10, 11, 0, 12, 11, 13, 0),
	gsSP2Triangles(12, 13, 14, 0, 15, 14, 13, 0),
	gsSP2Triangles(16, 14, 15, 0, 17, 16, 15, 0),
	gsSP2Triangles(15, 0, 17, 0, 16, 17, 18, 0),
	gsSP2Triangles(16, 18, 19, 0, 18, 20, 19, 0),
	gsSP2Triangles(19, 20, 21, 0, 22, 21, 20, 0),
	gsSP2Triangles(23, 21, 22, 0, 22, 24, 23, 0),
	gsSP2Triangles(25, 24, 22, 0, 25, 22, 26, 0),
	gsSP2Triangles(27, 26, 22, 0, 26, 27, 28, 0),
	gsSP2Triangles(28, 27, 29, 0, 30, 28, 29, 0),
	gsSP1Triangle(29, 31, 30, 0),
	gsSPVertex(mario_Torso_mesh_layer_1_vtx_2 + 32, 32, 0),
	gsSP2Triangles(0, 1, 2, 0, 3, 2, 1, 0),
	gsSP2Triangles(2, 4, 0, 0, 5, 4, 2, 0),
	gsSP2Triangles(6, 4, 5, 0, 5, 7, 6, 0),
	gsSP2Triangles(7, 8, 6, 0, 9, 8, 7, 0),
	gsSP2Triangles(10, 8, 9, 0, 11, 10, 9, 0),
	gsSP2Triangles(9, 12, 11, 0, 11, 13, 10, 0),
	gsSP2Triangles(13, 11, 14, 0, 15, 14, 11, 0),
	gsSP2Triangles(15, 11, 16, 0, 15, 16, 17, 0),
	gsSP2Triangles(18, 17, 16, 0, 17, 18, 19, 0),
	gsSP2Triangles(18, 20, 19, 0, 20, 18, 21, 0),
	gsSP2Triangles(20, 21, 22, 0, 23, 20, 22, 0),
	gsSP2Triangles(24, 20, 23, 0, 25, 24, 23, 0),
	gsSP2Triangles(25, 26, 24, 0, 26, 25, 27, 0),
	gsSP2Triangles(27, 28, 26, 0, 29, 28, 27, 0),
	gsSP2Triangles(27, 30, 29, 0, 29, 30, 31, 0),
	gsSPVertex(mario_Torso_mesh_layer_1_vtx_2 + 64, 20, 0),
	gsSP2Triangles(0, 1, 2, 0, 1, 3, 2, 0),
	gsSP2Triangles(3, 1, 4, 0, 3, 4, 5, 0),
	gsSP2Triangles(6, 3, 5, 0, 7, 3, 6, 0),
	gsSP2Triangles(7, 6, 8, 0, 8, 9, 7, 0),
	gsSP2Triangles(9, 10, 7, 0, 9, 11, 10, 0),
	gsSP2Triangles(10, 11, 12, 0, 10, 13, 7, 0),
	gsSP2Triangles(10, 14, 13, 0, 14, 10, 15, 0),
	gsSP2Triangles(15, 16, 14, 0, 16, 17, 14, 0),
	gsSP2Triangles(18, 14, 17, 0, 13, 14, 18, 0),
	gsSP2Triangles(18, 19, 13, 0, 19, 2, 13, 0),
	gsSP2Triangles(13, 2, 3, 0, 3, 7, 13, 0),
	gsSPEndDisplayList(),
};

Vtx mario_Head_DL_mesh_layer_1_vtx_0[30] = {
	{{ {153, 33, 95}, 0, {-16, -16}, {250, 69, 107, 255} }},
	{{ {184, 149, 66}, 0, {-16, -16}, {249, 94, 85, 255} }},
	{{ {175, 91, 39}, 0, {-16, -16}, {174, 96, 14, 255} }},
	{{ {195, 93, 32}, 0, {-16, -16}, {76, 83, 59, 255} }},
	{{ {201, 168, 0}, 0, {-16, -16}, {30, 123, 0, 255} }},
	{{ {195, 93, -31}, 0, {-16, -16}, {76, 83, 197, 255} }},
	{{ {184, 149, -65}, 0, {-16, -16}, {249, 94, 171, 255} }},
	{{ {153, 33, -94}, 0, {-16, -16}, {249, 68, 149, 255} }},
	{{ {175, 91, -38}, 0, {-16, -16}, {174, 96, 242, 255} }},
	{{ {187, -6, 134}, 0, {-16, -16}, {33, 3, 122, 255} }},
	{{ {252, 87, 70}, 0, {-16, -16}, {58, 77, 82, 255} }},
	{{ {271, 0, 42}, 0, {-16, -16}, {112, 209, 37, 255} }},
	{{ {174, -79, 75}, 0, {-16, -16}, {83, 173, 48, 255} }},
	{{ {121, -71, 124}, 0, {-16, -16}, {230, 214, 117, 255} }},
	{{ {120, -11, 111}, 0, {-16, -16}, {242, 48, 117, 255} }},
	{{ {91, -54, 86}, 0, {-16, -16}, {185, 202, 90, 255} }},
	{{ {64, -103, 52}, 0, {-16, -16}, {205, 160, 65, 255} }},
	{{ {77, -138, 51}, 0, {-16, -16}, {175, 170, 47, 255} }},
	{{ {77, -138, -50}, 0, {-16, -16}, {175, 170, 209, 255} }},
	{{ {64, -103, -51}, 0, {-16, -16}, {205, 160, 191, 255} }},
	{{ {121, -71, -123}, 0, {-16, -16}, {230, 215, 139, 255} }},
	{{ {91, -54, -85}, 0, {-16, -16}, {185, 202, 165, 255} }},
	{{ {120, -12, -109}, 0, {-16, -16}, {243, 48, 139, 255} }},
	{{ {187, -6, -133}, 0, {-16, -16}, {33, 3, 133, 255} }},
	{{ {252, 87, -69}, 0, {-16, -16}, {58, 77, 174, 255} }},
	{{ {271, 0, -41}, 0, {-16, -16}, {112, 209, 219, 255} }},
	{{ {272, 110, 0}, 0, {-16, -16}, {80, 98, 0, 255} }},
	{{ {174, -79, -74}, 0, {-16, -16}, {83, 173, 208, 255} }},
	{{ {122, -154, 49}, 0, {-16, -16}, {33, 141, 42, 255} }},
	{{ {122, -154, -48}, 0, {-16, -16}, {33, 141, 214, 255} }},
};

Gfx mario_Head_DL_mesh_layer_1_tri_0[] = {
	gsSPVertex(mario_Head_DL_mesh_layer_1_vtx_0 + 0, 30, 0),
	gsSP2Triangles(0, 1, 2, 0, 3, 1, 0, 0),
	gsSP2Triangles(3, 4, 1, 0, 5, 4, 3, 0),
	gsSP2Triangles(6, 4, 5, 0, 6, 5, 7, 0),
	gsSP2Triangles(8, 6, 7, 0, 8, 4, 6, 0),
	gsSP2Triangles(8, 2, 4, 0, 1, 4, 2, 0),
	gsSP2Triangles(9, 10, 0, 0, 10, 9, 11, 0),
	gsSP2Triangles(11, 9, 12, 0, 13, 12, 9, 0),
	gsSP2Triangles(14, 13, 9, 0, 9, 0, 14, 0),
	gsSP2Triangles(15, 13, 14, 0, 15, 16, 13, 0),
	gsSP2Triangles(13, 16, 17, 0, 17, 16, 18, 0),
	gsSP2Triangles(16, 19, 18, 0, 18, 19, 20, 0),
	gsSP2Triangles(21, 20, 19, 0, 22, 20, 21, 0),
	gsSP2Triangles(23, 20, 22, 0, 7, 23, 22, 0),
	gsSP2Triangles(7, 24, 23, 0, 25, 23, 24, 0),
	gsSP2Triangles(24, 26, 25, 0, 25, 26, 11, 0),
	gsSP2Triangles(11, 26, 10, 0, 25, 11, 12, 0),
	gsSP2Triangles(27, 25, 12, 0, 27, 12, 28, 0),
	gsSP2Triangles(13, 28, 12, 0, 17, 28, 13, 0),
	gsSP2Triangles(18, 28, 17, 0, 18, 29, 28, 0),
	gsSP2Triangles(20, 29, 18, 0, 27, 29, 20, 0),
	gsSP2Triangles(23, 27, 20, 0, 27, 23, 25, 0),
	gsSP1Triangle(28, 29, 27, 0),
	gsSPEndDisplayList(),
};

Vtx mario_Head_DL_mesh_layer_1_vtx_1[69] = {
	{{ {92, 88, 84}, 0, {-16, -16}, {42, 78, 91, 255} }},
	{{ {104, 87, 70}, 0, {-16, -16}, {43, 98, 68, 255} }},
	{{ {97, 103, 25}, 0, {-16, -16}, {78, 66, 76, 255} }},
	{{ {96, 49, 94}, 0, {-16, -16}, {12, 40, 120, 255} }},
	{{ {44, 44, 97}, 0, {-16, -16}, {209, 30, 114, 255} }},
	{{ {144, 83, 67}, 0, {-16, -16}, {32, 91, 82, 255} }},
	{{ {153, 33, 95}, 0, {-16, -16}, {250, 69, 107, 255} }},
	{{ {144, 83, -66}, 0, {-16, -16}, {32, 91, 174, 255} }},
	{{ {153, 33, -94}, 0, {-16, -16}, {249, 68, 149, 255} }},
	{{ {96, 49, -93}, 0, {-16, -16}, {12, 40, 136, 255} }},
	{{ {104, 87, -69}, 0, {-16, -16}, {43, 98, 188, 255} }},
	{{ {92, 88, -83}, 0, {-16, -16}, {42, 78, 165, 255} }},
	{{ {44, 44, -96}, 0, {-16, -16}, {209, 30, 142, 255} }},
	{{ {97, 103, -24}, 0, {-16, -16}, {77, 65, 179, 255} }},
	{{ {3, 54, 52}, 0, {-16, -16}, {143, 26, 53, 255} }},
	{{ {42, 0, 103}, 0, {-16, -16}, {190, 246, 108, 255} }},
	{{ {17, -52, 47}, 0, {-16, -16}, {136, 241, 37, 255} }},
	{{ {-7, 62, 0}, 0, {-16, -16}, {133, 33, 0, 255} }},
	{{ {27, 100, 30}, 0, {-16, -16}, {176, 96, 26, 255} }},
	{{ {27, 100, -29}, 0, {-16, -16}, {177, 96, 230, 255} }},
	{{ {41, 109, 0}, 0, {-16, -16}, {141, 54, 255, 255} }},
	{{ {3, 54, -51}, 0, {-16, -16}, {144, 26, 203, 255} }},
	{{ {17, -52, -46}, 0, {-16, -16}, {136, 241, 219, 255} }},
	{{ {42, 0, -102}, 0, {-16, -16}, {190, 246, 148, 255} }},
	{{ {56, -45, -76}, 0, {-16, -16}, {205, 201, 153, 255} }},
	{{ {89, -25, -131}, 0, {-16, -16}, {230, 33, 136, 255} }},
	{{ {85, -23, -110}, 0, {-16, -16}, {22, 100, 180, 255} }},
	{{ {127, -33, -137}, 0, {-16, -16}, {83, 238, 162, 255} }},
	{{ {120, -12, -109}, 0, {-16, -16}, {243, 48, 139, 255} }},
	{{ {91, -54, -85}, 0, {-16, -16}, {185, 202, 165, 255} }},
	{{ {31, -84, 0}, 0, {-16, -16}, {159, 174, 0, 255} }},
	{{ {77, 108, 34}, 0, {-16, -16}, {24, 45, 116, 255} }},
	{{ {97, 103, 25}, 0, {-16, -16}, {78, 66, 76, 255} }},
	{{ {102, 129, 41}, 0, {-16, -16}, {77, 223, 96, 255} }},
	{{ {117, 128, 0}, 0, {-16, -16}, {124, 228, 255, 255} }},
	{{ {108, 105, 0}, 0, {-16, -16}, {101, 77, 255, 255} }},
	{{ {97, 103, -24}, 0, {-16, -16}, {77, 65, 179, 255} }},
	{{ {102, 129, -40}, 0, {-16, -16}, {76, 223, 160, 255} }},
	{{ {77, 108, -33}, 0, {-16, -16}, {24, 45, 140, 255} }},
	{{ {75, 130, -45}, 0, {-16, -16}, {254, 226, 133, 255} }},
	{{ {47, 131, -40}, 0, {-16, -16}, {175, 233, 161, 255} }},
	{{ {52, 111, -30}, 0, {-16, -16}, {180, 55, 171, 255} }},
	{{ {32, 132, 0}, 0, {-16, -16}, {131, 236, 254, 255} }},
	{{ {41, 109, 0}, 0, {-16, -16}, {141, 54, 255, 255} }},
	{{ {52, 111, 31}, 0, {-16, -16}, {179, 55, 85, 255} }},
	{{ {47, 131, 41}, 0, {-16, -16}, {176, 231, 96, 255} }},
	{{ {75, 130, 46}, 0, {-16, -16}, {254, 226, 123, 255} }},
	{{ {104, 162, 41}, 0, {-16, -16}, {73, 57, 88, 255} }},
	{{ {119, 161, 0}, 0, {-16, -16}, {120, 41, 0, 255} }},
	{{ {104, 162, -40}, 0, {-16, -16}, {72, 56, 168, 255} }},
	{{ {78, 163, -45}, 0, {-16, -16}, {3, 67, 148, 255} }},
	{{ {52, 164, -40}, 0, {-16, -16}, {194, 66, 167, 255} }},
	{{ {33, 165, 0}, 0, {-16, -16}, {144, 60, 254, 255} }},
	{{ {52, 164, 41}, 0, {-16, -16}, {195, 67, 89, 255} }},
	{{ {78, 163, 46}, 0, {-16, -16}, {3, 68, 107, 255} }},
	{{ {101, 179, 0}, 0, {-16, -16}, {47, 118, 0, 255} }},
	{{ {60, 181, 0}, 0, {-16, -16}, {229, 124, 0, 255} }},
	{{ {91, -54, 86}, 0, {-16, -16}, {185, 202, 90, 255} }},
	{{ {120, -11, 111}, 0, {-16, -16}, {242, 48, 117, 255} }},
	{{ {127, -33, 138}, 0, {-16, -16}, {84, 237, 94, 255} }},
	{{ {85, -23, 111}, 0, {-16, -16}, {20, 100, 76, 255} }},
	{{ {89, -25, 132}, 0, {-16, -16}, {230, 33, 120, 255} }},
	{{ {42, 0, 103}, 0, {-16, -16}, {190, 246, 108, 255} }},
	{{ {89, -25, 132}, 0, {-16, -16}, {230, 33, 120, 255} }},
	{{ {42, 0, 103}, 0, {-16, -16}, {190, 246, 108, 255} }},
	{{ {56, -45, 77}, 0, {-16, -16}, {205, 201, 103, 255} }},
	{{ {17, -52, 47}, 0, {-16, -16}, {136, 241, 37, 255} }},
	{{ {91, -54, 86}, 0, {-16, -16}, {185, 202, 90, 255} }},
	{{ {127, -33, 138}, 0, {-16, -16}, {84, 237, 94, 255} }},
};

Gfx mario_Head_DL_mesh_layer_1_tri_1[] = {
	gsSPVertex(mario_Head_DL_mesh_layer_1_vtx_1 + 0, 31, 0),
	gsSP2Triangles(0, 1, 2, 0, 1, 0, 3, 0),
	gsSP2Triangles(4, 3, 0, 0, 5, 1, 3, 0),
	gsSP2Triangles(3, 6, 5, 0, 7, 8, 9, 0),
	gsSP2Triangles(9, 10, 7, 0, 9, 11, 10, 0),
	gsSP2Triangles(11, 9, 12, 0, 11, 13, 10, 0),
	gsSP2Triangles(4, 14, 15, 0, 14, 16, 15, 0),
	gsSP2Triangles(16, 14, 17, 0, 17, 14, 18, 0),
	gsSP2Triangles(18, 19, 17, 0, 20, 19, 18, 0),
	gsSP2Triangles(19, 21, 17, 0, 22, 17, 21, 0),
	gsSP2Triangles(23, 22, 21, 0, 23, 21, 12, 0),
	gsSP2Triangles(23, 24, 22, 0, 23, 25, 24, 0),
	gsSP2Triangles(26, 25, 23, 0, 26, 27, 25, 0),
	gsSP2Triangles(27, 26, 28, 0, 27, 28, 29, 0),
	gsSP2Triangles(25, 27, 29, 0, 24, 25, 29, 0),
	gsSP2Triangles(22, 16, 17, 0, 22, 30, 16, 0),
	gsSPVertex(mario_Head_DL_mesh_layer_1_vtx_1 + 31, 32, 0),
	gsSP2Triangles(0, 1, 2, 0, 3, 2, 1, 0),
	gsSP2Triangles(1, 4, 3, 0, 3, 4, 5, 0),
	gsSP2Triangles(5, 6, 3, 0, 6, 5, 7, 0),
	gsSP2Triangles(8, 6, 7, 0, 9, 8, 7, 0),
	gsSP2Triangles(7, 10, 9, 0, 11, 9, 10, 0),
	gsSP2Triangles(10, 12, 11, 0, 11, 12, 13, 0),
	gsSP2Triangles(13, 14, 11, 0, 14, 13, 0, 0),
	gsSP2Triangles(15, 14, 0, 0, 2, 15, 0, 0),
	gsSP2Triangles(15, 2, 16, 0, 16, 2, 3, 0),
	gsSP2Triangles(17, 16, 3, 0, 3, 6, 17, 0),
	gsSP2Triangles(6, 18, 17, 0, 8, 18, 6, 0),
	gsSP2Triangles(8, 19, 18, 0, 20, 19, 8, 0),
	gsSP2Triangles(9, 20, 8, 0, 20, 9, 11, 0),
	gsSP2Triangles(21, 20, 11, 0, 11, 14, 21, 0),
	gsSP2Triangles(14, 22, 21, 0, 22, 14, 15, 0),
	gsSP2Triangles(22, 15, 23, 0, 23, 15, 16, 0),
	gsSP2Triangles(16, 24, 23, 0, 24, 16, 17, 0),
	gsSP2Triangles(24, 17, 18, 0, 24, 18, 19, 0),
	gsSP2Triangles(19, 25, 24, 0, 25, 19, 20, 0),
	gsSP2Triangles(21, 25, 20, 0, 21, 22, 25, 0),
	gsSP2Triangles(22, 23, 25, 0, 25, 23, 24, 0),
	gsSP2Triangles(26, 27, 28, 0, 27, 29, 28, 0),
	gsSP2Triangles(30, 28, 29, 0, 31, 30, 29, 0),
	gsSPVertex(mario_Head_DL_mesh_layer_1_vtx_1 + 63, 6, 0),
	gsSP2Triangles(0, 1, 2, 0, 3, 2, 1, 0),
	gsSP2Triangles(0, 2, 4, 0, 0, 4, 5, 0),
	gsSPEndDisplayList(),
};

Vtx mario_Head_DL_mesh_layer_1_vtx_2[19] = {
	{{ {64, -103, 52}, 0, {-16, -16}, {205, 160, 65, 255} }},
	{{ {91, -54, 86}, 0, {-16, -16}, {185, 202, 90, 255} }},
	{{ {56, -45, 77}, 0, {-16, -16}, {205, 201, 103, 255} }},
	{{ {46, -113, 64}, 0, {-16, -16}, {71, 162, 47, 255} }},
	{{ {33, -79, 78}, 0, {-16, -16}, {226, 14, 123, 255} }},
	{{ {17, -52, 47}, 0, {-16, -16}, {136, 241, 37, 255} }},
	{{ {17, -80, 55}, 0, {-16, -16}, {130, 0, 14, 255} }},
	{{ {31, -84, 0}, 0, {-16, -16}, {159, 174, 0, 255} }},
	{{ {30, -112, 44}, 0, {-16, -16}, {213, 153, 196, 255} }},
	{{ {64, -103, -51}, 0, {-16, -16}, {205, 160, 191, 255} }},
	{{ {30, -112, -43}, 0, {-16, -16}, {213, 153, 60, 255} }},
	{{ {17, -80, -54}, 0, {-16, -16}, {130, 0, 242, 255} }},
	{{ {17, -52, -46}, 0, {-16, -16}, {136, 241, 219, 255} }},
	{{ {33, -79, -77}, 0, {-16, -16}, {226, 14, 133, 255} }},
	{{ {56, -45, -76}, 0, {-16, -16}, {205, 201, 153, 255} }},
	{{ {46, -113, -63}, 0, {-16, -16}, {71, 162, 209, 255} }},
	{{ {91, -54, -85}, 0, {-16, -16}, {185, 202, 165, 255} }},
	{{ {16, -125, -82}, 0, {-16, -16}, {199, 169, 184, 255} }},
	{{ {16, -125, 83}, 0, {-16, -16}, {199, 169, 72, 255} }},
};

Gfx mario_Head_DL_mesh_layer_1_tri_2[] = {
	gsSPVertex(mario_Head_DL_mesh_layer_1_vtx_2 + 0, 19, 0),
	gsSP2Triangles(0, 1, 2, 0, 3, 0, 2, 0),
	gsSP2Triangles(2, 4, 3, 0, 4, 2, 5, 0),
	gsSP2Triangles(5, 6, 4, 0, 6, 5, 7, 0),
	gsSP2Triangles(7, 8, 6, 0, 7, 0, 8, 0),
	gsSP2Triangles(7, 9, 0, 0, 7, 10, 9, 0),
	gsSP2Triangles(11, 10, 7, 0, 7, 12, 11, 0),
	gsSP2Triangles(13, 11, 12, 0, 12, 14, 13, 0),
	gsSP2Triangles(15, 13, 14, 0, 14, 9, 15, 0),
	gsSP2Triangles(14, 16, 9, 0, 10, 15, 9, 0),
	gsSP2Triangles(10, 17, 15, 0, 11, 17, 10, 0),
	gsSP2Triangles(13, 17, 11, 0, 17, 13, 15, 0),
	gsSP2Triangles(3, 8, 0, 0, 3, 18, 8, 0),
	gsSP2Triangles(4, 18, 3, 0, 6, 18, 4, 0),
	gsSP1Triangle(8, 18, 6, 0),
	gsSPEndDisplayList(),
};

Vtx mario_Head_DL_mesh_layer_1_vtx_3[7] = {
	{{ {195, 93, 32}, 0, {757, 716}, {76, 83, 59, 255} }},
	{{ {153, 33, 95}, 0, {1263, 1050}, {250, 69, 107, 255} }},
	{{ {252, 87, 70}, 0, {1045, 136}, {58, 77, 82, 255} }},
	{{ {272, 110, 0}, 0, {485, -32}, {80, 98, 0, 255} }},
	{{ {195, 93, -31}, 0, {245, 720}, {76, 83, 197, 255} }},
	{{ {252, 87, -69}, 0, {-65, 142}, {58, 77, 174, 255} }},
	{{ {153, 33, -94}, 0, {-245, 1060}, {249, 68, 149, 255} }},
};

Gfx mario_Head_DL_mesh_layer_1_tri_3[] = {
	gsSPVertex(mario_Head_DL_mesh_layer_1_vtx_3 + 0, 7, 0),
	gsSP2Triangles(0, 1, 2, 0, 2, 3, 0, 0),
	gsSP2Triangles(3, 4, 0, 0, 3, 5, 4, 0),
	gsSP1Triangle(5, 6, 4, 0),
	gsSPEndDisplayList(),
};

Vtx mario_Head_DL_mesh_layer_1_vtx_4[12] = {
	{{ {97, 103, 25}, 0, {708, 942}, {78, 66, 76, 255} }},
	{{ {104, 87, 70}, 0, {1122, 848}, {43, 98, 68, 255} }},
	{{ {144, 83, 67}, 0, {1092, 412}, {32, 91, 82, 255} }},
	{{ {175, 91, 39}, 0, {826, 96}, {174, 96, 14, 255} }},
	{{ {153, 33, 95}, 0, {1346, 280}, {250, 69, 107, 255} }},
	{{ {145, 101, 0}, 0, {464, 430}, {22, 125, 0, 255} }},
	{{ {175, 91, -38}, 0, {90, 114}, {174, 96, 242, 255} }},
	{{ {97, 103, -24}, 0, {240, 954}, {77, 65, 179, 255} }},
	{{ {144, 83, -66}, 0, {-162, 444}, {32, 91, 174, 255} }},
	{{ {153, 33, -94}, 0, {-420, 326}, {249, 68, 149, 255} }},
	{{ {104, 87, -69}, 0, {-176, 882}, {43, 98, 188, 255} }},
	{{ {108, 105, 0}, 0, {472, 838}, {101, 77, 255, 255} }},
};

Gfx mario_Head_DL_mesh_layer_1_tri_4[] = {
	gsSPVertex(mario_Head_DL_mesh_layer_1_vtx_4 + 0, 12, 0),
	gsSP2Triangles(0, 1, 2, 0, 2, 3, 0, 0),
	gsSP2Triangles(4, 3, 2, 0, 3, 5, 0, 0),
	gsSP2Triangles(6, 5, 3, 0, 7, 5, 6, 0),
	gsSP2Triangles(7, 6, 8, 0, 8, 6, 9, 0),
	gsSP2Triangles(10, 7, 8, 0, 5, 11, 0, 0),
	gsSP1Triangle(7, 11, 5, 0),
	gsSPEndDisplayList(),
};

Vtx mario_Head_DL_mesh_layer_1_vtx_5[12] = {
	{{ {96, 49, 94}, 0, {-86, 684}, {12, 40, 120, 255} }},
	{{ {44, 44, 97}, 0, {102, 1318}, {209, 30, 114, 255} }},
	{{ {42, 0, 103}, 0, {826, 1194}, {190, 246, 108, 255} }},
	{{ {85, -23, 111}, 0, {1134, 566}, {20, 100, 76, 255} }},
	{{ {120, -11, 111}, 0, {900, 168}, {242, 48, 117, 255} }},
	{{ {153, 33, 95}, 0, {74, -74}, {250, 69, 107, 255} }},
	{{ {42, 0, -102}, 0, {826, 1194}, {190, 246, 148, 255} }},
	{{ {44, 44, -96}, 0, {102, 1318}, {209, 30, 142, 255} }},
	{{ {96, 49, -93}, 0, {-86, 684}, {12, 40, 136, 255} }},
	{{ {85, -23, -110}, 0, {1134, 566}, {22, 100, 180, 255} }},
	{{ {120, -12, -109}, 0, {900, 168}, {243, 48, 139, 255} }},
	{{ {153, 33, -94}, 0, {74, -74}, {249, 68, 149, 255} }},
};

Gfx mario_Head_DL_mesh_layer_1_tri_5[] = {
	gsSPVertex(mario_Head_DL_mesh_layer_1_vtx_5 + 0, 12, 0),
	gsSP2Triangles(0, 1, 2, 0, 2, 3, 0, 0),
	gsSP2Triangles(3, 4, 0, 0, 5, 0, 4, 0),
	gsSP2Triangles(6, 7, 8, 0, 8, 9, 6, 0),
	gsSP2Triangles(9, 8, 10, 0, 10, 8, 11, 0),
	gsSPEndDisplayList(),
};

Vtx mario_Head_DL_mesh_layer_1_vtx_6[18] = {
	{{ {77, 108, 34}, 0, {326, 352}, {24, 45, 116, 255} }},
	{{ {92, 88, 84}, 0, {882, -34}, {42, 78, 91, 255} }},
	{{ {97, 103, 25}, 0, {208, 130}, {78, 66, 76, 255} }},
	{{ {48, 94, 76}, 0, {872, 548}, {214, 89, 80, 255} }},
	{{ {52, 111, 31}, 0, {338, 674}, {179, 55, 85, 255} }},
	{{ {27, 100, 30}, 0, {426, 966}, {176, 96, 26, 255} }},
	{{ {41, 109, 0}, 0, {54, 908}, {141, 54, 255, 255} }},
	{{ {3, 54, 52}, 0, {876, 1074}, {143, 26, 53, 255} }},
	{{ {44, 44, 97}, 0, {1280, 422}, {209, 30, 114, 255} }},
	{{ {41, 109, 0}, 0, {34, 884}, {141, 54, 255, 255} }},
	{{ {52, 111, -30}, 0, {324, 668}, {180, 55, 171, 255} }},
	{{ {27, 100, -29}, 0, {378, 982}, {177, 96, 230, 255} }},
	{{ {48, 94, -75}, 0, {840, 592}, {214, 89, 176, 255} }},
	{{ {77, 108, -33}, 0, {346, 328}, {24, 45, 140, 255} }},
	{{ {92, 88, -83}, 0, {906, -20}, {42, 78, 165, 255} }},
	{{ {97, 103, -24}, 0, {258, 84}, {77, 65, 179, 255} }},
	{{ {44, 44, -96}, 0, {1234, 502}, {209, 30, 142, 255} }},
	{{ {3, 54, -51}, 0, {790, 1146}, {144, 26, 203, 255} }},
};

Gfx mario_Head_DL_mesh_layer_1_tri_6[] = {
	gsSPVertex(mario_Head_DL_mesh_layer_1_vtx_6 + 0, 18, 0),
	gsSP2Triangles(0, 1, 2, 0, 1, 0, 3, 0),
	gsSP2Triangles(0, 4, 3, 0, 5, 3, 4, 0),
	gsSP2Triangles(5, 4, 6, 0, 7, 3, 5, 0),
	gsSP2Triangles(8, 3, 7, 0, 3, 8, 1, 0),
	gsSP2Triangles(9, 10, 11, 0, 10, 12, 11, 0),
	gsSP2Triangles(12, 10, 13, 0, 12, 13, 14, 0),
	gsSP2Triangles(14, 13, 15, 0, 14, 16, 12, 0),
	gsSP2Triangles(17, 12, 16, 0, 11, 12, 17, 0),
	gsSPEndDisplayList(),
};

Vtx mario_Capless_Head_Switch_Option_Capless_Head_mesh_layer_1_vtx_0[75] = {
	{{ {96, 49, 94}, 0, {-16, -16}, {12, 40, 120, 255} }},
	{{ {153, 33, 95}, 0, {-16, -16}, {254, 54, 115, 255} }},
	{{ {144, 83, 67}, 0, {-16, -16}, {32, 91, 82, 255} }},
	{{ {104, 87, 70}, 0, {-16, -16}, {43, 98, 68, 255} }},
	{{ {92, 88, 84}, 0, {-16, -16}, {42, 78, 91, 255} }},
	{{ {97, 103, 25}, 0, {-16, -16}, {78, 66, 76, 255} }},
	{{ {44, 44, 97}, 0, {-16, -16}, {209, 30, 114, 255} }},
	{{ {42, 0, -102}, 0, {-16, -16}, {190, 246, 148, 255} }},
	{{ {3, 54, -51}, 0, {-16, -16}, {144, 26, 203, 255} }},
	{{ {44, 44, -96}, 0, {-16, -16}, {209, 30, 142, 255} }},
	{{ {17, -52, -46}, 0, {-16, -16}, {136, 241, 219, 255} }},
	{{ {56, -45, -76}, 0, {-16, -16}, {205, 201, 153, 255} }},
	{{ {89, -25, -131}, 0, {-16, -16}, {230, 33, 136, 255} }},
	{{ {85, -23, -110}, 0, {-16, -16}, {22, 100, 180, 255} }},
	{{ {127, -33, -137}, 0, {-16, -16}, {83, 238, 162, 255} }},
	{{ {120, -12, -109}, 0, {-16, -16}, {7, 29, 133, 255} }},
	{{ {91, -54, -85}, 0, {-16, -16}, {213, 185, 160, 255} }},
	{{ {-7, 62, 0}, 0, {-16, -16}, {133, 33, 0, 255} }},
	{{ {17, -52, 47}, 0, {-16, -16}, {136, 241, 37, 255} }},
	{{ {31, -84, 0}, 0, {-16, -16}, {159, 174, 0, 255} }},
	{{ {3, 54, 52}, 0, {-16, -16}, {143, 26, 53, 255} }},
	{{ {42, 0, 103}, 0, {-16, -16}, {190, 246, 108, 255} }},
	{{ {56, -45, 77}, 0, {-16, -16}, {205, 201, 103, 255} }},
	{{ {89, -25, 132}, 0, {-16, -16}, {230, 33, 120, 255} }},
	{{ {91, -54, 86}, 0, {-16, -16}, {213, 185, 96, 255} }},
	{{ {127, -33, 138}, 0, {-16, -16}, {84, 237, 94, 255} }},
	{{ {120, -11, 111}, 0, {-16, -16}, {5, 29, 124, 255} }},
	{{ {85, -23, 111}, 0, {-16, -16}, {20, 100, 76, 255} }},
	{{ {144, 83, -66}, 0, {-16, -16}, {32, 91, 174, 255} }},
	{{ {153, 33, -94}, 0, {-16, -16}, {245, 51, 140, 255} }},
	{{ {96, 49, -93}, 0, {-16, -16}, {12, 40, 136, 255} }},
	{{ {104, 87, -69}, 0, {-16, -16}, {43, 98, 188, 255} }},
	{{ {96, 49, -93}, 0, {-16, -16}, {12, 40, 136, 255} }},
	{{ {92, 88, -83}, 0, {-16, -16}, {42, 78, 165, 255} }},
	{{ {104, 87, -69}, 0, {-16, -16}, {43, 98, 188, 255} }},
	{{ {44, 44, -96}, 0, {-16, -16}, {209, 30, 142, 255} }},
	{{ {97, 103, -24}, 0, {-16, -16}, {77, 65, 179, 255} }},
	{{ {-7, 62, 0}, 0, {-16, -16}, {133, 33, 0, 255} }},
	{{ {3, 54, 52}, 0, {-16, -16}, {143, 26, 53, 255} }},
	{{ {27, 100, 30}, 0, {-16, -16}, {176, 96, 26, 255} }},
	{{ {27, 100, -29}, 0, {-16, -16}, {177, 96, 230, 255} }},
	{{ {41, 109, 0}, 0, {-16, -16}, {141, 54, 255, 255} }},
	{{ {3, 54, -51}, 0, {-16, -16}, {144, 26, 203, 255} }},
	{{ {77, 108, 34}, 0, {-16, -16}, {24, 45, 116, 255} }},
	{{ {97, 103, 25}, 0, {-16, -16}, {78, 66, 76, 255} }},
	{{ {102, 129, 41}, 0, {-16, -16}, {77, 223, 96, 255} }},
	{{ {117, 128, 0}, 0, {-16, -16}, {124, 228, 255, 255} }},
	{{ {108, 105, 0}, 0, {-16, -16}, {101, 77, 255, 255} }},
	{{ {102, 129, -40}, 0, {-16, -16}, {76, 223, 160, 255} }},
	{{ {77, 108, -33}, 0, {-16, -16}, {24, 45, 140, 255} }},
	{{ {75, 130, -45}, 0, {-16, -16}, {254, 226, 133, 255} }},
	{{ {47, 131, -40}, 0, {-16, -16}, {175, 233, 161, 255} }},
	{{ {52, 111, -30}, 0, {-16, -16}, {180, 55, 171, 255} }},
	{{ {32, 132, 0}, 0, {-16, -16}, {131, 236, 254, 255} }},
	{{ {52, 111, 31}, 0, {-16, -16}, {179, 55, 85, 255} }},
	{{ {47, 131, 41}, 0, {-16, -16}, {176, 231, 96, 255} }},
	{{ {75, 130, 46}, 0, {-16, -16}, {254, 226, 123, 255} }},
	{{ {104, 162, 41}, 0, {-16, -16}, {73, 57, 88, 255} }},
	{{ {119, 161, 0}, 0, {-16, -16}, {120, 41, 0, 255} }},
	{{ {104, 162, -40}, 0, {-16, -16}, {72, 56, 168, 255} }},
	{{ {78, 163, -45}, 0, {-16, -16}, {3, 67, 148, 255} }},
	{{ {52, 164, -40}, 0, {-16, -16}, {194, 66, 167, 255} }},
	{{ {33, 165, 0}, 0, {-16, -16}, {144, 60, 254, 255} }},
	{{ {52, 164, 41}, 0, {-16, -16}, {195, 67, 89, 255} }},
	{{ {52, 164, 41}, 0, {-16, -16}, {195, 67, 89, 255} }},
	{{ {75, 130, 46}, 0, {-16, -16}, {254, 226, 123, 255} }},
	{{ {78, 163, 46}, 0, {-16, -16}, {3, 68, 107, 255} }},
	{{ {104, 162, 41}, 0, {-16, -16}, {73, 57, 88, 255} }},
	{{ {101, 179, 0}, 0, {-16, -16}, {47, 118, 0, 255} }},
	{{ {119, 161, 0}, 0, {-16, -16}, {120, 41, 0, 255} }},
	{{ {104, 162, -40}, 0, {-16, -16}, {72, 56, 168, 255} }},
	{{ {78, 163, -45}, 0, {-16, -16}, {3, 67, 148, 255} }},
	{{ {60, 181, 0}, 0, {-16, -16}, {229, 124, 0, 255} }},
	{{ {52, 164, -40}, 0, {-16, -16}, {194, 66, 167, 255} }},
	{{ {33, 165, 0}, 0, {-16, -16}, {144, 60, 254, 255} }},
};

Gfx mario_Capless_Head_Switch_Option_Capless_Head_mesh_layer_1_tri_0[] = {
	gsSPVertex(mario_Capless_Head_Switch_Option_Capless_Head_mesh_layer_1_vtx_0 + 0, 32, 0),
	gsSP2Triangles(0, 1, 2, 0, 2, 3, 0, 0),
	gsSP2Triangles(3, 4, 0, 0, 4, 3, 5, 0),
	gsSP2Triangles(6, 0, 4, 0, 7, 8, 9, 0),
	gsSP2Triangles(7, 10, 8, 0, 7, 11, 10, 0),
	gsSP2Triangles(7, 12, 11, 0, 13, 12, 7, 0),
	gsSP2Triangles(13, 14, 12, 0, 14, 13, 15, 0),
	gsSP2Triangles(14, 15, 16, 0, 12, 14, 16, 0),
	gsSP2Triangles(11, 12, 16, 0, 10, 17, 8, 0),
	gsSP2Triangles(10, 18, 17, 0, 10, 19, 18, 0),
	gsSP2Triangles(18, 20, 17, 0, 20, 18, 21, 0),
	gsSP2Triangles(18, 22, 21, 0, 23, 21, 22, 0),
	gsSP2Triangles(23, 22, 24, 0, 23, 24, 25, 0),
	gsSP2Triangles(24, 26, 25, 0, 26, 27, 25, 0),
	gsSP2Triangles(23, 25, 27, 0, 21, 23, 27, 0),
	gsSP2Triangles(6, 20, 21, 0, 28, 29, 30, 0),
	gsSP1Triangle(30, 31, 28, 0),
	gsSPVertex(mario_Capless_Head_Switch_Option_Capless_Head_mesh_layer_1_vtx_0 + 32, 32, 0),
	gsSP2Triangles(0, 1, 2, 0, 1, 0, 3, 0),
	gsSP2Triangles(1, 4, 2, 0, 5, 6, 7, 0),
	gsSP2Triangles(7, 8, 5, 0, 9, 8, 7, 0),
	gsSP2Triangles(8, 10, 5, 0, 11, 12, 13, 0),
	gsSP2Triangles(14, 13, 12, 0, 12, 15, 14, 0),
	gsSP2Triangles(14, 15, 4, 0, 4, 16, 14, 0),
	gsSP2Triangles(16, 4, 17, 0, 18, 16, 17, 0),
	gsSP2Triangles(19, 18, 17, 0, 17, 20, 19, 0),
	gsSP2Triangles(21, 19, 20, 0, 20, 9, 21, 0),
	gsSP2Triangles(21, 9, 22, 0, 22, 23, 21, 0),
	gsSP2Triangles(23, 22, 11, 0, 24, 23, 11, 0),
	gsSP2Triangles(13, 24, 11, 0, 24, 13, 25, 0),
	gsSP2Triangles(25, 13, 14, 0, 26, 25, 14, 0),
	gsSP2Triangles(14, 16, 26, 0, 16, 27, 26, 0),
	gsSP2Triangles(18, 27, 16, 0, 18, 28, 27, 0),
	gsSP2Triangles(29, 28, 18, 0, 19, 29, 18, 0),
	gsSP2Triangles(29, 19, 21, 0, 30, 29, 21, 0),
	gsSP2Triangles(21, 23, 30, 0, 23, 31, 30, 0),
	gsSP1Triangle(31, 23, 24, 0),
	gsSPVertex(mario_Capless_Head_Switch_Option_Capless_Head_mesh_layer_1_vtx_0 + 64, 11, 0),
	gsSP2Triangles(0, 1, 2, 0, 2, 1, 3, 0),
	gsSP2Triangles(3, 4, 2, 0, 4, 3, 5, 0),
	gsSP2Triangles(4, 5, 6, 0, 4, 6, 7, 0),
	gsSP2Triangles(7, 8, 4, 0, 8, 7, 9, 0),
	gsSP2Triangles(10, 8, 9, 0, 10, 0, 8, 0),
	gsSP2Triangles(0, 2, 8, 0, 8, 2, 4, 0),
	gsSPEndDisplayList(),
};

Vtx mario_Capless_Head_Switch_Option_Capless_Head_mesh_layer_1_vtx_1[12] = {
	{{ {144, 83, -66}, 0, {-162, 444}, {32, 91, 174, 255} }},
	{{ {175, 91, -38}, 0, {90, 114}, {234, 113, 203, 255} }},
	{{ {153, 33, -94}, 0, {-420, 326}, {245, 51, 140, 255} }},
	{{ {97, 103, -24}, 0, {240, 954}, {77, 65, 179, 255} }},
	{{ {104, 87, -69}, 0, {-176, 882}, {43, 98, 188, 255} }},
	{{ {145, 101, 0}, 0, {464, 430}, {22, 125, 0, 255} }},
	{{ {108, 105, 0}, 0, {472, 838}, {101, 77, 255, 255} }},
	{{ {97, 103, 25}, 0, {708, 942}, {78, 66, 76, 255} }},
	{{ {175, 91, 39}, 0, {826, 96}, {252, 117, 50, 255} }},
	{{ {144, 83, 67}, 0, {1092, 412}, {32, 91, 82, 255} }},
	{{ {104, 87, 70}, 0, {1122, 848}, {43, 98, 68, 255} }},
	{{ {153, 33, 95}, 0, {1346, 280}, {254, 54, 115, 255} }},
};

Gfx mario_Capless_Head_Switch_Option_Capless_Head_mesh_layer_1_tri_1[] = {
	gsSPVertex(mario_Capless_Head_Switch_Option_Capless_Head_mesh_layer_1_vtx_1 + 0, 12, 0),
	gsSP2Triangles(0, 1, 2, 0, 3, 1, 0, 0),
	gsSP2Triangles(4, 3, 0, 0, 3, 5, 1, 0),
	gsSP2Triangles(3, 6, 5, 0, 5, 6, 7, 0),
	gsSP2Triangles(8, 5, 7, 0, 9, 8, 7, 0),
	gsSP2Triangles(7, 10, 9, 0, 11, 8, 9, 0),
	gsSP1Triangle(1, 5, 8, 0),
	gsSPEndDisplayList(),
};

Vtx mario_Capless_Head_Switch_Option_Capless_Head_mesh_layer_1_vtx_2[12] = {
	{{ {153, 33, 95}, 0, {74, -84}, {254, 54, 115, 255} }},
	{{ {96, 49, 94}, 0, {-86, 684}, {12, 40, 120, 255} }},
	{{ {120, -11, 111}, 0, {900, 168}, {5, 29, 124, 255} }},
	{{ {85, -23, 111}, 0, {1134, 566}, {20, 100, 76, 255} }},
	{{ {42, 0, 103}, 0, {826, 1194}, {190, 246, 108, 255} }},
	{{ {44, 44, 97}, 0, {102, 1318}, {209, 30, 114, 255} }},
	{{ {120, -12, -109}, 0, {900, 168}, {7, 29, 133, 255} }},
	{{ {96, 49, -93}, 0, {-86, 684}, {12, 40, 136, 255} }},
	{{ {153, 33, -94}, 0, {74, -74}, {245, 51, 140, 255} }},
	{{ {85, -23, -110}, 0, {1134, 566}, {22, 100, 180, 255} }},
	{{ {42, 0, -102}, 0, {826, 1194}, {190, 246, 148, 255} }},
	{{ {44, 44, -96}, 0, {102, 1318}, {209, 30, 142, 255} }},
};

Gfx mario_Capless_Head_Switch_Option_Capless_Head_mesh_layer_1_tri_2[] = {
	gsSPVertex(mario_Capless_Head_Switch_Option_Capless_Head_mesh_layer_1_vtx_2 + 0, 12, 0),
	gsSP2Triangles(0, 1, 2, 0, 3, 2, 1, 0),
	gsSP2Triangles(4, 3, 1, 0, 1, 5, 4, 0),
	gsSP2Triangles(6, 7, 8, 0, 9, 7, 6, 0),
	gsSP2Triangles(7, 9, 10, 0, 10, 11, 7, 0),
	gsSPEndDisplayList(),
};

Vtx mario_Capless_Head_Switch_Option_Capless_Head_mesh_layer_1_vtx_3[75] = {
	{{ {175, 91, -38}, 0, {-16, -16}, {234, 113, 203, 255} }},
	{{ {200, 70, -97}, 0, {-16, -16}, {32, 64, 151, 255} }},
	{{ {151, 72, -68}, 0, {-16, -16}, {215, 94, 181, 255} }},
	{{ {211, 91, -71}, 0, {-16, -16}, {35, 82, 165, 255} }},
	{{ {201, 125, -13}, 0, {-16, -16}, {248, 127, 255, 255} }},
	{{ {160, 96, 0}, 0, {-16, -16}, {184, 104, 5, 255} }},
	{{ {175, 91, 39}, 0, {-16, -16}, {252, 117, 50, 255} }},
	{{ {209, 86, 60}, 0, {-16, -16}, {49, 98, 64, 255} }},
	{{ {200, 75, 84}, 0, {-16, -16}, {33, 81, 93, 255} }},
	{{ {151, 72, 70}, 0, {-16, -16}, {226, 91, 84, 255} }},
	{{ {153, 33, 95}, 0, {-16, -16}, {254, 54, 115, 255} }},
	{{ {181, -9, 116}, 0, {-16, -16}, {42, 2, 120, 255} }},
	{{ {120, -11, 111}, 0, {-16, -16}, {5, 29, 124, 255} }},
	{{ {145, -83, 105}, 0, {-16, -16}, {255, 202, 115, 255} }},
	{{ {91, -54, 86}, 0, {-16, -16}, {213, 185, 96, 255} }},
	{{ {64, -103, 52}, 0, {-16, -16}, {247, 141, 53, 255} }},
	{{ {56, -45, 77}, 0, {-16, -16}, {205, 201, 103, 255} }},
	{{ {46, -113, 64}, 0, {-16, -16}, {71, 162, 47, 255} }},
	{{ {33, -79, 78}, 0, {-16, -16}, {226, 14, 123, 255} }},
	{{ {17, -52, 47}, 0, {-16, -16}, {136, 241, 37, 255} }},
	{{ {17, -80, 55}, 0, {-16, -16}, {130, 0, 14, 255} }},
	{{ {31, -84, 0}, 0, {-16, -16}, {159, 174, 0, 255} }},
	{{ {30, -112, 44}, 0, {-16, -16}, {213, 153, 196, 255} }},
	{{ {64, -103, -51}, 0, {-16, -16}, {248, 141, 203, 255} }},
	{{ {30, -112, -43}, 0, {-16, -16}, {213, 153, 60, 255} }},
	{{ {17, -80, -54}, 0, {-16, -16}, {130, 0, 242, 255} }},
	{{ {17, -52, -46}, 0, {-16, -16}, {136, 241, 219, 255} }},
	{{ {33, -79, -77}, 0, {-16, -16}, {226, 14, 133, 255} }},
	{{ {56, -45, -76}, 0, {-16, -16}, {205, 201, 153, 255} }},
	{{ {46, -113, -63}, 0, {-16, -16}, {71, 162, 209, 255} }},
	{{ {91, -54, -85}, 0, {-16, -16}, {213, 185, 160, 255} }},
	{{ {145, -84, -104}, 0, {-16, -16}, {0, 201, 142, 255} }},
	{{ {145, -84, -104}, 0, {-16, -16}, {0, 201, 142, 255} }},
	{{ {91, -54, -85}, 0, {-16, -16}, {213, 185, 160, 255} }},
	{{ {120, -12, -109}, 0, {-16, -16}, {7, 29, 133, 255} }},
	{{ {182, -9, -115}, 0, {-16, -16}, {43, 255, 136, 255} }},
	{{ {153, 33, -94}, 0, {-16, -16}, {245, 51, 140, 255} }},
	{{ {200, 70, -97}, 0, {-16, -16}, {32, 64, 151, 255} }},
	{{ {151, 72, -68}, 0, {-16, -16}, {215, 94, 181, 255} }},
	{{ {221, 35, -73}, 0, {-16, -16}, {112, 3, 196, 255} }},
	{{ {211, 91, -71}, 0, {-16, -16}, {35, 82, 165, 255} }},
	{{ {232, 69, -34}, 0, {-16, -16}, {117, 226, 216, 255} }},
	{{ {248, 104, -43}, 0, {-16, -16}, {106, 51, 208, 255} }},
	{{ {201, 125, -13}, 0, {-16, -16}, {248, 127, 255, 255} }},
	{{ {209, 86, 60}, 0, {-16, -16}, {49, 98, 64, 255} }},
	{{ {231, 81, 33}, 0, {-16, -16}, {108, 52, 42, 255} }},
	{{ {227, 35, 75}, 0, {-16, -16}, {108, 11, 66, 255} }},
	{{ {200, 75, 84}, 0, {-16, -16}, {33, 81, 93, 255} }},
	{{ {181, -9, 116}, 0, {-16, -16}, {42, 2, 120, 255} }},
	{{ {227, -14, 59}, 0, {-16, -16}, {114, 234, 52, 255} }},
	{{ {189, -102, 73}, 0, {-16, -16}, {74, 176, 66, 255} }},
	{{ {145, -83, 105}, 0, {-16, -16}, {255, 202, 115, 255} }},
	{{ {116, -126, 68}, 0, {-16, -16}, {234, 149, 64, 255} }},
	{{ {64, -103, 52}, 0, {-16, -16}, {247, 141, 53, 255} }},
	{{ {119, -134, 0}, 0, {-16, -16}, {241, 130, 254, 255} }},
	{{ {64, -103, -51}, 0, {-16, -16}, {248, 141, 203, 255} }},
	{{ {116, -124, -67}, 0, {-16, -16}, {235, 149, 192, 255} }},
	{{ {189, -102, -71}, 0, {-16, -16}, {73, 175, 191, 255} }},
	{{ {227, -14, -58}, 0, {-16, -16}, {114, 239, 202, 255} }},
	{{ {237, 64, 0}, 0, {-16, -16}, {127, 248, 5, 255} }},
	{{ {241, -34, 0}, 0, {-16, -16}, {124, 229, 0, 255} }},
	{{ {200, -117, 0}, 0, {-16, -16}, {80, 157, 255, 255} }},
	{{ {30, -112, -43}, 0, {-16, -16}, {213, 153, 60, 255} }},
	{{ {46, -113, -63}, 0, {-16, -16}, {71, 162, 209, 255} }},
	{{ {30, -112, -43}, 0, {-16, -16}, {213, 153, 60, 255} }},
	{{ {16, -125, -82}, 0, {-16, -16}, {199, 169, 184, 255} }},
	{{ {46, -113, -63}, 0, {-16, -16}, {71, 162, 209, 255} }},
	{{ {17, -80, -54}, 0, {-16, -16}, {130, 0, 242, 255} }},
	{{ {33, -79, -77}, 0, {-16, -16}, {226, 14, 133, 255} }},
	{{ {46, -113, 64}, 0, {-16, -16}, {71, 162, 47, 255} }},
	{{ {30, -112, 44}, 0, {-16, -16}, {213, 153, 196, 255} }},
	{{ {64, -103, 52}, 0, {-16, -16}, {247, 141, 53, 255} }},
	{{ {16, -125, 83}, 0, {-16, -16}, {199, 169, 72, 255} }},
	{{ {33, -79, 78}, 0, {-16, -16}, {226, 14, 123, 255} }},
	{{ {17, -80, 55}, 0, {-16, -16}, {130, 0, 14, 255} }},
};

Gfx mario_Capless_Head_Switch_Option_Capless_Head_mesh_layer_1_tri_3[] = {
	gsSPVertex(mario_Capless_Head_Switch_Option_Capless_Head_mesh_layer_1_vtx_3 + 0, 32, 0),
	gsSP2Triangles(0, 1, 2, 0, 1, 0, 3, 0),
	gsSP2Triangles(3, 0, 4, 0, 0, 5, 4, 0),
	gsSP2Triangles(4, 5, 6, 0, 7, 4, 6, 0),
	gsSP2Triangles(6, 8, 7, 0, 6, 9, 8, 0),
	gsSP2Triangles(10, 8, 9, 0, 10, 11, 8, 0),
	gsSP2Triangles(10, 12, 11, 0, 13, 11, 12, 0),
	gsSP2Triangles(14, 13, 12, 0, 15, 13, 14, 0),
	gsSP2Triangles(15, 14, 16, 0, 17, 15, 16, 0),
	gsSP2Triangles(16, 18, 17, 0, 18, 16, 19, 0),
	gsSP2Triangles(19, 20, 18, 0, 20, 19, 21, 0),
	gsSP2Triangles(21, 22, 20, 0, 21, 15, 22, 0),
	gsSP2Triangles(21, 23, 15, 0, 21, 24, 23, 0),
	gsSP2Triangles(25, 24, 21, 0, 21, 26, 25, 0),
	gsSP2Triangles(27, 25, 26, 0, 26, 28, 27, 0),
	gsSP2Triangles(29, 27, 28, 0, 28, 23, 29, 0),
	gsSP2Triangles(28, 30, 23, 0, 30, 31, 23, 0),
	gsSPVertex(mario_Capless_Head_Switch_Option_Capless_Head_mesh_layer_1_vtx_3 + 32, 32, 0),
	gsSP2Triangles(0, 1, 2, 0, 3, 0, 2, 0),
	gsSP2Triangles(2, 4, 3, 0, 4, 5, 3, 0),
	gsSP2Triangles(5, 4, 6, 0, 5, 7, 3, 0),
	gsSP2Triangles(7, 5, 8, 0, 7, 8, 9, 0),
	gsSP2Triangles(9, 8, 10, 0, 8, 11, 10, 0),
	gsSP2Triangles(11, 12, 10, 0, 12, 13, 10, 0),
	gsSP2Triangles(14, 13, 12, 0, 15, 14, 12, 0),
	gsSP2Triangles(16, 14, 15, 0, 14, 16, 17, 0),
	gsSP2Triangles(17, 16, 18, 0, 19, 18, 16, 0),
	gsSP2Triangles(19, 20, 18, 0, 21, 20, 19, 0),
	gsSP2Triangles(21, 22, 20, 0, 21, 23, 22, 0),
	gsSP2Triangles(23, 24, 22, 0, 0, 24, 23, 0),
	gsSP2Triangles(25, 24, 0, 0, 3, 25, 0, 0),
	gsSP2Triangles(25, 3, 26, 0, 26, 3, 7, 0),
	gsSP2Triangles(26, 7, 27, 0, 7, 9, 27, 0),
	gsSP2Triangles(27, 9, 10, 0, 27, 10, 13, 0),
	gsSP2Triangles(14, 27, 13, 0, 27, 14, 17, 0),
	gsSP2Triangles(17, 28, 27, 0, 28, 17, 18, 0),
	gsSP2Triangles(29, 28, 18, 0, 29, 18, 20, 0),
	gsSP2Triangles(22, 29, 20, 0, 22, 24, 29, 0),
	gsSP2Triangles(24, 25, 29, 0, 29, 25, 28, 0),
	gsSP2Triangles(25, 26, 28, 0, 26, 27, 28, 0),
	gsSP1Triangle(30, 31, 23, 0),
	gsSPVertex(mario_Capless_Head_Switch_Option_Capless_Head_mesh_layer_1_vtx_3 + 64, 11, 0),
	gsSP2Triangles(0, 1, 2, 0, 3, 1, 0, 0),
	gsSP2Triangles(4, 1, 3, 0, 1, 4, 2, 0),
	gsSP2Triangles(5, 6, 7, 0, 5, 8, 6, 0),
	gsSP2Triangles(9, 8, 5, 0, 10, 8, 9, 0),
	gsSP1Triangle(6, 8, 10, 0),
	gsSPEndDisplayList(),
};

Vtx mario_Capless_Head_Switch_Option_Capless_Head_mesh_layer_1_vtx_4[18] = {
	{{ {77, 108, 34}, 0, {326, 352}, {24, 45, 116, 255} }},
	{{ {92, 88, 84}, 0, {882, -34}, {42, 78, 91, 255} }},
	{{ {97, 103, 25}, 0, {208, 130}, {78, 66, 76, 255} }},
	{{ {48, 94, 76}, 0, {872, 548}, {214, 89, 80, 255} }},
	{{ {52, 111, 31}, 0, {338, 674}, {179, 55, 85, 255} }},
	{{ {27, 100, 30}, 0, {426, 966}, {176, 96, 26, 255} }},
	{{ {41, 109, 0}, 0, {54, 908}, {141, 54, 255, 255} }},
	{{ {3, 54, 52}, 0, {876, 1074}, {143, 26, 53, 255} }},
	{{ {44, 44, 97}, 0, {1280, 422}, {209, 30, 114, 255} }},
	{{ {41, 109, 0}, 0, {34, 884}, {141, 54, 255, 255} }},
	{{ {52, 111, -30}, 0, {324, 668}, {180, 55, 171, 255} }},
	{{ {27, 100, -29}, 0, {378, 982}, {177, 96, 230, 255} }},
	{{ {48, 94, -75}, 0, {840, 592}, {214, 89, 176, 255} }},
	{{ {77, 108, -33}, 0, {346, 328}, {24, 45, 140, 255} }},
	{{ {92, 88, -83}, 0, {906, -20}, {42, 78, 165, 255} }},
	{{ {97, 103, -24}, 0, {258, 84}, {77, 65, 179, 255} }},
	{{ {44, 44, -96}, 0, {1234, 502}, {209, 30, 142, 255} }},
	{{ {3, 54, -51}, 0, {790, 1146}, {144, 26, 203, 255} }},
};

Gfx mario_Capless_Head_Switch_Option_Capless_Head_mesh_layer_1_tri_4[] = {
	gsSPVertex(mario_Capless_Head_Switch_Option_Capless_Head_mesh_layer_1_vtx_4 + 0, 18, 0),
	gsSP2Triangles(0, 1, 2, 0, 1, 0, 3, 0),
	gsSP2Triangles(0, 4, 3, 0, 5, 3, 4, 0),
	gsSP2Triangles(5, 4, 6, 0, 7, 3, 5, 0),
	gsSP2Triangles(8, 3, 7, 0, 3, 8, 1, 0),
	gsSP2Triangles(9, 10, 11, 0, 10, 12, 11, 0),
	gsSP2Triangles(12, 10, 13, 0, 12, 13, 14, 0),
	gsSP2Triangles(14, 13, 15, 0, 14, 16, 12, 0),
	gsSP2Triangles(17, 12, 16, 0, 11, 12, 17, 0),
	gsSPEndDisplayList(),
};

Vtx mario_Left_Wing_DL_mesh_layer_4_vtx_0[4] = {
	{{ {-103, 212, -18}, 0, {-16, -34}, {233, 0, 125, 255} }},
	{{ {0, 0, 0}, 0, {974, 1978}, {233, 0, 125, 255} }},
	{{ {0, 212, 0}, 0, {974, -34}, {233, 0, 125, 255} }},
	{{ {-103, 0, -19}, 0, {-16, 1978}, {233, 0, 125, 255} }},
};

Gfx mario_Left_Wing_DL_mesh_layer_4_tri_0[] = {
	gsSPVertex(mario_Left_Wing_DL_mesh_layer_4_vtx_0 + 0, 4, 0),
	gsSP2Triangles(0, 1, 2, 0, 0, 3, 1, 0),
	gsSPEndDisplayList(),
};

Vtx mario_Left_Wing_DL_mesh_layer_4_vtx_1[4] = {
	{{ {0, 0, 0}, 0, {-16, 1978}, {233, 0, 125, 255} }},
	{{ {104, 0, 19}, 0, {974, 1978}, {233, 0, 125, 255} }},
	{{ {104, 212, 19}, 0, {974, -34}, {233, 0, 125, 255} }},
	{{ {0, 212, 0}, 0, {-16, -34}, {233, 0, 125, 255} }},
};

Gfx mario_Left_Wing_DL_mesh_layer_4_tri_1[] = {
	gsSPVertex(mario_Left_Wing_DL_mesh_layer_4_vtx_1 + 0, 4, 0),
	gsSP2Triangles(0, 1, 2, 0, 0, 2, 3, 0),
	gsSPEndDisplayList(),
};

Vtx mario_Right_Wing_DL_mesh_layer_4_vtx_0[4] = {
	{{ {-103, 212, 18}, 0, {-16, -34}, {23, 0, 125, 255} }},
	{{ {0, 0, 0}, 0, {974, 1978}, {23, 0, 125, 255} }},
	{{ {0, 212, 0}, 0, {974, -34}, {23, 0, 125, 255} }},
	{{ {-103, 0, 19}, 0, {-16, 1978}, {23, 0, 125, 255} }},
};

Gfx mario_Right_Wing_DL_mesh_layer_4_tri_0[] = {
	gsSPVertex(mario_Right_Wing_DL_mesh_layer_4_vtx_0 + 0, 4, 0),
	gsSP2Triangles(0, 1, 2, 0, 0, 3, 1, 0),
	gsSPEndDisplayList(),
};

Vtx mario_Right_Wing_DL_mesh_layer_4_vtx_1[4] = {
	{{ {0, 0, 0}, 0, {-16, 1978}, {23, 0, 125, 255} }},
	{{ {104, 0, -19}, 0, {974, 1978}, {23, 0, 125, 255} }},
	{{ {104, 212, -19}, 0, {974, -34}, {23, 0, 125, 255} }},
	{{ {0, 212, 0}, 0, {-16, -34}, {23, 0, 125, 255} }},
};

Gfx mario_Right_Wing_DL_mesh_layer_4_tri_1[] = {
	gsSPVertex(mario_Right_Wing_DL_mesh_layer_4_vtx_1 + 0, 4, 0),
	gsSP2Triangles(0, 1, 2, 0, 0, 2, 3, 0),
	gsSPEndDisplayList(),
};

Vtx mario_Left_Arm_Color_mesh_layer_1_vtx_0[20] = {
	{{ {5, -42, -5}, 0, {-16, -16}, {216, 136, 253, 255} }},
	{{ {-9, -26, -5}, 0, {-16, -16}, {142, 200, 253, 255} }},
	{{ {-8, -9, -27}, 0, {-16, -16}, {144, 241, 198, 255} }},
	{{ {6, -16, 32}, 0, {-16, -16}, {219, 216, 115, 255} }},
	{{ {58, -15, 25}, 0, {-16, -16}, {52, 216, 109, 255} }},
	{{ {57, -36, -5}, 0, {-16, -16}, {49, 139, 253, 255} }},
	{{ {6, -13, -42}, 0, {-16, -16}, {219, 225, 139, 255} }},
	{{ {-8, 17, -17}, 0, {-16, -16}, {146, 54, 223, 255} }},
	{{ {-8, -11, 18}, 0, {-16, -16}, {145, 236, 58, 255} }},
	{{ {7, 27, 20}, 0, {-16, -16}, {223, 96, 76, 255} }},
	{{ {59, 20, 15}, 0, {-16, -16}, {55, 90, 71, 255} }},
	{{ {67, -12, 16}, 0, {-16, -16}, {110, 232, 58, 255} }},
	{{ {67, -26, -5}, 0, {-16, -16}, {109, 191, 254, 255} }},
	{{ {68, -10, -25}, 0, {-16, -16}, {110, 239, 194, 255} }},
	{{ {58, -13, -34}, 0, {-16, -16}, {51, 223, 144, 255} }},
	{{ {7, 29, -26}, 0, {-16, -16}, {224, 102, 188, 255} }},
	{{ {-8, 16, 10}, 0, {-16, -16}, {146, 51, 37, 255} }},
	{{ {59, 21, -21}, 0, {-16, -16}, {55, 95, 192, 255} }},
	{{ {68, 13, -16}, 0, {-16, -16}, {111, 50, 220, 255} }},
	{{ {68, 12, 9}, 0, {-16, -16}, {113, 45, 38, 255} }},
};

Gfx mario_Left_Arm_Color_mesh_layer_1_tri_0[] = {
	gsSPVertex(mario_Left_Arm_Color_mesh_layer_1_vtx_0 + 0, 20, 0),
	gsSP2Triangles(0, 1, 2, 0, 3, 1, 0, 0),
	gsSP2Triangles(3, 0, 4, 0, 0, 5, 4, 0),
	gsSP2Triangles(0, 6, 5, 0, 0, 2, 6, 0),
	gsSP2Triangles(6, 2, 7, 0, 7, 2, 8, 0),
	gsSP2Triangles(2, 1, 8, 0, 3, 8, 1, 0),
	gsSP2Triangles(9, 8, 3, 0, 9, 3, 10, 0),
	gsSP2Triangles(3, 4, 10, 0, 4, 11, 10, 0),
	gsSP2Triangles(5, 11, 4, 0, 5, 12, 11, 0),
	gsSP2Triangles(13, 12, 5, 0, 14, 13, 5, 0),
	gsSP2Triangles(6, 14, 5, 0, 6, 15, 14, 0),
	gsSP2Triangles(6, 7, 15, 0, 15, 7, 16, 0),
	gsSP2Triangles(8, 16, 7, 0, 9, 16, 8, 0),
	gsSP2Triangles(15, 16, 9, 0, 15, 9, 17, 0),
	gsSP2Triangles(9, 10, 17, 0, 10, 18, 17, 0),
	gsSP2Triangles(10, 19, 18, 0, 11, 19, 10, 0),
	gsSP2Triangles(19, 11, 13, 0, 11, 12, 13, 0),
	gsSP2Triangles(19, 13, 18, 0, 18, 13, 14, 0),
	gsSP2Triangles(17, 18, 14, 0, 15, 17, 14, 0),
	gsSPEndDisplayList(),
};

Vtx mario_Left_Forearm_mesh_layer_1_vtx_0[16] = {
	{{ {-2, 21, -21}, 0, {-16, -16}, {224, 103, 189, 255} }},
	{{ {-14, 13, -15}, 0, {-16, -16}, {150, 61, 221, 255} }},
	{{ {-14, 11, 10}, 0, {-16, -16}, {150, 55, 43, 255} }},
	{{ {-3, -14, -34}, 0, {-16, -16}, {221, 224, 138, 255} }},
	{{ {46, -14, -30}, 0, {-16, -16}, {64, 224, 151, 255} }},
	{{ {47, 16, -19}, 0, {-16, -16}, {67, 89, 196, 255} }},
	{{ {-2, 19, 16}, 0, {-16, -16}, {225, 97, 76, 255} }},
	{{ {-15, -13, 17}, 0, {-16, -16}, {149, 235, 65, 255} }},
	{{ {-15, -27, -4}, 0, {-16, -16}, {147, 191, 253, 255} }},
	{{ {-15, -11, -24}, 0, {-16, -16}, {148, 241, 192, 255} }},
	{{ {-3, -38, -4}, 0, {-16, -16}, {219, 134, 252, 255} }},
	{{ {45, -34, -4}, 0, {-16, -16}, {62, 145, 251, 255} }},
	{{ {58, -7, -3}, 0, {-16, -16}, {127, 252, 1, 255} }},
	{{ {47, 14, 13}, 0, {-16, -16}, {67, 83, 68, 255} }},
	{{ {-3, -17, 26}, 0, {-16, -16}, {222, 215, 115, 255} }},
	{{ {46, -17, 22}, 0, {-16, -16}, {64, 216, 102, 255} }},
};

Gfx mario_Left_Forearm_mesh_layer_1_tri_0[] = {
	gsSPVertex(mario_Left_Forearm_mesh_layer_1_vtx_0 + 0, 16, 0),
	gsSP2Triangles(0, 1, 2, 0, 3, 1, 0, 0),
	gsSP2Triangles(3, 0, 4, 0, 0, 5, 4, 0),
	gsSP2Triangles(0, 6, 5, 0, 0, 2, 6, 0),
	gsSP2Triangles(6, 2, 7, 0, 8, 7, 2, 0),
	gsSP2Triangles(8, 2, 1, 0, 9, 8, 1, 0),
	gsSP2Triangles(3, 9, 1, 0, 10, 9, 3, 0),
	gsSP2Triangles(10, 3, 11, 0, 3, 4, 11, 0),
	gsSP2Triangles(4, 12, 11, 0, 5, 12, 4, 0),
	gsSP2Triangles(13, 12, 5, 0, 6, 13, 5, 0),
	gsSP2Triangles(6, 14, 13, 0, 6, 7, 14, 0),
	gsSP2Triangles(14, 7, 8, 0, 14, 8, 10, 0),
	gsSP2Triangles(10, 8, 9, 0, 14, 10, 15, 0),
	gsSP2Triangles(10, 11, 15, 0, 11, 12, 15, 0),
	gsSP2Triangles(15, 12, 13, 0, 14, 15, 13, 0),
	gsSPEndDisplayList(),
};

Vtx mario_Left_Hand_DL_mesh_layer_1_vtx_0[58] = {
	{{ {109, -31, 0}, 0, {-16, -16}, {82, 48, 85, 255} }},
	{{ {72, -9, 23}, 0, {-16, -16}, {82, 48, 85, 255} }},
	{{ {87, -44, 29}, 0, {-16, -16}, {82, 48, 85, 255} }},
	{{ {33, 12, 46}, 0, {-16, -16}, {210, 141, 29, 255} }},
	{{ {72, -9, 23}, 0, {-16, -16}, {210, 141, 29, 255} }},
	{{ {69, 1, 60}, 0, {-16, -16}, {210, 141, 29, 255} }},
	{{ {72, -9, 23}, 0, {-16, -16}, {118, 214, 22, 255} }},
	{{ {84, 35, 45}, 0, {-16, -16}, {118, 214, 22, 255} }},
	{{ {69, 1, 60}, 0, {-16, -16}, {118, 214, 22, 255} }},
	{{ {72, -9, 23}, 0, {-16, -16}, {166, 231, 86, 255} }},
	{{ {62, -55, 0}, 0, {-16, -16}, {166, 231, 86, 255} }},
	{{ {87, -44, 29}, 0, {-16, -16}, {166, 231, 86, 255} }},
	{{ {62, -55, 0}, 0, {-16, -16}, {57, 143, 251, 255} }},
	{{ {109, -31, 0}, 0, {-16, -16}, {57, 143, 251, 255} }},
	{{ {87, -44, 29}, 0, {-16, -16}, {57, 143, 251, 255} }},
	{{ {84, 35, 45}, 0, {-16, -16}, {232, 58, 110, 255} }},
	{{ {33, 12, 46}, 0, {-16, -16}, {232, 58, 110, 255} }},
	{{ {69, 1, 60}, 0, {-16, -16}, {232, 58, 110, 255} }},
	{{ {109, -31, 0}, 0, {-16, -16}, {115, 202, 5, 255} }},
	{{ {84, 35, 45}, 0, {-16, -16}, {64, 57, 93, 255} }},
	{{ {72, -9, 23}, 0, {-16, -16}, {30, 195, 107, 255} }},
	{{ {99, 40, -16}, 0, {-16, -16}, {107, 64, 233, 255} }},
	{{ {100, -6, -46}, 0, {-16, -16}, {104, 2, 183, 255} }},
	{{ {80, -31, -61}, 0, {-16, -16}, {27, 189, 151, 255} }},
	{{ {62, -55, 0}, 0, {-16, -16}, {248, 129, 6, 255} }},
	{{ {26, -25, -32}, 0, {-16, -16}, {16, 204, 141, 255} }},
	{{ {34, -41, 3}, 0, {-16, -16}, {43, 149, 53, 255} }},
	{{ {33, 12, 46}, 0, {-16, -16}, {204, 2, 116, 255} }},
	{{ {72, -9, 23}, 0, {-16, -16}, {30, 195, 107, 255} }},
	{{ {17, -1, 27}, 0, {-16, -16}, {249, 244, 126, 255} }},
	{{ {-1, 39, 5}, 0, {-16, -16}, {215, 113, 41, 255} }},
	{{ {12, 59, 10}, 0, {-16, -16}, {174, 87, 42, 255} }},
	{{ {59, 81, 8}, 0, {-16, -16}, {20, 122, 27, 255} }},
	{{ {12, 59, 10}, 0, {-16, -16}, {174, 87, 42, 255} }},
	{{ {33, 12, 46}, 0, {-16, -16}, {204, 2, 116, 255} }},
	{{ {84, 35, 45}, 0, {-16, -16}, {64, 57, 93, 255} }},
	{{ {99, 40, -16}, 0, {-16, -16}, {107, 64, 233, 255} }},
	{{ {57, 55, -37}, 0, {-16, -16}, {23, 85, 164, 255} }},
	{{ {90, 17, -46}, 0, {-16, -16}, {71, 49, 163, 255} }},
	{{ {100, -6, -46}, 0, {-16, -16}, {104, 2, 183, 255} }},
	{{ {61, 12, -60}, 0, {-16, -16}, {244, 23, 132, 255} }},
	{{ {80, -31, -61}, 0, {-16, -16}, {27, 189, 151, 255} }},
	{{ {33, 7, -44}, 0, {-16, -16}, {196, 253, 144, 255} }},
	{{ {26, -25, -32}, 0, {-16, -16}, {16, 204, 141, 255} }},
	{{ {4, 24, -31}, 0, {-16, -16}, {251, 68, 149, 255} }},
	{{ {-10, 26, -38}, 0, {-16, -16}, {204, 57, 155, 255} }},
	{{ {17, -38, -39}, 0, {-16, -16}, {2, 181, 154, 255} }},
	{{ {34, -41, 3}, 0, {-16, -16}, {43, 149, 53, 255} }},
	{{ {27, -58, 6}, 0, {-16, -16}, {117, 212, 24, 255} }},
	{{ {5, -6, 36}, 0, {-16, -16}, {67, 28, 104, 255} }},
	{{ {17, -1, 27}, 0, {-16, -16}, {249, 244, 126, 255} }},
	{{ {-1, 39, 5}, 0, {-16, -16}, {215, 113, 41, 255} }},
	{{ {-18, 45, 8}, 0, {-16, -16}, {46, 115, 28, 255} }},
	{{ {32, 63, -28}, 0, {-16, -16}, {208, 91, 182, 255} }},
	{{ {-14, -14, -4}, 0, {-16, -16}, {139, 206, 3, 255} }},
	{{ {27, -58, 6}, 0, {-16, -16}, {162, 172, 14, 255} }},
	{{ {5, -6, 36}, 0, {-16, -16}, {153, 210, 58, 255} }},
	{{ {-18, 45, 8}, 0, {-16, -16}, {130, 245, 14, 255} }},
};

Gfx mario_Left_Hand_DL_mesh_layer_1_tri_0[] = {
	gsSPVertex(mario_Left_Hand_DL_mesh_layer_1_vtx_0 + 0, 32, 0),
	gsSP2Triangles(0, 1, 2, 0, 3, 4, 5, 0),
	gsSP2Triangles(6, 7, 8, 0, 9, 10, 11, 0),
	gsSP2Triangles(12, 13, 14, 0, 15, 16, 17, 0),
	gsSP2Triangles(18, 19, 20, 0, 18, 21, 19, 0),
	gsSP2Triangles(22, 21, 18, 0, 23, 22, 18, 0),
	gsSP2Triangles(18, 24, 23, 0, 25, 23, 24, 0),
	gsSP2Triangles(24, 26, 25, 0, 26, 24, 27, 0),
	gsSP2Triangles(27, 24, 28, 0, 27, 29, 26, 0),
	gsSP2Triangles(30, 29, 27, 0, 30, 27, 31, 0),
	gsSPVertex(mario_Left_Hand_DL_mesh_layer_1_vtx_0 + 32, 26, 0),
	gsSP2Triangles(0, 1, 2, 0, 3, 0, 2, 0),
	gsSP2Triangles(3, 4, 0, 0, 0, 4, 5, 0),
	gsSP2Triangles(6, 5, 4, 0, 6, 4, 7, 0),
	gsSP2Triangles(8, 6, 7, 0, 8, 7, 9, 0),
	gsSP2Triangles(10, 8, 9, 0, 11, 10, 9, 0),
	gsSP2Triangles(11, 12, 10, 0, 13, 12, 11, 0),
	gsSP2Triangles(11, 14, 13, 0, 14, 11, 15, 0),
	gsSP2Triangles(15, 16, 14, 0, 17, 16, 15, 0),
	gsSP2Triangles(15, 18, 17, 0, 17, 18, 19, 0),
	gsSP2Triangles(19, 20, 17, 0, 13, 20, 19, 0),
	gsSP2Triangles(19, 12, 13, 0, 12, 19, 1, 0),
	gsSP2Triangles(1, 21, 12, 0, 21, 1, 0, 0),
	gsSP2Triangles(0, 5, 21, 0, 8, 21, 5, 0),
	gsSP2Triangles(5, 6, 8, 0, 8, 10, 21, 0),
	gsSP2Triangles(21, 10, 12, 0, 14, 22, 13, 0),
	gsSP2Triangles(23, 22, 14, 0, 24, 22, 23, 0),
	gsSP2Triangles(25, 22, 24, 0, 13, 22, 25, 0),
	gsSPEndDisplayList(),
};

Vtx mario_Left_Hand_Open_Switch_Option_Left_Hand_Open_mesh_layer_1_vtx_0[81] = {
	{{ {73, 72, -1}, 0, {-16, -16}, {187, 107, 249, 255} }},
	{{ {16, 36, 9}, 0, {-16, -16}, {187, 107, 249, 255} }},
	{{ {44, 56, 31}, 0, {-16, -16}, {187, 107, 249, 255} }},
	{{ {52, 28, 25}, 0, {-16, -16}, {93, 4, 86, 255} }},
	{{ {73, 72, -1}, 0, {-16, -16}, {93, 4, 86, 255} }},
	{{ {44, 56, 31}, 0, {-16, -16}, {93, 4, 86, 255} }},
	{{ {38, -20, 19}, 0, {-16, -16}, {59, 162, 62, 255} }},
	{{ {82, 4, 15}, 0, {-16, -16}, {59, 162, 62, 255} }},
	{{ {58, 8, 43}, 0, {-16, -16}, {59, 162, 62, 255} }},
	{{ {52, 28, 25}, 0, {-16, -16}, {148, 23, 62, 255} }},
	{{ {38, -20, 19}, 0, {-16, -16}, {148, 23, 62, 255} }},
	{{ {58, 8, 43}, 0, {-16, -16}, {148, 23, 62, 255} }},
	{{ {16, 36, 9}, 0, {-16, -16}, {200, 216, 107, 255} }},
	{{ {52, 28, 25}, 0, {-16, -16}, {200, 216, 107, 255} }},
	{{ {44, 56, 31}, 0, {-16, -16}, {200, 216, 107, 255} }},
	{{ {82, 4, 15}, 0, {-16, -16}, {80, 79, 59, 255} }},
	{{ {52, 28, 25}, 0, {-16, -16}, {80, 79, 59, 255} }},
	{{ {58, 8, 43}, 0, {-16, -16}, {80, 79, 59, 255} }},
	{{ {82, 4, 15}, 0, {-16, -16}, {43, 236, 118, 255} }},
	{{ {77, 41, 21}, 0, {-16, -16}, {22, 37, 119, 255} }},
	{{ {52, 28, 25}, 0, {-16, -16}, {8, 18, 125, 255} }},
	{{ {141, 34, -7}, 0, {-16, -16}, {116, 248, 51, 255} }},
	{{ {83, -17, 10}, 0, {-16, -16}, {68, 191, 85, 255} }},
	{{ {38, -20, 19}, 0, {-16, -16}, {235, 202, 113, 255} }},
	{{ {45, -34, 10}, 0, {-16, -16}, {2, 151, 72, 255} }},
	{{ {26, -32, 6}, 0, {-16, -16}, {51, 163, 70, 255} }},
	{{ {26, 16, 28}, 0, {-16, -16}, {221, 15, 121, 255} }},
	{{ {52, 28, 25}, 0, {-16, -16}, {2, 30, 123, 255} }},
	{{ {16, 36, 9}, 0, {-16, -16}, {192, 58, 93, 255} }},
	{{ {-3, 35, -9}, 0, {-16, -16}, {205, 114, 24, 255} }},
	{{ {6, 53, -9}, 0, {-16, -16}, {171, 92, 21, 255} }},
	{{ {73, 72, -1}, 0, {-16, -16}, {6, 87, 93, 255} }},
	{{ {6, 53, -9}, 0, {-16, -16}, {171, 92, 21, 255} }},
	{{ {73, 72, -1}, 0, {-16, -16}, {6, 87, 93, 255} }},
	{{ {70, 89, -20}, 0, {-16, -16}, {239, 125, 241, 255} }},
	{{ {121, 73, -21}, 0, {-16, -16}, {78, 95, 33, 255} }},
	{{ {77, 41, 21}, 0, {-16, -16}, {22, 37, 119, 255} }},
	{{ {52, 28, 25}, 0, {-16, -16}, {8, 18, 125, 255} }},
	{{ {141, 34, -7}, 0, {-16, -16}, {116, 248, 51, 255} }},
	{{ {119, 70, -42}, 0, {-16, -16}, {51, 65, 159, 255} }},
	{{ {133, 28, -40}, 0, {-16, -16}, {80, 216, 166, 255} }},
	{{ {83, -17, 10}, 0, {-16, -16}, {68, 191, 85, 255} }},
	{{ {89, -6, -27}, 0, {-16, -16}, {100, 227, 184, 255} }},
	{{ {89, -47, -37}, 0, {-16, -16}, {75, 164, 212, 255} }},
	{{ {45, -34, 10}, 0, {-16, -16}, {2, 151, 72, 255} }},
	{{ {41, -37, -36}, 0, {-16, -16}, {216, 157, 187, 255} }},
	{{ {26, -32, 6}, 0, {-16, -16}, {51, 163, 70, 255} }},
	{{ {20, -27, -27}, 0, {-16, -16}, {16, 178, 157, 255} }},
	{{ {13, -39, -31}, 0, {-16, -16}, {19, 164, 171, 255} }},
	{{ {20, -46, 12}, 0, {-16, -16}, {117, 221, 35, 255} }},
	{{ {2, 3, 26}, 0, {-16, -16}, {74, 52, 89, 255} }},
	{{ {11, 5, 17}, 0, {-16, -16}, {6, 27, 124, 255} }},
	{{ {26, 16, 28}, 0, {-16, -16}, {221, 15, 121, 255} }},
	{{ {-3, 35, -9}, 0, {-16, -16}, {205, 114, 24, 255} }},
	{{ {-17, 40, -8}, 0, {-16, -16}, {43, 120, 0, 255} }},
	{{ {-10, 14, -43}, 0, {-16, -16}, {215, 35, 141, 255} }},
	{{ {1, 15, -37}, 0, {-16, -16}, {224, 28, 136, 255} }},
	{{ {11, 29, -52}, 0, {-16, -16}, {219, 30, 139, 255} }},
	{{ {26, 41, -41}, 0, {-16, -16}, {245, 65, 148, 255} }},
	{{ {78, 59, -34}, 0, {-16, -16}, {246, 22, 131, 255} }},
	{{ {69, 10, -36}, 0, {-16, -16}, {52, 29, 144, 255} }},
	{{ {76, -18, -48}, 0, {-16, -16}, {45, 3, 137, 255} }},
	{{ {25, -1, -44}, 0, {-16, -16}, {223, 226, 137, 255} }},
	{{ {1, -33, -23}, 0, {-16, -16}, {159, 179, 226, 255} }},
	{{ {6, -38, 7}, 0, {-16, -16}, {167, 176, 42, 255} }},
	{{ {1, -33, -23}, 0, {-16, -16}, {159, 179, 226, 255} }},
	{{ {13, -39, -31}, 0, {-16, -16}, {19, 164, 171, 255} }},
	{{ {20, -46, 12}, 0, {-16, -16}, {185, 161, 45, 255} }},
	{{ {2, 3, 26}, 0, {-16, -16}, {168, 240, 90, 255} }},
	{{ {-6, -3, 17}, 0, {-16, -16}, {152, 226, 66, 255} }},
	{{ {-20, 22, -7}, 0, {-16, -16}, {131, 0, 22, 255} }},
	{{ {-17, 40, -8}, 0, {-16, -16}, {132, 22, 17, 255} }},
	{{ {-10, 14, -43}, 0, {-16, -16}, {215, 35, 141, 255} }},
	{{ {-15, 4, -32}, 0, {-16, -16}, {141, 222, 214, 255} }},
	{{ {26, 41, -41}, 0, {-16, -16}, {245, 65, 148, 255} }},
	{{ {78, 59, -34}, 0, {-16, -16}, {246, 22, 131, 255} }},
	{{ {69, 10, -36}, 0, {-16, -16}, {52, 29, 144, 255} }},
	{{ {76, -18, -48}, 0, {-16, -16}, {45, 3, 137, 255} }},
	{{ {25, -1, -44}, 0, {-16, -16}, {223, 226, 137, 255} }},
	{{ {11, 29, -52}, 0, {-16, -16}, {219, 30, 139, 255} }},
	{{ {1, 15, -37}, 0, {-16, -16}, {224, 28, 136, 255} }},
};

Gfx mario_Left_Hand_Open_Switch_Option_Left_Hand_Open_mesh_layer_1_tri_0[] = {
	gsSPVertex(mario_Left_Hand_Open_Switch_Option_Left_Hand_Open_mesh_layer_1_vtx_0 + 0, 32, 0),
	gsSP2Triangles(0, 1, 2, 0, 3, 4, 5, 0),
	gsSP2Triangles(6, 7, 8, 0, 9, 10, 11, 0),
	gsSP2Triangles(12, 13, 14, 0, 15, 16, 17, 0),
	gsSP2Triangles(18, 19, 20, 0, 21, 19, 18, 0),
	gsSP2Triangles(21, 18, 22, 0, 22, 18, 23, 0),
	gsSP2Triangles(22, 23, 24, 0, 25, 24, 23, 0),
	gsSP2Triangles(25, 23, 26, 0, 26, 23, 27, 0),
	gsSP2Triangles(28, 26, 27, 0, 29, 26, 28, 0),
	gsSP2Triangles(29, 28, 30, 0, 30, 28, 31, 0),
	gsSPVertex(mario_Left_Hand_Open_Switch_Option_Left_Hand_Open_mesh_layer_1_vtx_0 + 32, 32, 0),
	gsSP2Triangles(0, 1, 2, 0, 3, 2, 1, 0),
	gsSP2Triangles(3, 1, 4, 0, 4, 1, 5, 0),
	gsSP2Triangles(6, 3, 4, 0, 3, 6, 7, 0),
	gsSP2Triangles(7, 6, 8, 0, 8, 6, 9, 0),
	gsSP2Triangles(10, 8, 9, 0, 11, 10, 9, 0),
	gsSP2Triangles(11, 9, 12, 0, 12, 13, 11, 0),
	gsSP2Triangles(14, 13, 12, 0, 14, 15, 13, 0),
	gsSP2Triangles(16, 15, 14, 0, 14, 17, 16, 0),
	gsSP2Triangles(18, 17, 14, 0, 14, 19, 18, 0),
	gsSP2Triangles(20, 19, 14, 0, 21, 19, 20, 0),
	gsSP2Triangles(18, 19, 21, 0, 21, 22, 18, 0),
	gsSP2Triangles(23, 22, 21, 0, 21, 24, 23, 0),
	gsSP2Triangles(25, 24, 21, 0, 21, 0, 25, 0),
	gsSP2Triangles(0, 26, 25, 0, 26, 0, 2, 0),
	gsSP2Triangles(2, 27, 26, 0, 7, 27, 2, 0),
	gsSP2Triangles(2, 3, 7, 0, 27, 7, 8, 0),
	gsSP2Triangles(27, 8, 10, 0, 28, 27, 10, 0),
	gsSP2Triangles(29, 28, 10, 0, 29, 10, 11, 0),
	gsSP2Triangles(11, 13, 29, 0, 13, 30, 29, 0),
	gsSP2Triangles(15, 30, 13, 0, 15, 24, 30, 0),
	gsSP2Triangles(23, 24, 15, 0, 15, 16, 23, 0),
	gsSP1Triangle(16, 31, 23, 0),
	gsSPVertex(mario_Left_Hand_Open_Switch_Option_Left_Hand_Open_mesh_layer_1_vtx_0 + 64, 17, 0),
	gsSP2Triangles(0, 1, 2, 0, 3, 0, 2, 0),
	gsSP2Triangles(4, 0, 3, 0, 4, 5, 0, 0),
	gsSP2Triangles(6, 5, 4, 0, 7, 6, 4, 0),
	gsSP2Triangles(8, 6, 7, 0, 8, 9, 6, 0),
	gsSP2Triangles(1, 9, 8, 0, 5, 9, 1, 0),
	gsSP2Triangles(1, 0, 5, 0, 5, 6, 9, 0),
	gsSP2Triangles(10, 11, 12, 0, 13, 10, 12, 0),
	gsSP2Triangles(13, 14, 10, 0, 14, 15, 10, 0),
	gsSP1Triangle(16, 15, 14, 0),
	gsSPEndDisplayList(),
};

Vtx mario_Right_Arm_Color_mesh_layer_1_vtx_0[20] = {
	{{ {58, 17, 27}, 0, {-16, -16}, {54, 89, 72, 255} }},
	{{ {67, 10, 21}, 0, {-16, -16}, {111, 50, 37, 255} }},
	{{ {67, 11, -4}, 0, {-16, -16}, {111, 51, 223, 255} }},
	{{ {67, -14, 28}, 0, {-16, -16}, {110, 232, 59, 255} }},
	{{ {57, -17, 37}, 0, {-16, -16}, {50, 216, 109, 255} }},
	{{ {7, 25, 32}, 0, {-16, -16}, {224, 96, 76, 255} }},
	{{ {7, 27, -13}, 0, {-16, -16}, {224, 104, 190, 255} }},
	{{ {58, 19, -9}, 0, {-16, -16}, {55, 96, 194, 255} }},
	{{ {67, -12, -13}, 0, {-16, -16}, {110, 238, 195, 255} }},
	{{ {66, -28, 6}, 0, {-16, -16}, {111, 195, 250, 255} }},
	{{ {57, -38, 6}, 0, {-16, -16}, {51, 140, 250, 255} }},
	{{ {57, -14, -22}, 0, {-16, -16}, {50, 227, 143, 255} }},
	{{ {5, -44, 5}, 0, {-16, -16}, {216, 136, 248, 255} }},
	{{ {6, -19, 44}, 0, {-16, -16}, {220, 213, 114, 255} }},
	{{ {-8, 14, 22}, 0, {-16, -16}, {147, 53, 38, 255} }},
	{{ {-8, 15, -5}, 0, {-16, -16}, {147, 56, 222, 255} }},
	{{ {-9, -10, -15}, 0, {-16, -16}, {145, 245, 196, 255} }},
	{{ {6, -15, -30}, 0, {-16, -16}, {221, 226, 138, 255} }},
	{{ {-9, -28, 6}, 0, {-16, -16}, {143, 198, 251, 255} }},
	{{ {-9, -13, 30}, 0, {-16, -16}, {145, 238, 60, 255} }},
};

Gfx mario_Right_Arm_Color_mesh_layer_1_tri_0[] = {
	gsSPVertex(mario_Right_Arm_Color_mesh_layer_1_vtx_0 + 0, 20, 0),
	gsSP2Triangles(0, 1, 2, 0, 3, 1, 0, 0),
	gsSP2Triangles(4, 3, 0, 0, 4, 0, 5, 0),
	gsSP2Triangles(0, 6, 5, 0, 0, 7, 6, 0),
	gsSP2Triangles(0, 2, 7, 0, 7, 2, 8, 0),
	gsSP2Triangles(8, 2, 9, 0, 2, 3, 9, 0),
	gsSP2Triangles(2, 1, 3, 0, 10, 9, 3, 0),
	gsSP2Triangles(8, 9, 10, 0, 11, 8, 10, 0),
	gsSP2Triangles(11, 10, 12, 0, 10, 13, 12, 0),
	gsSP2Triangles(10, 4, 13, 0, 10, 3, 4, 0),
	gsSP2Triangles(4, 5, 13, 0, 5, 14, 13, 0),
	gsSP2Triangles(15, 14, 5, 0, 6, 15, 5, 0),
	gsSP2Triangles(16, 15, 6, 0, 17, 16, 6, 0),
	gsSP2Triangles(7, 17, 6, 0, 7, 11, 17, 0),
	gsSP2Triangles(7, 8, 11, 0, 11, 12, 17, 0),
	gsSP2Triangles(12, 18, 17, 0, 19, 18, 12, 0),
	gsSP2Triangles(13, 19, 12, 0, 14, 19, 13, 0),
	gsSP2Triangles(19, 14, 15, 0, 19, 15, 16, 0),
	gsSP2Triangles(16, 18, 19, 0, 18, 16, 17, 0),
	gsSPEndDisplayList(),
};

Vtx mario_Right_Forearm_mesh_layer_1_vtx_0[16] = {
	{{ {-2, -18, 38}, 0, {-16, -16}, {220, 214, 114, 255} }},
	{{ {-14, -14, 28}, 0, {-16, -16}, {147, 237, 62, 255} }},
	{{ {-3, -39, 6}, 0, {-16, -16}, {216, 136, 249, 255} }},
	{{ {-13, 10, 21}, 0, {-16, -16}, {149, 54, 41, 255} }},
	{{ {-1, 18, 28}, 0, {-16, -16}, {223, 96, 77, 255} }},
	{{ {47, -17, 34}, 0, {-16, -16}, {65, 218, 102, 255} }},
	{{ {46, -36, 6}, 0, {-16, -16}, {61, 145, 250, 255} }},
	{{ {47, -15, -19}, 0, {-16, -16}, {64, 227, 150, 255} }},
	{{ {-2, -15, -23}, 0, {-16, -16}, {221, 227, 138, 255} }},
	{{ {-14, -28, 6}, 0, {-16, -16}, {145, 194, 250, 255} }},
	{{ {-14, -12, -13}, 0, {-16, -16}, {148, 242, 191, 255} }},
	{{ {-13, 12, -4}, 0, {-16, -16}, {151, 61, 218, 255} }},
	{{ {-1, 20, -9}, 0, {-16, -16}, {225, 104, 190, 255} }},
	{{ {48, 13, 25}, 0, {-16, -16}, {68, 83, 68, 255} }},
	{{ {59, -8, 7}, 0, {-16, -16}, {127, 253, 254, 255} }},
	{{ {48, 15, -7}, 0, {-16, -16}, {67, 91, 197, 255} }},
};

Gfx mario_Right_Forearm_mesh_layer_1_tri_0[] = {
	gsSPVertex(mario_Right_Forearm_mesh_layer_1_vtx_0 + 0, 16, 0),
	gsSP2Triangles(0, 1, 2, 0, 3, 1, 0, 0),
	gsSP2Triangles(4, 3, 0, 0, 5, 4, 0, 0),
	gsSP2Triangles(6, 5, 0, 0, 6, 0, 2, 0),
	gsSP2Triangles(7, 6, 2, 0, 7, 2, 8, 0),
	gsSP2Triangles(2, 9, 8, 0, 1, 9, 2, 0),
	gsSP2Triangles(9, 1, 3, 0, 10, 9, 3, 0),
	gsSP2Triangles(10, 3, 11, 0, 11, 3, 4, 0),
	gsSP2Triangles(12, 11, 4, 0, 13, 12, 4, 0),
	gsSP2Triangles(5, 13, 4, 0, 5, 14, 13, 0),
	gsSP2Triangles(6, 14, 5, 0, 7, 14, 6, 0),
	gsSP2Triangles(15, 14, 7, 0, 15, 7, 8, 0),
	gsSP2Triangles(15, 8, 12, 0, 8, 10, 12, 0),
	gsSP2Triangles(9, 10, 8, 0, 10, 11, 12, 0),
	gsSP2Triangles(13, 15, 12, 0, 13, 14, 15, 0),
	gsSPEndDisplayList(),
};

Vtx mario_Right_Hand_DL_mesh_layer_1_vtx_0[58] = {
	{{ {105, -32, -1}, 0, {-16, -16}, {44, 137, 255, 255} }},
	{{ {57, -50, 0}, 0, {-16, -16}, {44, 137, 255, 255} }},
	{{ {81, -41, -29}, 0, {-16, -16}, {44, 137, 255, 255} }},
	{{ {70, -8, -19}, 0, {-16, -16}, {79, 52, 171, 255} }},
	{{ {105, -32, -1}, 0, {-16, -16}, {79, 52, 171, 255} }},
	{{ {81, -41, -29}, 0, {-16, -16}, {79, 52, 171, 255} }},
	{{ {57, -50, 0}, 0, {-16, -16}, {159, 250, 174, 255} }},
	{{ {70, -8, -19}, 0, {-16, -16}, {159, 250, 174, 255} }},
	{{ {81, -41, -29}, 0, {-16, -16}, {159, 250, 174, 255} }},
	{{ {33, 14, -40}, 0, {-16, -16}, {236, 67, 150, 255} }},
	{{ {84, 36, -36}, 0, {-16, -16}, {236, 67, 150, 255} }},
	{{ {68, 4, -54}, 0, {-16, -16}, {236, 67, 150, 255} }},
	{{ {70, -8, -19}, 0, {-16, -16}, {209, 143, 221, 255} }},
	{{ {33, 14, -40}, 0, {-16, -16}, {209, 143, 221, 255} }},
	{{ {68, 4, -54}, 0, {-16, -16}, {209, 143, 221, 255} }},
	{{ {84, 36, -36}, 0, {-16, -16}, {116, 209, 236, 255} }},
	{{ {70, -8, -19}, 0, {-16, -16}, {116, 209, 236, 255} }},
	{{ {68, 4, -54}, 0, {-16, -16}, {116, 209, 236, 255} }},
	{{ {84, 36, -36}, 0, {-16, -16}, {69, 58, 167, 255} }},
	{{ {105, -32, -1}, 0, {-16, -16}, {110, 194, 244, 255} }},
	{{ {70, -8, -19}, 0, {-16, -16}, {18, 203, 142, 255} }},
	{{ {97, 39, 24}, 0, {-16, -16}, {108, 61, 29, 255} }},
	{{ {58, 81, 0}, 0, {-16, -16}, {22, 123, 233, 255} }},
	{{ {33, 14, -40}, 0, {-16, -16}, {211, 7, 137, 255} }},
	{{ {10, 60, -4}, 0, {-16, -16}, {176, 90, 215, 255} }},
	{{ {-2, 41, -1}, 0, {-16, -16}, {214, 113, 215, 255} }},
	{{ {15, 0, -23}, 0, {-16, -16}, {8, 250, 129, 255} }},
	{{ {31, -40, -1}, 0, {-16, -16}, {50, 152, 203, 255} }},
	{{ {57, -50, 0}, 0, {-16, -16}, {250, 131, 236, 255} }},
	{{ {70, -8, -19}, 0, {-16, -16}, {31, 200, 147, 255} }},
	{{ {23, -26, 35}, 0, {-16, -16}, {11, 193, 110, 255} }},
	{{ {13, -38, 41}, 0, {-16, -16}, {251, 177, 99, 255} }},
	{{ {-14, 26, 41}, 0, {-16, -16}, {197, 52, 100, 255} }},
	{{ {13, -38, 41}, 0, {-16, -16}, {251, 177, 99, 255} }},
	{{ {23, -26, 35}, 0, {-16, -16}, {11, 193, 110, 255} }},
	{{ {1, 24, 35}, 0, {-16, -16}, {245, 63, 110, 255} }},
	{{ {29, 6, 49}, 0, {-16, -16}, {191, 249, 109, 255} }},
	{{ {75, -33, 66}, 0, {-16, -16}, {24, 182, 101, 255} }},
	{{ {57, -50, 0}, 0, {-16, -16}, {250, 131, 236, 255} }},
	{{ {105, -32, -1}, 0, {-16, -16}, {110, 194, 244, 255} }},
	{{ {96, -8, 52}, 0, {-16, -16}, {103, 252, 74, 255} }},
	{{ {97, 39, 24}, 0, {-16, -16}, {108, 61, 29, 255} }},
	{{ {86, 15, 52}, 0, {-16, -16}, {69, 45, 97, 255} }},
	{{ {54, 54, 44}, 0, {-16, -16}, {20, 82, 95, 255} }},
	{{ {58, 81, 0}, 0, {-16, -16}, {22, 123, 233, 255} }},
	{{ {29, 62, 34}, 0, {-16, -16}, {206, 89, 75, 255} }},
	{{ {10, 60, -4}, 0, {-16, -16}, {176, 90, 215, 255} }},
	{{ {-2, 41, -1}, 0, {-16, -16}, {214, 113, 215, 255} }},
	{{ {-19, 47, -4}, 0, {-16, -16}, {45, 117, 235, 255} }},
	{{ {4, -3, -33}, 0, {-16, -16}, {76, 33, 159, 255} }},
	{{ {15, 0, -23}, 0, {-16, -16}, {8, 250, 129, 255} }},
	{{ {31, -40, -1}, 0, {-16, -16}, {50, 152, 203, 255} }},
	{{ {24, -57, -4}, 0, {-16, -16}, {117, 211, 236, 255} }},
	{{ {57, 10, 66}, 0, {-16, -16}, {243, 21, 125, 255} }},
	{{ {-16, -12, 6}, 0, {-16, -16}, {139, 208, 246, 255} }},
	{{ {-19, 47, -4}, 0, {-16, -16}, {131, 246, 235, 255} }},
	{{ {4, -3, -33}, 0, {-16, -16}, {153, 214, 194, 255} }},
	{{ {24, -57, -4}, 0, {-16, -16}, {160, 175, 236, 255} }},
};

Gfx mario_Right_Hand_DL_mesh_layer_1_tri_0[] = {
	gsSPVertex(mario_Right_Hand_DL_mesh_layer_1_vtx_0 + 0, 32, 0),
	gsSP2Triangles(0, 1, 2, 0, 3, 4, 5, 0),
	gsSP2Triangles(6, 7, 8, 0, 9, 10, 11, 0),
	gsSP2Triangles(12, 13, 14, 0, 15, 16, 17, 0),
	gsSP2Triangles(18, 19, 20, 0, 18, 21, 19, 0),
	gsSP2Triangles(22, 21, 18, 0, 22, 18, 23, 0),
	gsSP2Triangles(22, 23, 24, 0, 24, 23, 25, 0),
	gsSP2Triangles(23, 26, 25, 0, 27, 26, 23, 0),
	gsSP2Triangles(23, 28, 27, 0, 28, 23, 29, 0),
	gsSP2Triangles(30, 27, 28, 0, 27, 30, 31, 0),
	gsSPVertex(mario_Right_Hand_DL_mesh_layer_1_vtx_0 + 32, 26, 0),
	gsSP2Triangles(0, 1, 2, 0, 2, 3, 0, 0),
	gsSP2Triangles(4, 3, 2, 0, 5, 4, 2, 0),
	gsSP2Triangles(6, 5, 2, 0, 5, 6, 7, 0),
	gsSP2Triangles(7, 8, 5, 0, 7, 9, 8, 0),
	gsSP2Triangles(8, 9, 10, 0, 9, 11, 10, 0),
	gsSP2Triangles(11, 9, 12, 0, 13, 11, 12, 0),
	gsSP2Triangles(12, 14, 13, 0, 13, 14, 3, 0),
	gsSP2Triangles(14, 15, 3, 0, 0, 3, 15, 0),
	gsSP2Triangles(15, 16, 0, 0, 17, 16, 15, 0),
	gsSP2Triangles(15, 18, 17, 0, 17, 18, 19, 0),
	gsSP2Triangles(19, 20, 17, 0, 1, 20, 19, 0),
	gsSP2Triangles(3, 4, 13, 0, 13, 4, 21, 0),
	gsSP2Triangles(5, 21, 4, 0, 5, 8, 21, 0),
	gsSP2Triangles(8, 10, 21, 0, 10, 11, 21, 0),
	gsSP2Triangles(11, 13, 21, 0, 0, 22, 1, 0),
	gsSP2Triangles(23, 22, 0, 0, 24, 22, 23, 0),
	gsSP2Triangles(25, 22, 24, 0, 1, 22, 25, 0),
	gsSPEndDisplayList(),
};

Vtx mario_Right_Hand_Open_Switch_Option_Right_Hand_Open_mesh_layer_1_vtx_0[74] = {
	{{ {78, 70, -8}, 0, {-16, -16}, {89, 253, 165, 255} }},
	{{ {56, 25, -29}, 0, {-16, -16}, {89, 253, 165, 255} }},
	{{ {48, 52, -37}, 0, {-16, -16}, {89, 253, 165, 255} }},
	{{ {56, 25, -29}, 0, {-16, -16}, {193, 208, 157, 255} }},
	{{ {21, 35, -12}, 0, {-16, -16}, {193, 208, 157, 255} }},
	{{ {48, 52, -37}, 0, {-16, -16}, {193, 208, 157, 255} }},
	{{ {41, -22, -19}, 0, {-16, -16}, {144, 22, 200, 255} }},
	{{ {56, 25, -29}, 0, {-16, -16}, {144, 22, 200, 255} }},
	{{ {60, 3, -46}, 0, {-16, -16}, {144, 22, 200, 255} }},
	{{ {56, 25, -29}, 0, {-16, -16}, {78, 72, 186, 255} }},
	{{ {86, 2, -19}, 0, {-16, -16}, {78, 72, 186, 255} }},
	{{ {60, 3, -46}, 0, {-16, -16}, {78, 72, 186, 255} }},
	{{ {21, 35, -12}, 0, {-16, -16}, {189, 108, 2, 255} }},
	{{ {78, 70, -8}, 0, {-16, -16}, {189, 108, 2, 255} }},
	{{ {48, 52, -37}, 0, {-16, -16}, {189, 108, 2, 255} }},
	{{ {86, 2, -19}, 0, {-16, -16}, {53, 155, 200, 255} }},
	{{ {41, -22, -19}, 0, {-16, -16}, {53, 155, 200, 255} }},
	{{ {60, 3, -46}, 0, {-16, -16}, {53, 155, 200, 255} }},
	{{ {86, -19, -13}, 0, {-16, -16}, {63, 183, 173, 255} }},
	{{ {41, -22, -19}, 0, {-16, -16}, {226, 193, 150, 255} }},
	{{ {86, 2, -19}, 0, {-16, -16}, {39, 226, 139, 255} }},
	{{ {48, -35, -9}, 0, {-16, -16}, {251, 146, 193, 255} }},
	{{ {93, -45, 36}, 0, {-16, -16}, {76, 167, 49, 255} }},
	{{ {93, -5, 22}, 0, {-16, -16}, {104, 230, 69, 255} }},
	{{ {136, 28, 31}, 0, {-16, -16}, {81, 221, 91, 255} }},
	{{ {143, 31, -1}, 0, {-16, -16}, {115, 240, 204, 255} }},
	{{ {81, 37, -28}, 0, {-16, -16}, {19, 26, 133, 255} }},
	{{ {56, 25, -29}, 0, {-16, -16}, {1, 8, 129, 255} }},
	{{ {78, 70, -8}, 0, {-16, -16}, {3, 79, 156, 255} }},
	{{ {125, 71, 9}, 0, {-16, -16}, {79, 90, 213, 255} }},
	{{ {76, 88, 9}, 0, {-16, -16}, {242, 126, 5, 255} }},
	{{ {13, 53, 5}, 0, {-16, -16}, {173, 93, 233, 255} }},
	{{ {13, 53, 5}, 0, {-16, -16}, {173, 93, 233, 255} }},
	{{ {78, 70, -8}, 0, {-16, -16}, {3, 79, 156, 255} }},
	{{ {21, 35, -12}, 0, {-16, -16}, {191, 55, 162, 255} }},
	{{ {3, 36, 6}, 0, {-16, -16}, {214, 116, 225, 255} }},
	{{ {30, 13, -30}, 0, {-16, -16}, {214, 5, 136, 255} }},
	{{ {56, 25, -29}, 0, {-16, -16}, {251, 20, 131, 255} }},
	{{ {41, -22, -19}, 0, {-16, -16}, {226, 193, 150, 255} }},
	{{ {30, -32, -4}, 0, {-16, -16}, {51, 158, 193, 255} }},
	{{ {48, -35, -9}, 0, {-16, -16}, {251, 146, 193, 255} }},
	{{ {46, -35, 37}, 0, {-16, -16}, {216, 164, 78, 255} }},
	{{ {93, -45, 36}, 0, {-16, -16}, {76, 167, 49, 255} }},
	{{ {81, -15, 45}, 0, {-16, -16}, {53, 12, 115, 255} }},
	{{ {93, -5, 22}, 0, {-16, -16}, {104, 230, 69, 255} }},
	{{ {75, 11, 32}, 0, {-16, -16}, {61, 36, 105, 255} }},
	{{ {84, 59, 25}, 0, {-16, -16}, {253, 33, 123, 255} }},
	{{ {136, 28, 31}, 0, {-16, -16}, {81, 221, 91, 255} }},
	{{ {124, 69, 30}, 0, {-16, -16}, {57, 70, 90, 255} }},
	{{ {143, 31, -1}, 0, {-16, -16}, {115, 240, 204, 255} }},
	{{ {125, 71, 9}, 0, {-16, -16}, {79, 90, 213, 255} }},
	{{ {81, 37, -28}, 0, {-16, -16}, {19, 26, 133, 255} }},
	{{ {76, 88, 9}, 0, {-16, -16}, {242, 126, 5, 255} }},
	{{ {34, 43, 36}, 0, {-16, -16}, {253, 74, 103, 255} }},
	{{ {20, 33, 48}, 0, {-16, -16}, {226, 42, 116, 255} }},
	{{ {9, 18, 35}, 0, {-16, -16}, {234, 41, 118, 255} }},
	{{ {-1, 18, 42}, 0, {-16, -16}, {225, 47, 114, 255} }},
	{{ {-9, 41, 5}, 0, {-16, -16}, {50, 116, 243, 255} }},
	{{ {7, 1, -26}, 0, {-16, -16}, {76, 42, 164, 255} }},
	{{ {16, 4, -17}, 0, {-16, -16}, {255, 17, 130, 255} }},
	{{ {25, -46, -9}, 0, {-16, -16}, {119, 225, 224, 255} }},
	{{ {19, -36, 33}, 0, {-16, -16}, {22, 169, 90, 255} }},
	{{ {26, -24, 28}, 0, {-16, -16}, {14, 186, 105, 255} }},
	{{ {32, 2, 43}, 0, {-16, -16}, {226, 237, 122, 255} }},
	{{ {-1, 18, 42}, 0, {-16, -16}, {225, 47, 114, 255} }},
	{{ {7, -30, 26}, 0, {-16, -16}, {158, 186, 42, 255} }},
	{{ {19, -36, 33}, 0, {-16, -16}, {22, 169, 90, 255} }},
	{{ {-7, 7, 32}, 0, {-16, -16}, {142, 231, 49, 255} }},
	{{ {-12, 23, 6}, 0, {-16, -16}, {130, 0, 240, 255} }},
	{{ {-9, 41, 5}, 0, {-16, -16}, {131, 20, 244, 255} }},
	{{ {7, 1, -26}, 0, {-16, -16}, {158, 231, 179, 255} }},
	{{ {0, -4, -15}, 0, {-16, -16}, {145, 222, 204, 255} }},
	{{ {11, -38, -3}, 0, {-16, -16}, {165, 173, 227, 255} }},
	{{ {25, -46, -9}, 0, {-16, -16}, {184, 159, 218, 255} }},
};

Gfx mario_Right_Hand_Open_Switch_Option_Right_Hand_Open_mesh_layer_1_tri_0[] = {
	gsSPVertex(mario_Right_Hand_Open_Switch_Option_Right_Hand_Open_mesh_layer_1_vtx_0 + 0, 32, 0),
	gsSP2Triangles(0, 1, 2, 0, 3, 4, 5, 0),
	gsSP2Triangles(6, 7, 8, 0, 9, 10, 11, 0),
	gsSP2Triangles(12, 13, 14, 0, 15, 16, 17, 0),
	gsSP2Triangles(18, 19, 20, 0, 18, 21, 19, 0),
	gsSP2Triangles(21, 18, 22, 0, 18, 23, 22, 0),
	gsSP2Triangles(18, 24, 23, 0, 18, 25, 24, 0),
	gsSP2Triangles(25, 18, 20, 0, 25, 20, 26, 0),
	gsSP2Triangles(26, 20, 27, 0, 28, 26, 27, 0),
	gsSP2Triangles(28, 29, 26, 0, 28, 30, 29, 0),
	gsSP1Triangle(31, 30, 28, 0),
	gsSPVertex(mario_Right_Hand_Open_Switch_Option_Right_Hand_Open_mesh_layer_1_vtx_0 + 32, 32, 0),
	gsSP2Triangles(0, 1, 2, 0, 2, 3, 0, 0),
	gsSP2Triangles(2, 4, 3, 0, 4, 2, 5, 0),
	gsSP2Triangles(6, 4, 5, 0, 6, 7, 4, 0),
	gsSP2Triangles(6, 8, 7, 0, 8, 9, 7, 0),
	gsSP2Triangles(10, 9, 8, 0, 11, 9, 10, 0),
	gsSP2Triangles(10, 12, 11, 0, 12, 13, 11, 0),
	gsSP2Triangles(12, 14, 13, 0, 12, 15, 14, 0),
	gsSP2Triangles(15, 16, 14, 0, 15, 17, 16, 0),
	gsSP2Triangles(16, 17, 18, 0, 19, 18, 17, 0),
	gsSP2Triangles(16, 18, 20, 0, 20, 14, 16, 0),
	gsSP2Triangles(21, 14, 20, 0, 20, 0, 21, 0),
	gsSP2Triangles(22, 21, 0, 0, 22, 0, 3, 0),
	gsSP2Triangles(3, 23, 22, 0, 24, 23, 3, 0),
	gsSP2Triangles(3, 25, 24, 0, 26, 25, 3, 0),
	gsSP2Triangles(3, 27, 26, 0, 4, 27, 3, 0),
	gsSP2Triangles(7, 27, 4, 0, 26, 27, 7, 0),
	gsSP2Triangles(7, 28, 26, 0, 29, 28, 7, 0),
	gsSP2Triangles(7, 30, 29, 0, 9, 30, 7, 0),
	gsSP2Triangles(9, 31, 30, 0, 11, 31, 9, 0),
	gsSP2Triangles(21, 31, 11, 0, 13, 21, 11, 0),
	gsSP2Triangles(13, 14, 21, 0, 21, 22, 31, 0),
	gsSP2Triangles(31, 22, 23, 0, 31, 23, 30, 0),
	gsSP2Triangles(30, 23, 24, 0, 24, 29, 30, 0),
	gsSPVertex(mario_Right_Hand_Open_Switch_Option_Right_Hand_Open_mesh_layer_1_vtx_0 + 64, 10, 0),
	gsSP2Triangles(0, 1, 2, 0, 0, 3, 1, 0),
	gsSP2Triangles(4, 3, 0, 0, 5, 4, 0, 0),
	gsSP2Triangles(6, 4, 5, 0, 6, 7, 4, 0),
	gsSP2Triangles(8, 7, 6, 0, 9, 8, 6, 0),
	gsSP2Triangles(2, 8, 9, 0, 2, 1, 8, 0),
	gsSP2Triangles(7, 8, 1, 0, 1, 3, 7, 0),
	gsSP1Triangle(3, 4, 7, 0),
	gsSPEndDisplayList(),
};

Vtx mario_Right_Hand_Peace_Switch_Option_Right_Hand_Peace_mesh_layer_1_vtx_0[106] = {
	{{ {47, -25, -21}, 0, {-16, -16}, {144, 23, 200, 255} }},
	{{ {61, 12, -36}, 0, {-16, -16}, {144, 23, 200, 255} }},
	{{ {66, -6, -52}, 0, {-16, -16}, {144, 23, 200, 255} }},
	{{ {94, -7, -26}, 0, {-16, -16}, {38, 144, 210, 255} }},
	{{ {47, -25, -21}, 0, {-16, -16}, {38, 144, 210, 255} }},
	{{ {66, -6, -52}, 0, {-16, -16}, {38, 144, 210, 255} }},
	{{ {18, 38, -19}, 0, {-16, -16}, {223, 116, 216, 255} }},
	{{ {71, 54, -16}, 0, {-16, -16}, {223, 116, 216, 255} }},
	{{ {48, 37, -48}, 0, {-16, -16}, {223, 116, 216, 255} }},
	{{ {61, 12, -36}, 0, {-16, -16}, {183, 181, 184, 255} }},
	{{ {18, 38, -19}, 0, {-16, -16}, {183, 181, 184, 255} }},
	{{ {48, 37, -48}, 0, {-16, -16}, {183, 181, 184, 255} }},
	{{ {71, 54, -16}, 0, {-16, -16}, {101, 12, 180, 255} }},
	{{ {61, 12, -36}, 0, {-16, -16}, {101, 12, 180, 255} }},
	{{ {48, 37, -48}, 0, {-16, -16}, {101, 12, 180, 255} }},
	{{ {61, 12, -36}, 0, {-16, -16}, {68, 83, 188, 255} }},
	{{ {94, -7, -26}, 0, {-16, -16}, {68, 83, 188, 255} }},
	{{ {66, -6, -52}, 0, {-16, -16}, {68, 83, 188, 255} }},
	{{ {56, 80, 1}, 0, {-16, -16}, {14, 108, 65, 255} }},
	{{ {84, 48, 24}, 0, {-16, -16}, {49, 66, 97, 255} }},
	{{ {84, 60, -7}, 0, {-16, -16}, {77, 94, 36, 255} }},
	{{ {46, 49, 45}, 0, {-16, -16}, {247, 72, 104, 255} }},
	{{ {8, 58, -2}, 0, {-16, -16}, {183, 82, 64, 255} }},
	{{ {18, 30, 41}, 0, {-16, -16}, {201, 46, 105, 255} }},
	{{ {-4, 38, 0}, 0, {-16, -16}, {221, 106, 61, 255} }},
	{{ {0, 21, 37}, 0, {-16, -16}, {5, 68, 107, 255} }},
	{{ {-15, 23, 43}, 0, {-16, -16}, {212, 59, 103, 255} }},
	{{ {-22, 43, -3}, 0, {-16, -16}, {24, 116, 47, 255} }},
	{{ {15, -39, 42}, 0, {-16, -16}, {19, 186, 104, 255} }},
	{{ {23, -29, 36}, 0, {-16, -16}, {23, 197, 110, 255} }},
	{{ {24, -59, -3}, 0, {-16, -16}, {102, 197, 48, 255} }},
	{{ {32, -43, 0}, 0, {-16, -16}, {48, 149, 50, 255} }},
	{{ {45, -29, 52}, 0, {-16, -16}, {231, 188, 104, 255} }},
	{{ {23, -29, 36}, 0, {-16, -16}, {23, 197, 110, 255} }},
	{{ {32, -43, 0}, 0, {-16, -16}, {48, 149, 50, 255} }},
	{{ {56, -47, -5}, 0, {-16, -16}, {16, 131, 16, 255} }},
	{{ {88, -34, 39}, 0, {-16, -16}, {61, 166, 65, 255} }},
	{{ {101, -29, 15}, 0, {-16, -16}, {106, 186, 4, 255} }},
	{{ {94, -22, -18}, 0, {-16, -16}, {79, 189, 182, 255} }},
	{{ {105, 17, 3}, 0, {-16, -16}, {126, 249, 243, 255} }},
	{{ {94, -7, -26}, 0, {-16, -16}, {90, 227, 171, 255} }},
	{{ {47, -25, -21}, 0, {-16, -16}, {234, 185, 153, 255} }},
	{{ {56, -47, -5}, 0, {-16, -16}, {246, 178, 156, 255} }},
	{{ {32, -43, 0}, 0, {-16, -16}, {215, 180, 163, 255} }},
	{{ {33, 7, -37}, 0, {-16, -16}, {224, 250, 133, 255} }},
	{{ {14, -1, -22}, 0, {-16, -16}, {187, 228, 153, 255} }},
	{{ {-4, 38, 0}, 0, {-16, -16}, {175, 28, 162, 255} }},
	{{ {18, 38, -19}, 0, {-16, -16}, {198, 44, 152, 255} }},
	{{ {8, 58, -2}, 0, {-16, -16}, {205, 60, 156, 255} }},
	{{ {56, 80, 1}, 0, {-16, -16}, {250, 71, 151, 255} }},
	{{ {71, 54, -16}, 0, {-16, -16}, {17, 70, 151, 255} }},
	{{ {84, 60, -7}, 0, {-16, -16}, {15, 73, 153, 255} }},
	{{ {89, 18, -34}, 0, {-16, -16}, {36, 24, 137, 255} }},
	{{ {146, 76, -3}, 0, {-16, -16}, {18, 45, 139, 255} }},
	{{ {156, 46, -8}, 0, {-16, -16}, {33, 31, 137, 255} }},
	{{ {61, 12, -36}, 0, {-16, -16}, {3, 19, 131, 255} }},
	{{ {98, 10, 29}, 0, {-16, -16}, {123, 254, 32, 255} }},
	{{ {0, 21, 37}, 0, {-16, -16}, {5, 68, 107, 255} }},
	{{ {18, 30, 41}, 0, {-16, -16}, {201, 46, 105, 255} }},
	{{ {46, 49, 45}, 0, {-16, -16}, {247, 72, 104, 255} }},
	{{ {90, -3, 52}, 0, {-16, -16}, {72, 3, 105, 255} }},
	{{ {98, 10, 29}, 0, {-16, -16}, {91, 26, 84, 255} }},
	{{ {84, 48, 24}, 0, {-16, -16}, {49, 66, 97, 255} }},
	{{ {147, 42, 25}, 0, {-16, -16}, {0, 20, 125, 255} }},
	{{ {147, 42, 25}, 0, {-16, -16}, {0, 20, 125, 255} }},
	{{ {139, 66, 21}, 0, {-16, -16}, {0, 21, 125, 255} }},
	{{ {84, 48, 24}, 0, {-16, -16}, {49, 66, 97, 255} }},
	{{ {90, -3, 52}, 0, {-16, -16}, {72, 3, 105, 255} }},
	{{ {46, 49, 45}, 0, {-16, -16}, {247, 72, 104, 255} }},
	{{ {-22, 43, -3}, 0, {-16, -16}, {40, 74, 161, 255} }},
	{{ {-4, 38, 0}, 0, {-16, -16}, {36, 72, 158, 255} }},
	{{ {14, -1, -22}, 0, {-16, -16}, {75, 35, 159, 255} }},
	{{ {2, -5, -33}, 0, {-16, -16}, {74, 38, 160, 255} }},
	{{ {32, -43, 0}, 0, {-16, -16}, {80, 236, 160, 255} }},
	{{ {24, -59, -3}, 0, {-16, -16}, {79, 235, 159, 255} }},
	{{ {47, -25, -21}, 0, {-16, -16}, {234, 185, 153, 255} }},
	{{ {33, 7, -37}, 0, {-16, -16}, {224, 250, 133, 255} }},
	{{ {61, 12, -36}, 0, {-16, -16}, {7, 252, 129, 255} }},
	{{ {18, 38, -19}, 0, {-16, -16}, {198, 44, 152, 255} }},
	{{ {84, 60, -7}, 0, {-16, -16}, {223, 114, 44, 255} }},
	{{ {84, 48, 24}, 0, {-16, -16}, {223, 115, 43, 255} }},
	{{ {146, 76, -3}, 0, {-16, -16}, {222, 115, 41, 255} }},
	{{ {139, 66, 21}, 0, {-16, -16}, {221, 116, 39, 255} }},
	{{ {156, 46, -8}, 0, {-16, -16}, {62, 145, 251, 255} }},
	{{ {105, 17, 3}, 0, {-16, -16}, {63, 147, 241, 255} }},
	{{ {89, 18, -34}, 0, {-16, -16}, {56, 146, 229, 255} }},
	{{ {147, 42, 25}, 0, {-16, -16}, {65, 147, 2, 255} }},
	{{ {98, 10, 29}, 0, {-16, -16}, {69, 150, 246, 255} }},
	{{ {156, 46, -8}, 0, {-16, -16}, {114, 39, 41, 255} }},
	{{ {146, 76, -3}, 0, {-16, -16}, {114, 31, 46, 255} }},
	{{ {139, 66, 21}, 0, {-16, -16}, {114, 40, 40, 255} }},
	{{ {147, 42, 25}, 0, {-16, -16}, {113, 47, 34, 255} }},
	{{ {24, -59, -3}, 0, {-16, -16}, {192, 149, 232, 255} }},
	{{ {-8, -12, -20}, 0, {-16, -16}, {155, 208, 196, 255} }},
	{{ {2, -5, -33}, 0, {-16, -16}, {170, 220, 170, 255} }},
	{{ {6, -49, 0}, 0, {-16, -16}, {171, 165, 230, 255} }},
	{{ {15, -39, 42}, 0, {-16, -16}, {19, 186, 104, 255} }},
	{{ {6, -49, 0}, 0, {-16, -16}, {171, 165, 230, 255} }},
	{{ {24, -59, -3}, 0, {-16, -16}, {192, 149, 232, 255} }},
	{{ {0, -35, 32}, 0, {-16, -16}, {164, 184, 50, 255} }},
	{{ {-15, 23, 43}, 0, {-16, -16}, {212, 59, 103, 255} }},
	{{ {-21, 9, 33}, 0, {-16, -16}, {141, 230, 47, 255} }},
	{{ {-22, 43, -3}, 0, {-16, -16}, {133, 17, 230, 255} }},
	{{ {-25, 24, 0}, 0, {-16, -16}, {132, 251, 229, 255} }},
	{{ {2, -5, -33}, 0, {-16, -16}, {170, 220, 170, 255} }},
	{{ {-8, -12, -20}, 0, {-16, -16}, {155, 208, 196, 255} }},
};

Gfx mario_Right_Hand_Peace_Switch_Option_Right_Hand_Peace_mesh_layer_1_tri_0[] = {
	gsSPVertex(mario_Right_Hand_Peace_Switch_Option_Right_Hand_Peace_mesh_layer_1_vtx_0 + 0, 32, 0),
	gsSP2Triangles(0, 1, 2, 0, 3, 4, 5, 0),
	gsSP2Triangles(6, 7, 8, 0, 9, 10, 11, 0),
	gsSP2Triangles(12, 13, 14, 0, 15, 16, 17, 0),
	gsSP2Triangles(18, 19, 20, 0, 21, 19, 18, 0),
	gsSP2Triangles(21, 18, 22, 0, 21, 22, 23, 0),
	gsSP2Triangles(23, 22, 24, 0, 24, 25, 23, 0),
	gsSP2Triangles(26, 25, 24, 0, 26, 24, 27, 0),
	gsSP2Triangles(28, 25, 26, 0, 28, 29, 25, 0),
	gsSP2Triangles(30, 29, 28, 0, 30, 31, 29, 0),
	gsSPVertex(mario_Right_Hand_Peace_Switch_Option_Right_Hand_Peace_mesh_layer_1_vtx_0 + 32, 32, 0),
	gsSP2Triangles(0, 1, 2, 0, 3, 0, 2, 0),
	gsSP2Triangles(0, 3, 4, 0, 5, 4, 3, 0),
	gsSP2Triangles(5, 3, 6, 0, 6, 7, 5, 0),
	gsSP2Triangles(6, 8, 7, 0, 9, 8, 6, 0),
	gsSP2Triangles(9, 6, 10, 0, 9, 10, 11, 0),
	gsSP2Triangles(9, 11, 12, 0, 11, 13, 12, 0),
	gsSP2Triangles(12, 13, 14, 0, 15, 12, 14, 0),
	gsSP2Triangles(15, 14, 16, 0, 17, 15, 16, 0),
	gsSP2Triangles(17, 18, 15, 0, 19, 18, 17, 0),
	gsSP2Triangles(19, 20, 18, 0, 21, 20, 19, 0),
	gsSP2Triangles(20, 21, 22, 0, 23, 18, 20, 0),
	gsSP2Triangles(8, 23, 20, 0, 20, 7, 8, 0),
	gsSP2Triangles(7, 24, 5, 0, 25, 1, 26, 0),
	gsSP2Triangles(1, 0, 26, 0, 0, 27, 26, 0),
	gsSP2Triangles(0, 28, 27, 0, 4, 28, 0, 0),
	gsSP2Triangles(4, 5, 28, 0, 5, 29, 28, 0),
	gsSP2Triangles(29, 30, 28, 0, 30, 29, 31, 0),
	gsSPVertex(mario_Right_Hand_Peace_Switch_Option_Right_Hand_Peace_mesh_layer_1_vtx_0 + 64, 32, 0),
	gsSP2Triangles(0, 1, 2, 0, 3, 2, 4, 0),
	gsSP2Triangles(5, 6, 7, 0, 5, 7, 8, 0),
	gsSP2Triangles(8, 7, 9, 0, 8, 9, 10, 0),
	gsSP2Triangles(11, 12, 13, 0, 14, 13, 12, 0),
	gsSP2Triangles(15, 16, 17, 0, 16, 18, 17, 0),
	gsSP2Triangles(19, 20, 21, 0, 22, 20, 19, 0),
	gsSP2Triangles(22, 23, 20, 0, 24, 25, 26, 0),
	gsSP2Triangles(26, 27, 24, 0, 28, 29, 30, 0),
	gsSP1Triangle(28, 31, 29, 0),
	gsSPVertex(mario_Right_Hand_Peace_Switch_Option_Right_Hand_Peace_mesh_layer_1_vtx_0 + 96, 10, 0),
	gsSP2Triangles(0, 1, 2, 0, 0, 3, 1, 0),
	gsSP2Triangles(4, 3, 0, 0, 4, 5, 3, 0),
	gsSP2Triangles(6, 5, 4, 0, 6, 7, 5, 0),
	gsSP2Triangles(8, 7, 6, 0, 8, 9, 7, 0),
	gsSP2Triangles(5, 7, 9, 0, 3, 5, 9, 0),
	gsSP1Triangle(9, 1, 3, 0),
	gsSPEndDisplayList(),
};

Vtx mario_Right_Hand_Cap_Switch_Option_Right_Hand_Cap_mesh_layer_1_vtx_0[62] = {
	{{ {21, 40, -20}, 0, {-16, -16}, {209, 114, 225, 255} }},
	{{ {69, 61, -16}, 0, {-16, -16}, {208, 114, 225, 255} }},
	{{ {50, 45, -45}, 0, {-16, -16}, {208, 114, 225, 255} }},
	{{ {60, 19, -34}, 0, {-16, -16}, {190, 190, 170, 255} }},
	{{ {21, 40, -20}, 0, {-16, -16}, {190, 190, 170, 255} }},
	{{ {50, 45, -45}, 0, {-16, -16}, {190, 190, 170, 255} }},
	{{ {96, -3, -15}, 0, {-16, -16}, {47, 142, 226, 255} }},
	{{ {47, -22, -19}, 0, {-16, -16}, {48, 142, 226, 255} }},
	{{ {71, -6, -45}, 0, {-16, -16}, {47, 142, 226, 255} }},
	{{ {47, -22, -19}, 0, {-16, -16}, {163, 255, 169, 255} }},
	{{ {60, 19, -34}, 0, {-16, -16}, {163, 254, 169, 255} }},
	{{ {71, -6, -45}, 0, {-16, -16}, {163, 254, 169, 255} }},
	{{ {69, 61, -16}, 0, {-16, -16}, {103, 9, 182, 255} }},
	{{ {60, 19, -34}, 0, {-16, -16}, {103, 9, 182, 255} }},
	{{ {50, 45, -45}, 0, {-16, -16}, {103, 9, 182, 255} }},
	{{ {60, 19, -34}, 0, {-16, -16}, {79, 67, 183, 255} }},
	{{ {96, -3, -15}, 0, {-16, -16}, {79, 67, 182, 255} }},
	{{ {71, -6, -45}, 0, {-16, -16}, {79, 67, 183, 255} }},
	{{ {11, 60, -3}, 0, {-16, -16}, {174, 88, 214, 255} }},
	{{ {69, 61, -16}, 0, {-16, -16}, {60, 83, 181, 255} }},
	{{ {21, 40, -20}, 0, {-16, -16}, {199, 44, 151, 255} }},
	{{ {58, 81, 0}, 0, {-16, -16}, {23, 122, 231, 255} }},
	{{ {29, 62, 34}, 0, {-16, -16}, {206, 89, 75, 255} }},
	{{ {1, 24, 35}, 0, {-16, -16}, {248, 63, 110, 255} }},
	{{ {-2, 41, 0}, 0, {-16, -16}, {218, 114, 216, 255} }},
	{{ {35, 9, -36}, 0, {-16, -16}, {229, 245, 132, 255} }},
	{{ {60, 19, -34}, 0, {-16, -16}, {8, 3, 129, 255} }},
	{{ {47, -22, -19}, 0, {-16, -16}, {248, 184, 152, 255} }},
	{{ {55, -43, -3}, 0, {-16, -16}, {4, 138, 209, 255} }},
	{{ {103, -25, 1}, 0, {-16, -16}, {102, 190, 218, 255} }},
	{{ {96, -3, -15}, 0, {-16, -16}, {103, 241, 183, 255} }},
	{{ {85, 30, -32}, 0, {-16, -16}, {70, 29, 154, 255} }},
	{{ {96, -3, -15}, 0, {-16, -16}, {103, 241, 183, 255} }},
	{{ {60, 19, -34}, 0, {-16, -16}, {9, 3, 129, 255} }},
	{{ {85, 30, -32}, 0, {-16, -16}, {70, 29, 154, 255} }},
	{{ {69, 61, -16}, 0, {-16, -16}, {60, 83, 181, 255} }},
	{{ {58, 81, 0}, 0, {-16, -16}, {23, 122, 231, 255} }},
	{{ {96, 39, 24}, 0, {-16, -16}, {108, 61, 29, 255} }},
	{{ {54, 54, 44}, 0, {-16, -16}, {21, 81, 96, 255} }},
	{{ {29, 62, 34}, 0, {-16, -16}, {206, 89, 75, 255} }},
	{{ {56, 11, 65}, 0, {-16, -16}, {241, 19, 125, 255} }},
	{{ {29, 7, 48}, 0, {-16, -16}, {192, 249, 110, 255} }},
	{{ {1, 24, 35}, 0, {-16, -16}, {248, 63, 110, 255} }},
	{{ {23, -25, 35}, 0, {-16, -16}, {16, 192, 109, 255} }},
	{{ {-13, 26, 41}, 0, {-16, -16}, {199, 53, 101, 255} }},
	{{ {-2, 41, 0}, 0, {-16, -16}, {218, 114, 216, 255} }},
	{{ {-19, 47, -4}, 0, {-16, -16}, {46, 116, 233, 255} }},
	{{ {4, -3, -32}, 0, {-16, -16}, {73, 31, 157, 255} }},
	{{ {16, 1, -22}, 0, {-16, -16}, {4, 255, 129, 255} }},
	{{ {35, 9, -36}, 0, {-16, -16}, {229, 245, 132, 255} }},
	{{ {31, -39, 0}, 0, {-16, -16}, {58, 150, 216, 255} }},
	{{ {55, -43, -3}, 0, {-16, -16}, {4, 138, 209, 255} }},
	{{ {75, -32, 65}, 0, {-16, -16}, {25, 178, 97, 255} }},
	{{ {103, -25, 1}, 0, {-16, -16}, {102, 190, 218, 255} }},
	{{ {95, -8, 52}, 0, {-16, -16}, {103, 249, 74, 255} }},
	{{ {85, 15, 52}, 0, {-16, -16}, {68, 45, 98, 255} }},
	{{ {24, -55, -4}, 0, {-16, -16}, {116, 211, 233, 255} }},
	{{ {13, -37, 41}, 0, {-16, -16}, {251, 177, 99, 255} }},
	{{ {-15, -12, 7}, 0, {-16, -16}, {139, 207, 248, 255} }},
	{{ {-19, 47, -4}, 0, {-16, -16}, {131, 244, 237, 255} }},
	{{ {4, -3, -32}, 0, {-16, -16}, {153, 213, 196, 255} }},
	{{ {24, -55, -4}, 0, {-16, -16}, {161, 175, 236, 255} }},
};

Gfx mario_Right_Hand_Cap_Switch_Option_Right_Hand_Cap_mesh_layer_1_tri_0[] = {
	gsSPVertex(mario_Right_Hand_Cap_Switch_Option_Right_Hand_Cap_mesh_layer_1_vtx_0 + 0, 32, 0),
	gsSP2Triangles(0, 1, 2, 0, 3, 4, 5, 0),
	gsSP2Triangles(6, 7, 8, 0, 9, 10, 11, 0),
	gsSP2Triangles(12, 13, 14, 0, 15, 16, 17, 0),
	gsSP2Triangles(18, 19, 20, 0, 18, 21, 19, 0),
	gsSP2Triangles(21, 18, 22, 0, 22, 18, 23, 0),
	gsSP2Triangles(18, 24, 23, 0, 18, 25, 24, 0),
	gsSP2Triangles(18, 20, 25, 0, 20, 26, 25, 0),
	gsSP2Triangles(26, 27, 25, 0, 25, 27, 28, 0),
	gsSP2Triangles(29, 28, 27, 0, 29, 27, 30, 0),
	gsSP1Triangle(31, 29, 30, 0),
	gsSPVertex(mario_Right_Hand_Cap_Switch_Option_Right_Hand_Cap_mesh_layer_1_vtx_0 + 32, 30, 0),
	gsSP2Triangles(0, 1, 2, 0, 1, 3, 2, 0),
	gsSP2Triangles(4, 2, 3, 0, 4, 5, 2, 0),
	gsSP2Triangles(6, 5, 4, 0, 7, 6, 4, 0),
	gsSP2Triangles(6, 7, 8, 0, 7, 9, 8, 0),
	gsSP2Triangles(10, 9, 7, 0, 9, 10, 11, 0),
	gsSP2Triangles(11, 10, 12, 0, 12, 10, 13, 0),
	gsSP2Triangles(13, 14, 12, 0, 15, 14, 13, 0),
	gsSP2Triangles(13, 16, 15, 0, 17, 16, 13, 0),
	gsSP2Triangles(18, 16, 17, 0, 17, 19, 18, 0),
	gsSP2Triangles(11, 18, 19, 0, 19, 20, 11, 0),
	gsSP2Triangles(19, 21, 20, 0, 21, 22, 20, 0),
	gsSP2Triangles(21, 5, 22, 0, 2, 5, 21, 0),
	gsSP2Triangles(22, 5, 23, 0, 5, 6, 23, 0),
	gsSP2Triangles(23, 6, 8, 0, 22, 23, 8, 0),
	gsSP2Triangles(20, 22, 8, 0, 20, 8, 9, 0),
	gsSP2Triangles(20, 9, 11, 0, 15, 16, 18, 0),
	gsSP2Triangles(18, 24, 15, 0, 25, 24, 18, 0),
	gsSP2Triangles(18, 11, 25, 0, 12, 25, 11, 0),
	gsSP2Triangles(12, 26, 25, 0, 27, 26, 12, 0),
	gsSP2Triangles(28, 26, 27, 0, 29, 26, 28, 0),
	gsSP1Triangle(25, 26, 29, 0),
	gsSPEndDisplayList(),
};

Vtx mario_Right_Hand_Cap_Switch_Option_Right_Hand_Cap_mesh_layer_1_vtx_1[28] = {
	{{ {31, -77, 34}, 0, {0, 0}, {152, 186, 234, 255} }},
	{{ {75, -48, 29}, 0, {0, 0}, {169, 230, 167, 255} }},
	{{ {105, -125, 79}, 0, {0, 0}, {145, 210, 42, 255} }},
	{{ {24, -7, 27}, 0, {0, 0}, {137, 26, 218, 255} }},
	{{ {68, -50, 48}, 0, {0, 0}, {191, 6, 109, 255} }},
	{{ {79, 12, 56}, 0, {0, 0}, {188, 245, 107, 255} }},
	{{ {54, 52, 51}, 0, {0, 0}, {184, 104, 1, 255} }},
	{{ {138, 60, 104}, 0, {0, 0}, {166, 70, 56, 255} }},
	{{ {86, 13, 37}, 0, {0, 0}, {187, 75, 181, 255} }},
	{{ {94, -84, -26}, 0, {0, 0}, {179, 199, 173, 255} }},
	{{ {147, -171, 56}, 0, {0, 0}, {244, 137, 212, 255} }},
	{{ {186, -72, -13}, 0, {0, 0}, {75, 218, 161, 255} }},
	{{ {91, -9, -44}, 0, {0, 0}, {177, 27, 160, 255} }},
	{{ {200, 8, -2}, 0, {0, 0}, {88, 33, 170, 255} }},
	{{ {118, 53, -8}, 0, {0, 0}, {207, 99, 193, 255} }},
	{{ {194, 93, 90}, 0, {0, 0}, {31, 123, 244, 255} }},
	{{ {167, 55, 149}, 0, {0, 0}, {176, 67, 73, 255} }},
	{{ {218, 69, 159}, 0, {0, 0}, {41, 109, 51, 255} }},
	{{ {195, 29, 190}, 0, {0, 0}, {196, 52, 99, 255} }},
	{{ {229, -16, 226}, 0, {0, 0}, {254, 27, 124, 255} }},
	{{ {294, -26, 188}, 0, {0, 0}, {121, 19, 33, 255} }},
	{{ {277, -121, 175}, 0, {0, 0}, {106, 189, 21, 255} }},
	{{ {211, -118, 213}, 0, {0, 0}, {240, 201, 113, 255} }},
	{{ {174, -175, 126}, 0, {0, 0}, {0, 131, 20, 255} }},
	{{ {166, -139, 168}, 0, {0, 0}, {178, 204, 86, 255} }},
	{{ {132, -142, 124}, 0, {0, 0}, {155, 204, 58, 255} }},
	{{ {220, -129, 99}, 0, {0, 0}, {96, 194, 200, 255} }},
	{{ {246, 19, 118}, 0, {0, 0}, {113, 38, 214, 255} }},
};

Gfx mario_Right_Hand_Cap_Switch_Option_Right_Hand_Cap_mesh_layer_1_tri_1[] = {
	gsSPVertex(mario_Right_Hand_Cap_Switch_Option_Right_Hand_Cap_mesh_layer_1_vtx_1 + 0, 28, 0),
	gsSP2Triangles(0, 1, 2, 0, 0, 3, 1, 0),
	gsSP2Triangles(4, 3, 0, 0, 4, 0, 2, 0),
	gsSP2Triangles(4, 5, 3, 0, 6, 3, 5, 0),
	gsSP2Triangles(7, 6, 5, 0, 8, 6, 7, 0),
	gsSP2Triangles(8, 3, 6, 0, 1, 3, 8, 0),
	gsSP2Triangles(2, 9, 10, 0, 11, 10, 9, 0),
	gsSP2Triangles(9, 12, 11, 0, 11, 12, 13, 0),
	gsSP2Triangles(13, 12, 14, 0, 14, 15, 13, 0),
	gsSP2Triangles(15, 14, 7, 0, 15, 7, 16, 0),
	gsSP2Triangles(16, 17, 15, 0, 18, 17, 16, 0),
	gsSP2Triangles(19, 17, 18, 0, 19, 20, 17, 0),
	gsSP2Triangles(21, 20, 19, 0, 22, 21, 19, 0),
	gsSP2Triangles(23, 21, 22, 0, 24, 23, 22, 0),
	gsSP2Triangles(25, 23, 24, 0, 10, 23, 25, 0),
	gsSP2Triangles(2, 10, 25, 0, 10, 26, 23, 0),
	gsSP2Triangles(26, 10, 11, 0, 26, 11, 27, 0),
	gsSP2Triangles(11, 13, 27, 0, 13, 15, 27, 0),
	gsSP2Triangles(17, 27, 15, 0, 17, 20, 27, 0),
	gsSP2Triangles(26, 27, 20, 0, 20, 21, 26, 0),
	gsSP1Triangle(26, 21, 23, 0),
	gsSPEndDisplayList(),
};

Vtx mario_Right_Hand_Cap_Switch_Option_Right_Hand_Cap_mesh_layer_1_vtx_2[7] = {
	{{ {86, 13, 37}, 0, {757, 760}, {187, 75, 181, 255} }},
	{{ {138, 60, 104}, 0, {1267, 883}, {166, 70, 56, 255} }},
	{{ {118, 53, -8}, 0, {1063, 153}, {207, 99, 193, 255} }},
	{{ {91, -9, -44}, 0, {496, 68}, {177, 27, 160, 255} }},
	{{ {75, -48, 29}, 0, {235, 760}, {169, 230, 167, 255} }},
	{{ {94, -84, -26}, 0, {-71, 153}, {179, 199, 173, 255} }},
	{{ {105, -125, 79}, 0, {-275, 883}, {145, 210, 42, 255} }},
};

Gfx mario_Right_Hand_Cap_Switch_Option_Right_Hand_Cap_mesh_layer_1_tri_2[] = {
	gsSPVertex(mario_Right_Hand_Cap_Switch_Option_Right_Hand_Cap_mesh_layer_1_vtx_2 + 0, 7, 0),
	gsSP2Triangles(0, 1, 2, 0, 2, 3, 0, 0),
	gsSP2Triangles(3, 4, 0, 0, 3, 5, 4, 0),
	gsSP1Triangle(5, 6, 4, 0),
	gsSPEndDisplayList(),
};

Vtx mario_Right_Hand_Cap_Switch_Option_Right_Hand_Cap_mesh_layer_1_vtx_3[10] = {
	{{ {138, 60, 104}, 0, {0, 0}, {166, 70, 56, 255} }},
	{{ {79, 12, 56}, 0, {0, 0}, {188, 245, 107, 255} }},
	{{ {68, -50, 48}, 0, {0, 0}, {191, 6, 109, 255} }},
	{{ {105, -125, 79}, 0, {0, 0}, {145, 210, 42, 255} }},
	{{ {132, -142, 124}, 0, {0, 0}, {155, 204, 58, 255} }},
	{{ {167, 55, 149}, 0, {0, 0}, {176, 67, 73, 255} }},
	{{ {195, 29, 190}, 0, {0, 0}, {196, 52, 99, 255} }},
	{{ {166, -139, 168}, 0, {0, 0}, {178, 204, 86, 255} }},
	{{ {211, -118, 213}, 0, {0, 0}, {240, 201, 113, 255} }},
	{{ {229, -16, 226}, 0, {0, 0}, {254, 27, 124, 255} }},
};

Gfx mario_Right_Hand_Cap_Switch_Option_Right_Hand_Cap_mesh_layer_1_tri_3[] = {
	gsSPVertex(mario_Right_Hand_Cap_Switch_Option_Right_Hand_Cap_mesh_layer_1_vtx_3 + 0, 10, 0),
	gsSP2Triangles(0, 1, 2, 0, 0, 2, 3, 0),
	gsSP2Triangles(4, 0, 3, 0, 5, 0, 4, 0),
	gsSP2Triangles(6, 5, 4, 0, 6, 4, 7, 0),
	gsSP2Triangles(6, 7, 8, 0, 8, 9, 6, 0),
	gsSPEndDisplayList(),
};

Vtx mario_Right_Hand_Wing_Cap_Swtich_Option_Right_Hand_Wing_Cap_mesh_layer_1_vtx_0[62] = {
	{{ {21, 40, -20}, 0, {-16, -16}, {209, 114, 225, 255} }},
	{{ {69, 61, -16}, 0, {-16, -16}, {208, 114, 225, 255} }},
	{{ {50, 45, -45}, 0, {-16, -16}, {208, 114, 225, 255} }},
	{{ {60, 19, -34}, 0, {-16, -16}, {190, 190, 170, 255} }},
	{{ {21, 40, -20}, 0, {-16, -16}, {190, 190, 170, 255} }},
	{{ {50, 45, -45}, 0, {-16, -16}, {190, 190, 170, 255} }},
	{{ {96, -3, -15}, 0, {-16, -16}, {47, 142, 226, 255} }},
	{{ {47, -22, -19}, 0, {-16, -16}, {48, 142, 226, 255} }},
	{{ {71, -6, -45}, 0, {-16, -16}, {47, 142, 226, 255} }},
	{{ {47, -22, -19}, 0, {-16, -16}, {163, 255, 169, 255} }},
	{{ {60, 19, -34}, 0, {-16, -16}, {163, 254, 169, 255} }},
	{{ {71, -6, -45}, 0, {-16, -16}, {163, 254, 169, 255} }},
	{{ {69, 61, -16}, 0, {-16, -16}, {103, 9, 182, 255} }},
	{{ {60, 19, -34}, 0, {-16, -16}, {103, 9, 182, 255} }},
	{{ {50, 45, -45}, 0, {-16, -16}, {103, 9, 182, 255} }},
	{{ {60, 19, -34}, 0, {-16, -16}, {79, 67, 183, 255} }},
	{{ {96, -3, -15}, 0, {-16, -16}, {79, 67, 182, 255} }},
	{{ {71, -6, -45}, 0, {-16, -16}, {79, 67, 183, 255} }},
	{{ {11, 60, -3}, 0, {-16, -16}, {174, 88, 214, 255} }},
	{{ {69, 61, -16}, 0, {-16, -16}, {60, 83, 181, 255} }},
	{{ {21, 40, -20}, 0, {-16, -16}, {199, 44, 151, 255} }},
	{{ {58, 81, 0}, 0, {-16, -16}, {23, 122, 231, 255} }},
	{{ {29, 62, 34}, 0, {-16, -16}, {206, 89, 75, 255} }},
	{{ {1, 24, 35}, 0, {-16, -16}, {248, 63, 110, 255} }},
	{{ {-2, 41, 0}, 0, {-16, -16}, {218, 114, 216, 255} }},
	{{ {35, 9, -36}, 0, {-16, -16}, {229, 244, 132, 255} }},
	{{ {60, 19, -34}, 0, {-16, -16}, {8, 3, 129, 255} }},
	{{ {47, -22, -19}, 0, {-16, -16}, {248, 184, 152, 255} }},
	{{ {55, -43, -3}, 0, {-16, -16}, {4, 138, 209, 255} }},
	{{ {103, -25, 1}, 0, {-16, -16}, {102, 190, 218, 255} }},
	{{ {96, -3, -15}, 0, {-16, -16}, {103, 241, 183, 255} }},
	{{ {85, 30, -32}, 0, {-16, -16}, {70, 29, 154, 255} }},
	{{ {96, -3, -15}, 0, {-16, -16}, {103, 241, 183, 255} }},
	{{ {60, 19, -34}, 0, {-16, -16}, {9, 3, 129, 255} }},
	{{ {85, 30, -32}, 0, {-16, -16}, {70, 29, 154, 255} }},
	{{ {69, 61, -16}, 0, {-16, -16}, {60, 83, 181, 255} }},
	{{ {58, 81, 0}, 0, {-16, -16}, {23, 122, 231, 255} }},
	{{ {96, 39, 24}, 0, {-16, -16}, {108, 61, 29, 255} }},
	{{ {54, 54, 44}, 0, {-16, -16}, {21, 81, 96, 255} }},
	{{ {29, 62, 34}, 0, {-16, -16}, {206, 89, 75, 255} }},
	{{ {56, 11, 65}, 0, {-16, -16}, {241, 19, 125, 255} }},
	{{ {29, 7, 48}, 0, {-16, -16}, {192, 249, 110, 255} }},
	{{ {1, 24, 35}, 0, {-16, -16}, {248, 63, 110, 255} }},
	{{ {23, -25, 35}, 0, {-16, -16}, {16, 192, 109, 255} }},
	{{ {-13, 26, 41}, 0, {-16, -16}, {199, 53, 101, 255} }},
	{{ {-2, 41, 0}, 0, {-16, -16}, {218, 114, 216, 255} }},
	{{ {-19, 47, -4}, 0, {-16, -16}, {46, 116, 233, 255} }},
	{{ {4, -3, -32}, 0, {-16, -16}, {73, 31, 157, 255} }},
	{{ {16, 1, -22}, 0, {-16, -16}, {4, 255, 129, 255} }},
	{{ {35, 9, -36}, 0, {-16, -16}, {229, 244, 132, 255} }},
	{{ {31, -39, 0}, 0, {-16, -16}, {58, 150, 216, 255} }},
	{{ {55, -43, -3}, 0, {-16, -16}, {4, 138, 209, 255} }},
	{{ {75, -32, 65}, 0, {-16, -16}, {25, 178, 97, 255} }},
	{{ {103, -25, 1}, 0, {-16, -16}, {102, 190, 218, 255} }},
	{{ {95, -8, 52}, 0, {-16, -16}, {103, 249, 74, 255} }},
	{{ {85, 15, 52}, 0, {-16, -16}, {68, 45, 98, 255} }},
	{{ {24, -55, -4}, 0, {-16, -16}, {116, 211, 233, 255} }},
	{{ {13, -37, 41}, 0, {-16, -16}, {251, 177, 99, 255} }},
	{{ {-15, -12, 7}, 0, {-16, -16}, {139, 207, 248, 255} }},
	{{ {-19, 47, -4}, 0, {-16, -16}, {131, 244, 237, 255} }},
	{{ {4, -3, -32}, 0, {-16, -16}, {153, 213, 196, 255} }},
	{{ {24, -55, -4}, 0, {-16, -16}, {161, 175, 236, 255} }},
};

Gfx mario_Right_Hand_Wing_Cap_Swtich_Option_Right_Hand_Wing_Cap_mesh_layer_1_tri_0[] = {
	gsSPVertex(mario_Right_Hand_Wing_Cap_Swtich_Option_Right_Hand_Wing_Cap_mesh_layer_1_vtx_0 + 0, 32, 0),
	gsSP2Triangles(0, 1, 2, 0, 3, 4, 5, 0),
	gsSP2Triangles(6, 7, 8, 0, 9, 10, 11, 0),
	gsSP2Triangles(12, 13, 14, 0, 15, 16, 17, 0),
	gsSP2Triangles(18, 19, 20, 0, 18, 21, 19, 0),
	gsSP2Triangles(21, 18, 22, 0, 22, 18, 23, 0),
	gsSP2Triangles(18, 24, 23, 0, 18, 25, 24, 0),
	gsSP2Triangles(18, 20, 25, 0, 20, 26, 25, 0),
	gsSP2Triangles(26, 27, 25, 0, 25, 27, 28, 0),
	gsSP2Triangles(29, 28, 27, 0, 29, 27, 30, 0),
	gsSP1Triangle(31, 29, 30, 0),
	gsSPVertex(mario_Right_Hand_Wing_Cap_Swtich_Option_Right_Hand_Wing_Cap_mesh_layer_1_vtx_0 + 32, 30, 0),
	gsSP2Triangles(0, 1, 2, 0, 1, 3, 2, 0),
	gsSP2Triangles(4, 2, 3, 0, 4, 5, 2, 0),
	gsSP2Triangles(6, 5, 4, 0, 7, 6, 4, 0),
	gsSP2Triangles(6, 7, 8, 0, 7, 9, 8, 0),
	gsSP2Triangles(10, 9, 7, 0, 9, 10, 11, 0),
	gsSP2Triangles(11, 10, 12, 0, 12, 10, 13, 0),
	gsSP2Triangles(13, 14, 12, 0, 15, 14, 13, 0),
	gsSP2Triangles(13, 16, 15, 0, 17, 16, 13, 0),
	gsSP2Triangles(18, 16, 17, 0, 17, 19, 18, 0),
	gsSP2Triangles(11, 18, 19, 0, 19, 20, 11, 0),
	gsSP2Triangles(19, 21, 20, 0, 21, 22, 20, 0),
	gsSP2Triangles(21, 5, 22, 0, 2, 5, 21, 0),
	gsSP2Triangles(22, 5, 23, 0, 5, 6, 23, 0),
	gsSP2Triangles(23, 6, 8, 0, 22, 23, 8, 0),
	gsSP2Triangles(20, 22, 8, 0, 20, 8, 9, 0),
	gsSP2Triangles(20, 9, 11, 0, 15, 16, 18, 0),
	gsSP2Triangles(18, 24, 15, 0, 25, 24, 18, 0),
	gsSP2Triangles(18, 11, 25, 0, 12, 25, 11, 0),
	gsSP2Triangles(12, 26, 25, 0, 27, 26, 12, 0),
	gsSP2Triangles(28, 26, 27, 0, 29, 26, 28, 0),
	gsSP1Triangle(25, 26, 29, 0),
	gsSPEndDisplayList(),
};

Vtx mario_Right_Hand_Wing_Cap_Swtich_Option_Right_Hand_Wing_Cap_mesh_layer_1_vtx_1[28] = {
	{{ {86, 13, 37}, 0, {0, 0}, {187, 75, 181, 255} }},
	{{ {54, 52, 51}, 0, {0, 0}, {184, 104, 1, 255} }},
	{{ {138, 60, 104}, 0, {0, 0}, {166, 70, 56, 255} }},
	{{ {24, -7, 27}, 0, {0, 0}, {137, 26, 218, 255} }},
	{{ {75, -48, 29}, 0, {0, 0}, {169, 230, 167, 255} }},
	{{ {31, -77, 34}, 0, {0, 0}, {152, 186, 234, 255} }},
	{{ {105, -125, 79}, 0, {0, 0}, {145, 210, 42, 255} }},
	{{ {68, -50, 48}, 0, {0, 0}, {191, 6, 109, 255} }},
	{{ {79, 12, 56}, 0, {0, 0}, {188, 245, 107, 255} }},
	{{ {94, -84, -26}, 0, {0, 0}, {179, 199, 173, 255} }},
	{{ {147, -171, 56}, 0, {0, 0}, {244, 137, 212, 255} }},
	{{ {186, -72, -13}, 0, {0, 0}, {75, 218, 161, 255} }},
	{{ {91, -9, -44}, 0, {0, 0}, {177, 27, 160, 255} }},
	{{ {200, 8, -2}, 0, {0, 0}, {88, 33, 170, 255} }},
	{{ {118, 53, -8}, 0, {0, 0}, {207, 99, 193, 255} }},
	{{ {194, 93, 90}, 0, {0, 0}, {31, 123, 244, 255} }},
	{{ {167, 55, 149}, 0, {0, 0}, {176, 67, 73, 255} }},
	{{ {218, 69, 159}, 0, {0, 0}, {41, 109, 51, 255} }},
	{{ {195, 29, 190}, 0, {0, 0}, {196, 52, 99, 255} }},
	{{ {229, -16, 226}, 0, {0, 0}, {254, 27, 124, 255} }},
	{{ {294, -26, 188}, 0, {0, 0}, {121, 19, 33, 255} }},
	{{ {277, -121, 175}, 0, {0, 0}, {106, 189, 21, 255} }},
	{{ {211, -118, 213}, 0, {0, 0}, {240, 201, 113, 255} }},
	{{ {174, -175, 126}, 0, {0, 0}, {0, 131, 20, 255} }},
	{{ {166, -139, 168}, 0, {0, 0}, {178, 204, 86, 255} }},
	{{ {132, -142, 124}, 0, {0, 0}, {155, 204, 58, 255} }},
	{{ {220, -129, 99}, 0, {0, 0}, {96, 194, 200, 255} }},
	{{ {246, 19, 118}, 0, {0, 0}, {113, 38, 214, 255} }},
};

Gfx mario_Right_Hand_Wing_Cap_Swtich_Option_Right_Hand_Wing_Cap_mesh_layer_1_tri_1[] = {
	gsSPVertex(mario_Right_Hand_Wing_Cap_Swtich_Option_Right_Hand_Wing_Cap_mesh_layer_1_vtx_1 + 0, 28, 0),
	gsSP2Triangles(0, 1, 2, 0, 0, 3, 1, 0),
	gsSP2Triangles(4, 3, 0, 0, 5, 3, 4, 0),
	gsSP2Triangles(5, 4, 6, 0, 7, 5, 6, 0),
	gsSP2Triangles(7, 3, 5, 0, 7, 8, 3, 0),
	gsSP2Triangles(1, 3, 8, 0, 2, 1, 8, 0),
	gsSP2Triangles(6, 9, 10, 0, 11, 10, 9, 0),
	gsSP2Triangles(9, 12, 11, 0, 11, 12, 13, 0),
	gsSP2Triangles(13, 12, 14, 0, 14, 15, 13, 0),
	gsSP2Triangles(15, 14, 2, 0, 15, 2, 16, 0),
	gsSP2Triangles(16, 17, 15, 0, 18, 17, 16, 0),
	gsSP2Triangles(19, 17, 18, 0, 19, 20, 17, 0),
	gsSP2Triangles(21, 20, 19, 0, 22, 21, 19, 0),
	gsSP2Triangles(23, 21, 22, 0, 24, 23, 22, 0),
	gsSP2Triangles(25, 23, 24, 0, 10, 23, 25, 0),
	gsSP2Triangles(6, 10, 25, 0, 10, 26, 23, 0),
	gsSP2Triangles(26, 10, 11, 0, 26, 11, 27, 0),
	gsSP2Triangles(11, 13, 27, 0, 13, 15, 27, 0),
	gsSP2Triangles(17, 27, 15, 0, 17, 20, 27, 0),
	gsSP2Triangles(26, 27, 20, 0, 20, 21, 26, 0),
	gsSP1Triangle(26, 21, 23, 0),
	gsSPEndDisplayList(),
};

Vtx mario_Right_Hand_Wing_Cap_Swtich_Option_Right_Hand_Wing_Cap_mesh_layer_1_vtx_2[7] = {
	{{ {86, 13, 37}, 0, {757, 760}, {187, 75, 181, 255} }},
	{{ {138, 60, 104}, 0, {1267, 883}, {166, 70, 56, 255} }},
	{{ {118, 53, -8}, 0, {1063, 153}, {207, 99, 193, 255} }},
	{{ {91, -9, -44}, 0, {496, 68}, {177, 27, 160, 255} }},
	{{ {75, -48, 29}, 0, {235, 760}, {169, 230, 167, 255} }},
	{{ {94, -84, -26}, 0, {-71, 153}, {179, 199, 173, 255} }},
	{{ {105, -125, 79}, 0, {-275, 883}, {145, 210, 42, 255} }},
};

Gfx mario_Right_Hand_Wing_Cap_Swtich_Option_Right_Hand_Wing_Cap_mesh_layer_1_tri_2[] = {
	gsSPVertex(mario_Right_Hand_Wing_Cap_Swtich_Option_Right_Hand_Wing_Cap_mesh_layer_1_vtx_2 + 0, 7, 0),
	gsSP2Triangles(0, 1, 2, 0, 2, 3, 0, 0),
	gsSP2Triangles(3, 4, 0, 0, 3, 5, 4, 0),
	gsSP1Triangle(5, 6, 4, 0),
	gsSPEndDisplayList(),
};

Vtx mario_Right_Hand_Wing_Cap_Swtich_Option_Right_Hand_Wing_Cap_mesh_layer_1_vtx_3[10] = {
	{{ {138, 60, 104}, 0, {0, 0}, {166, 70, 56, 255} }},
	{{ {79, 12, 56}, 0, {0, 0}, {188, 245, 107, 255} }},
	{{ {68, -50, 48}, 0, {0, 0}, {191, 6, 109, 255} }},
	{{ {105, -125, 79}, 0, {0, 0}, {145, 210, 42, 255} }},
	{{ {132, -142, 124}, 0, {0, 0}, {155, 204, 58, 255} }},
	{{ {167, 55, 149}, 0, {0, 0}, {176, 67, 73, 255} }},
	{{ {195, 29, 190}, 0, {0, 0}, {196, 52, 99, 255} }},
	{{ {166, -139, 168}, 0, {0, 0}, {178, 204, 86, 255} }},
	{{ {211, -118, 213}, 0, {0, 0}, {240, 201, 113, 255} }},
	{{ {229, -16, 226}, 0, {0, 0}, {254, 27, 124, 255} }},
};

Gfx mario_Right_Hand_Wing_Cap_Swtich_Option_Right_Hand_Wing_Cap_mesh_layer_1_tri_3[] = {
	gsSPVertex(mario_Right_Hand_Wing_Cap_Swtich_Option_Right_Hand_Wing_Cap_mesh_layer_1_vtx_3 + 0, 10, 0),
	gsSP2Triangles(0, 1, 2, 0, 0, 2, 3, 0),
	gsSP2Triangles(4, 0, 3, 0, 5, 0, 4, 0),
	gsSP2Triangles(6, 5, 4, 0, 6, 4, 7, 0),
	gsSP2Triangles(6, 7, 8, 0, 8, 9, 6, 0),
	gsSPEndDisplayList(),
};

Vtx mario_Right_Hand_Wing_Cap_Swtich_Option_Wings_mesh_layer_4_vtx_0[8] = {
	{{ {368, 146, 7}, 0, {974, -16}, {189, 101, 217, 255} }},
	{{ {166, 37, 68}, 0, {-16, 2032}, {190, 101, 217, 255} }},
	{{ {212, 96, 143}, 0, {974, 2032}, {189, 101, 217, 255} }},
	{{ {322, 87, -67}, 0, {-16, -16}, {190, 101, 217, 255} }},
	{{ {178, -177, 128}, 0, {974, 2032}, {168, 179, 207, 255} }},
	{{ {149, -100, 60}, 0, {-16, 2032}, {168, 179, 207, 255} }},
	{{ {319, -248, -14}, 0, {974, -16}, {168, 179, 207, 255} }},
	{{ {290, -171, -81}, 0, {-16, -16}, {168, 179, 206, 255} }},
};

Gfx mario_Right_Hand_Wing_Cap_Swtich_Option_Wings_mesh_layer_4_tri_0[] = {
	gsSPVertex(mario_Right_Hand_Wing_Cap_Swtich_Option_Wings_mesh_layer_4_vtx_0 + 0, 8, 0),
	gsSP2Triangles(0, 1, 2, 0, 0, 3, 1, 0),
	gsSP2Triangles(4, 5, 6, 0, 5, 7, 6, 0),
	gsSPEndDisplayList(),
};

Vtx mario_Right_Hand_Wing_Cap_Swtich_Option_Wings_mesh_layer_4_vtx_1[8] = {
	{{ {178, -177, 128}, 0, {-16, 2032}, {168, 179, 207, 255} }},
	{{ {319, -248, -14}, 0, {-16, -16}, {168, 179, 207, 255} }},
	{{ {349, -325, 53}, 0, {974, -16}, {168, 179, 207, 255} }},
	{{ {207, -253, 195}, 0, {974, 2032}, {168, 179, 207, 255} }},
	{{ {414, 206, 82}, 0, {974, -16}, {189, 101, 216, 255} }},
	{{ {368, 146, 7}, 0, {-16, -16}, {189, 101, 217, 255} }},
	{{ {212, 96, 143}, 0, {-16, 2032}, {189, 101, 217, 255} }},
	{{ {258, 156, 218}, 0, {974, 2032}, {189, 101, 216, 255} }},
};

Gfx mario_Right_Hand_Wing_Cap_Swtich_Option_Wings_mesh_layer_4_tri_1[] = {
	gsSPVertex(mario_Right_Hand_Wing_Cap_Swtich_Option_Wings_mesh_layer_4_vtx_1 + 0, 8, 0),
	gsSP2Triangles(0, 1, 2, 0, 3, 0, 2, 0),
	gsSP2Triangles(4, 5, 6, 0, 4, 6, 7, 0),
	gsSPEndDisplayList(),
};

Vtx mario_Left_Thigh_Color_mesh_layer_1_vtx_0[17] = {
	{{ {-5, 37, 31}, 0, {-16, -16}, {157, 62, 50, 255} }},
	{{ {-15, 0, 7}, 0, {-16, -16}, {129, 247, 254, 255} }},
	{{ {-1, -12, 47}, 0, {-16, -16}, {165, 227, 83, 255} }},
	{{ {-4, 37, -17}, 0, {-16, -16}, {160, 62, 201, 255} }},
	{{ {14, 48, -23}, 0, {-16, -16}, {226, 99, 182, 255} }},
	{{ {13, 48, 38}, 0, {-16, -16}, {224, 99, 73, 255} }},
	{{ {18, -15, 58}, 0, {-16, -16}, {235, 217, 119, 255} }},
	{{ {1, -44, 8}, 0, {-16, -16}, {170, 163, 0, 255} }},
	{{ {0, -13, -32}, 0, {-16, -16}, {168, 223, 170, 255} }},
	{{ {19, -15, -42}, 0, {-16, -16}, {238, 217, 137, 255} }},
	{{ {92, 45, -16}, 0, {-16, -16}, {59, 92, 192, 255} }},
	{{ {91, 45, 32}, 0, {-16, -16}, {58, 93, 65, 255} }},
	{{ {95, -5, 48}, 0, {-16, -16}, {67, 230, 105, 255} }},
	{{ {98, -37, 8}, 0, {-16, -16}, {74, 153, 0, 255} }},
	{{ {21, -54, 8}, 0, {-16, -16}, {243, 130, 0, 255} }},
	{{ {96, -5, -31}, 0, {-16, -16}, {68, 229, 152, 255} }},
	{{ {116, 10, 8}, 0, {-16, -16}, {127, 10, 1, 255} }},
};

Gfx mario_Left_Thigh_Color_mesh_layer_1_tri_0[] = {
	gsSPVertex(mario_Left_Thigh_Color_mesh_layer_1_vtx_0 + 0, 17, 0),
	gsSP2Triangles(0, 1, 2, 0, 3, 1, 0, 0),
	gsSP2Triangles(4, 3, 0, 0, 4, 0, 5, 0),
	gsSP2Triangles(5, 0, 6, 0, 0, 2, 6, 0),
	gsSP2Triangles(6, 2, 7, 0, 2, 1, 7, 0),
	gsSP2Triangles(7, 1, 8, 0, 8, 1, 3, 0),
	gsSP2Triangles(9, 8, 3, 0, 9, 3, 4, 0),
	gsSP2Triangles(9, 4, 10, 0, 4, 5, 10, 0),
	gsSP2Triangles(5, 11, 10, 0, 5, 6, 11, 0),
	gsSP2Triangles(6, 12, 11, 0, 13, 12, 6, 0),
	gsSP2Triangles(6, 14, 13, 0, 6, 7, 14, 0),
	gsSP2Triangles(14, 7, 9, 0, 7, 8, 9, 0),
	gsSP2Triangles(14, 9, 13, 0, 9, 15, 13, 0),
	gsSP2Triangles(10, 15, 9, 0, 10, 16, 15, 0),
	gsSP2Triangles(11, 16, 10, 0, 12, 16, 11, 0),
	gsSP2Triangles(13, 16, 12, 0, 15, 16, 13, 0),
	gsSPEndDisplayList(),
};

Vtx mario_Left_Leg_mesh_layer_1_vtx_0[12] = {
	{{ {8, 44, 33}, 0, {-16, -16}, {196, 92, 64, 255} }},
	{{ {65, -11, 54}, 0, {-16, -16}, {57, 219, 107, 255} }},
	{{ {68, 45, 37}, 0, {-16, -16}, {64, 87, 67, 255} }},
	{{ {6, -6, 49}, 0, {-16, -16}, {191, 227, 105, 255} }},
	{{ {-14, 8, 8}, 0, {-16, -16}, {129, 6, 254, 255} }},
	{{ {9, 44, -16}, 0, {-16, -16}, {199, 92, 190, 255} }},
	{{ {69, 45, -18}, 0, {-16, -16}, {66, 87, 191, 255} }},
	{{ {81, 3, 9}, 0, {-16, -16}, {127, 249, 1, 255} }},
	{{ {64, -46, 9}, 0, {-16, -16}, {54, 141, 0, 255} }},
	{{ {4, -37, 9}, 0, {-16, -16}, {186, 150, 0, 255} }},
	{{ {6, -6, -31}, 0, {-16, -16}, {192, 226, 151, 255} }},
	{{ {66, -11, -36}, 0, {-16, -16}, {59, 219, 149, 255} }},
};

Gfx mario_Left_Leg_mesh_layer_1_tri_0[] = {
	gsSPVertex(mario_Left_Leg_mesh_layer_1_vtx_0 + 0, 12, 0),
	gsSP2Triangles(0, 1, 2, 0, 0, 3, 1, 0),
	gsSP2Triangles(0, 4, 3, 0, 5, 4, 0, 0),
	gsSP2Triangles(6, 5, 0, 0, 0, 2, 6, 0),
	gsSP2Triangles(2, 7, 6, 0, 1, 7, 2, 0),
	gsSP2Triangles(8, 7, 1, 0, 9, 8, 1, 0),
	gsSP2Triangles(1, 3, 9, 0, 3, 4, 9, 0),
	gsSP2Triangles(9, 4, 10, 0, 10, 4, 5, 0),
	gsSP2Triangles(11, 10, 5, 0, 5, 6, 11, 0),
	gsSP2Triangles(6, 7, 11, 0, 11, 7, 8, 0),
	gsSP2Triangles(9, 11, 8, 0, 9, 10, 11, 0),
	gsSPEndDisplayList(),
};

Vtx mario_Left_Shoe_mesh_layer_1_vtx_0[25] = {
	{{ {-11, 54, 53}, 0, {-16, -16}, {45, 119, 254, 255} }},
	{{ {-39, 64, -8}, 0, {-16, -16}, {46, 118, 254, 255} }},
	{{ {-41, 65, 26}, 0, {-16, -16}, {44, 119, 255, 255} }},
	{{ {-12, 53, -32}, 0, {-16, -16}, {45, 119, 254, 255} }},
	{{ {78, 21, 61}, 0, {-16, -16}, {44, 119, 254, 255} }},
	{{ {76, 20, -41}, 0, {-16, -16}, {44, 119, 254, 255} }},
	{{ {110, 9, 35}, 0, {-16, -16}, {43, 119, 254, 255} }},
	{{ {110, 8, -20}, 0, {-16, -16}, {43, 119, 254, 255} }},
	{{ {44, -12, -33}, 0, {-16, -16}, {242, 190, 149, 255} }},
	{{ {-12, 53, -32}, 0, {-16, -16}, {207, 254, 139, 255} }},
	{{ {76, 20, -41}, 0, {-16, -16}, {19, 208, 140, 255} }},
	{{ {-35, 11, -21}, 0, {-16, -16}, {181, 203, 168, 255} }},
	{{ {27, -35, 11}, 0, {-16, -16}, {220, 134, 253, 255} }},
	{{ {80, -31, -18}, 0, {-16, -16}, {15, 166, 167, 255} }},
	{{ {110, 8, -20}, 0, {-16, -16}, {89, 204, 182, 255} }},
	{{ {92, -57, 7}, 0, {-16, 1008}, {13, 130, 0, 255} }},
	{{ {110, 9, 35}, 0, {-16, -16}, {92, 202, 69, 255} }},
	{{ {80, -31, 32}, 0, {-16, -16}, {24, 161, 80, 255} }},
	{{ {43, -18, 54}, 0, {-16, -16}, {248, 182, 103, 255} }},
	{{ {78, 21, 61}, 0, {-16, -16}, {28, 210, 115, 255} }},
	{{ {-11, 54, 53}, 0, {-16, -16}, {209, 3, 118, 255} }},
	{{ {-34, 12, 44}, 0, {-16, -16}, {179, 207, 88, 255} }},
	{{ {-41, 65, 26}, 0, {-16, -16}, {142, 26, 49, 255} }},
	{{ {-54, 15, 8}, 0, {-16, -16}, {137, 211, 252, 255} }},
	{{ {-39, 64, -8}, 0, {-16, -16}, {145, 25, 199, 255} }},
};

Gfx mario_Left_Shoe_mesh_layer_1_tri_0[] = {
	gsSPVertex(mario_Left_Shoe_mesh_layer_1_vtx_0 + 0, 25, 0),
	gsSP2Triangles(0, 1, 2, 0, 0, 3, 1, 0),
	gsSP2Triangles(0, 4, 3, 0, 4, 5, 3, 0),
	gsSP2Triangles(4, 6, 5, 0, 6, 7, 5, 0),
	gsSP2Triangles(8, 9, 10, 0, 8, 11, 9, 0),
	gsSP2Triangles(11, 8, 12, 0, 12, 8, 13, 0),
	gsSP2Triangles(14, 13, 8, 0, 8, 10, 14, 0),
	gsSP2Triangles(13, 14, 15, 0, 15, 14, 16, 0),
	gsSP2Triangles(15, 16, 17, 0, 18, 17, 16, 0),
	gsSP2Triangles(16, 19, 18, 0, 18, 19, 20, 0),
	gsSP2Triangles(21, 18, 20, 0, 21, 20, 22, 0),
	gsSP2Triangles(22, 23, 21, 0, 23, 22, 24, 0),
	gsSP2Triangles(24, 11, 23, 0, 24, 9, 11, 0),
	gsSP2Triangles(23, 11, 12, 0, 12, 21, 23, 0),
	gsSP2Triangles(12, 18, 21, 0, 17, 18, 12, 0),
	gsSP2Triangles(17, 12, 13, 0, 15, 17, 13, 0),
	gsSPEndDisplayList(),
};

Vtx mario_Right_Thigh_Color_mesh_layer_1_vtx_0[17] = {
	{{ {18, -13, -58}, 0, {-16, -16}, {235, 220, 136, 255} }},
	{{ {95, -3, -49}, 0, {-16, -16}, {66, 232, 150, 255} }},
	{{ {98, -35, -10}, 0, {-16, -16}, {75, 153, 253, 255} }},
	{{ {90, 47, -32}, 0, {-16, -16}, {56, 95, 193, 255} }},
	{{ {12, 49, -37}, 0, {-16, -16}, {224, 100, 185, 255} }},
	{{ {-6, 38, -31}, 0, {-16, -16}, {157, 62, 206, 255} }},
	{{ {-1, -11, -47}, 0, {-16, -16}, {166, 226, 172, 255} }},
	{{ {1, -44, -9}, 0, {-16, -16}, {171, 162, 254, 255} }},
	{{ {22, -54, -9}, 0, {-16, -16}, {246, 129, 254, 255} }},
	{{ {19, -16, 41}, 0, {-16, -16}, {239, 213, 118, 255} }},
	{{ {96, -5, 30}, 0, {-16, -16}, {69, 227, 103, 255} }},
	{{ {116, 11, -9}, 0, {-16, -16}, {127, 11, 255, 255} }},
	{{ {91, 46, 16}, 0, {-16, -16}, {58, 92, 66, 255} }},
	{{ {13, 48, 24}, 0, {-16, -16}, {225, 96, 77, 255} }},
	{{ {-5, 36, 18}, 0, {-16, -16}, {158, 57, 57, 255} }},
	{{ {-15, 0, -7}, 0, {-16, -16}, {129, 245, 2, 255} }},
	{{ {0, -14, 31}, 0, {-16, -16}, {169, 219, 85, 255} }},
};

Gfx mario_Right_Thigh_Color_mesh_layer_1_tri_0[] = {
	gsSPVertex(mario_Right_Thigh_Color_mesh_layer_1_vtx_0 + 0, 17, 0),
	gsSP2Triangles(0, 1, 2, 0, 3, 1, 0, 0),
	gsSP2Triangles(3, 0, 4, 0, 0, 5, 4, 0),
	gsSP2Triangles(0, 6, 5, 0, 7, 6, 0, 0),
	gsSP2Triangles(8, 7, 0, 0, 2, 8, 0, 0),
	gsSP2Triangles(2, 9, 8, 0, 2, 10, 9, 0),
	gsSP2Triangles(2, 11, 10, 0, 1, 11, 2, 0),
	gsSP2Triangles(3, 11, 1, 0, 12, 11, 3, 0),
	gsSP2Triangles(12, 3, 4, 0, 12, 4, 13, 0),
	gsSP2Triangles(4, 5, 13, 0, 5, 14, 13, 0),
	gsSP2Triangles(5, 15, 14, 0, 6, 15, 5, 0),
	gsSP2Triangles(7, 15, 6, 0, 16, 15, 7, 0),
	gsSP2Triangles(9, 16, 7, 0, 9, 7, 8, 0),
	gsSP2Triangles(14, 16, 9, 0, 14, 15, 16, 0),
	gsSP2Triangles(13, 14, 9, 0, 12, 13, 9, 0),
	gsSP2Triangles(9, 10, 12, 0, 10, 11, 12, 0),
	gsSPEndDisplayList(),
};

Vtx mario_Right_Leg_mesh_layer_1_vtx_0[22] = {
	{{ {66, -11, 34}, 0, {-16, -16}, {251, 35, 122, 255} }},
	{{ {69, 45, 18}, 0, {-16, -16}, {251, 35, 122, 255} }},
	{{ {9, 44, 16}, 0, {-16, -16}, {198, 90, 69, 255} }},
	{{ {6, -6, 30}, 0, {-16, -16}, {192, 224, 105, 255} }},
	{{ {-13, 10, -9}, 0, {-16, -16}, {129, 8, 2, 255} }},
	{{ {9, 46, -33}, 0, {-16, -16}, {198, 95, 195, 255} }},
	{{ {69, 45, 18}, 0, {-16, -16}, {255, 127, 4, 255} }},
	{{ {69, 46, -37}, 0, {-16, -16}, {0, 127, 2, 255} }},
	{{ {5, -3, -50}, 0, {-16, -16}, {188, 231, 151, 255} }},
	{{ {4, -36, -10}, 0, {-16, -16}, {186, 150, 255, 255} }},
	{{ {65, -9, -56}, 0, {-16, -16}, {238, 159, 176, 255} }},
	{{ {63, -45, -12}, 0, {-16, -16}, {238, 159, 176, 255} }},
	{{ {66, -11, 34}, 0, {-16, -16}, {243, 155, 76, 255} }},
	{{ {63, -45, -12}, 0, {-16, -16}, {243, 155, 76, 255} }},
	{{ {69, 46, -37}, 0, {-16, -16}, {248, 42, 136, 255} }},
	{{ {65, -9, -56}, 0, {-16, -16}, {248, 42, 136, 255} }},
	{{ {66, -11, 34}, 0, {-16, -16}, {119, 235, 39, 255} }},
	{{ {83, 4, -10}, 0, {-16, -16}, {127, 248, 0, 255} }},
	{{ {69, 45, 18}, 0, {-16, -16}, {122, 25, 24, 255} }},
	{{ {63, -45, -12}, 0, {-16, -16}, {118, 208, 253, 255} }},
	{{ {65, -9, -56}, 0, {-16, -16}, {119, 236, 215, 255} }},
	{{ {69, 46, -37}, 0, {-16, -16}, {122, 25, 232, 255} }},
};

Gfx mario_Right_Leg_mesh_layer_1_tri_0[] = {
	gsSPVertex(mario_Right_Leg_mesh_layer_1_vtx_0 + 0, 22, 0),
	gsSP2Triangles(0, 1, 2, 0, 2, 3, 0, 0),
	gsSP2Triangles(2, 4, 3, 0, 5, 4, 2, 0),
	gsSP2Triangles(5, 2, 6, 0, 6, 7, 5, 0),
	gsSP2Triangles(8, 4, 5, 0, 9, 4, 8, 0),
	gsSP2Triangles(9, 8, 10, 0, 10, 11, 9, 0),
	gsSP2Triangles(3, 4, 9, 0, 12, 3, 9, 0),
	gsSP2Triangles(13, 12, 9, 0, 14, 15, 5, 0),
	gsSP2Triangles(15, 8, 5, 0, 16, 17, 18, 0),
	gsSP2Triangles(19, 17, 16, 0, 20, 17, 19, 0),
	gsSP2Triangles(21, 17, 20, 0, 18, 17, 21, 0),
	gsSPEndDisplayList(),
};

Vtx mario_Right_Shoe_DL_mesh_layer_1_vtx_0[25] = {
	{{ {75, 23, 40}, 0, {-16, -16}, {42, 120, 0, 255} }},
	{{ {109, 11, 20}, 0, {-16, -16}, {43, 120, 1, 255} }},
	{{ {110, 11, -36}, 0, {-16, -16}, {42, 120, 0, 255} }},
	{{ {78, 22, -61}, 0, {-16, -16}, {42, 120, 0, 255} }},
	{{ {-14, 54, 29}, 0, {-16, -16}, {42, 120, 0, 255} }},
	{{ {-11, 53, -56}, 0, {-16, -16}, {42, 120, 0, 255} }},
	{{ {-40, 63, 5}, 0, {-16, -16}, {42, 120, 0, 255} }},
	{{ {-42, 64, -29}, 0, {-16, -16}, {43, 119, 1, 255} }},
	{{ {109, 11, 20}, 0, {-16, -16}, {89, 206, 76, 255} }},
	{{ {75, 23, 40}, 0, {-16, -16}, {18, 212, 118, 255} }},
	{{ {44, -11, 32}, 0, {-16, -16}, {242, 192, 109, 255} }},
	{{ {-14, 54, 29}, 0, {-16, -16}, {205, 0, 116, 255} }},
	{{ {-36, 11, 19}, 0, {-16, -16}, {180, 205, 88, 255} }},
	{{ {-40, 63, 5}, 0, {-16, -16}, {145, 25, 56, 255} }},
	{{ {-54, 14, -10}, 0, {-16, -16}, {138, 210, 4, 255} }},
	{{ {-42, 64, -29}, 0, {-16, -16}, {141, 23, 206, 255} }},
	{{ {-34, 11, -46}, 0, {-16, -16}, {180, 205, 169, 255} }},
	{{ {-11, 53, -56}, 0, {-16, -16}, {210, 0, 138, 255} }},
	{{ {43, -18, -55}, 0, {-16, -16}, {251, 180, 154, 255} }},
	{{ {78, 22, -61}, 0, {-16, -16}, {30, 212, 141, 255} }},
	{{ {110, 11, -36}, 0, {-16, -16}, {93, 202, 188, 255} }},
	{{ {80, -29, -32}, 0, {-16, -16}, {26, 160, 177, 255} }},
	{{ {92, -55, -7}, 0, {-16, 1008}, {14, 130, 1, 255} }},
	{{ {80, -29, 18}, 0, {-16, -16}, {17, 168, 90, 255} }},
	{{ {27, -35, -11}, 0, {-16, -16}, {223, 133, 5, 255} }},
};

Gfx mario_Right_Shoe_DL_mesh_layer_1_tri_0[] = {
	gsSPVertex(mario_Right_Shoe_DL_mesh_layer_1_vtx_0 + 0, 25, 0),
	gsSP2Triangles(0, 1, 2, 0, 0, 2, 3, 0),
	gsSP2Triangles(4, 0, 3, 0, 4, 3, 5, 0),
	gsSP2Triangles(6, 4, 5, 0, 7, 6, 5, 0),
	gsSP2Triangles(8, 9, 10, 0, 9, 11, 10, 0),
	gsSP2Triangles(11, 12, 10, 0, 12, 11, 13, 0),
	gsSP2Triangles(14, 12, 13, 0, 13, 15, 14, 0),
	gsSP2Triangles(16, 14, 15, 0, 15, 17, 16, 0),
	gsSP2Triangles(17, 18, 16, 0, 17, 19, 18, 0),
	gsSP2Triangles(18, 19, 20, 0, 20, 21, 18, 0),
	gsSP2Triangles(20, 22, 21, 0, 8, 22, 20, 0),
	gsSP2Triangles(22, 8, 23, 0, 8, 10, 23, 0),
	gsSP2Triangles(23, 10, 24, 0, 24, 10, 12, 0),
	gsSP2Triangles(24, 12, 14, 0, 14, 16, 24, 0),
	gsSP2Triangles(16, 18, 24, 0, 24, 18, 21, 0),
	gsSP2Triangles(23, 24, 21, 0, 21, 22, 23, 0),
	gsSPEndDisplayList(),
};

Vtx mario_Metal_Mario_Switch_Option_Butt_mesh_layer_1_vtx_0[63] = {
	{{ {73, 11, 0}, 0, {911, 496}, {127, 5, 0, 255} }},
	{{ {55, -61, -36}, 0, {654, 630}, {100, 181, 231, 255} }},
	{{ {44, -10, -92}, 0, {814, 859}, {81, 240, 159, 255} }},
	{{ {55, -61, 36}, 0, {654, 361}, {100, 181, 25, 255} }},
	{{ {44, -9, 92}, 0, {819, 132}, {81, 241, 97, 255} }},
	{{ {43, 40, 91}, 0, {1067, 170}, {69, 44, 97, 255} }},
	{{ {52, 70, 38}, 0, {1115, 362}, {92, 83, 26, 255} }},
	{{ {52, 70, -39}, 0, {1115, 633}, {92, 83, 229, 255} }},
	{{ {43, 40, -91}, 0, {1067, 821}, {69, 44, 159, 255} }},
	{{ {55, -61, -36}, 0, {634, 630}, {100, 181, 231, 255} }},
	{{ {36, -51, -79}, 0, {603, 790}, {58, 183, 170, 255} }},
	{{ {44, -10, -92}, 0, {794, 859}, {81, 240, 159, 255} }},
	{{ {26, -74, -46}, 0, {531, 668}, {25, 136, 222, 255} }},
	{{ {55, -61, 36}, 0, {634, 361}, {100, 181, 25, 255} }},
	{{ {26, -74, 45}, 0, {531, 326}, {25, 136, 32, 255} }},
	{{ {36, -52, 79}, 0, {601, 204}, {58, 182, 86, 255} }},
	{{ {44, -9, 92}, 0, {800, 132}, {81, 241, 97, 255} }},
	{{ {8, -8, 99}, 0, {648, 21}, {234, 244, 125, 255} }},
	{{ {7, 33, 95}, 0, {1208, 95}, {229, 40, 118, 255} }},
	{{ {43, 40, 91}, 0, {1048, 170}, {69, 44, 97, 255} }},
	{{ {27, 72, 63}, 0, {1169, 272}, {17, 109, 64, 255} }},
	{{ {52, 70, 38}, 0, {1096, 362}, {92, 83, 26, 255} }},
	{{ {22, 82, 26}, 0, {1194, 399}, {5, 126, 13, 255} }},
	{{ {22, 82, -26}, 0, {1194, 592}, {5, 126, 243, 255} }},
	{{ {52, 70, -39}, 0, {1096, 633}, {92, 83, 229, 255} }},
	{{ {27, 72, -63}, 0, {1169, 719}, {16, 109, 192, 255} }},
	{{ {43, 40, -91}, 0, {1048, 821}, {69, 44, 159, 255} }},
	{{ {6, 33, -95}, 0, {1215, 897}, {227, 40, 139, 255} }},
	{{ {8, -8, -99}, 0, {648, 970}, {235, 244, 131, 255} }},
	{{ {4, -48, -86}, 0, {465, 841}, {223, 188, 154, 255} }},
	{{ {-9, -69, -55}, 0, {409, 714}, {204, 153, 203, 255} }},
	{{ {-14, -74, 0}, 0, {394, 496}, {199, 143, 0, 255} }},
	{{ {26, -74, 45}, 0, {531, 326}, {25, 136, 32, 255} }},
	{{ {-9, -69, 55}, 0, {409, 278}, {204, 152, 52, 255} }},
	{{ {-14, -74, 0}, 0, {394, 496}, {199, 143, 0, 255} }},
	{{ {4, -49, 86}, 0, {464, 153}, {223, 187, 102, 255} }},
	{{ {36, -52, 79}, 0, {601, 204}, {58, 182, 86, 255} }},
	{{ {8, -8, 99}, 0, {648, 21}, {234, 244, 125, 255} }},
	{{ {-20, -7, 81}, 0, {121, 67}, {157, 246, 79, 255} }},
	{{ {7, 33, 95}, 0, {1208, 95}, {229, 40, 118, 255} }},
	{{ {-31, -51, 42}, 0, {301, 296}, {142, 209, 31, 255} }},
	{{ {-31, -51, -42}, 0, {301, 695}, {142, 209, 225, 255} }},
	{{ {-9, -69, -55}, 0, {409, 714}, {204, 153, 203, 255} }},
	{{ {4, -48, -86}, 0, {465, 841}, {223, 188, 154, 255} }},
	{{ {-20, -8, -81}, 0, {133, 923}, {157, 246, 178, 255} }},
	{{ {8, -8, -99}, 0, {648, 970}, {235, 244, 131, 255} }},
	{{ {6, 33, -95}, 0, {1215, 897}, {227, 40, 139, 255} }},
	{{ {-5, 59, -72}, 0, {1284, 783}, {198, 86, 183, 255} }},
	{{ {27, 72, -63}, 0, {1169, 719}, {16, 109, 192, 255} }},
	{{ {-17, 32, -79}, 0, {1390, 867}, {160, 32, 179, 255} }},
	{{ {-20, -8, -81}, 0, {1771, 923}, {157, 246, 178, 255} }},
	{{ {-32, 40, -39}, 0, {1438, 708}, {137, 39, 234, 255} }},
	{{ {-31, -51, -42}, 0, {1939, 695}, {142, 209, 225, 255} }},
	{{ {-31, -51, 42}, 0, {1939, 296}, {142, 209, 31, 255} }},
	{{ {-32, 40, 39}, 0, {1438, 283}, {137, 39, 21, 255} }},
	{{ {-20, -7, 81}, 0, {1760, 67}, {157, 246, 79, 255} }},
	{{ {-18, 32, 79}, 0, {1396, 125}, {161, 32, 77, 255} }},
	{{ {-5, 59, 72}, 0, {1284, 208}, {198, 87, 72, 255} }},
	{{ {27, 72, 63}, 0, {1169, 272}, {17, 109, 64, 255} }},
	{{ {-9, 73, 34}, 0, {1294, 354}, {186, 104, 21, 255} }},
	{{ {22, 82, 26}, 0, {1194, 399}, {5, 126, 13, 255} }},
	{{ {22, 82, -26}, 0, {1194, 592}, {5, 126, 243, 255} }},
	{{ {-9, 73, -34}, 0, {1294, 637}, {186, 104, 235, 255} }},
};

Gfx mario_Metal_Mario_Switch_Option_Butt_mesh_layer_1_tri_0[] = {
	gsSPVertex(mario_Metal_Mario_Switch_Option_Butt_mesh_layer_1_vtx_0 + 0, 32, 0),
	gsSP2Triangles(0, 1, 2, 0, 0, 3, 1, 0),
	gsSP2Triangles(3, 0, 4, 0, 5, 4, 0, 0),
	gsSP2Triangles(0, 6, 5, 0, 6, 0, 7, 0),
	gsSP2Triangles(8, 7, 0, 0, 0, 2, 8, 0),
	gsSP2Triangles(9, 10, 11, 0, 9, 12, 10, 0),
	gsSP2Triangles(12, 9, 13, 0, 13, 14, 12, 0),
	gsSP2Triangles(15, 14, 13, 0, 16, 15, 13, 0),
	gsSP2Triangles(17, 15, 16, 0, 18, 17, 16, 0),
	gsSP2Triangles(18, 16, 19, 0, 18, 19, 20, 0),
	gsSP2Triangles(20, 19, 21, 0, 21, 22, 20, 0),
	gsSP2Triangles(23, 22, 21, 0, 24, 23, 21, 0),
	gsSP2Triangles(25, 23, 24, 0, 26, 25, 24, 0),
	gsSP2Triangles(27, 25, 26, 0, 27, 26, 11, 0),
	gsSP2Triangles(11, 28, 27, 0, 28, 11, 10, 0),
	gsSP2Triangles(10, 29, 28, 0, 29, 10, 12, 0),
	gsSP2Triangles(12, 30, 29, 0, 31, 30, 12, 0),
	gsSP1Triangle(14, 31, 12, 0),
	gsSPVertex(mario_Metal_Mario_Switch_Option_Butt_mesh_layer_1_vtx_0 + 32, 31, 0),
	gsSP2Triangles(0, 1, 2, 0, 3, 1, 0, 0),
	gsSP2Triangles(0, 4, 3, 0, 5, 3, 4, 0),
	gsSP2Triangles(3, 5, 6, 0, 6, 5, 7, 0),
	gsSP2Triangles(3, 6, 8, 0, 8, 1, 3, 0),
	gsSP2Triangles(2, 1, 8, 0, 8, 9, 2, 0),
	gsSP2Triangles(9, 10, 2, 0, 11, 10, 9, 0),
	gsSP2Triangles(12, 11, 9, 0, 12, 13, 11, 0),
	gsSP2Triangles(14, 13, 12, 0, 14, 15, 16, 0),
	gsSP2Triangles(15, 14, 17, 0, 18, 17, 14, 0),
	gsSP2Triangles(19, 17, 18, 0, 19, 18, 20, 0),
	gsSP2Triangles(19, 20, 21, 0, 21, 22, 19, 0),
	gsSP2Triangles(23, 22, 21, 0, 23, 24, 22, 0),
	gsSP2Triangles(7, 24, 23, 0, 24, 7, 25, 0),
	gsSP2Triangles(26, 25, 7, 0, 26, 27, 25, 0),
	gsSP2Triangles(26, 28, 27, 0, 27, 28, 29, 0),
	gsSP2Triangles(30, 27, 29, 0, 30, 29, 16, 0),
	gsSP2Triangles(15, 30, 16, 0, 19, 30, 15, 0),
	gsSP2Triangles(15, 17, 19, 0, 27, 30, 19, 0),
	gsSP2Triangles(22, 27, 19, 0, 25, 27, 22, 0),
	gsSP1Triangle(22, 24, 25, 0),
	gsSPEndDisplayList(),
};

Vtx mario_Metal_Mario_Switch_Option_Torso_mesh_layer_1_vtx_0[144] = {
	{{ {47, 75, -34}, 0, {1509, 621}, {72, 102, 230, 255} }},
	{{ {48, 64, -58}, 0, {1465, 589}, {70, 89, 199, 255} }},
	{{ {32, 62, -73}, 0, {1211, 596}, {42, 81, 168, 255} }},
	{{ {47, 75, -34}, 0, {1564, 19}, {72, 102, 230, 255} }},
	{{ {32, 62, -73}, 0, {1005, 212}, {42, 81, 168, 255} }},
	{{ {17, 66, -75}, 0, {1211, 258}, {23, 87, 166, 255} }},
	{{ {47, 75, -34}, 0, {1211, 258}, {72, 102, 230, 255} }},
	{{ {17, 66, -75}, 0, {1005, 212}, {23, 87, 166, 255} }},
	{{ {3, 77, -61}, 0, {806, 254}, {4, 108, 189, 255} }},
	{{ {47, 75, -34}, 0, {1005, 212}, {72, 102, 230, 255} }},
	{{ {3, 77, -61}, 0, {472, 19}, {4, 108, 189, 255} }},
	{{ {9, 89, -40}, 0, {806, 254}, {15, 120, 217, 255} }},
	{{ {28, 85, -29}, 0, {810, 257}, {44, 118, 240, 255} }},
	{{ {47, 75, -34}, 0, {590, 391}, {72, 102, 230, 255} }},
	{{ {9, 89, -40}, 0, {995, 424}, {15, 120, 217, 255} }},
	{{ {9, 89, 41}, 0, {472, 19}, {16, 120, 39, 255} }},
	{{ {3, 77, 62}, 0, {579, 380}, {4, 108, 67, 255} }},
	{{ {47, 75, 35}, 0, {806, 254}, {72, 102, 26, 255} }},
	{{ {28, 85, 30}, 0, {1013, 211}, {44, 118, 16, 255} }},
	{{ {9, 89, 41}, 0, {810, 257}, {16, 120, 39, 255} }},
	{{ {47, 75, 35}, 0, {1210, 254}, {72, 102, 26, 255} }},
	{{ {32, 62, 74}, 0, {1195, 641}, {41, 82, 88, 255} }},
	{{ {48, 64, 59}, 0, {1281, 682}, {70, 90, 56, 255} }},
	{{ {47, 75, 35}, 0, {1211, 596}, {72, 102, 26, 255} }},
	{{ {3, 77, 62}, 0, {1210, 254}, {4, 108, 67, 255} }},
	{{ {17, 66, 76}, 0, {1537, 18}, {24, 87, 89, 255} }},
	{{ {47, 75, 35}, 0, {1013, 211}, {72, 102, 26, 255} }},
	{{ {17, 66, 76}, 0, {1013, 211}, {24, 87, 89, 255} }},
	{{ {32, 62, 74}, 0, {467, 18}, {41, 82, 88, 255} }},
	{{ {47, 75, 35}, 0, {810, 257}, {72, 102, 26, 255} }},
	{{ {-71, 54, -29}, 0, {535, 920}, {139, 37, 222, 255} }},
	{{ {-59, -28, 38}, 0, {1680, 26}, {142, 212, 34, 255} }},
	{{ {-71, 54, 30}, 0, {1349, 920}, {139, 37, 34, 255} }},
	{{ {-59, -28, -37}, 0, {204, 26}, {142, 212, 222, 255} }},
	{{ {100, 1, -23}, 0, {835, 530}, {124, 18, 235, 255} }},
	{{ {100, 1, 24}, 0, {1061, 530}, {124, 18, 21, 255} }},
	{{ {93, -36, 26}, 0, {1073, 460}, {107, 189, 16, 255} }},
	{{ {93, -36, -25}, 0, {823, 460}, {107, 189, 240, 255} }},
	{{ {47, 75, -34}, 0, {810, 596}, {72, 102, 230, 255} }},
	{{ {28, 85, 30}, 0, {1195, 641}, {44, 118, 16, 255} }},
	{{ {47, 75, 35}, 0, {1211, 596}, {72, 102, 26, 255} }},
	{{ {28, 85, -29}, 0, {827, 641}, {44, 118, 240, 255} }},
	{{ {9, 89, -40}, 0, {741, 682}, {15, 120, 217, 255} }},
	{{ {9, 89, 41}, 0, {1281, 682}, {16, 120, 39, 255} }},
	{{ {-15, 88, 35}, 0, {1275, 735}, {236, 122, 29, 255} }},
	{{ {-15, 87, -35}, 0, {738, 734}, {235, 122, 226, 255} }},
	{{ {3, 77, -61}, 0, {578, 673}, {4, 108, 189, 255} }},
	{{ {-28, 63, -74}, 0, {371, 728}, {204, 72, 165, 255} }},
	{{ {-4, 58, -82}, 0, {389, 645}, {250, 65, 147, 255} }},
	{{ {17, 66, -75}, 0, {512, 621}, {23, 87, 166, 255} }},
	{{ {12, 33, -90}, 0, {352, 538}, {13, 28, 133, 255} }},
	{{ {32, 62, -73}, 0, {555, 589}, {42, 81, 168, 255} }},
	{{ {43, 51, -74}, 0, {564, 550}, {61, 53, 158, 255} }},
	{{ {48, 64, -58}, 0, {672, 573}, {70, 89, 199, 255} }},
	{{ {80, 14, -61}, 0, {690, 446}, {97, 35, 182, 255} }},
	{{ {82, 37, -26}, 0, {872, 492}, {104, 69, 235, 255} }},
	{{ {82, 37, 27}, 0, {1149, 492}, {104, 69, 21, 255} }},
	{{ {48, 64, 59}, 0, {1349, 573}, {70, 90, 56, 255} }},
	{{ {80, 14, 62}, 0, {1330, 446}, {97, 35, 74, 255} }},
	{{ {44, 51, 75}, 0, {1454, 549}, {62, 54, 96, 255} }},
	{{ {32, 62, 74}, 0, {1465, 589}, {41, 82, 88, 255} }},
	{{ {13, 33, 91}, 0, {1664, 537}, {16, 27, 123, 255} }},
	{{ {32, 62, 74}, 0, {1465, 589}, {41, 82, 88, 255} }},
	{{ {17, 66, 76}, 0, {1509, 621}, {24, 87, 89, 255} }},
	{{ {13, 33, 91}, 0, {1664, 537}, {16, 27, 123, 255} }},
	{{ {-4, 58, 84}, 0, {1636, 645}, {251, 66, 108, 255} }},
	{{ {3, 77, 62}, 0, {1443, 673}, {4, 108, 67, 255} }},
	{{ {-28, 63, 75}, 0, {1650, 728}, {203, 73, 89, 255} }},
	{{ {-15, 88, 35}, 0, {1275, 735}, {236, 122, 29, 255} }},
	{{ {9, 89, 41}, 0, {1281, 682}, {16, 120, 39, 255} }},
	{{ {-40, 72, 55}, 0, {1512, 788}, {192, 89, 65, 255} }},
	{{ {-43, 83, 25}, 0, {1237, 813}, {196, 110, 18, 255} }},
	{{ {-43, 83, -24}, 0, {788, 813}, {197, 111, 237, 255} }},
	{{ {-15, 87, -35}, 0, {738, 734}, {235, 122, 226, 255} }},
	{{ {-40, 72, -54}, 0, {511, 788}, {193, 89, 192, 255} }},
	{{ {-28, 63, -74}, 0, {371, 728}, {204, 72, 165, 255} }},
	{{ {-71, 54, -29}, 0, {607, 920}, {139, 37, 222, 255} }},
	{{ {-27, 26, -89}, 0, {135, 592}, {196, 13, 145, 255} }},
	{{ {-4, 58, -82}, 0, {389, 645}, {250, 65, 147, 255} }},
	{{ {12, 33, -90}, 0, {352, 538}, {13, 28, 133, 255} }},
	{{ {6, -10, -92}, 0, {283, 375}, {0, 234, 131, 255} }},
	{{ {47, 3, -88}, 0, {476, 425}, {47, 8, 138, 255} }},
	{{ {43, 51, -74}, 0, {564, 550}, {61, 53, 158, 255} }},
	{{ {80, 14, -61}, 0, {690, 446}, {97, 35, 182, 255} }},
	{{ {84, -29, -62}, 0, {697, 359}, {95, 216, 181, 255} }},
	{{ {100, 1, -23}, 0, {897, 419}, {124, 18, 235, 255} }},
	{{ {82, 37, -26}, 0, {872, 492}, {104, 69, 235, 255} }},
	{{ {100, 1, 24}, 0, {1123, 419}, {124, 18, 21, 255} }},
	{{ {82, 37, 27}, 0, {1149, 492}, {104, 69, 21, 255} }},
	{{ {80, 14, 62}, 0, {1330, 446}, {97, 35, 74, 255} }},
	{{ {84, -29, 63}, 0, {1323, 359}, {95, 216, 75, 255} }},
	{{ {47, 3, 89}, 0, {1544, 425}, {47, 8, 118, 255} }},
	{{ {44, 51, 75}, 0, {1454, 549}, {62, 54, 96, 255} }},
	{{ {6, -11, 93}, 0, {1736, 371}, {0, 233, 125, 255} }},
	{{ {-27, 26, 91}, 0, {1888, 592}, {197, 13, 112, 255} }},
	{{ {6, -11, 93}, 0, {1736, 371}, {0, 233, 125, 255} }},
	{{ {13, 33, 91}, 0, {1664, 537}, {16, 27, 123, 255} }},
	{{ {-4, 58, 84}, 0, {1636, 645}, {251, 66, 108, 255} }},
	{{ {-28, 63, 75}, 0, {1650, 728}, {203, 73, 89, 255} }},
	{{ {-71, 54, 30}, 0, {1420, 920}, {139, 37, 34, 255} }},
	{{ {-40, 72, 55}, 0, {1512, 788}, {192, 89, 65, 255} }},
	{{ {-43, 83, 25}, 0, {1237, 813}, {196, 110, 18, 255} }},
	{{ {-71, 54, -29}, 0, {607, 920}, {139, 37, 222, 255} }},
	{{ {-43, 83, -24}, 0, {788, 813}, {197, 111, 237, 255} }},
	{{ {-40, 72, -54}, 0, {511, 788}, {193, 89, 192, 255} }},
	{{ {-59, -28, 38}, 0, {1751, 27}, {142, 212, 34, 255} }},
	{{ {-27, -25, 87}, 0, {1877, 247}, {197, 216, 105, 255} }},
	{{ {-29, -58, 59}, 0, {1579, 114}, {196, 159, 56, 255} }},
	{{ {-30, -66, 0}, 0, {1008, 92}, {192, 146, 0, 255} }},
	{{ {-59, -28, -37}, 0, {275, 27}, {142, 212, 222, 255} }},
	{{ {-29, -58, -59}, 0, {436, 114}, {197, 159, 199, 255} }},
	{{ {-27, -25, -86}, 0, {143, 247}, {197, 218, 150, 255} }},
	{{ {-27, 26, -89}, 0, {135, 592}, {196, 13, 145, 255} }},
	{{ {6, -10, -92}, 0, {283, 375}, {0, 234, 131, 255} }},
	{{ {20, -61, -67}, 0, {552, 229}, {9, 151, 185, 255} }},
	{{ {46, -34, -83}, 0, {511, 327}, {35, 202, 147, 255} }},
	{{ {47, 3, -88}, 0, {476, 425}, {47, 8, 138, 255} }},
	{{ {84, -29, -62}, 0, {697, 359}, {95, 216, 181, 255} }},
	{{ {66, -52, -50}, 0, {735, 302}, {58, 151, 213, 255} }},
	{{ {93, -36, -25}, 0, {885, 349}, {107, 189, 240, 255} }},
	{{ {100, 1, -23}, 0, {897, 419}, {124, 18, 235, 255} }},
	{{ {54, -63, 0}, 0, {1008, 269}, {47, 138, 0, 255} }},
	{{ {8, -74, 0}, 0, {1008, 178}, {2, 129, 0, 255} }},
	{{ {20, -61, 68}, 0, {1469, 229}, {9, 151, 71, 255} }},
	{{ {66, -52, 51}, 0, {1286, 302}, {58, 151, 42, 255} }},
	{{ {93, -36, 26}, 0, {1135, 349}, {107, 189, 16, 255} }},
	{{ {66, -52, 51}, 0, {1286, 302}, {58, 151, 42, 255} }},
	{{ {93, -36, 26}, 0, {1135, 349}, {107, 189, 16, 255} }},
	{{ {84, -29, 63}, 0, {1323, 359}, {95, 216, 75, 255} }},
	{{ {100, 1, 24}, 0, {1123, 419}, {124, 18, 21, 255} }},
	{{ {46, -34, 84}, 0, {1509, 327}, {36, 202, 109, 255} }},
	{{ {47, 3, 89}, 0, {1544, 425}, {47, 8, 118, 255} }},
	{{ {6, -11, 93}, 0, {1736, 371}, {0, 233, 125, 255} }},
	{{ {20, -61, 68}, 0, {1469, 229}, {9, 151, 71, 255} }},
	{{ {-27, -25, 87}, 0, {1877, 247}, {197, 216, 105, 255} }},
	{{ {-27, 26, 91}, 0, {1888, 592}, {197, 13, 112, 255} }},
	{{ {-29, -58, 59}, 0, {1579, 114}, {196, 159, 56, 255} }},
	{{ {8, -74, 0}, 0, {1008, 178}, {2, 129, 0, 255} }},
	{{ {-30, -66, 0}, 0, {1008, 92}, {192, 146, 0, 255} }},
	{{ {-29, -58, -59}, 0, {436, 114}, {197, 159, 199, 255} }},
	{{ {20, -61, -67}, 0, {552, 229}, {9, 151, 185, 255} }},
	{{ {-27, -25, -86}, 0, {143, 247}, {197, 218, 150, 255} }},
	{{ {46, -34, -83}, 0, {511, 327}, {35, 202, 147, 255} }},
	{{ {66, -52, -50}, 0, {735, 302}, {58, 151, 213, 255} }},
};

Gfx mario_Metal_Mario_Switch_Option_Torso_mesh_layer_1_tri_0[] = {
	gsSPVertex(mario_Metal_Mario_Switch_Option_Torso_mesh_layer_1_vtx_0 + 0, 30, 0),
	gsSP2Triangles(0, 1, 2, 0, 3, 4, 5, 0),
	gsSP2Triangles(6, 7, 8, 0, 9, 10, 11, 0),
	gsSP2Triangles(12, 13, 14, 0, 15, 16, 17, 0),
	gsSP2Triangles(18, 19, 20, 0, 21, 22, 23, 0),
	gsSP2Triangles(24, 25, 26, 0, 27, 28, 29, 0),
	gsSPVertex(mario_Metal_Mario_Switch_Option_Torso_mesh_layer_1_vtx_0 + 30, 32, 0),
	gsSP2Triangles(0, 1, 2, 0, 0, 3, 1, 0),
	gsSP2Triangles(4, 5, 6, 0, 4, 6, 7, 0),
	gsSP2Triangles(8, 9, 10, 0, 8, 11, 9, 0),
	gsSP2Triangles(9, 11, 12, 0, 13, 9, 12, 0),
	gsSP2Triangles(13, 12, 14, 0, 12, 15, 14, 0),
	gsSP2Triangles(15, 12, 16, 0, 15, 16, 17, 0),
	gsSP2Triangles(17, 16, 18, 0, 19, 18, 16, 0),
	gsSP2Triangles(20, 18, 19, 0, 20, 19, 21, 0),
	gsSP2Triangles(20, 21, 22, 0, 23, 22, 21, 0),
	gsSP2Triangles(24, 22, 23, 0, 25, 24, 23, 0),
	gsSP2Triangles(23, 8, 25, 0, 8, 26, 25, 0),
	gsSP2Triangles(8, 10, 26, 0, 10, 27, 26, 0),
	gsSP2Triangles(28, 26, 27, 0, 27, 29, 28, 0),
	gsSP2Triangles(30, 29, 27, 0, 31, 29, 30, 0),
	gsSPVertex(mario_Metal_Mario_Switch_Option_Torso_mesh_layer_1_vtx_0 + 62, 32, 0),
	gsSP2Triangles(0, 1, 2, 0, 1, 3, 2, 0),
	gsSP2Triangles(4, 3, 1, 0, 5, 3, 4, 0),
	gsSP2Triangles(6, 5, 4, 0, 4, 7, 6, 0),
	gsSP2Triangles(6, 8, 5, 0, 8, 6, 9, 0),
	gsSP2Triangles(10, 9, 6, 0, 10, 6, 11, 0),
	gsSP2Triangles(10, 11, 12, 0, 13, 12, 11, 0),
	gsSP2Triangles(12, 13, 14, 0, 13, 15, 14, 0),
	gsSP2Triangles(15, 13, 16, 0, 15, 16, 17, 0),
	gsSP2Triangles(18, 15, 17, 0, 18, 17, 19, 0),
	gsSP2Triangles(19, 17, 20, 0, 21, 19, 20, 0),
	gsSP2Triangles(22, 19, 21, 0, 21, 23, 22, 0),
	gsSP2Triangles(21, 24, 23, 0, 25, 23, 24, 0),
	gsSP2Triangles(25, 24, 26, 0, 25, 26, 27, 0),
	gsSP2Triangles(27, 28, 25, 0, 27, 29, 28, 0),
	gsSP2Triangles(30, 29, 27, 0, 2, 29, 30, 0),
	gsSP1Triangle(2, 31, 29, 0),
	gsSPVertex(mario_Metal_Mario_Switch_Option_Torso_mesh_layer_1_vtx_0 + 94, 32, 0),
	gsSP2Triangles(0, 1, 2, 0, 0, 2, 3, 0),
	gsSP2Triangles(4, 0, 3, 0, 5, 0, 4, 0),
	gsSP2Triangles(5, 4, 6, 0, 6, 7, 5, 0),
	gsSP2Triangles(7, 8, 5, 0, 7, 9, 8, 0),
	gsSP2Triangles(8, 9, 10, 0, 0, 5, 11, 0),
	gsSP2Triangles(11, 12, 0, 0, 13, 12, 11, 0),
	gsSP2Triangles(14, 13, 11, 0, 11, 15, 14, 0),
	gsSP2Triangles(14, 15, 16, 0, 17, 16, 15, 0),
	gsSP2Triangles(18, 17, 15, 0, 15, 8, 18, 0),
	gsSP2Triangles(17, 18, 19, 0, 20, 17, 19, 0),
	gsSP2Triangles(19, 21, 20, 0, 19, 22, 21, 0),
	gsSP2Triangles(23, 21, 22, 0, 24, 21, 23, 0),
	gsSP2Triangles(23, 25, 24, 0, 26, 25, 23, 0),
	gsSP2Triangles(27, 24, 25, 0, 20, 24, 27, 0),
	gsSP2Triangles(27, 28, 20, 0, 29, 28, 27, 0),
	gsSP2Triangles(29, 27, 30, 0, 31, 30, 27, 0),
	gsSP1Triangle(27, 25, 31, 0),
	gsSPVertex(mario_Metal_Mario_Switch_Option_Torso_mesh_layer_1_vtx_0 + 126, 18, 0),
	gsSP2Triangles(0, 1, 2, 0, 2, 1, 3, 0),
	gsSP2Triangles(2, 4, 0, 0, 5, 4, 2, 0),
	gsSP2Triangles(4, 5, 6, 0, 7, 4, 6, 0),
	gsSP2Triangles(7, 6, 8, 0, 6, 9, 8, 0),
	gsSP2Triangles(10, 7, 8, 0, 11, 7, 10, 0),
	gsSP2Triangles(10, 12, 11, 0, 11, 12, 13, 0),
	gsSP2Triangles(13, 14, 11, 0, 14, 13, 15, 0),
	gsSP2Triangles(7, 0, 4, 0, 16, 17, 14, 0),
	gsSPEndDisplayList(),
};

Vtx mario_Metal_Mario_Switch_Option_Head_DL_mesh_layer_1_vtx_0[191] = {
	{{ {48, 94, 76}, 0, {1443, 673}, {214, 89, 80, 255} }},
	{{ {44, 44, 97}, 0, {1509, 621}, {209, 30, 114, 255} }},
	{{ {92, 88, 84}, 0, {1211, 596}, {42, 78, 91, 255} }},
	{{ {44, 44, 97}, 0, {827, 641}, {209, 30, 114, 255} }},
	{{ {48, 94, 76}, 0, {810, 596}, {214, 89, 80, 255} }},
	{{ {3, 54, 52}, 0, {741, 682}, {143, 26, 53, 255} }},
	{{ {44, 44, 97}, 0, {1936, 620}, {209, 30, 114, 255} }},
	{{ {96, 49, 94}, 0, {1747, 602}, {12, 40, 120, 255} }},
	{{ {92, 88, 84}, 0, {1661, 712}, {42, 78, 91, 255} }},
	{{ {42, 0, 103}, 0, {2013, 460}, {190, 246, 108, 255} }},
	{{ {3, 54, 52}, 0, {1644, 702}, {143, 26, 53, 255} }},
	{{ {17, -52, 47}, 0, {1549, 245}, {136, 241, 37, 255} }},
	{{ {-7, 62, 0}, 0, {1024, 751}, {133, 33, 0, 255} }},
	{{ {27, 100, 30}, 0, {1319, 829}, {176, 96, 26, 255} }},
	{{ {48, 94, 76}, 0, {1697, 779}, {214, 89, 80, 255} }},
	{{ {52, 111, 31}, 0, {1294, 821}, {179, 55, 85, 255} }},
	{{ {77, 108, 34}, 0, {1295, 780}, {24, 45, 116, 255} }},
	{{ {97, 103, 25}, 0, {1212, 745}, {78, 66, 76, 255} }},
	{{ {104, 87, 70}, 0, {1539, 698}, {43, 98, 68, 255} }},
	{{ {144, 83, 67}, 0, {1461, 659}, {32, 91, 82, 255} }},
	{{ {153, 33, 95}, 0, {1635, 539}, {250, 69, 107, 255} }},
	{{ {120, -11, 111}, 0, {1811, 431}, {242, 48, 117, 255} }},
	{{ {85, -23, 111}, 0, {1910, 390}, {20, 100, 76, 255} }},
	{{ {89, -25, 132}, 0, {2035, 386}, {230, 33, 120, 255} }},
	{{ {56, -45, 77}, 0, {1728, 306}, {205, 201, 103, 255} }},
	{{ {33, -79, 78}, 0, {1776, 169}, {226, 14, 123, 255} }},
	{{ {17, -80, 55}, 0, {1599, 142}, {130, 0, 14, 255} }},
	{{ {31, -84, 0}, 0, {1024, 149}, {159, 174, 0, 255} }},
	{{ {17, -52, -46}, 0, {509, 245}, {136, 241, 219, 255} }},
	{{ {3, 54, -51}, 0, {415, 702}, {144, 26, 203, 255} }},
	{{ {27, 100, -29}, 0, {739, 829}, {177, 96, 230, 255} }},
	{{ {41, 109, 0}, 0, {1024, 833}, {141, 54, 255, 255} }},
	{{ {32, 132, 0}, 0, {1024, 911}, {131, 236, 254, 255} }},
	{{ {41, 109, 0}, 0, {1024, 833}, {141, 54, 255, 255} }},
	{{ {52, 111, 31}, 0, {1294, 821}, {179, 55, 85, 255} }},
	{{ {47, 131, 41}, 0, {1370, 882}, {176, 231, 96, 255} }},
	{{ {77, 108, 34}, 0, {1295, 780}, {24, 45, 116, 255} }},
	{{ {75, 130, 46}, 0, {1378, 838}, {254, 226, 123, 255} }},
	{{ {102, 129, 41}, 0, {1315, 802}, {77, 223, 96, 255} }},
	{{ {97, 103, 25}, 0, {1212, 745}, {78, 66, 76, 255} }},
	{{ {117, 128, 0}, 0, {1024, 783}, {124, 228, 255, 255} }},
	{{ {108, 105, 0}, 0, {1024, 739}, {101, 77, 255, 255} }},
	{{ {145, 101, 0}, 0, {1024, 699}, {22, 125, 0, 255} }},
	{{ {175, 91, 39}, 0, {1257, 658}, {174, 96, 14, 255} }},
	{{ {144, 83, 67}, 0, {1461, 659}, {32, 91, 82, 255} }},
	{{ {104, 87, 70}, 0, {1539, 698}, {43, 98, 68, 255} }},
	{{ {153, 33, 95}, 0, {1635, 539}, {250, 69, 107, 255} }},
	{{ {184, 149, 66}, 0, {1386, 764}, {249, 94, 85, 255} }},
	{{ {195, 93, 32}, 0, {1205, 651}, {76, 83, 59, 255} }},
	{{ {252, 87, 70}, 0, {1366, 615}, {58, 77, 82, 255} }},
	{{ {187, -6, 134}, 0, {1791, 448}, {33, 3, 122, 255} }},
	{{ {120, -11, 111}, 0, {1811, 431}, {242, 48, 117, 255} }},
	{{ {121, -71, 124}, 0, {1867, 276}, {230, 214, 117, 255} }},
	{{ {91, -54, 86}, 0, {1700, 302}, {185, 202, 90, 255} }},
	{{ {127, -33, 138}, 0, {1956, 375}, {84, 237, 94, 255} }},
	{{ {85, -23, 111}, 0, {1910, 390}, {20, 100, 76, 255} }},
	{{ {89, -25, 132}, 0, {2035, 386}, {230, 33, 120, 255} }},
	{{ {56, -45, 77}, 0, {1728, 306}, {205, 201, 103, 255} }},
	{{ {64, -103, 52}, 0, {1459, 138}, {205, 160, 65, 255} }},
	{{ {46, -113, 64}, 0, {1583, 86}, {71, 162, 47, 255} }},
	{{ {33, -79, 78}, 0, {1776, 169}, {226, 14, 123, 255} }},
	{{ {16, -125, 83}, 0, {1789, -4}, {199, 169, 72, 255} }},
	{{ {17, -80, 55}, 0, {1599, 142}, {130, 0, 14, 255} }},
	{{ {30, -112, 44}, 0, {1433, 62}, {213, 153, 196, 255} }},
	{{ {31, -84, 0}, 0, {1024, 149}, {159, 174, 0, 255} }},
	{{ {30, -112, 44}, 0, {1433, 62}, {213, 153, 196, 255} }},
	{{ {17, -80, 55}, 0, {1599, 142}, {130, 0, 14, 255} }},
	{{ {64, -103, 52}, 0, {1459, 138}, {205, 160, 65, 255} }},
	{{ {64, -103, -51}, 0, {598, 138}, {205, 160, 191, 255} }},
	{{ {30, -112, -43}, 0, {625, 62}, {213, 153, 60, 255} }},
	{{ {17, -80, -54}, 0, {459, 142}, {130, 0, 242, 255} }},
	{{ {17, -52, -46}, 0, {509, 245}, {136, 241, 219, 255} }},
	{{ {33, -79, -77}, 0, {281, 169}, {226, 14, 133, 255} }},
	{{ {56, -45, -76}, 0, {329, 306}, {205, 201, 153, 255} }},
	{{ {42, 0, -102}, 0, {43, 460}, {190, 246, 148, 255} }},
	{{ {3, 54, -51}, 0, {415, 702}, {144, 26, 203, 255} }},
	{{ {44, 44, -96}, 0, {120, 620}, {209, 30, 142, 255} }},
	{{ {48, 94, -75}, 0, {360, 779}, {214, 89, 176, 255} }},
	{{ {27, 100, -29}, 0, {739, 829}, {177, 96, 230, 255} }},
	{{ {52, 111, -30}, 0, {763, 821}, {180, 55, 171, 255} }},
	{{ {41, 109, 0}, 0, {1024, 833}, {141, 54, 255, 255} }},
	{{ {32, 132, 0}, 0, {1024, 911}, {131, 236, 254, 255} }},
	{{ {47, 131, -40}, 0, {686, 882}, {175, 233, 161, 255} }},
	{{ {52, 164, -40}, 0, {715, 952}, {194, 66, 167, 255} }},
	{{ {33, 165, 0}, 0, {1024, 989}, {144, 60, 254, 255} }},
	{{ {47, 131, 41}, 0, {1370, 882}, {176, 231, 96, 255} }},
	{{ {52, 164, 41}, 0, {1340, 952}, {195, 67, 89, 255} }},
	{{ {75, 130, 46}, 0, {1378, 838}, {254, 226, 123, 255} }},
	{{ {78, 163, 46}, 0, {1353, 908}, {3, 68, 107, 255} }},
	{{ {104, 162, 41}, 0, {1298, 870}, {73, 57, 88, 255} }},
	{{ {102, 129, 41}, 0, {1315, 802}, {77, 223, 96, 255} }},
	{{ {117, 128, 0}, 0, {1024, 783}, {124, 228, 255, 255} }},
	{{ {119, 161, 0}, 0, {1024, 850}, {120, 41, 0, 255} }},
	{{ {102, 129, -40}, 0, {740, 802}, {76, 223, 160, 255} }},
	{{ {97, 103, -24}, 0, {843, 745}, {77, 65, 179, 255} }},
	{{ {108, 105, 0}, 0, {1024, 739}, {101, 77, 255, 255} }},
	{{ {97, 103, -24}, 0, {843, 745}, {77, 65, 179, 255} }},
	{{ {108, 105, 0}, 0, {1024, 739}, {101, 77, 255, 255} }},
	{{ {145, 101, 0}, 0, {1024, 699}, {22, 125, 0, 255} }},
	{{ {175, 91, -38}, 0, {797, 658}, {174, 96, 242, 255} }},
	{{ {175, 91, 39}, 0, {1257, 658}, {174, 96, 14, 255} }},
	{{ {201, 168, 0}, 0, {1024, 784}, {30, 123, 0, 255} }},
	{{ {184, 149, 66}, 0, {1386, 764}, {249, 94, 85, 255} }},
	{{ {195, 93, 32}, 0, {1205, 651}, {76, 83, 59, 255} }},
	{{ {195, 93, -31}, 0, {849, 651}, {76, 83, 197, 255} }},
	{{ {272, 110, 0}, 0, {1024, 645}, {80, 98, 0, 255} }},
	{{ {252, 87, 70}, 0, {1366, 615}, {58, 77, 82, 255} }},
	{{ {271, 0, 42}, 0, {1226, 460}, {112, 209, 37, 255} }},
	{{ {187, -6, 134}, 0, {1791, 448}, {33, 3, 122, 255} }},
	{{ {174, -79, 75}, 0, {1472, 288}, {83, 173, 48, 255} }},
	{{ {121, -71, 124}, 0, {1867, 276}, {230, 214, 117, 255} }},
	{{ {122, -154, 49}, 0, {1339, 88}, {33, 141, 42, 255} }},
	{{ {77, -138, 51}, 0, {1407, 67}, {175, 170, 47, 255} }},
	{{ {64, -103, 52}, 0, {1459, 138}, {205, 160, 65, 255} }},
	{{ {91, -54, 86}, 0, {1700, 302}, {185, 202, 90, 255} }},
	{{ {77, -138, -50}, 0, {648, 67}, {175, 170, 209, 255} }},
	{{ {64, -103, -51}, 0, {598, 138}, {205, 160, 191, 255} }},
	{{ {121, -71, -123}, 0, {187, 276}, {230, 215, 139, 255} }},
	{{ {91, -54, -85}, 0, {356, 302}, {185, 202, 165, 255} }},
	{{ {56, -45, -76}, 0, {329, 306}, {205, 201, 153, 255} }},
	{{ {46, -113, -63}, 0, {473, 86}, {71, 162, 209, 255} }},
	{{ {30, -112, -43}, 0, {625, 62}, {213, 153, 60, 255} }},
	{{ {16, -125, -82}, 0, {267, -4}, {199, 169, 184, 255} }},
	{{ {17, -80, -54}, 0, {459, 142}, {130, 0, 242, 255} }},
	{{ {33, -79, -77}, 0, {281, 169}, {226, 14, 133, 255} }},
	{{ {89, -25, -131}, 0, {20, 386}, {230, 33, 136, 255} }},
	{{ {42, 0, -102}, 0, {43, 460}, {190, 246, 148, 255} }},
	{{ {85, -23, -110}, 0, {145, 390}, {22, 100, 180, 255} }},
	{{ {96, 49, -93}, 0, {308, 602}, {12, 40, 136, 255} }},
	{{ {85, -23, -110}, 0, {145, 390}, {22, 100, 180, 255} }},
	{{ {42, 0, -102}, 0, {43, 460}, {190, 246, 148, 255} }},
	{{ {44, 44, -96}, 0, {120, 620}, {209, 30, 142, 255} }},
	{{ {92, 88, -83}, 0, {395, 712}, {42, 78, 165, 255} }},
	{{ {48, 94, -75}, 0, {360, 779}, {214, 89, 176, 255} }},
	{{ {77, 108, -33}, 0, {761, 780}, {24, 45, 140, 255} }},
	{{ {52, 111, -30}, 0, {763, 821}, {180, 55, 171, 255} }},
	{{ {47, 131, -40}, 0, {686, 882}, {175, 233, 161, 255} }},
	{{ {75, 130, -45}, 0, {678, 838}, {254, 226, 133, 255} }},
	{{ {52, 164, -40}, 0, {715, 952}, {194, 66, 167, 255} }},
	{{ {78, 163, -45}, 0, {702, 908}, {3, 67, 148, 255} }},
	{{ {60, 181, 0}, 0, {1024, 974}, {229, 124, 0, 255} }},
	{{ {33, 165, 0}, 0, {1024, 989}, {144, 60, 254, 255} }},
	{{ {52, 164, 41}, 0, {1340, 952}, {195, 67, 89, 255} }},
	{{ {78, 163, 46}, 0, {1353, 908}, {3, 68, 107, 255} }},
	{{ {101, 179, 0}, 0, {1024, 908}, {47, 118, 0, 255} }},
	{{ {104, 162, 41}, 0, {1298, 870}, {73, 57, 88, 255} }},
	{{ {119, 161, 0}, 0, {1024, 850}, {120, 41, 0, 255} }},
	{{ {104, 162, -40}, 0, {757, 870}, {72, 56, 168, 255} }},
	{{ {102, 129, -40}, 0, {740, 802}, {76, 223, 160, 255} }},
	{{ {97, 103, -24}, 0, {843, 745}, {77, 65, 179, 255} }},
	{{ {104, 87, -69}, 0, {516, 698}, {43, 98, 188, 255} }},
	{{ {144, 83, -66}, 0, {594, 659}, {32, 91, 174, 255} }},
	{{ {175, 91, -38}, 0, {797, 658}, {174, 96, 242, 255} }},
	{{ {153, 33, -94}, 0, {419, 539}, {249, 68, 149, 255} }},
	{{ {184, 149, -65}, 0, {668, 764}, {249, 94, 171, 255} }},
	{{ {201, 168, 0}, 0, {1024, 784}, {30, 123, 0, 255} }},
	{{ {195, 93, -31}, 0, {849, 651}, {76, 83, 197, 255} }},
	{{ {252, 87, -69}, 0, {687, 615}, {58, 77, 174, 255} }},
	{{ {272, 110, 0}, 0, {1024, 645}, {80, 98, 0, 255} }},
	{{ {271, 0, -41}, 0, {827, 460}, {112, 209, 219, 255} }},
	{{ {271, 0, -41}, 0, {827, 460}, {112, 209, 219, 255} }},
	{{ {272, 110, 0}, 0, {1024, 645}, {80, 98, 0, 255} }},
	{{ {271, 0, 42}, 0, {1226, 460}, {112, 209, 37, 255} }},
	{{ {174, -79, 75}, 0, {1472, 288}, {83, 173, 48, 255} }},
	{{ {174, -79, -74}, 0, {582, 288}, {83, 173, 208, 255} }},
	{{ {122, -154, 49}, 0, {1339, 88}, {33, 141, 42, 255} }},
	{{ {122, -154, -48}, 0, {715, 88}, {33, 141, 214, 255} }},
	{{ {77, -138, -50}, 0, {648, 67}, {175, 170, 209, 255} }},
	{{ {77, -138, 51}, 0, {1407, 67}, {175, 170, 47, 255} }},
	{{ {121, -71, -123}, 0, {187, 276}, {230, 215, 139, 255} }},
	{{ {187, -6, -133}, 0, {263, 448}, {33, 3, 133, 255} }},
	{{ {120, -12, -109}, 0, {250, 429}, {243, 48, 139, 255} }},
	{{ {91, -54, -85}, 0, {356, 302}, {185, 202, 165, 255} }},
	{{ {127, -33, -137}, 0, {98, 375}, {83, 238, 162, 255} }},
	{{ {89, -25, -131}, 0, {20, 386}, {230, 33, 136, 255} }},
	{{ {85, -23, -110}, 0, {145, 390}, {22, 100, 180, 255} }},
	{{ {96, 49, -93}, 0, {308, 602}, {12, 40, 136, 255} }},
	{{ {153, 33, -94}, 0, {419, 539}, {249, 68, 149, 255} }},
	{{ {144, 83, -66}, 0, {594, 659}, {32, 91, 174, 255} }},
	{{ {104, 87, -69}, 0, {516, 698}, {43, 98, 188, 255} }},
	{{ {92, 88, -83}, 0, {395, 712}, {42, 78, 165, 255} }},
	{{ {252, 87, -69}, 0, {687, 615}, {58, 77, 174, 255} }},
	{{ {78, 163, -45}, 0, {702, 908}, {3, 67, 148, 255} }},
	{{ {60, 181, 0}, 0, {1024, 974}, {229, 124, 0, 255} }},
	{{ {101, 179, 0}, 0, {1024, 908}, {47, 118, 0, 255} }},
	{{ {104, 162, -40}, 0, {757, 870}, {72, 56, 168, 255} }},
	{{ {75, 130, -45}, 0, {678, 838}, {254, 226, 133, 255} }},
	{{ {46, -113, 64}, 0, {1583, 86}, {71, 162, 47, 255} }},
	{{ {30, -112, 44}, 0, {1433, 62}, {213, 153, 196, 255} }},
	{{ {64, -103, 52}, 0, {1459, 138}, {205, 160, 65, 255} }},
	{{ {16, -125, 83}, 0, {1789, -4}, {199, 169, 72, 255} }},
};

Gfx mario_Metal_Mario_Switch_Option_Head_DL_mesh_layer_1_tri_0[] = {
	gsSPVertex(mario_Metal_Mario_Switch_Option_Head_DL_mesh_layer_1_vtx_0 + 0, 32, 0),
	gsSP2Triangles(0, 1, 2, 0, 3, 4, 5, 0),
	gsSP2Triangles(6, 7, 8, 0, 7, 6, 9, 0),
	gsSP2Triangles(6, 10, 9, 0, 10, 11, 9, 0),
	gsSP2Triangles(11, 10, 12, 0, 12, 10, 13, 0),
	gsSP2Triangles(10, 14, 13, 0, 13, 14, 15, 0),
	gsSP2Triangles(16, 15, 14, 0, 8, 16, 14, 0),
	gsSP2Triangles(16, 8, 17, 0, 8, 18, 17, 0),
	gsSP2Triangles(18, 8, 7, 0, 19, 18, 7, 0),
	gsSP2Triangles(7, 20, 19, 0, 20, 7, 21, 0),
	gsSP2Triangles(22, 21, 7, 0, 9, 22, 7, 0),
	gsSP2Triangles(9, 23, 22, 0, 23, 9, 24, 0),
	gsSP2Triangles(11, 24, 9, 0, 25, 24, 11, 0),
	gsSP2Triangles(11, 26, 25, 0, 26, 11, 27, 0),
	gsSP2Triangles(28, 27, 11, 0, 28, 11, 12, 0),
	gsSP2Triangles(28, 12, 29, 0, 30, 29, 12, 0),
	gsSP2Triangles(13, 30, 12, 0, 31, 30, 13, 0),
	gsSP1Triangle(13, 15, 31, 0),
	gsSPVertex(mario_Metal_Mario_Switch_Option_Head_DL_mesh_layer_1_vtx_0 + 32, 32, 0),
	gsSP2Triangles(0, 1, 2, 0, 2, 3, 0, 0),
	gsSP2Triangles(3, 2, 4, 0, 5, 3, 4, 0),
	gsSP2Triangles(6, 5, 4, 0, 4, 7, 6, 0),
	gsSP2Triangles(8, 6, 7, 0, 7, 9, 8, 0),
	gsSP2Triangles(10, 9, 7, 0, 11, 10, 7, 0),
	gsSP2Triangles(12, 11, 7, 0, 7, 13, 12, 0),
	gsSP2Triangles(14, 11, 12, 0, 14, 15, 11, 0),
	gsSP2Triangles(16, 15, 14, 0, 16, 14, 17, 0),
	gsSP2Triangles(18, 17, 14, 0, 18, 14, 19, 0),
	gsSP2Triangles(19, 20, 18, 0, 21, 20, 19, 0),
	gsSP2Triangles(21, 19, 22, 0, 19, 23, 22, 0),
	gsSP2Triangles(24, 22, 23, 0, 24, 21, 22, 0),
	gsSP2Triangles(24, 25, 21, 0, 26, 21, 25, 0),
	gsSP2Triangles(27, 26, 25, 0, 25, 28, 27, 0),
	gsSP2Triangles(28, 29, 27, 0, 30, 29, 28, 0),
	gsSP1Triangle(31, 29, 30, 0),
	gsSPVertex(mario_Metal_Mario_Switch_Option_Head_DL_mesh_layer_1_vtx_0 + 64, 32, 0),
	gsSP2Triangles(0, 1, 2, 0, 0, 3, 1, 0),
	gsSP2Triangles(0, 4, 3, 0, 0, 5, 4, 0),
	gsSP2Triangles(6, 5, 0, 0, 0, 7, 6, 0),
	gsSP2Triangles(8, 6, 7, 0, 7, 9, 8, 0),
	gsSP2Triangles(10, 9, 7, 0, 10, 7, 11, 0),
	gsSP2Triangles(10, 11, 12, 0, 11, 13, 12, 0),
	gsSP2Triangles(14, 13, 11, 0, 15, 13, 14, 0),
	gsSP2Triangles(16, 15, 14, 0, 15, 16, 17, 0),
	gsSP2Triangles(17, 18, 15, 0, 19, 18, 17, 0),
	gsSP2Triangles(20, 19, 17, 0, 17, 21, 20, 0),
	gsSP2Triangles(21, 22, 20, 0, 22, 21, 23, 0),
	gsSP2Triangles(22, 23, 24, 0, 24, 23, 25, 0),
	gsSP2Triangles(23, 26, 25, 0, 25, 26, 27, 0),
	gsSP2Triangles(28, 25, 27, 0, 27, 29, 28, 0),
	gsSP2Triangles(30, 29, 27, 0, 27, 31, 30, 0),
	gsSPVertex(mario_Metal_Mario_Switch_Option_Head_DL_mesh_layer_1_vtx_0 + 96, 32, 0),
	gsSP2Triangles(0, 1, 2, 0, 0, 2, 3, 0),
	gsSP2Triangles(3, 2, 4, 0, 3, 4, 5, 0),
	gsSP2Triangles(6, 5, 4, 0, 7, 5, 6, 0),
	gsSP2Triangles(8, 5, 7, 0, 9, 8, 7, 0),
	gsSP2Triangles(10, 9, 7, 0, 11, 9, 10, 0),
	gsSP2Triangles(10, 12, 11, 0, 11, 12, 13, 0),
	gsSP2Triangles(14, 13, 12, 0, 14, 15, 13, 0),
	gsSP2Triangles(16, 15, 14, 0, 14, 17, 16, 0),
	gsSP2Triangles(18, 17, 14, 0, 16, 17, 19, 0),
	gsSP2Triangles(17, 20, 19, 0, 19, 20, 21, 0),
	gsSP2Triangles(22, 21, 20, 0, 23, 22, 20, 0),
	gsSP2Triangles(23, 20, 24, 0, 25, 24, 20, 0),
	gsSP2Triangles(25, 26, 24, 0, 27, 26, 25, 0),
	gsSP2Triangles(28, 26, 27, 0, 26, 28, 24, 0),
	gsSP2Triangles(24, 28, 23, 0, 23, 29, 22, 0),
	gsSP2Triangles(30, 29, 23, 0, 31, 29, 30, 0),
	gsSPVertex(mario_Metal_Mario_Switch_Option_Head_DL_mesh_layer_1_vtx_0 + 128, 32, 0),
	gsSP2Triangles(0, 1, 2, 0, 2, 3, 0, 0),
	gsSP2Triangles(4, 0, 3, 0, 4, 3, 5, 0),
	gsSP2Triangles(5, 6, 4, 0, 5, 7, 6, 0),
	gsSP2Triangles(6, 7, 8, 0, 8, 9, 6, 0),
	gsSP2Triangles(8, 10, 9, 0, 10, 11, 9, 0),
	gsSP2Triangles(12, 11, 10, 0, 13, 12, 10, 0),
	gsSP2Triangles(13, 14, 12, 0, 14, 15, 12, 0),
	gsSP2Triangles(12, 15, 16, 0, 17, 16, 15, 0),
	gsSP2Triangles(16, 17, 18, 0, 16, 18, 19, 0),
	gsSP2Triangles(20, 19, 18, 0, 9, 19, 20, 0),
	gsSP2Triangles(9, 20, 6, 0, 20, 21, 6, 0),
	gsSP2Triangles(4, 6, 21, 0, 4, 21, 22, 0),
	gsSP2Triangles(22, 21, 23, 0, 21, 24, 23, 0),
	gsSP2Triangles(23, 24, 25, 0, 24, 26, 25, 0),
	gsSP2Triangles(24, 27, 26, 0, 26, 27, 28, 0),
	gsSP2Triangles(26, 28, 25, 0, 29, 25, 28, 0),
	gsSP2Triangles(30, 29, 28, 0, 29, 30, 31, 0),
	gsSPVertex(mario_Metal_Mario_Switch_Option_Head_DL_mesh_layer_1_vtx_0 + 160, 31, 0),
	gsSP2Triangles(0, 1, 2, 0, 0, 2, 3, 0),
	gsSP2Triangles(4, 0, 3, 0, 4, 3, 5, 0),
	gsSP2Triangles(5, 6, 4, 0, 7, 6, 5, 0),
	gsSP2Triangles(7, 5, 8, 0, 9, 6, 7, 0),
	gsSP2Triangles(4, 6, 9, 0, 10, 4, 9, 0),
	gsSP2Triangles(10, 9, 11, 0, 11, 9, 12, 0),
	gsSP2Triangles(13, 11, 12, 0, 14, 13, 12, 0),
	gsSP2Triangles(15, 13, 14, 0, 13, 15, 11, 0),
	gsSP2Triangles(15, 16, 11, 0, 11, 16, 17, 0),
	gsSP2Triangles(18, 17, 16, 0, 16, 19, 18, 0),
	gsSP2Triangles(16, 20, 19, 0, 17, 10, 11, 0),
	gsSP2Triangles(17, 21, 10, 0, 0, 10, 21, 0),
	gsSP2Triangles(4, 10, 0, 0, 22, 23, 24, 0),
	gsSP2Triangles(24, 25, 22, 0, 26, 22, 25, 0),
	gsSP2Triangles(27, 28, 29, 0, 27, 30, 28, 0),
	gsSPEndDisplayList(),
};

Vtx mario_Metal_Mario_Switch_Option_Capless_Head_Switch_Option_Capless_Head_mesh_layer_1_vtx_0[201] = {
	{{ {153, 33, 95}, 0, {497, 205}, {254, 54, 115, 255} }},
	{{ {200, 75, 84}, 0, {545, 161}, {33, 81, 93, 255} }},
	{{ {151, 72, 70}, 0, {538, 134}, {226, 91, 84, 255} }},
	{{ {175, 91, 39}, 0, {613, 137}, {252, 117, 50, 255} }},
	{{ {209, 86, 60}, 0, {582, 157}, {49, 98, 64, 255} }},
	{{ {227, 35, 75}, 0, {554, 226}, {108, 11, 66, 255} }},
	{{ {231, 81, 33}, 0, {613, 187}, {108, 52, 42, 255} }},
	{{ {237, 64, 0}, 0, {635, 228}, {127, 248, 5, 255} }},
	{{ {227, -14, 59}, 0, {557, 295}, {114, 234, 52, 255} }},
	{{ {241, -34, 0}, 0, {598, 346}, {124, 229, 0, 255} }},
	{{ {189, -102, 73}, 0, {524, 419}, {74, 176, 66, 255} }},
	{{ {200, -117, 0}, 0, {574, 465}, {80, 157, 255, 255} }},
	{{ {116, -126, 68}, 0, {499, 509}, {234, 149, 64, 255} }},
	{{ {119, -134, 0}, 0, {556, 561}, {241, 130, 254, 255} }},
	{{ {116, -124, -67}, 0, {617, 592}, {235, 149, 192, 255} }},
	{{ {64, -103, -51}, 0, {613, 651}, {248, 141, 203, 255} }},
	{{ {145, -84, -104}, 0, {659, 528}, {0, 201, 142, 255} }},
	{{ {91, -54, -85}, 0, {677, 544}, {213, 185, 160, 255} }},
	{{ {56, -45, -76}, 0, {694, 589}, {205, 201, 153, 255} }},
	{{ {46, -113, -63}, 0, {624, 704}, {71, 162, 209, 255} }},
	{{ {30, -112, -43}, 0, {595, 736}, {213, 153, 60, 255} }},
	{{ {31, -84, 0}, 0, {531, 674}, {159, 174, 0, 255} }},
	{{ {17, -80, -54}, 0, {646, 753}, {130, 0, 242, 255} }},
	{{ {17, -52, -46}, 0, {670, 723}, {136, 241, 219, 255} }},
	{{ {33, -79, -77}, 0, {676, 702}, {226, 14, 133, 255} }},
	{{ {42, 0, -102}, 0, {773, 532}, {190, 246, 148, 255} }},
	{{ {3, 54, -51}, 0, {895, 385}, {144, 26, 203, 255} }},
	{{ {-7, 62, 0}, 0, {1021, 248}, {133, 33, 0, 255} }},
	{{ {27, 100, -29}, 0, {914, 220}, {177, 96, 230, 255} }},
	{{ {27, 100, 30}, 0, {1057, 100}, {176, 96, 26, 255} }},
	{{ {3, 54, 52}, 0, {1217, 190}, {143, 26, 53, 255} }},
	{{ {17, -52, 47}, 0, {1447, 558}, {136, 241, 37, 255} }},
	{{ {17, -52, -46}, 0, {1694, 723}, {136, 241, 219, 255} }},
	{{ {17, -52, 47}, 0, {1447, 558}, {136, 241, 37, 255} }},
	{{ {-7, 62, 0}, 0, {1021, 248}, {133, 33, 0, 255} }},
	{{ {31, -84, 0}, 0, {1555, 674}, {159, 174, 0, 255} }},
	{{ {17, -80, 55}, 0, {1453, 604}, {130, 0, 14, 255} }},
	{{ {30, -112, 44}, 0, {1489, 640}, {213, 153, 196, 255} }},
	{{ {64, -103, 52}, 0, {1507, 557}, {247, 141, 53, 255} }},
	{{ {64, -103, -51}, 0, {1637, 651}, {248, 141, 203, 255} }},
	{{ {119, -134, 0}, 0, {1580, 561}, {241, 130, 254, 255} }},
	{{ {116, -126, 68}, 0, {1523, 509}, {234, 149, 64, 255} }},
	{{ {145, -83, 105}, 0, {1510, 406}, {255, 202, 115, 255} }},
	{{ {189, -102, 73}, 0, {1548, 419}, {74, 176, 66, 255} }},
	{{ {181, -9, 116}, 0, {1518, 278}, {42, 2, 120, 255} }},
	{{ {227, -14, 59}, 0, {1581, 295}, {114, 234, 52, 255} }},
	{{ {227, 35, 75}, 0, {1578, 226}, {108, 11, 66, 255} }},
	{{ {200, 75, 84}, 0, {1569, 161}, {33, 81, 93, 255} }},
	{{ {153, 33, 95}, 0, {1521, 205}, {254, 54, 115, 255} }},
	{{ {120, -11, 111}, 0, {1482, 290}, {5, 29, 124, 255} }},
	{{ {96, 49, 94}, 0, {1454, 159}, {12, 40, 120, 255} }},
	{{ {144, 83, 67}, 0, {1567, 111}, {32, 91, 82, 255} }},
	{{ {104, 87, 70}, 0, {1502, 67}, {43, 98, 68, 255} }},
	{{ {97, 103, 25}, 0, {1749, 54}, {78, 66, 76, 255} }},
	{{ {92, 88, 84}, 0, {1427, 75}, {42, 78, 91, 255} }},
	{{ {77, 108, 34}, 0, {1867, 18}, {24, 45, 116, 255} }},
	{{ {44, 44, 97}, 0, {1358, 198}, {209, 30, 114, 255} }},
	{{ {48, 94, 76}, 0, {1263, 83}, {214, 89, 80, 255} }},
	{{ {77, 108, 34}, 0, {843, 18}, {24, 45, 116, 255} }},
	{{ {52, 111, 31}, 0, {1000, 53}, {179, 55, 85, 255} }},
	{{ {47, 131, 41}, 0, {1048, 76}, {176, 231, 96, 255} }},
	{{ {75, 130, 46}, 0, {1001, 22}, {254, 226, 123, 255} }},
	{{ {102, 129, 41}, 0, {772, 21}, {77, 223, 96, 255} }},
	{{ {97, 103, 25}, 0, {725, 54}, {78, 66, 76, 255} }},
	{{ {117, 128, 0}, 0, {774, 104}, {124, 228, 255, 255} }},
	{{ {102, 129, 41}, 0, {772, 21}, {77, 223, 96, 255} }},
	{{ {97, 103, 25}, 0, {725, 54}, {78, 66, 76, 255} }},
	{{ {108, 105, 0}, 0, {750, 111}, {101, 77, 255, 255} }},
	{{ {145, 101, 0}, 0, {697, 140}, {22, 125, 0, 255} }},
	{{ {175, 91, 39}, 0, {613, 137}, {252, 117, 50, 255} }},
	{{ {144, 83, 67}, 0, {543, 111}, {32, 91, 82, 255} }},
	{{ {153, 33, 95}, 0, {497, 205}, {254, 54, 115, 255} }},
	{{ {175, 91, -38}, 0, {704, 215}, {234, 113, 203, 255} }},
	{{ {97, 103, -24}, 0, {785, 159}, {77, 65, 179, 255} }},
	{{ {144, 83, -66}, 0, {738, 257}, {32, 91, 174, 255} }},
	{{ {153, 33, -94}, 0, {713, 354}, {245, 51, 140, 255} }},
	{{ {96, 49, -93}, 0, {762, 359}, {12, 40, 136, 255} }},
	{{ {120, -12, -109}, 0, {710, 456}, {7, 29, 133, 255} }},
	{{ {182, -9, -115}, 0, {691, 413}, {43, 255, 136, 255} }},
	{{ {200, 70, -97}, 0, {715, 303}, {32, 64, 151, 255} }},
	{{ {151, 72, -68}, 0, {725, 272}, {215, 94, 181, 255} }},
	{{ {211, 91, -71}, 0, {708, 257}, {35, 82, 165, 255} }},
	{{ {201, 125, -13}, 0, {696, 165}, {248, 127, 255, 255} }},
	{{ {160, 96, 0}, 0, {680, 156}, {184, 104, 5, 255} }},
	{{ {209, 86, 60}, 0, {582, 157}, {49, 98, 64, 255} }},
	{{ {248, 104, -43}, 0, {684, 225}, {106, 51, 208, 255} }},
	{{ {231, 81, 33}, 0, {613, 187}, {108, 52, 42, 255} }},
	{{ {237, 64, 0}, 0, {635, 228}, {127, 248, 5, 255} }},
	{{ {232, 69, -34}, 0, {665, 247}, {117, 226, 216, 255} }},
	{{ {221, 35, -73}, 0, {676, 316}, {112, 3, 196, 255} }},
	{{ {227, -14, -58}, 0, {644, 360}, {114, 239, 202, 255} }},
	{{ {241, -34, 0}, 0, {598, 346}, {124, 229, 0, 255} }},
	{{ {189, -102, -71}, 0, {624, 492}, {73, 175, 191, 255} }},
	{{ {200, -117, 0}, 0, {574, 465}, {80, 157, 255, 255} }},
	{{ {116, -124, -67}, 0, {617, 592}, {235, 149, 192, 255} }},
	{{ {145, -84, -104}, 0, {659, 528}, {0, 201, 142, 255} }},
	{{ {145, -84, -104}, 0, {659, 528}, {0, 201, 142, 255} }},
	{{ {91, -54, -85}, 0, {677, 544}, {213, 185, 160, 255} }},
	{{ {120, -12, -109}, 0, {710, 456}, {7, 29, 133, 255} }},
	{{ {127, -33, -137}, 0, {710, 500}, {83, 238, 162, 255} }},
	{{ {89, -25, -131}, 0, {730, 526}, {230, 33, 136, 255} }},
	{{ {56, -45, -76}, 0, {694, 589}, {205, 201, 153, 255} }},
	{{ {42, 0, -102}, 0, {773, 532}, {190, 246, 148, 255} }},
	{{ {85, -23, -110}, 0, {722, 515}, {22, 100, 180, 255} }},
	{{ {96, 49, -93}, 0, {762, 359}, {12, 40, 136, 255} }},
	{{ {44, 44, -96}, 0, {810, 426}, {209, 30, 142, 255} }},
	{{ {3, 54, -51}, 0, {895, 385}, {144, 26, 203, 255} }},
	{{ {48, 94, -75}, 0, {850, 304}, {214, 89, 176, 255} }},
	{{ {27, 100, -29}, 0, {914, 220}, {177, 96, 230, 255} }},
	{{ {52, 111, -30}, 0, {877, 187}, {180, 55, 171, 255} }},
	{{ {41, 109, 0}, 0, {935, 128}, {141, 54, 255, 255} }},
	{{ {27, 100, 30}, 0, {1057, 100}, {176, 96, 26, 255} }},
	{{ {52, 111, 31}, 0, {1000, 53}, {179, 55, 85, 255} }},
	{{ {48, 94, 76}, 0, {1263, 83}, {214, 89, 80, 255} }},
	{{ {3, 54, 52}, 0, {1217, 190}, {143, 26, 53, 255} }},
	{{ {44, 44, 97}, 0, {1358, 198}, {209, 30, 114, 255} }},
	{{ {42, 0, 103}, 0, {1396, 314}, {190, 246, 108, 255} }},
	{{ {17, -52, 47}, 0, {1447, 558}, {136, 241, 37, 255} }},
	{{ {56, -45, 77}, 0, {1462, 422}, {205, 201, 103, 255} }},
	{{ {33, -79, 78}, 0, {1449, 536}, {226, 14, 123, 255} }},
	{{ {17, -80, 55}, 0, {1453, 604}, {130, 0, 14, 255} }},
	{{ {16, -125, 83}, 0, {1445, 623}, {199, 169, 72, 255} }},
	{{ {30, -112, 44}, 0, {1489, 640}, {213, 153, 196, 255} }},
	{{ {46, -113, 64}, 0, {1483, 586}, {71, 162, 47, 255} }},
	{{ {64, -103, 52}, 0, {1507, 557}, {247, 141, 53, 255} }},
	{{ {91, -54, 86}, 0, {1489, 401}, {213, 185, 96, 255} }},
	{{ {145, -83, 105}, 0, {1510, 406}, {255, 202, 115, 255} }},
	{{ {120, -11, 111}, 0, {1482, 290}, {5, 29, 124, 255} }},
	{{ {145, -83, 105}, 0, {1510, 406}, {255, 202, 115, 255} }},
	{{ {181, -9, 116}, 0, {1518, 278}, {42, 2, 120, 255} }},
	{{ {120, -11, 111}, 0, {1482, 290}, {5, 29, 124, 255} }},
	{{ {91, -54, 86}, 0, {1489, 401}, {213, 185, 96, 255} }},
	{{ {127, -33, 138}, 0, {1470, 329}, {84, 237, 94, 255} }},
	{{ {85, -23, 111}, 0, {1454, 333}, {20, 100, 76, 255} }},
	{{ {96, 49, 94}, 0, {1454, 159}, {12, 40, 120, 255} }},
	{{ {42, 0, 103}, 0, {1396, 314}, {190, 246, 108, 255} }},
	{{ {44, 44, 97}, 0, {1358, 198}, {209, 30, 114, 255} }},
	{{ {89, -25, 132}, 0, {1443, 335}, {230, 33, 120, 255} }},
	{{ {56, -45, 77}, 0, {1462, 422}, {205, 201, 103, 255} }},
	{{ {189, -102, -71}, 0, {624, 492}, {73, 175, 191, 255} }},
	{{ {182, -9, -115}, 0, {691, 413}, {43, 255, 136, 255} }},
	{{ {227, -14, -58}, 0, {644, 360}, {114, 239, 202, 255} }},
	{{ {221, 35, -73}, 0, {676, 316}, {112, 3, 196, 255} }},
	{{ {200, 70, -97}, 0, {715, 303}, {32, 64, 151, 255} }},
	{{ {211, 91, -71}, 0, {708, 257}, {35, 82, 165, 255} }},
	{{ {232, 69, -34}, 0, {665, 247}, {117, 226, 216, 255} }},
	{{ {248, 104, -43}, 0, {684, 225}, {106, 51, 208, 255} }},
	{{ {201, 125, -13}, 0, {696, 165}, {248, 127, 255, 255} }},
	{{ {85, -23, -110}, 0, {722, 515}, {22, 100, 180, 255} }},
	{{ {96, 49, -93}, 0, {762, 359}, {12, 40, 136, 255} }},
	{{ {120, -12, -109}, 0, {710, 456}, {7, 29, 133, 255} }},
	{{ {127, -33, -137}, 0, {710, 500}, {83, 238, 162, 255} }},
	{{ {89, -25, -131}, 0, {730, 526}, {230, 33, 136, 255} }},
	{{ {97, 103, -24}, 0, {785, 159}, {77, 65, 179, 255} }},
	{{ {108, 105, 0}, 0, {750, 111}, {101, 77, 255, 255} }},
	{{ {145, 101, 0}, 0, {697, 140}, {22, 125, 0, 255} }},
	{{ {117, 128, 0}, 0, {774, 104}, {124, 228, 255, 255} }},
	{{ {102, 129, -40}, 0, {813, 177}, {76, 223, 160, 255} }},
	{{ {77, 108, -33}, 0, {828, 179}, {24, 45, 140, 255} }},
	{{ {92, 88, -83}, 0, {794, 292}, {42, 78, 165, 255} }},
	{{ {92, 88, -83}, 0, {794, 292}, {42, 78, 165, 255} }},
	{{ {97, 103, -24}, 0, {785, 159}, {77, 65, 179, 255} }},
	{{ {104, 87, -69}, 0, {777, 263}, {43, 98, 188, 255} }},
	{{ {144, 83, -66}, 0, {738, 257}, {32, 91, 174, 255} }},
	{{ {96, 49, -93}, 0, {762, 359}, {12, 40, 136, 255} }},
	{{ {44, 44, -96}, 0, {810, 426}, {209, 30, 142, 255} }},
	{{ {48, 94, -75}, 0, {850, 304}, {214, 89, 176, 255} }},
	{{ {77, 108, -33}, 0, {828, 179}, {24, 45, 140, 255} }},
	{{ {52, 111, -30}, 0, {877, 187}, {180, 55, 171, 255} }},
	{{ {47, 131, -40}, 0, {896, 210}, {175, 233, 161, 255} }},
	{{ {32, 132, 0}, 0, {967, 155}, {131, 236, 254, 255} }},
	{{ {41, 109, 0}, 0, {935, 128}, {141, 54, 255, 255} }},
	{{ {52, 111, 31}, 0, {1000, 53}, {179, 55, 85, 255} }},
	{{ {47, 131, 41}, 0, {1048, 76}, {176, 231, 96, 255} }},
	{{ {33, 165, 0}, 0, {976, 164}, {144, 60, 254, 255} }},
	{{ {52, 164, 41}, 0, {1028, 92}, {195, 67, 89, 255} }},
	{{ {75, 130, 46}, 0, {1001, 22}, {254, 226, 123, 255} }},
	{{ {78, 163, 46}, 0, {998, 51}, {3, 68, 107, 255} }},
	{{ {104, 162, 41}, 0, {889, 35}, {73, 57, 88, 255} }},
	{{ {102, 129, 41}, 0, {772, 21}, {77, 223, 96, 255} }},
	{{ {117, 128, 0}, 0, {774, 104}, {124, 228, 255, 255} }},
	{{ {119, 161, 0}, 0, {822, 99}, {120, 41, 0, 255} }},
	{{ {102, 129, -40}, 0, {813, 177}, {76, 223, 160, 255} }},
	{{ {104, 162, -40}, 0, {842, 167}, {72, 56, 168, 255} }},
	{{ {75, 130, -45}, 0, {852, 197}, {254, 226, 133, 255} }},
	{{ {52, 164, -40}, 0, {910, 200}, {194, 66, 167, 255} }},
	{{ {60, 181, 0}, 0, {946, 136}, {229, 124, 0, 255} }},
	{{ {101, 179, 0}, 0, {878, 105}, {47, 118, 0, 255} }},
	{{ {78, 163, -45}, 0, {875, 188}, {3, 67, 148, 255} }},
	{{ {56, -45, 77}, 0, {1462, 422}, {205, 201, 103, 255} }},
	{{ {33, -79, 78}, 0, {1449, 536}, {226, 14, 123, 255} }},
	{{ {46, -113, 64}, 0, {1483, 586}, {71, 162, 47, 255} }},
	{{ {33, -79, 78}, 0, {1449, 536}, {226, 14, 123, 255} }},
	{{ {16, -125, 83}, 0, {1445, 623}, {199, 169, 72, 255} }},
	{{ {46, -113, 64}, 0, {1483, 586}, {71, 162, 47, 255} }},
	{{ {46, -113, -63}, 0, {624, 704}, {71, 162, 209, 255} }},
	{{ {33, -79, -77}, 0, {676, 702}, {226, 14, 133, 255} }},
	{{ {56, -45, -76}, 0, {694, 589}, {205, 201, 153, 255} }},
	{{ {16, -125, -82}, 0, {646, 778}, {199, 169, 184, 255} }},
	{{ {30, -112, -43}, 0, {595, 736}, {213, 153, 60, 255} }},
	{{ {17, -80, -54}, 0, {646, 753}, {130, 0, 242, 255} }},
};

Gfx mario_Metal_Mario_Switch_Option_Capless_Head_Switch_Option_Capless_Head_mesh_layer_1_tri_0[] = {
	gsSPVertex(mario_Metal_Mario_Switch_Option_Capless_Head_Switch_Option_Capless_Head_mesh_layer_1_vtx_0 + 0, 32, 0),
	gsSP2Triangles(0, 1, 2, 0, 3, 2, 1, 0),
	gsSP2Triangles(3, 1, 4, 0, 1, 5, 4, 0),
	gsSP2Triangles(5, 6, 4, 0, 5, 7, 6, 0),
	gsSP2Triangles(7, 5, 8, 0, 8, 9, 7, 0),
	gsSP2Triangles(9, 8, 10, 0, 11, 9, 10, 0),
	gsSP2Triangles(11, 10, 12, 0, 13, 11, 12, 0),
	gsSP2Triangles(13, 14, 11, 0, 15, 14, 13, 0),
	gsSP2Triangles(16, 14, 15, 0, 17, 16, 15, 0),
	gsSP2Triangles(18, 17, 15, 0, 18, 15, 19, 0),
	gsSP2Triangles(20, 19, 15, 0, 21, 20, 15, 0),
	gsSP2Triangles(22, 20, 21, 0, 21, 23, 22, 0),
	gsSP2Triangles(24, 22, 23, 0, 23, 18, 24, 0),
	gsSP2Triangles(25, 18, 23, 0, 25, 23, 26, 0),
	gsSP2Triangles(23, 27, 26, 0, 28, 26, 27, 0),
	gsSP2Triangles(29, 28, 27, 0, 27, 30, 29, 0),
	gsSP1Triangle(31, 30, 27, 0),
	gsSPVertex(mario_Metal_Mario_Switch_Option_Capless_Head_Switch_Option_Capless_Head_mesh_layer_1_vtx_0 + 32, 32, 0),
	gsSP2Triangles(0, 1, 2, 0, 0, 3, 1, 0),
	gsSP2Triangles(4, 1, 3, 0, 3, 5, 4, 0),
	gsSP2Triangles(3, 6, 5, 0, 3, 7, 6, 0),
	gsSP2Triangles(6, 7, 8, 0, 6, 8, 9, 0),
	gsSP2Triangles(6, 9, 10, 0, 10, 9, 11, 0),
	gsSP2Triangles(10, 11, 12, 0, 13, 12, 11, 0),
	gsSP2Triangles(14, 12, 13, 0, 12, 14, 15, 0),
	gsSP2Triangles(16, 12, 15, 0, 16, 17, 12, 0),
	gsSP2Triangles(16, 18, 17, 0, 18, 16, 19, 0),
	gsSP2Triangles(19, 20, 18, 0, 21, 20, 19, 0),
	gsSP2Triangles(22, 20, 21, 0, 23, 22, 21, 0),
	gsSP2Triangles(20, 22, 18, 0, 24, 18, 22, 0),
	gsSP2Triangles(25, 24, 22, 0, 22, 26, 25, 0),
	gsSP2Triangles(26, 27, 25, 0, 28, 27, 26, 0),
	gsSP2Triangles(29, 28, 26, 0, 30, 29, 26, 0),
	gsSP1Triangle(26, 31, 30, 0),
	gsSPVertex(mario_Metal_Mario_Switch_Option_Capless_Head_Switch_Option_Capless_Head_mesh_layer_1_vtx_0 + 64, 32, 0),
	gsSP2Triangles(0, 1, 2, 0, 2, 3, 0, 0),
	gsSP2Triangles(4, 3, 2, 0, 5, 4, 2, 0),
	gsSP2Triangles(6, 5, 2, 0, 7, 5, 6, 0),
	gsSP2Triangles(8, 4, 5, 0, 9, 4, 8, 0),
	gsSP2Triangles(9, 8, 10, 0, 10, 8, 11, 0),
	gsSP2Triangles(10, 11, 12, 0, 13, 12, 11, 0),
	gsSP2Triangles(13, 11, 14, 0, 11, 15, 14, 0),
	gsSP2Triangles(15, 11, 16, 0, 8, 15, 16, 0),
	gsSP2Triangles(15, 8, 17, 0, 17, 8, 18, 0),
	gsSP2Triangles(8, 19, 18, 0, 18, 19, 5, 0),
	gsSP2Triangles(20, 18, 5, 0, 18, 20, 21, 0),
	gsSP2Triangles(20, 22, 21, 0, 23, 21, 22, 0),
	gsSP2Triangles(23, 24, 21, 0, 25, 24, 23, 0),
	gsSP2Triangles(26, 25, 23, 0, 26, 23, 27, 0),
	gsSP2Triangles(28, 26, 27, 0, 29, 28, 27, 0),
	gsSP2Triangles(30, 28, 29, 0, 28, 30, 31, 0),
	gsSP2Triangles(14, 28, 31, 0, 14, 31, 13, 0),
	gsSPVertex(mario_Metal_Mario_Switch_Option_Capless_Head_Switch_Option_Capless_Head_mesh_layer_1_vtx_0 + 96, 32, 0),
	gsSP2Triangles(0, 1, 2, 0, 3, 2, 1, 0),
	gsSP2Triangles(4, 3, 1, 0, 5, 4, 1, 0),
	gsSP2Triangles(6, 4, 5, 0, 7, 4, 6, 0),
	gsSP2Triangles(8, 7, 6, 0, 6, 9, 8, 0),
	gsSP2Triangles(6, 10, 9, 0, 10, 11, 9, 0),
	gsSP2Triangles(12, 11, 10, 0, 13, 11, 12, 0),
	gsSP2Triangles(14, 13, 12, 0, 14, 12, 15, 0),
	gsSP2Triangles(15, 16, 14, 0, 15, 17, 16, 0),
	gsSP2Triangles(18, 17, 15, 0, 19, 17, 18, 0),
	gsSP2Triangles(19, 18, 20, 0, 18, 21, 20, 0),
	gsSP2Triangles(21, 22, 20, 0, 23, 22, 21, 0),
	gsSP2Triangles(21, 24, 23, 0, 24, 25, 23, 0),
	gsSP2Triangles(26, 25, 24, 0, 27, 25, 26, 0),
	gsSP2Triangles(27, 26, 28, 0, 27, 28, 22, 0),
	gsSP2Triangles(28, 29, 22, 0, 28, 30, 29, 0),
	gsSP1Triangle(29, 30, 31, 0),
	gsSPVertex(mario_Metal_Mario_Switch_Option_Capless_Head_Switch_Option_Capless_Head_mesh_layer_1_vtx_0 + 128, 32, 0),
	gsSP2Triangles(0, 1, 2, 0, 3, 2, 4, 0),
	gsSP2Triangles(2, 5, 4, 0, 5, 2, 6, 0),
	gsSP2Triangles(7, 5, 6, 0, 6, 8, 7, 0),
	gsSP2Triangles(7, 9, 5, 0, 9, 7, 10, 0),
	gsSP2Triangles(9, 10, 3, 0, 9, 3, 4, 0),
	gsSP2Triangles(9, 4, 5, 0, 11, 12, 13, 0),
	gsSP2Triangles(13, 12, 14, 0, 15, 14, 12, 0),
	gsSP2Triangles(14, 15, 16, 0, 14, 16, 17, 0),
	gsSP2Triangles(17, 16, 18, 0, 16, 19, 18, 0),
	gsSP2Triangles(20, 21, 22, 0, 23, 20, 22, 0),
	gsSP2Triangles(20, 23, 24, 0, 25, 26, 27, 0),
	gsSP2Triangles(28, 26, 25, 0, 25, 29, 28, 0),
	gsSP2Triangles(29, 25, 30, 0, 31, 30, 25, 0),
	gsSPVertex(mario_Metal_Mario_Switch_Option_Capless_Head_Switch_Option_Capless_Head_mesh_layer_1_vtx_0 + 160, 32, 0),
	gsSP2Triangles(0, 1, 2, 0, 2, 1, 3, 0),
	gsSP2Triangles(4, 2, 3, 0, 4, 0, 2, 0),
	gsSP2Triangles(0, 4, 5, 0, 0, 5, 6, 0),
	gsSP2Triangles(6, 7, 0, 0, 6, 8, 7, 0),
	gsSP2Triangles(7, 8, 9, 0, 10, 9, 8, 0),
	gsSP2Triangles(8, 11, 10, 0, 10, 11, 12, 0),
	gsSP2Triangles(12, 13, 10, 0, 10, 13, 14, 0),
	gsSP2Triangles(13, 15, 14, 0, 15, 13, 16, 0),
	gsSP2Triangles(15, 16, 17, 0, 17, 16, 18, 0),
	gsSP2Triangles(16, 19, 18, 0, 18, 19, 20, 0),
	gsSP2Triangles(21, 18, 20, 0, 20, 22, 21, 0),
	gsSP2Triangles(22, 23, 21, 0, 24, 23, 22, 0),
	gsSP2Triangles(24, 22, 7, 0, 9, 24, 7, 0),
	gsSP2Triangles(9, 25, 24, 0, 25, 9, 10, 0),
	gsSP2Triangles(14, 25, 10, 0, 14, 26, 25, 0),
	gsSP2Triangles(14, 15, 26, 0, 15, 17, 26, 0),
	gsSP2Triangles(26, 17, 27, 0, 18, 27, 17, 0),
	gsSP2Triangles(27, 18, 21, 0, 27, 21, 23, 0),
	gsSP2Triangles(27, 23, 28, 0, 24, 28, 23, 0),
	gsSP2Triangles(25, 28, 24, 0, 26, 28, 25, 0),
	gsSP2Triangles(28, 26, 27, 0, 29, 30, 31, 0),
	gsSPVertex(mario_Metal_Mario_Switch_Option_Capless_Head_Switch_Option_Capless_Head_mesh_layer_1_vtx_0 + 192, 9, 0),
	gsSP2Triangles(0, 1, 2, 0, 3, 4, 5, 0),
	gsSP2Triangles(6, 4, 3, 0, 7, 6, 3, 0),
	gsSP2Triangles(8, 6, 7, 0, 4, 6, 8, 0),
	gsSPEndDisplayList(),
};

Vtx mario_Metal_Mario_Switch_Option_Left_Wing_DL_mesh_layer_4_vtx_0[6] = {
	{{ {-103, 212, -18}, 0, {725, 1193}, {233, 0, 125, 255} }},
	{{ {0, 0, 0}, 0, {667, 1162}, {233, 0, 125, 255} }},
	{{ {0, 212, 0}, 0, {598, 1208}, {233, 0, 125, 255} }},
	{{ {-103, 212, -18}, 0, {397, 1208}, {233, 0, 125, 255} }},
	{{ {-103, 0, -19}, 0, {328, 1162}, {233, 0, 125, 255} }},
	{{ {0, 0, 0}, 0, {270, 1193}, {233, 0, 125, 255} }},
};

Gfx mario_Metal_Mario_Switch_Option_Left_Wing_DL_mesh_layer_4_tri_0[] = {
	gsSPVertex(mario_Metal_Mario_Switch_Option_Left_Wing_DL_mesh_layer_4_vtx_0 + 0, 6, 0),
	gsSP2Triangles(0, 1, 2, 0, 3, 4, 5, 0),
	gsSPEndDisplayList(),
};

Vtx mario_Metal_Mario_Switch_Option_Left_Wing_DL_mesh_layer_4_vtx_1[6] = {
	{{ {0, 0, 0}, 0, {840, 1573}, {233, 0, 125, 255} }},
	{{ {104, 0, 19}, 0, {960, 1256}, {233, 0, 125, 255} }},
	{{ {104, 212, 19}, 0, {822, 1439}, {233, 0, 125, 255} }},
	{{ {0, 0, 0}, 0, {960, 1256}, {233, 0, 125, 255} }},
	{{ {104, 212, 19}, 0, {840, 1573}, {233, 0, 125, 255} }},
	{{ {0, 212, 0}, 0, {814, 1420}, {233, 0, 125, 255} }},
};

Gfx mario_Metal_Mario_Switch_Option_Left_Wing_DL_mesh_layer_4_tri_1[] = {
	gsSPVertex(mario_Metal_Mario_Switch_Option_Left_Wing_DL_mesh_layer_4_vtx_1 + 0, 6, 0),
	gsSP2Triangles(0, 1, 2, 0, 3, 4, 5, 0),
	gsSPEndDisplayList(),
};

Vtx mario_Metal_Mario_Switch_Option_Right_Wing_DL_mesh_layer_4_vtx_0[6] = {
	{{ {-103, 212, 18}, 0, {397, 1208}, {23, 0, 125, 255} }},
	{{ {0, 0, 0}, 0, {281, 1361}, {23, 0, 125, 255} }},
	{{ {0, 212, 0}, 0, {362, 1381}, {23, 0, 125, 255} }},
	{{ {-103, 212, 18}, 0, {632, 1381}, {23, 0, 125, 255} }},
	{{ {-103, 0, 19}, 0, {714, 1361}, {23, 0, 125, 255} }},
	{{ {0, 0, 0}, 0, {598, 1208}, {23, 0, 125, 255} }},
};

Gfx mario_Metal_Mario_Switch_Option_Right_Wing_DL_mesh_layer_4_tri_0[] = {
	gsSPVertex(mario_Metal_Mario_Switch_Option_Right_Wing_DL_mesh_layer_4_vtx_0 + 0, 6, 0),
	gsSP2Triangles(0, 1, 2, 0, 3, 4, 5, 0),
	gsSPEndDisplayList(),
};

Vtx mario_Metal_Mario_Switch_Option_Right_Wing_DL_mesh_layer_4_vtx_1[4] = {
	{{ {0, 0, 0}, 0, {397, 1208}, {23, 0, 125, 255} }},
	{{ {104, 0, -19}, 0, {270, 1193}, {23, 0, 125, 255} }},
	{{ {104, 212, -19}, 0, {248, 1259}, {23, 0, 125, 255} }},
	{{ {0, 212, 0}, 0, {281, 1361}, {23, 0, 125, 255} }},
};

Gfx mario_Metal_Mario_Switch_Option_Right_Wing_DL_mesh_layer_4_tri_1[] = {
	gsSPVertex(mario_Metal_Mario_Switch_Option_Right_Wing_DL_mesh_layer_4_vtx_1 + 0, 4, 0),
	gsSP2Triangles(0, 1, 2, 0, 0, 2, 3, 0),
	gsSPEndDisplayList(),
};

Vtx mario_Metal_Mario_Switch_Option_Left_Arm_Color_mesh_layer_1_vtx_0[20] = {
	{{ {5, -42, -5}, 0, {526, 966}, {216, 136, 253, 255} }},
	{{ {-9, -26, -5}, 0, {254, 772}, {142, 200, 253, 255} }},
	{{ {-8, -9, -27}, 0, {609, 557}, {144, 241, 198, 255} }},
	{{ {6, -16, 32}, 0, {175, 631}, {219, 216, 115, 255} }},
	{{ {58, -15, 25}, 0, {1104, 623}, {52, 216, 109, 255} }},
	{{ {57, -36, -5}, 0, {1457, 894}, {49, 139, 253, 255} }},
	{{ {6, -13, -42}, 0, {1230, 625}, {219, 225, 139, 255} }},
	{{ {-8, 17, -17}, 0, {410, 206}, {146, 54, 223, 255} }},
	{{ {-8, -11, 18}, 0, {34, 583}, {145, 236, 58, 255} }},
	{{ {7, 27, 20}, 0, {270, 191}, {223, 96, 76, 255} }},
	{{ {59, 20, 15}, 0, {1206, 251}, {55, 90, 71, 255} }},
	{{ {67, -12, 16}, 0, {1341, 594}, {110, 232, 58, 255} }},
	{{ {67, -26, -5}, 0, {1619, 772}, {109, 191, 254, 255} }},
	{{ {68, -10, -25}, 0, {1966, 572}, {110, 239, 194, 255} }},
	{{ {58, -13, -34}, 0, {1993, 621}, {51, 223, 144, 255} }},
	{{ {7, 29, -26}, 0, {834, 13}, {224, 102, 188, 255} }},
	{{ {-8, 16, 10}, 0, {91, 283}, {146, 51, 37, 255} }},
	{{ {59, 21, -21}, 0, {1709, 140}, {55, 95, 192, 255} }},
	{{ {68, 13, -16}, 0, {1782, 261}, {111, 50, 220, 255} }},
	{{ {68, 12, 9}, 0, {1425, 325}, {113, 45, 38, 255} }},
};

Gfx mario_Metal_Mario_Switch_Option_Left_Arm_Color_mesh_layer_1_tri_0[] = {
	gsSPVertex(mario_Metal_Mario_Switch_Option_Left_Arm_Color_mesh_layer_1_vtx_0 + 0, 20, 0),
	gsSP2Triangles(0, 1, 2, 0, 3, 1, 0, 0),
	gsSP2Triangles(3, 0, 4, 0, 0, 5, 4, 0),
	gsSP2Triangles(0, 6, 5, 0, 0, 2, 6, 0),
	gsSP2Triangles(6, 2, 7, 0, 7, 2, 8, 0),
	gsSP2Triangles(2, 1, 8, 0, 3, 8, 1, 0),
	gsSP2Triangles(9, 8, 3, 0, 9, 3, 10, 0),
	gsSP2Triangles(3, 4, 10, 0, 4, 11, 10, 0),
	gsSP2Triangles(5, 11, 4, 0, 5, 12, 11, 0),
	gsSP2Triangles(13, 12, 5, 0, 14, 13, 5, 0),
	gsSP2Triangles(6, 14, 5, 0, 6, 15, 14, 0),
	gsSP2Triangles(6, 7, 15, 0, 15, 7, 16, 0),
	gsSP2Triangles(8, 16, 7, 0, 9, 16, 8, 0),
	gsSP2Triangles(15, 16, 9, 0, 15, 9, 17, 0),
	gsSP2Triangles(9, 10, 17, 0, 10, 18, 17, 0),
	gsSP2Triangles(10, 19, 18, 0, 11, 19, 10, 0),
	gsSP2Triangles(19, 11, 13, 0, 11, 12, 13, 0),
	gsSP2Triangles(19, 13, 18, 0, 18, 13, 14, 0),
	gsSP2Triangles(17, 18, 14, 0, 15, 17, 14, 0),
	gsSPEndDisplayList(),
};

Vtx mario_Metal_Mario_Switch_Option_Left_Forearm_mesh_layer_1_vtx_0[16] = {
	{{ {-2, 21, -21}, 0, {992, 34}, {224, 103, 189, 255} }},
	{{ {-14, 13, -15}, 0, {696, 183}, {150, 61, 221, 255} }},
	{{ {-14, 11, 10}, 0, {253, 272}, {150, 55, 43, 255} }},
	{{ {-3, -14, -34}, 0, {1344, 630}, {221, 224, 138, 255} }},
	{{ {46, -14, -30}, 0, {1915, 627}, {64, 224, 151, 255} }},
	{{ {47, 16, -19}, 0, {1663, 122}, {67, 89, 196, 255} }},
	{{ {-2, 19, 16}, 0, {350, 182}, {225, 97, 76, 255} }},
	{{ {-15, -13, 17}, 0, {145, 592}, {149, 235, 65, 255} }},
	{{ {-15, -27, -4}, 0, {487, 805}, {147, 191, 253, 255} }},
	{{ {-15, -11, -24}, 0, {910, 571}, {148, 241, 192, 255} }},
	{{ {-3, -38, -4}, 0, {670, 965}, {219, 134, 252, 255} }},
	{{ {45, -34, -4}, 0, {1383, 907}, {62, 145, 251, 255} }},
	{{ {58, -7, -3}, 0, {1554, 509}, {127, 252, 1, 255} }},
	{{ {47, 14, 13}, 0, {1131, 239}, {67, 83, 68, 255} }},
	{{ {-3, -17, 26}, 0, {219, 638}, {222, 215, 115, 255} }},
	{{ {46, -17, 22}, 0, {1006, 640}, {64, 216, 102, 255} }},
};

Gfx mario_Metal_Mario_Switch_Option_Left_Forearm_mesh_layer_1_tri_0[] = {
	gsSPVertex(mario_Metal_Mario_Switch_Option_Left_Forearm_mesh_layer_1_vtx_0 + 0, 16, 0),
	gsSP2Triangles(0, 1, 2, 0, 3, 1, 0, 0),
	gsSP2Triangles(3, 0, 4, 0, 0, 5, 4, 0),
	gsSP2Triangles(0, 6, 5, 0, 0, 2, 6, 0),
	gsSP2Triangles(6, 2, 7, 0, 8, 7, 2, 0),
	gsSP2Triangles(8, 2, 1, 0, 9, 8, 1, 0),
	gsSP2Triangles(3, 9, 1, 0, 10, 9, 3, 0),
	gsSP2Triangles(10, 3, 11, 0, 3, 4, 11, 0),
	gsSP2Triangles(4, 12, 11, 0, 5, 12, 4, 0),
	gsSP2Triangles(13, 12, 5, 0, 6, 13, 5, 0),
	gsSP2Triangles(6, 14, 13, 0, 6, 7, 14, 0),
	gsSP2Triangles(14, 7, 8, 0, 14, 8, 10, 0),
	gsSP2Triangles(10, 8, 9, 0, 14, 10, 15, 0),
	gsSP2Triangles(10, 11, 15, 0, 11, 12, 15, 0),
	gsSP2Triangles(15, 12, 13, 0, 14, 15, 13, 0),
	gsSPEndDisplayList(),
};

Vtx mario_Metal_Mario_Switch_Option_Left_Hand_DL_mesh_layer_1_vtx_0[61] = {
	{{ {59, 81, 8}, 0, {1225, 405}, {20, 122, 27, 255} }},
	{{ {12, 59, 10}, 0, {987, 107}, {174, 87, 42, 255} }},
	{{ {33, 12, 46}, 0, {1114, 187}, {204, 2, 116, 255} }},
	{{ {84, 35, 45}, 0, {1227, 593}, {64, 57, 93, 255} }},
	{{ {59, 81, 8}, 0, {760, 710}, {20, 122, 27, 255} }},
	{{ {33, 12, 46}, 0, {1127, 818}, {204, 2, 116, 255} }},
	{{ {109, -31, 0}, 0, {1871, 522}, {115, 202, 5, 255} }},
	{{ {62, -55, 0}, 0, {1548, 344}, {248, 129, 6, 255} }},
	{{ {80, -31, -61}, 0, {1640, 595}, {27, 189, 151, 255} }},
	{{ {109, -31, 0}, 0, {1227, 593}, {82, 48, 85, 255} }},
	{{ {72, -9, 23}, 0, {1871, 522}, {82, 48, 85, 255} }},
	{{ {87, -44, 29}, 0, {1640, 595}, {82, 48, 85, 255} }},
	{{ {109, -31, 0}, 0, {749, 313}, {115, 202, 5, 255} }},
	{{ {84, 35, 45}, 0, {1225, 405}, {64, 57, 93, 255} }},
	{{ {72, -9, 23}, 0, {1114, 187}, {30, 195, 107, 255} }},
	{{ {33, 12, 46}, 0, {987, 107}, {204, 2, 116, 255} }},
	{{ {62, -55, 0}, 0, {749, 313}, {248, 129, 6, 255} }},
	{{ {72, -9, 23}, 0, {1114, 187}, {30, 195, 107, 255} }},
	{{ {33, 12, 46}, 0, {1810, 440}, {210, 141, 29, 255} }},
	{{ {72, -9, 23}, 0, {987, 107}, {210, 141, 29, 255} }},
	{{ {69, 1, 60}, 0, {1225, 405}, {210, 141, 29, 255} }},
	{{ {72, -9, 23}, 0, {749, 313}, {118, 214, 22, 255} }},
	{{ {84, 35, 45}, 0, {1572, 611}, {118, 214, 22, 255} }},
	{{ {69, 1, 60}, 0, {1225, 405}, {118, 214, 22, 255} }},
	{{ {72, -9, 23}, 0, {1225, 405}, {166, 231, 86, 255} }},
	{{ {62, -55, 0}, 0, {1572, 611}, {166, 231, 86, 255} }},
	{{ {87, -44, 29}, 0, {1618, 362}, {166, 231, 86, 255} }},
	{{ {62, -55, 0}, 0, {1875, 988}, {57, 143, 251, 255} }},
	{{ {109, -31, 0}, 0, {1810, 440}, {57, 143, 251, 255} }},
	{{ {87, -44, 29}, 0, {1572, 611}, {57, 143, 251, 255} }},
	{{ {84, 35, 45}, 0, {1572, 611}, {232, 58, 110, 255} }},
	{{ {33, 12, 46}, 0, {1810, 440}, {232, 58, 110, 255} }},
	{{ {69, 1, 60}, 0, {1618, 362}, {232, 58, 110, 255} }},
	{{ {-10, 26, -38}, 0, {545, 521}, {204, 57, 155, 255} }},
	{{ {-14, -14, -4}, 0, {1299, 780}, {139, 206, 3, 255} }},
	{{ {-18, 45, 8}, 0, {522, 975}, {130, 245, 14, 255} }},
	{{ {17, -38, -39}, 0, {1795, 372}, {2, 181, 154, 255} }},
	{{ {26, -25, -32}, 0, {1522, 372}, {16, 204, 141, 255} }},
	{{ {4, 24, -31}, 0, {622, 508}, {251, 68, 149, 255} }},
	{{ {-1, 39, 5}, 0, {581, 842}, {215, 113, 41, 255} }},
	{{ {-18, 45, 8}, 0, {522, 975}, {46, 115, 28, 255} }},
	{{ {5, -6, 36}, 0, {1194, 968}, {67, 28, 104, 255} }},
	{{ {17, -1, 27}, 0, {1131, 848}, {249, 244, 126, 255} }},
	{{ {34, -41, 3}, 0, {1672, 626}, {43, 149, 53, 255} }},
	{{ {27, -58, 6}, 0, {1881, 709}, {117, 212, 24, 255} }},
	{{ {62, -55, 0}, 0, {1871, 522}, {248, 129, 6, 255} }},
	{{ {80, -31, -61}, 0, {1780, 6}, {27, 189, 151, 255} }},
	{{ {33, 7, -44}, 0, {878, 252}, {196, 253, 144, 255} }},
	{{ {32, 63, -28}, 0, {69, 548}, {208, 91, 182, 255} }},
	{{ {12, 59, 10}, 0, {371, 861}, {174, 87, 42, 255} }},
	{{ {33, 12, 46}, 0, {1002, 898}, {204, 2, 116, 255} }},
	{{ {59, 81, 8}, 0, {131, 709}, {20, 122, 27, 255} }},
	{{ {57, 55, -37}, 0, {94, 368}, {23, 85, 164, 255} }},
	{{ {99, 40, -16}, 0, {462, 321}, {107, 64, 233, 255} }},
	{{ {84, 35, 45}, 0, {760, 710}, {64, 57, 93, 255} }},
	{{ {109, -31, 0}, 0, {1548, 344}, {115, 202, 5, 255} }},
	{{ {100, -6, -46}, 0, {1152, 53}, {104, 2, 183, 255} }},
	{{ {61, 12, -60}, 0, {682, 57}, {244, 23, 132, 255} }},
	{{ {90, 17, -46}, 0, {664, 102}, {71, 49, 163, 255} }},
	{{ {27, -58, 6}, 0, {1881, 709}, {162, 172, 14, 255} }},
	{{ {5, -6, 36}, 0, {1194, 968}, {153, 210, 58, 255} }},
};

Gfx mario_Metal_Mario_Switch_Option_Left_Hand_DL_mesh_layer_1_tri_0[] = {
	gsSPVertex(mario_Metal_Mario_Switch_Option_Left_Hand_DL_mesh_layer_1_vtx_0 + 0, 30, 0),
	gsSP2Triangles(0, 1, 2, 0, 3, 4, 5, 0),
	gsSP2Triangles(6, 7, 8, 0, 9, 10, 11, 0),
	gsSP2Triangles(12, 13, 14, 0, 15, 16, 17, 0),
	gsSP2Triangles(18, 19, 20, 0, 21, 22, 23, 0),
	gsSP2Triangles(24, 25, 26, 0, 27, 28, 29, 0),
	gsSPVertex(mario_Metal_Mario_Switch_Option_Left_Hand_DL_mesh_layer_1_vtx_0 + 30, 31, 0),
	gsSP2Triangles(0, 1, 2, 0, 3, 4, 5, 0),
	gsSP2Triangles(6, 4, 3, 0, 7, 6, 3, 0),
	gsSP2Triangles(3, 8, 7, 0, 9, 8, 3, 0),
	gsSP2Triangles(3, 10, 9, 0, 9, 10, 11, 0),
	gsSP2Triangles(11, 12, 9, 0, 13, 12, 11, 0),
	gsSP2Triangles(11, 14, 13, 0, 13, 14, 6, 0),
	gsSP2Triangles(6, 7, 13, 0, 15, 13, 7, 0),
	gsSP2Triangles(7, 16, 15, 0, 7, 17, 16, 0),
	gsSP2Triangles(7, 8, 17, 0, 18, 17, 8, 0),
	gsSP2Triangles(19, 18, 8, 0, 8, 9, 19, 0),
	gsSP2Triangles(9, 20, 19, 0, 9, 12, 20, 0),
	gsSP2Triangles(20, 12, 13, 0, 13, 15, 20, 0),
	gsSP2Triangles(18, 19, 21, 0, 21, 22, 18, 0),
	gsSP2Triangles(21, 23, 22, 0, 24, 23, 21, 0),
	gsSP2Triangles(25, 23, 24, 0, 26, 23, 25, 0),
	gsSP2Triangles(16, 26, 25, 0, 27, 26, 16, 0),
	gsSP2Triangles(17, 27, 16, 0, 27, 17, 18, 0),
	gsSP2Triangles(27, 18, 22, 0, 22, 28, 27, 0),
	gsSP2Triangles(28, 22, 23, 0, 28, 23, 26, 0),
	gsSP2Triangles(27, 28, 26, 0, 29, 4, 6, 0),
	gsSP2Triangles(30, 4, 29, 0, 5, 4, 30, 0),
	gsSPEndDisplayList(),
};

Vtx mario_Metal_Mario_Switch_Option_Left_Hand_Open_Switch_Option_Left_Hand_Open_mesh_layer_1_vtx_0[89] = {
	{{ {73, 72, -1}, 0, {812, 99}, {187, 107, 249, 255} }},
	{{ {16, 36, 9}, 0, {706, 36}, {187, 107, 249, 255} }},
	{{ {44, 56, 31}, 0, {1114, 4}, {187, 107, 249, 255} }},
	{{ {52, 28, 25}, 0, {533, 76}, {93, 4, 86, 255} }},
	{{ {73, 72, -1}, 0, {812, 99}, {93, 4, 86, 255} }},
	{{ {44, 56, 31}, 0, {1114, 4}, {93, 4, 86, 255} }},
	{{ {38, -20, 19}, 0, {1535, 275}, {59, 162, 62, 255} }},
	{{ {82, 4, 15}, 0, {1591, 164}, {59, 162, 62, 255} }},
	{{ {58, 8, 43}, 0, {1486, 148}, {59, 162, 62, 255} }},
	{{ {52, 28, 25}, 0, {1557, 76}, {148, 23, 62, 255} }},
	{{ {38, -20, 19}, 0, {1535, 275}, {148, 23, 62, 255} }},
	{{ {58, 8, 43}, 0, {1486, 148}, {148, 23, 62, 255} }},
	{{ {16, 36, 9}, 0, {706, 36}, {200, 216, 107, 255} }},
	{{ {52, 28, 25}, 0, {533, 76}, {200, 216, 107, 255} }},
	{{ {44, 56, 31}, 0, {1114, 4}, {200, 216, 107, 255} }},
	{{ {82, 4, 15}, 0, {1591, 164}, {80, 79, 59, 255} }},
	{{ {52, 28, 25}, 0, {1557, 76}, {80, 79, 59, 255} }},
	{{ {58, 8, 43}, 0, {1486, 148}, {80, 79, 59, 255} }},
	{{ {2, 3, 26}, 0, {1454, 257}, {74, 52, 89, 255} }},
	{{ {20, -46, 12}, 0, {1532, 401}, {117, 221, 35, 255} }},
	{{ {26, -32, 6}, 0, {1552, 355}, {51, 163, 70, 255} }},
	{{ {11, 5, 17}, 0, {1511, 215}, {6, 27, 124, 255} }},
	{{ {26, 16, 28}, 0, {1480, 132}, {221, 15, 121, 255} }},
	{{ {38, -20, 19}, 0, {1535, 275}, {235, 202, 113, 255} }},
	{{ {52, 28, 25}, 0, {1557, 76}, {2, 30, 123, 255} }},
	{{ {16, 36, 9}, 0, {1730, 36}, {192, 58, 93, 255} }},
	{{ {-3, 35, -9}, 0, {1822, 189}, {205, 114, 24, 255} }},
	{{ {-17, 40, -8}, 0, {1918, 272}, {43, 120, 0, 255} }},
	{{ {2, 3, 26}, 0, {1454, 257}, {168, 240, 90, 255} }},
	{{ {6, -38, 7}, 0, {1534, 434}, {167, 176, 42, 255} }},
	{{ {20, -46, 12}, 0, {1532, 401}, {185, 161, 45, 255} }},
	{{ {-6, -3, 17}, 0, {1483, 334}, {152, 226, 66, 255} }},
	{{ {-20, 22, -7}, 0, {1748, 305}, {131, 0, 22, 255} }},
	{{ {-6, -3, 17}, 0, {1483, 334}, {152, 226, 66, 255} }},
	{{ {2, 3, 26}, 0, {1454, 257}, {168, 240, 90, 255} }},
	{{ {-17, 40, -8}, 0, {1918, 272}, {132, 22, 17, 255} }},
	{{ {-15, 4, -32}, 0, {1702, 523}, {141, 222, 214, 255} }},
	{{ {1, -33, -23}, 0, {1603, 492}, {159, 179, 226, 255} }},
	{{ {6, -38, 7}, 0, {1534, 434}, {167, 176, 42, 255} }},
	{{ {-10, 14, -43}, 0, {724, 489}, {215, 35, 141, 255} }},
	{{ {-17, 40, -8}, 0, {894, 272}, {43, 120, 0, 255} }},
	{{ {-3, 35, -9}, 0, {798, 189}, {205, 114, 24, 255} }},
	{{ {1, 15, -37}, 0, {712, 408}, {224, 28, 136, 255} }},
	{{ {11, 29, -52}, 0, {752, 388}, {219, 30, 139, 255} }},
	{{ {6, 53, -9}, 0, {872, 186}, {171, 92, 21, 255} }},
	{{ {16, 36, 9}, 0, {706, 36}, {192, 58, 93, 255} }},
	{{ {73, 72, -1}, 0, {812, 99}, {6, 87, 93, 255} }},
	{{ {70, 89, -20}, 0, {842, 160}, {239, 125, 241, 255} }},
	{{ {121, 73, -21}, 0, {756, 136}, {78, 95, 33, 255} }},
	{{ {77, 41, 21}, 0, {618, 61}, {22, 37, 119, 255} }},
	{{ {52, 28, 25}, 0, {533, 76}, {8, 18, 125, 255} }},
	{{ {82, 4, 15}, 0, {567, 164}, {43, 236, 118, 255} }},
	{{ {141, 34, -7}, 0, {658, 140}, {116, 248, 51, 255} }},
	{{ {83, -17, 10}, 0, {559, 222}, {68, 191, 85, 255} }},
	{{ {38, -20, 19}, 0, {511, 275}, {235, 202, 113, 255} }},
	{{ {45, -34, 10}, 0, {531, 313}, {2, 151, 72, 255} }},
	{{ {26, -32, 6}, 0, {528, 355}, {51, 163, 70, 255} }},
	{{ {41, -37, -36}, 0, {606, 394}, {216, 157, 187, 255} }},
	{{ {20, -27, -27}, 0, {599, 415}, {16, 178, 157, 255} }},
	{{ {13, -39, -31}, 0, {591, 469}, {19, 164, 171, 255} }},
	{{ {20, -46, 12}, 0, {508, 401}, {117, 221, 35, 255} }},
	{{ {1, -33, -23}, 0, {579, 492}, {159, 179, 226, 255} }},
	{{ {6, -38, 7}, 0, {510, 434}, {167, 176, 42, 255} }},
	{{ {20, -46, 12}, 0, {508, 401}, {185, 161, 45, 255} }},
	{{ {1, -33, -23}, 0, {579, 492}, {159, 179, 226, 255} }},
	{{ {-15, 4, -32}, 0, {678, 523}, {141, 222, 214, 255} }},
	{{ {-10, 14, -43}, 0, {724, 489}, {215, 35, 141, 255} }},
	{{ {-20, 22, -7}, 0, {724, 305}, {131, 0, 22, 255} }},
	{{ {-17, 40, -8}, 0, {894, 272}, {132, 22, 17, 255} }},
	{{ {141, 34, -7}, 0, {658, 140}, {116, 248, 51, 255} }},
	{{ {121, 73, -21}, 0, {756, 136}, {78, 95, 33, 255} }},
	{{ {77, 41, 21}, 0, {618, 61}, {22, 37, 119, 255} }},
	{{ {119, 70, -42}, 0, {756, 179}, {51, 65, 159, 255} }},
	{{ {133, 28, -40}, 0, {684, 200}, {80, 216, 166, 255} }},
	{{ {83, -17, 10}, 0, {559, 222}, {68, 191, 85, 255} }},
	{{ {89, -6, -27}, 0, {631, 248}, {100, 227, 184, 255} }},
	{{ {89, -47, -37}, 0, {603, 332}, {75, 164, 212, 255} }},
	{{ {45, -34, 10}, 0, {531, 313}, {2, 151, 72, 255} }},
	{{ {41, -37, -36}, 0, {606, 394}, {216, 157, 187, 255} }},
	{{ {76, -18, -48}, 0, {642, 318}, {45, 3, 137, 255} }},
	{{ {25, -1, -44}, 0, {669, 378}, {223, 226, 137, 255} }},
	{{ {20, -27, -27}, 0, {599, 415}, {16, 178, 157, 255} }},
	{{ {1, 15, -37}, 0, {712, 408}, {224, 28, 136, 255} }},
	{{ {11, 29, -52}, 0, {752, 388}, {219, 30, 139, 255} }},
	{{ {26, 41, -41}, 0, {767, 290}, {245, 65, 148, 255} }},
	{{ {6, 53, -9}, 0, {872, 186}, {171, 92, 21, 255} }},
	{{ {70, 89, -20}, 0, {842, 160}, {239, 125, 241, 255} }},
	{{ {78, 59, -34}, 0, {762, 187}, {246, 22, 131, 255} }},
	{{ {69, 10, -36}, 0, {668, 255}, {52, 29, 144, 255} }},
};

Gfx mario_Metal_Mario_Switch_Option_Left_Hand_Open_Switch_Option_Left_Hand_Open_mesh_layer_1_tri_0[] = {
	gsSPVertex(mario_Metal_Mario_Switch_Option_Left_Hand_Open_Switch_Option_Left_Hand_Open_mesh_layer_1_vtx_0 + 0, 32, 0),
	gsSP2Triangles(0, 1, 2, 0, 3, 4, 5, 0),
	gsSP2Triangles(6, 7, 8, 0, 9, 10, 11, 0),
	gsSP2Triangles(12, 13, 14, 0, 15, 16, 17, 0),
	gsSP2Triangles(18, 19, 20, 0, 20, 21, 18, 0),
	gsSP2Triangles(22, 21, 20, 0, 20, 23, 22, 0),
	gsSP2Triangles(22, 23, 24, 0, 25, 22, 24, 0),
	gsSP2Triangles(26, 22, 25, 0, 26, 21, 22, 0),
	gsSP2Triangles(18, 21, 26, 0, 26, 27, 18, 0),
	gsSP2Triangles(28, 29, 30, 0, 28, 31, 29, 0),
	gsSPVertex(mario_Metal_Mario_Switch_Option_Left_Hand_Open_Switch_Option_Left_Hand_Open_mesh_layer_1_vtx_0 + 32, 32, 0),
	gsSP2Triangles(0, 1, 2, 0, 3, 0, 2, 0),
	gsSP2Triangles(1, 0, 4, 0, 1, 4, 5, 0),
	gsSP2Triangles(5, 6, 1, 0, 7, 8, 9, 0),
	gsSP2Triangles(9, 10, 7, 0, 11, 10, 9, 0),
	gsSP2Triangles(9, 12, 11, 0, 9, 13, 12, 0),
	gsSP2Triangles(12, 13, 14, 0, 12, 14, 15, 0),
	gsSP2Triangles(16, 15, 14, 0, 16, 14, 17, 0),
	gsSP2Triangles(17, 14, 18, 0, 19, 17, 18, 0),
	gsSP2Triangles(20, 17, 19, 0, 20, 19, 21, 0),
	gsSP2Triangles(21, 19, 22, 0, 21, 22, 23, 0),
	gsSP2Triangles(24, 23, 22, 0, 24, 25, 23, 0),
	gsSP2Triangles(24, 26, 25, 0, 27, 26, 24, 0),
	gsSP2Triangles(24, 28, 27, 0, 26, 27, 7, 0),
	gsSP2Triangles(27, 29, 7, 0, 30, 29, 27, 0),
	gsSP1Triangle(31, 30, 27, 0),
	gsSPVertex(mario_Metal_Mario_Switch_Option_Left_Hand_Open_Switch_Option_Left_Hand_Open_mesh_layer_1_vtx_0 + 64, 25, 0),
	gsSP2Triangles(0, 1, 2, 0, 2, 1, 3, 0),
	gsSP2Triangles(2, 3, 4, 0, 5, 6, 7, 0),
	gsSP2Triangles(6, 5, 8, 0, 8, 5, 9, 0),
	gsSP2Triangles(9, 5, 10, 0, 11, 9, 10, 0),
	gsSP2Triangles(12, 11, 10, 0, 12, 10, 13, 0),
	gsSP2Triangles(13, 14, 12, 0, 12, 14, 15, 0),
	gsSP2Triangles(14, 16, 15, 0, 17, 16, 14, 0),
	gsSP2Triangles(17, 18, 16, 0, 2, 18, 17, 0),
	gsSP2Triangles(18, 19, 16, 0, 16, 19, 20, 0),
	gsSP2Triangles(21, 20, 19, 0, 20, 21, 22, 0),
	gsSP2Triangles(22, 23, 20, 0, 8, 23, 22, 0),
	gsSP2Triangles(22, 6, 8, 0, 23, 8, 9, 0),
	gsSP2Triangles(23, 9, 11, 0, 24, 23, 11, 0),
	gsSP2Triangles(15, 24, 11, 0, 15, 11, 12, 0),
	gsSP2Triangles(15, 20, 24, 0, 15, 16, 20, 0),
	gsSP1Triangle(20, 23, 24, 0),
	gsSPEndDisplayList(),
};

Vtx mario_Metal_Mario_Switch_Option_Right_Arm_Color_mesh_layer_1_vtx_0[20] = {
	{{ {58, 17, 27}, 0, {221, 155}, {54, 89, 72, 255} }},
	{{ {67, 10, 21}, 0, {171, 270}, {111, 50, 37, 255} }},
	{{ {67, 11, -4}, 0, {560, 308}, {111, 51, 223, 255} }},
	{{ {67, -14, 28}, 0, {19, 611}, {110, 232, 59, 255} }},
	{{ {57, -17, 37}, 0, {-8, 665}, {50, 216, 109, 255} }},
	{{ {7, 25, 32}, 0, {1115, 21}, {224, 96, 76, 255} }},
	{{ {7, 27, -13}, 0, {1743, 154}, {224, 104, 190, 255} }},
	{{ {58, 19, -9}, 0, {779, 229}, {55, 96, 194, 255} }},
	{{ {67, -12, -13}, 0, {665, 572}, {110, 238, 195, 255} }},
	{{ {66, -28, 6}, 0, {420, 774}, {111, 195, 250, 255} }},
	{{ {57, -38, 6}, 0, {577, 896}, {51, 140, 250, 255} }},
	{{ {57, -14, -22}, 0, {928, 592}, {50, 227, 143, 255} }},
	{{ {5, -44, 5}, 0, {1560, 964}, {216, 136, 248, 255} }},
	{{ {6, -19, 44}, 0, {794, 709}, {220, 213, 114, 255} }},
	{{ {-8, 14, 22}, 0, {1593, 212}, {147, 53, 38, 255} }},
	{{ {-8, 15, -5}, 0, {1948, 264}, {147, 56, 222, 255} }},
	{{ {-9, -10, -15}, 0, {2055, 550}, {145, 245, 196, 255} }},
	{{ {6, -15, -30}, 0, {1896, 599}, {221, 226, 138, 255} }},
	{{ {-9, -28, 6}, 0, {1827, 774}, {143, 198, 251, 255} }},
	{{ {-9, -13, 30}, 0, {1446, 596}, {145, 238, 60, 255} }},
};

Gfx mario_Metal_Mario_Switch_Option_Right_Arm_Color_mesh_layer_1_tri_0[] = {
	gsSPVertex(mario_Metal_Mario_Switch_Option_Right_Arm_Color_mesh_layer_1_vtx_0 + 0, 20, 0),
	gsSP2Triangles(0, 1, 2, 0, 3, 1, 0, 0),
	gsSP2Triangles(4, 3, 0, 0, 4, 0, 5, 0),
	gsSP2Triangles(0, 6, 5, 0, 0, 7, 6, 0),
	gsSP2Triangles(0, 2, 7, 0, 7, 2, 8, 0),
	gsSP2Triangles(8, 2, 9, 0, 2, 3, 9, 0),
	gsSP2Triangles(2, 1, 3, 0, 10, 9, 3, 0),
	gsSP2Triangles(8, 9, 10, 0, 11, 8, 10, 0),
	gsSP2Triangles(11, 10, 12, 0, 10, 13, 12, 0),
	gsSP2Triangles(10, 4, 13, 0, 10, 3, 4, 0),
	gsSP2Triangles(4, 5, 13, 0, 5, 14, 13, 0),
	gsSP2Triangles(15, 14, 5, 0, 6, 15, 5, 0),
	gsSP2Triangles(16, 15, 6, 0, 17, 16, 6, 0),
	gsSP2Triangles(7, 17, 6, 0, 7, 11, 17, 0),
	gsSP2Triangles(7, 8, 11, 0, 11, 12, 17, 0),
	gsSP2Triangles(12, 18, 17, 0, 19, 18, 12, 0),
	gsSP2Triangles(13, 19, 12, 0, 14, 19, 13, 0),
	gsSP2Triangles(19, 14, 15, 0, 19, 15, 16, 0),
	gsSP2Triangles(16, 18, 19, 0, 18, 16, 17, 0),
	gsSPEndDisplayList(),
};

Vtx mario_Metal_Mario_Switch_Option_Right_Forearm_mesh_layer_1_vtx_0[16] = {
	{{ {-2, -18, 38}, 0, {723, 701}, {220, 214, 114, 255} }},
	{{ {-14, -14, 28}, 0, {1153, 614}, {147, 237, 62, 255} }},
	{{ {-3, -39, 6}, 0, {1463, 971}, {216, 136, 249, 255} }},
	{{ {-13, 10, 21}, 0, {1321, 205}, {149, 54, 41, 255} }},
	{{ {-1, 18, 28}, 0, {1002, 46}, {223, 96, 77, 255} }},
	{{ {47, -17, 34}, 0, {165, 676}, {65, 218, 102, 255} }},
	{{ {46, -36, 6}, 0, {741, 928}, {61, 145, 250, 255} }},
	{{ {47, -15, -19}, 0, {1097, 605}, {64, 227, 150, 255} }},
	{{ {-2, -15, -23}, 0, {1879, 604}, {221, 227, 138, 255} }},
	{{ {-14, -28, 6}, 0, {1626, 811}, {145, 194, 250, 255} }},
	{{ {-14, -12, -13}, 0, {1935, 568}, {148, 242, 191, 255} }},
	{{ {-13, 12, -4}, 0, {1794, 237}, {151, 61, 218, 255} }},
	{{ {-1, 20, -9}, 0, {1688, 143}, {225, 104, 190, 255} }},
	{{ {48, 13, 25}, 0, {370, 143}, {68, 83, 68, 255} }},
	{{ {59, -8, 7}, 0, {530, 512}, {127, 253, 254, 255} }},
	{{ {48, 15, -7}, 0, {928, 204}, {67, 91, 197, 255} }},
};

Gfx mario_Metal_Mario_Switch_Option_Right_Forearm_mesh_layer_1_tri_0[] = {
	gsSPVertex(mario_Metal_Mario_Switch_Option_Right_Forearm_mesh_layer_1_vtx_0 + 0, 16, 0),
	gsSP2Triangles(0, 1, 2, 0, 3, 1, 0, 0),
	gsSP2Triangles(4, 3, 0, 0, 5, 4, 0, 0),
	gsSP2Triangles(6, 5, 0, 0, 6, 0, 2, 0),
	gsSP2Triangles(7, 6, 2, 0, 7, 2, 8, 0),
	gsSP2Triangles(2, 9, 8, 0, 1, 9, 2, 0),
	gsSP2Triangles(9, 1, 3, 0, 10, 9, 3, 0),
	gsSP2Triangles(10, 3, 11, 0, 11, 3, 4, 0),
	gsSP2Triangles(12, 11, 4, 0, 13, 12, 4, 0),
	gsSP2Triangles(5, 13, 4, 0, 5, 14, 13, 0),
	gsSP2Triangles(6, 14, 5, 0, 7, 14, 6, 0),
	gsSP2Triangles(15, 14, 7, 0, 15, 7, 8, 0),
	gsSP2Triangles(15, 8, 12, 0, 8, 10, 12, 0),
	gsSP2Triangles(9, 10, 8, 0, 10, 11, 12, 0),
	gsSP2Triangles(13, 15, 12, 0, 13, 14, 15, 0),
	gsSPEndDisplayList(),
};

Vtx mario_Metal_Mario_Switch_Option_Right_Hand_DL_mesh_layer_1_vtx_0[58] = {
	{{ {75, -33, 66}, 0, {738, 734}, {24, 182, 101, 255} }},
	{{ {57, -50, 0}, 0, {741, 682}, {250, 131, 236, 255} }},
	{{ {105, -32, -1}, 0, {578, 673}, {110, 194, 244, 255} }},
	{{ {105, -32, -1}, 0, {1281, 682}, {44, 137, 255, 255} }},
	{{ {57, -50, 0}, 0, {1195, 641}, {44, 137, 255, 255} }},
	{{ {81, -41, -29}, 0, {741, 682}, {44, 137, 255, 255} }},
	{{ {84, 36, -36}, 0, {1281, 682}, {69, 58, 167, 255} }},
	{{ {105, -32, -1}, 0, {741, 682}, {110, 194, 244, 255} }},
	{{ {70, -8, -19}, 0, {1275, 735}, {18, 203, 142, 255} }},
	{{ {70, -8, -19}, 0, {741, 682}, {79, 52, 171, 255} }},
	{{ {105, -32, -1}, 0, {738, 734}, {79, 52, 171, 255} }},
	{{ {81, -41, -29}, 0, {1275, 735}, {79, 52, 171, 255} }},
	{{ {57, -50, 0}, 0, {1002, 898}, {159, 250, 174, 255} }},
	{{ {70, -8, -19}, 0, {1227, 593}, {159, 250, 174, 255} }},
	{{ {81, -41, -29}, 0, {1127, 818}, {159, 250, 174, 255} }},
	{{ {57, -50, 0}, 0, {1195, 641}, {250, 131, 236, 255} }},
	{{ {33, 14, -40}, 0, {827, 641}, {211, 7, 137, 255} }},
	{{ {70, -8, -19}, 0, {741, 682}, {31, 200, 147, 255} }},
	{{ {33, 14, -40}, 0, {810, 596}, {236, 67, 150, 255} }},
	{{ {84, 36, -36}, 0, {1195, 641}, {236, 67, 150, 255} }},
	{{ {68, 4, -54}, 0, {1211, 596}, {236, 67, 150, 255} }},
	{{ {70, -8, -19}, 0, {810, 596}, {209, 143, 221, 255} }},
	{{ {33, 14, -40}, 0, {827, 641}, {209, 143, 221, 255} }},
	{{ {68, 4, -54}, 0, {1195, 641}, {209, 143, 221, 255} }},
	{{ {58, 81, 0}, 0, {788, 813}, {22, 123, 233, 255} }},
	{{ {84, 36, -36}, 0, {1275, 735}, {69, 58, 167, 255} }},
	{{ {33, 14, -40}, 0, {738, 734}, {211, 7, 137, 255} }},
	{{ {84, 36, -36}, 0, {101, 303}, {116, 209, 236, 255} }},
	{{ {70, -8, -19}, 0, {749, 313}, {116, 209, 236, 255} }},
	{{ {68, 4, -54}, 0, {987, 107}, {116, 209, 236, 255} }},
	{{ {105, -32, -1}, 0, {1572, 611}, {110, 194, 244, 255} }},
	{{ {96, -8, 52}, 0, {1208, 954}, {103, 252, 74, 255} }},
	{{ {75, -33, 66}, 0, {1875, 988}, {24, 182, 101, 255} }},
	{{ {97, 39, 24}, 0, {448, 697}, {108, 61, 29, 255} }},
	{{ {84, 36, -36}, 0, {749, 313}, {69, 58, 167, 255} }},
	{{ {58, 81, 0}, 0, {101, 303}, {22, 123, 233, 255} }},
	{{ {54, 54, 44}, 0, {66, 642}, {20, 82, 95, 255} }},
	{{ {29, 62, 34}, 0, {52, 455}, {206, 89, 75, 255} }},
	{{ {10, 60, -4}, 0, {348, 136}, {176, 90, 215, 255} }},
	{{ {33, 14, -40}, 0, {987, 107}, {211, 7, 137, 255} }},
	{{ {-2, 41, -1}, 0, {558, 148}, {214, 113, 215, 255} }},
	{{ {15, 0, -23}, 0, {1132, 142}, {8, 250, 129, 255} }},
	{{ {31, -40, -1}, 0, {1676, 349}, {50, 152, 203, 255} }},
	{{ {57, -50, 0}, 0, {1810, 440}, {250, 131, 236, 255} }},
	{{ {23, -26, 35}, 0, {1562, 611}, {11, 193, 110, 255} }},
	{{ {29, 6, 49}, 0, {899, 749}, {191, 249, 109, 255} }},
	{{ {57, 10, 66}, 0, {710, 956}, {243, 21, 125, 255} }},
	{{ {86, 15, 52}, 0, {689, 907}, {69, 45, 97, 255} }},
	{{ {1, 24, 35}, 0, {619, 483}, {245, 63, 110, 255} }},
	{{ {-14, 26, 41}, 0, {546, 457}, {197, 52, 100, 255} }},
	{{ {-19, 47, -4}, 0, {498, 14}, {45, 117, 235, 255} }},
	{{ {4, -3, -33}, 0, {1174, 19}, {76, 33, 159, 255} }},
	{{ {24, -57, -4}, 0, {1888, 265}, {117, 211, 236, 255} }},
	{{ {13, -38, 41}, 0, {1815, 600}, {251, 177, 99, 255} }},
	{{ {-16, -12, 6}, 0, {1285, 196}, {139, 208, 246, 255} }},
	{{ {-19, 47, -4}, 0, {498, 14}, {131, 246, 235, 255} }},
	{{ {4, -3, -33}, 0, {1174, 19}, {153, 214, 194, 255} }},
	{{ {24, -57, -4}, 0, {1888, 265}, {160, 175, 236, 255} }},
};

Gfx mario_Metal_Mario_Switch_Option_Right_Hand_DL_mesh_layer_1_tri_0[] = {
	gsSPVertex(mario_Metal_Mario_Switch_Option_Right_Hand_DL_mesh_layer_1_vtx_0 + 0, 30, 0),
	gsSP2Triangles(0, 1, 2, 0, 3, 4, 5, 0),
	gsSP2Triangles(6, 7, 8, 0, 9, 10, 11, 0),
	gsSP2Triangles(12, 13, 14, 0, 15, 16, 17, 0),
	gsSP2Triangles(18, 19, 20, 0, 21, 22, 23, 0),
	gsSP2Triangles(24, 25, 26, 0, 27, 28, 29, 0),
	gsSPVertex(mario_Metal_Mario_Switch_Option_Right_Hand_DL_mesh_layer_1_vtx_0 + 30, 28, 0),
	gsSP2Triangles(0, 1, 2, 0, 0, 3, 1, 0),
	gsSP2Triangles(4, 3, 0, 0, 5, 3, 4, 0),
	gsSP2Triangles(6, 3, 5, 0, 7, 6, 5, 0),
	gsSP2Triangles(5, 8, 7, 0, 5, 9, 8, 0),
	gsSP2Triangles(8, 9, 10, 0, 9, 11, 10, 0),
	gsSP2Triangles(12, 11, 9, 0, 9, 13, 12, 0),
	gsSP2Triangles(14, 12, 13, 0, 13, 2, 14, 0),
	gsSP2Triangles(2, 15, 14, 0, 2, 16, 15, 0),
	gsSP2Triangles(2, 1, 16, 0, 1, 17, 16, 0),
	gsSP2Triangles(1, 3, 17, 0, 3, 6, 17, 0),
	gsSP2Triangles(17, 6, 16, 0, 6, 7, 16, 0),
	gsSP2Triangles(7, 15, 16, 0, 18, 15, 7, 0),
	gsSP2Triangles(7, 8, 18, 0, 8, 10, 18, 0),
	gsSP2Triangles(19, 18, 10, 0, 10, 20, 19, 0),
	gsSP2Triangles(21, 20, 10, 0, 10, 11, 21, 0),
	gsSP2Triangles(21, 11, 12, 0, 12, 22, 21, 0),
	gsSP2Triangles(23, 22, 12, 0, 12, 14, 23, 0),
	gsSP2Triangles(19, 23, 14, 0, 14, 18, 19, 0),
	gsSP2Triangles(15, 18, 14, 0, 19, 24, 23, 0),
	gsSP2Triangles(25, 24, 19, 0, 26, 24, 25, 0),
	gsSP2Triangles(27, 24, 26, 0, 23, 24, 27, 0),
	gsSPEndDisplayList(),
};

Vtx mario_Metal_Mario_Switch_Option_Right_Hand_Open_Switch_Option_Right_Hand_Open_mesh_layer_1_vtx_0[91] = {
	{{ {78, 70, -8}, 0, {784, 116}, {89, 253, 165, 255} }},
	{{ {56, 25, -29}, 0, {689, 229}, {89, 253, 165, 255} }},
	{{ {48, 52, -37}, 0, {766, 231}, {89, 253, 165, 255} }},
	{{ {56, 25, -29}, 0, {689, 229}, {193, 208, 157, 255} }},
	{{ {21, 35, -12}, 0, {726, 174}, {193, 208, 157, 255} }},
	{{ {48, 52, -37}, 0, {766, 231}, {193, 208, 157, 255} }},
	{{ {41, -22, -19}, 0, {592, 337}, {144, 22, 200, 255} }},
	{{ {56, 25, -29}, 0, {689, 229}, {144, 22, 200, 255} }},
	{{ {60, 3, -46}, 0, {667, 306}, {144, 22, 200, 255} }},
	{{ {56, 25, -29}, 0, {689, 229}, {78, 72, 186, 255} }},
	{{ {86, 2, -19}, 0, {627, 227}, {78, 72, 186, 255} }},
	{{ {60, 3, -46}, 0, {667, 306}, {78, 72, 186, 255} }},
	{{ {21, 35, -12}, 0, {726, 174}, {189, 108, 2, 255} }},
	{{ {78, 70, -8}, 0, {784, 116}, {189, 108, 2, 255} }},
	{{ {48, 52, -37}, 0, {766, 231}, {189, 108, 2, 255} }},
	{{ {86, 2, -19}, 0, {627, 227}, {53, 155, 200, 255} }},
	{{ {41, -22, -19}, 0, {592, 337}, {53, 155, 200, 255} }},
	{{ {60, 3, -46}, 0, {667, 306}, {53, 155, 200, 255} }},
	{{ {93, -5, 22}, 0, {547, 181}, {104, 230, 69, 255} }},
	{{ {84, 59, 25}, 0, {687, 31}, {253, 33, 123, 255} }},
	{{ {75, 11, 32}, 0, {517, 138}, {61, 36, 105, 255} }},
	{{ {136, 28, 31}, 0, {576, 104}, {81, 221, 91, 255} }},
	{{ {86, -19, -13}, 0, {595, 258}, {63, 183, 173, 255} }},
	{{ {93, -45, 36}, 0, {510, 261}, {76, 167, 49, 255} }},
	{{ {48, -35, -9}, 0, {565, 339}, {251, 146, 193, 255} }},
	{{ {41, -22, -19}, 0, {592, 337}, {226, 193, 150, 255} }},
	{{ {30, -32, -4}, 0, {550, 365}, {51, 158, 193, 255} }},
	{{ {30, 13, -30}, 0, {673, 295}, {214, 5, 136, 255} }},
	{{ {16, 4, -17}, 0, {626, 313}, {255, 17, 130, 255} }},
	{{ {7, 1, -26}, 0, {642, 389}, {76, 42, 164, 255} }},
	{{ {25, -46, -9}, 0, {549, 418}, {119, 225, 224, 255} }},
	{{ {3, 36, 6}, 0, {760, 38}, {214, 116, 225, 255} }},
	{{ {21, 35, -12}, 0, {726, 174}, {191, 55, 162, 255} }},
	{{ {30, 13, -30}, 0, {673, 295}, {214, 5, 136, 255} }},
	{{ {3, 36, 6}, 0, {760, 38}, {214, 116, 225, 255} }},
	{{ {13, 53, 5}, 0, {899, 89}, {173, 93, 233, 255} }},
	{{ {20, 33, 48}, 0, {1337, 131}, {226, 42, 116, 255} }},
	{{ {34, 43, 36}, 0, {1353, 42}, {253, 74, 103, 255} }},
	{{ {32, 2, 43}, 0, {1457, 205}, {226, 237, 122, 255} }},
	{{ {9, 18, 35}, 0, {1403, 176}, {234, 41, 118, 255} }},
	{{ {3, 36, 6}, 0, {1784, 38}, {214, 116, 225, 255} }},
	{{ {-1, 18, 42}, 0, {1360, 231}, {225, 47, 114, 255} }},
	{{ {26, -24, 28}, 0, {1503, 313}, {14, 186, 105, 255} }},
	{{ {19, -36, 33}, 0, {1491, 364}, {22, 169, 90, 255} }},
	{{ {7, -30, 26}, 0, {1492, 390}, {158, 186, 42, 255} }},
	{{ {-7, 7, 32}, 0, {1408, 293}, {142, 231, 49, 255} }},
	{{ {-12, 23, 6}, 0, {1535, 107}, {130, 0, 240, 255} }},
	{{ {-9, 41, 5}, 0, {962, 96}, {131, 20, 244, 255} }},
	{{ {0, -4, -15}, 0, {1623, 405}, {145, 222, 204, 255} }},
	{{ {11, -38, -3}, 0, {1559, 436}, {165, 173, 227, 255} }},
	{{ {25, -46, -9}, 0, {1573, 418}, {184, 159, 218, 255} }},
	{{ {86, -19, -13}, 0, {595, 258}, {63, 183, 173, 255} }},
	{{ {41, -22, -19}, 0, {592, 337}, {226, 193, 150, 255} }},
	{{ {86, 2, -19}, 0, {627, 227}, {39, 226, 139, 255} }},
	{{ {143, 31, -1}, 0, {642, 138}, {115, 240, 204, 255} }},
	{{ {81, 37, -28}, 0, {703, 190}, {19, 26, 133, 255} }},
	{{ {56, 25, -29}, 0, {689, 229}, {1, 8, 129, 255} }},
	{{ {78, 70, -8}, 0, {784, 116}, {3, 79, 156, 255} }},
	{{ {125, 71, 9}, 0, {727, 78}, {79, 90, 213, 255} }},
	{{ {76, 88, 9}, 0, {869, 85}, {242, 126, 5, 255} }},
	{{ {84, 59, 25}, 0, {687, 31}, {253, 33, 123, 255} }},
	{{ {124, 69, 30}, 0, {685, 40}, {57, 70, 90, 255} }},
	{{ {136, 28, 31}, 0, {576, 104}, {81, 221, 91, 255} }},
	{{ {75, 11, 32}, 0, {1541, 138}, {61, 36, 105, 255} }},
	{{ {84, 59, 25}, 0, {1711, 31}, {253, 33, 123, 255} }},
	{{ {34, 43, 36}, 0, {1353, 42}, {253, 74, 103, 255} }},
	{{ {81, -15, 45}, 0, {1513, 201}, {53, 12, 115, 255} }},
	{{ {32, 2, 43}, 0, {1457, 205}, {226, 237, 122, 255} }},
	{{ {46, -35, 37}, 0, {1504, 299}, {216, 164, 78, 255} }},
	{{ {26, -24, 28}, 0, {1503, 313}, {14, 186, 105, 255} }},
	{{ {9, 18, 35}, 0, {1403, 176}, {234, 41, 118, 255} }},
	{{ {30, -32, -4}, 0, {1574, 365}, {51, 158, 193, 255} }},
	{{ {19, -36, 33}, 0, {1491, 364}, {22, 169, 90, 255} }},
	{{ {25, -46, -9}, 0, {1573, 418}, {119, 225, 224, 255} }},
	{{ {48, -35, -9}, 0, {1589, 339}, {251, 146, 193, 255} }},
	{{ {93, -45, 36}, 0, {1534, 261}, {76, 167, 49, 255} }},
	{{ {93, -5, 22}, 0, {1571, 181}, {104, 230, 69, 255} }},
	{{ {7, 1, -26}, 0, {642, 389}, {76, 42, 164, 255} }},
	{{ {-9, 41, 5}, 0, {962, 96}, {50, 116, 243, 255} }},
	{{ {3, 36, 6}, 0, {760, 38}, {214, 116, 225, 255} }},
	{{ {-1, 18, 42}, 0, {1360, 231}, {225, 47, 114, 255} }},
	{{ {25, -46, -9}, 0, {549, 418}, {184, 159, 218, 255} }},
	{{ {11, -38, -3}, 0, {535, 436}, {165, 173, 227, 255} }},
	{{ {7, 1, -26}, 0, {642, 389}, {158, 231, 179, 255} }},
	{{ {0, -4, -15}, 0, {599, 405}, {145, 222, 204, 255} }},
	{{ {-12, 23, 6}, 0, {511, 107}, {130, 0, 240, 255} }},
	{{ {-9, 41, 5}, 0, {962, 96}, {131, 20, 244, 255} }},
	{{ {41, -22, -19}, 0, {592, 337}, {226, 193, 150, 255} }},
	{{ {30, 13, -30}, 0, {673, 295}, {214, 5, 136, 255} }},
	{{ {56, 25, -29}, 0, {689, 229}, {251, 20, 131, 255} }},
	{{ {21, 35, -12}, 0, {726, 174}, {191, 55, 162, 255} }},
};

Gfx mario_Metal_Mario_Switch_Option_Right_Hand_Open_Switch_Option_Right_Hand_Open_mesh_layer_1_tri_0[] = {
	gsSPVertex(mario_Metal_Mario_Switch_Option_Right_Hand_Open_Switch_Option_Right_Hand_Open_mesh_layer_1_vtx_0 + 0, 32, 0),
	gsSP2Triangles(0, 1, 2, 0, 3, 4, 5, 0),
	gsSP2Triangles(6, 7, 8, 0, 9, 10, 11, 0),
	gsSP2Triangles(12, 13, 14, 0, 15, 16, 17, 0),
	gsSP2Triangles(18, 19, 20, 0, 18, 21, 19, 0),
	gsSP2Triangles(22, 21, 18, 0, 22, 18, 23, 0),
	gsSP2Triangles(24, 22, 23, 0, 22, 24, 25, 0),
	gsSP2Triangles(25, 24, 26, 0, 25, 26, 27, 0),
	gsSP2Triangles(26, 28, 27, 0, 29, 28, 26, 0),
	gsSP2Triangles(26, 30, 29, 0, 31, 28, 29, 0),
	gsSP1Triangle(27, 28, 31, 0),
	gsSPVertex(mario_Metal_Mario_Switch_Option_Right_Hand_Open_Switch_Option_Right_Hand_Open_mesh_layer_1_vtx_0 + 32, 31, 0),
	gsSP2Triangles(0, 1, 2, 0, 0, 2, 3, 0),
	gsSP2Triangles(4, 3, 2, 0, 4, 5, 3, 0),
	gsSP2Triangles(5, 4, 6, 0, 6, 4, 7, 0),
	gsSP2Triangles(8, 7, 4, 0, 9, 7, 8, 0),
	gsSP2Triangles(10, 7, 9, 0, 9, 11, 10, 0),
	gsSP2Triangles(9, 12, 11, 0, 9, 13, 12, 0),
	gsSP2Triangles(14, 13, 9, 0, 15, 14, 9, 0),
	gsSP2Triangles(13, 14, 16, 0, 12, 13, 16, 0),
	gsSP2Triangles(16, 17, 12, 0, 11, 12, 17, 0),
	gsSP2Triangles(11, 17, 18, 0, 19, 20, 21, 0),
	gsSP2Triangles(22, 19, 21, 0, 22, 21, 23, 0),
	gsSP2Triangles(23, 21, 24, 0, 25, 23, 24, 0),
	gsSP2Triangles(25, 26, 23, 0, 25, 27, 26, 0),
	gsSP2Triangles(3, 27, 25, 0, 3, 25, 0, 0),
	gsSP2Triangles(27, 3, 5, 0, 5, 28, 27, 0),
	gsSP2Triangles(27, 28, 29, 0, 30, 29, 28, 0),
	gsSP2Triangles(30, 22, 29, 0, 19, 22, 30, 0),
	gsSP2Triangles(29, 22, 26, 0, 23, 26, 22, 0),
	gsSP1Triangle(29, 26, 27, 0),
	gsSPVertex(mario_Metal_Mario_Switch_Option_Right_Hand_Open_Switch_Option_Right_Hand_Open_mesh_layer_1_vtx_0 + 63, 28, 0),
	gsSP2Triangles(0, 1, 2, 0, 0, 2, 3, 0),
	gsSP2Triangles(2, 4, 3, 0, 3, 4, 5, 0),
	gsSP2Triangles(5, 4, 6, 0, 4, 7, 6, 0),
	gsSP2Triangles(5, 6, 8, 0, 8, 6, 9, 0),
	gsSP2Triangles(9, 10, 8, 0, 11, 5, 8, 0),
	gsSP2Triangles(12, 5, 11, 0, 3, 5, 12, 0),
	gsSP2Triangles(12, 13, 3, 0, 13, 0, 3, 0),
	gsSP2Triangles(14, 15, 16, 0, 16, 15, 17, 0),
	gsSP2Triangles(18, 19, 20, 0, 19, 21, 20, 0),
	gsSP2Triangles(20, 21, 22, 0, 20, 22, 23, 0),
	gsSP2Triangles(24, 25, 26, 0, 25, 27, 26, 0),
	gsSPEndDisplayList(),
};

Vtx mario_Metal_Mario_Switch_Option_Right_Hand_Peace_Switch_Option_Right_Hand_Peace_mesh_layer_1_vtx_0[107] = {
	{{ {47, -25, -21}, 0, {596, 333}, {144, 23, 200, 255} }},
	{{ {61, 12, -36}, 0, {673, 260}, {144, 23, 200, 255} }},
	{{ {66, -6, -52}, 0, {662, 320}, {144, 23, 200, 255} }},
	{{ {94, -7, -26}, 0, {629, 245}, {38, 144, 210, 255} }},
	{{ {47, -25, -21}, 0, {596, 333}, {38, 144, 210, 255} }},
	{{ {66, -6, -52}, 0, {662, 320}, {38, 144, 210, 255} }},
	{{ {18, 38, -19}, 0, {763, 211}, {223, 116, 216, 255} }},
	{{ {71, 54, -16}, 0, {751, 144}, {223, 116, 216, 255} }},
	{{ {48, 37, -48}, 0, {740, 276}, {223, 116, 216, 255} }},
	{{ {61, 12, -36}, 0, {673, 260}, {183, 181, 184, 255} }},
	{{ {18, 38, -19}, 0, {763, 211}, {183, 181, 184, 255} }},
	{{ {48, 37, -48}, 0, {740, 276}, {183, 181, 184, 255} }},
	{{ {71, 54, -16}, 0, {751, 144}, {101, 12, 180, 255} }},
	{{ {61, 12, -36}, 0, {673, 260}, {101, 12, 180, 255} }},
	{{ {48, 37, -48}, 0, {740, 276}, {101, 12, 180, 255} }},
	{{ {61, 12, -36}, 0, {673, 260}, {68, 83, 188, 255} }},
	{{ {94, -7, -26}, 0, {629, 245}, {68, 83, 188, 255} }},
	{{ {66, -6, -52}, 0, {662, 320}, {68, 83, 188, 255} }},
	{{ {-21, 9, 33}, 0, {1360, 363}, {141, 230, 47, 255} }},
	{{ {-25, 24, 0}, 0, {1855, 99}, {132, 251, 229, 255} }},
	{{ {-8, -12, -20}, 0, {1623, 487}, {155, 208, 196, 255} }},
	{{ {0, -35, 32}, 0, {1473, 417}, {164, 184, 50, 255} }},
	{{ {6, -49, 0}, 0, {1546, 467}, {171, 165, 230, 255} }},
	{{ {15, -39, 42}, 0, {1471, 371}, {19, 186, 104, 255} }},
	{{ {24, -59, -3}, 0, {1557, 433}, {192, 149, 232, 255} }},
	{{ {-15, 23, 43}, 0, {1303, 282}, {212, 59, 103, 255} }},
	{{ {-22, 43, -3}, 0, {959, 293}, {133, 17, 230, 255} }},
	{{ {-25, 24, 0}, 0, {831, 99}, {132, 251, 229, 255} }},
	{{ {2, -5, -33}, 0, {648, 445}, {170, 220, 170, 255} }},
	{{ {-8, -12, -20}, 0, {599, 487}, {155, 208, 196, 255} }},
	{{ {24, -59, -3}, 0, {533, 433}, {192, 149, 232, 255} }},
	{{ {6, -49, 0}, 0, {522, 467}, {171, 165, 230, 255} }},
	{{ {15, -39, 42}, 0, {1471, 371}, {19, 186, 104, 255} }},
	{{ {0, 21, 37}, 0, {1352, 191}, {5, 68, 107, 255} }},
	{{ {-15, 23, 43}, 0, {1303, 282}, {212, 59, 103, 255} }},
	{{ {23, -29, 36}, 0, {1484, 325}, {23, 197, 110, 255} }},
	{{ {24, -59, -3}, 0, {1557, 433}, {102, 197, 48, 255} }},
	{{ {32, -43, 0}, 0, {1563, 376}, {48, 149, 50, 255} }},
	{{ {45, -29, 52}, 0, {1474, 275}, {231, 188, 104, 255} }},
	{{ {56, -47, -5}, 0, {1579, 342}, {16, 131, 16, 255} }},
	{{ {88, -34, 39}, 0, {1528, 237}, {61, 166, 65, 255} }},
	{{ {90, -3, 52}, 0, {1504, 161}, {72, 3, 105, 255} }},
	{{ {101, -29, 15}, 0, {1574, 231}, {106, 186, 4, 255} }},
	{{ {98, 10, 29}, 0, {1569, 134}, {91, 26, 84, 255} }},
	{{ {84, 48, 24}, 0, {1659, 47}, {49, 66, 97, 255} }},
	{{ {46, 49, 45}, 0, {1308, 42}, {247, 72, 104, 255} }},
	{{ {18, 30, 41}, 0, {1349, 116}, {201, 46, 105, 255} }},
	{{ {8, 58, -2}, 0, {911, 158}, {183, 82, 64, 255} }},
	{{ {56, 80, 1}, 0, {874, 111}, {14, 108, 65, 255} }},
	{{ {84, 48, 24}, 0, {635, 47}, {49, 66, 97, 255} }},
	{{ {84, 60, -7}, 0, {752, 112}, {77, 94, 36, 255} }},
	{{ {-4, 38, 0}, 0, {861, 109}, {221, 106, 61, 255} }},
	{{ {-22, 43, -3}, 0, {959, 293}, {24, 116, 47, 255} }},
	{{ {101, -29, 15}, 0, {550, 231}, {106, 186, 4, 255} }},
	{{ {88, -34, 39}, 0, {504, 237}, {61, 166, 65, 255} }},
	{{ {56, -47, -5}, 0, {555, 342}, {16, 131, 16, 255} }},
	{{ {94, -22, -18}, 0, {602, 259}, {79, 189, 182, 255} }},
	{{ {105, 17, 3}, 0, {617, 149}, {126, 249, 243, 255} }},
	{{ {94, -7, -26}, 0, {629, 245}, {90, 227, 171, 255} }},
	{{ {47, -25, -21}, 0, {596, 333}, {234, 185, 153, 255} }},
	{{ {56, -47, -5}, 0, {555, 342}, {246, 178, 156, 255} }},
	{{ {32, -43, 0}, 0, {539, 376}, {215, 180, 163, 255} }},
	{{ {33, 7, -37}, 0, {674, 320}, {224, 250, 133, 255} }},
	{{ {14, -1, -22}, 0, {632, 348}, {187, 228, 153, 255} }},
	{{ {33, 7, -37}, 0, {674, 320}, {224, 250, 133, 255} }},
	{{ {14, -1, -22}, 0, {632, 348}, {187, 228, 153, 255} }},
	{{ {-4, 38, 0}, 0, {861, 109}, {175, 28, 162, 255} }},
	{{ {18, 38, -19}, 0, {763, 211}, {198, 44, 152, 255} }},
	{{ {8, 58, -2}, 0, {911, 158}, {205, 60, 156, 255} }},
	{{ {56, 80, 1}, 0, {874, 111}, {250, 71, 151, 255} }},
	{{ {71, 54, -16}, 0, {751, 144}, {17, 70, 151, 255} }},
	{{ {84, 60, -7}, 0, {752, 112}, {15, 73, 153, 255} }},
	{{ {89, 18, -34}, 0, {674, 222}, {36, 24, 137, 255} }},
	{{ {146, 76, -3}, 0, {738, 100}, {18, 45, 139, 255} }},
	{{ {156, 46, -8}, 0, {675, 130}, {33, 31, 137, 255} }},
	{{ {61, 12, -36}, 0, {673, 260}, {3, 19, 131, 255} }},
	{{ {94, -7, -26}, 0, {629, 245}, {90, 227, 171, 255} }},
	{{ {105, 17, 3}, 0, {617, 149}, {126, 249, 243, 255} }},
	{{ {98, 10, 29}, 0, {545, 134}, {123, 254, 32, 255} }},
	{{ {101, -29, 15}, 0, {550, 231}, {106, 186, 4, 255} }},
	{{ {-22, 43, -3}, 0, {959, 293}, {40, 74, 161, 255} }},
	{{ {-4, 38, 0}, 0, {861, 109}, {36, 72, 158, 255} }},
	{{ {14, -1, -22}, 0, {632, 348}, {75, 35, 159, 255} }},
	{{ {2, -5, -33}, 0, {648, 445}, {74, 38, 160, 255} }},
	{{ {32, -43, 0}, 0, {539, 376}, {80, 236, 160, 255} }},
	{{ {24, -59, -3}, 0, {533, 433}, {79, 235, 159, 255} }},
	{{ {47, -25, -21}, 0, {596, 333}, {234, 185, 153, 255} }},
	{{ {61, 12, -36}, 0, {673, 260}, {7, 252, 129, 255} }},
	{{ {84, 60, -7}, 0, {752, 112}, {223, 114, 44, 255} }},
	{{ {84, 48, 24}, 0, {635, 47}, {223, 115, 43, 255} }},
	{{ {146, 76, -3}, 0, {738, 100}, {222, 115, 41, 255} }},
	{{ {139, 66, 21}, 0, {689, 63}, {221, 116, 39, 255} }},
	{{ {156, 46, -8}, 0, {675, 130}, {62, 145, 251, 255} }},
	{{ {105, 17, 3}, 0, {617, 149}, {63, 147, 241, 255} }},
	{{ {89, 18, -34}, 0, {674, 222}, {56, 146, 229, 255} }},
	{{ {147, 42, 25}, 0, {618, 87}, {65, 147, 2, 255} }},
	{{ {147, 42, 25}, 0, {618, 87}, {65, 147, 2, 255} }},
	{{ {98, 10, 29}, 0, {545, 134}, {69, 150, 246, 255} }},
	{{ {105, 17, 3}, 0, {617, 149}, {63, 147, 241, 255} }},
	{{ {156, 46, -8}, 0, {675, 130}, {114, 39, 41, 255} }},
	{{ {146, 76, -3}, 0, {738, 100}, {114, 31, 46, 255} }},
	{{ {139, 66, 21}, 0, {689, 63}, {114, 40, 40, 255} }},
	{{ {147, 42, 25}, 0, {618, 87}, {113, 47, 34, 255} }},
	{{ {147, 42, 25}, 0, {618, 87}, {0, 20, 125, 255} }},
	{{ {139, 66, 21}, 0, {689, 63}, {0, 21, 125, 255} }},
	{{ {84, 48, 24}, 0, {635, 47}, {49, 66, 97, 255} }},
	{{ {98, 10, 29}, 0, {545, 134}, {91, 26, 84, 255} }},
};

Gfx mario_Metal_Mario_Switch_Option_Right_Hand_Peace_Switch_Option_Right_Hand_Peace_mesh_layer_1_tri_0[] = {
	gsSPVertex(mario_Metal_Mario_Switch_Option_Right_Hand_Peace_Switch_Option_Right_Hand_Peace_mesh_layer_1_vtx_0 + 0, 32, 0),
	gsSP2Triangles(0, 1, 2, 0, 3, 4, 5, 0),
	gsSP2Triangles(6, 7, 8, 0, 9, 10, 11, 0),
	gsSP2Triangles(12, 13, 14, 0, 15, 16, 17, 0),
	gsSP2Triangles(18, 19, 20, 0, 21, 18, 20, 0),
	gsSP2Triangles(20, 22, 21, 0, 23, 21, 22, 0),
	gsSP2Triangles(23, 22, 24, 0, 25, 21, 23, 0),
	gsSP2Triangles(25, 18, 21, 0, 26, 18, 25, 0),
	gsSP2Triangles(26, 27, 18, 0, 28, 27, 26, 0),
	gsSP2Triangles(28, 29, 27, 0, 30, 29, 28, 0),
	gsSP1Triangle(30, 31, 29, 0),
	gsSPVertex(mario_Metal_Mario_Switch_Option_Right_Hand_Peace_Switch_Option_Right_Hand_Peace_mesh_layer_1_vtx_0 + 32, 32, 0),
	gsSP2Triangles(0, 1, 2, 0, 0, 3, 1, 0),
	gsSP2Triangles(4, 3, 0, 0, 4, 5, 3, 0),
	gsSP2Triangles(6, 3, 5, 0, 7, 6, 5, 0),
	gsSP2Triangles(6, 7, 8, 0, 8, 9, 6, 0),
	gsSP2Triangles(8, 10, 9, 0, 10, 11, 9, 0),
	gsSP2Triangles(11, 12, 9, 0, 9, 12, 13, 0),
	gsSP2Triangles(6, 9, 13, 0, 6, 13, 14, 0),
	gsSP2Triangles(13, 15, 14, 0, 13, 16, 15, 0),
	gsSP2Triangles(13, 17, 16, 0, 16, 17, 18, 0),
	gsSP2Triangles(14, 15, 19, 0, 19, 1, 14, 0),
	gsSP2Triangles(2, 1, 19, 0, 2, 19, 20, 0),
	gsSP2Triangles(1, 3, 14, 0, 3, 6, 14, 0),
	gsSP2Triangles(21, 22, 23, 0, 21, 23, 24, 0),
	gsSP2Triangles(24, 25, 21, 0, 24, 26, 25, 0),
	gsSP2Triangles(27, 26, 24, 0, 27, 24, 28, 0),
	gsSP2Triangles(27, 28, 29, 0, 27, 29, 30, 0),
	gsSP1Triangle(29, 31, 30, 0),
	gsSPVertex(mario_Metal_Mario_Switch_Option_Right_Hand_Peace_Switch_Option_Right_Hand_Peace_mesh_layer_1_vtx_0 + 64, 32, 0),
	gsSP2Triangles(0, 1, 2, 0, 3, 0, 2, 0),
	gsSP2Triangles(3, 2, 4, 0, 5, 3, 4, 0),
	gsSP2Triangles(5, 6, 3, 0, 7, 6, 5, 0),
	gsSP2Triangles(7, 8, 6, 0, 9, 8, 7, 0),
	gsSP2Triangles(8, 9, 10, 0, 11, 6, 8, 0),
	gsSP2Triangles(12, 11, 8, 0, 8, 13, 12, 0),
	gsSP2Triangles(13, 14, 15, 0, 16, 17, 18, 0),
	gsSP2Triangles(16, 18, 19, 0, 19, 18, 20, 0),
	gsSP2Triangles(19, 20, 21, 0, 22, 0, 23, 0),
	gsSP2Triangles(3, 23, 0, 0, 24, 25, 26, 0),
	gsSP2Triangles(25, 27, 26, 0, 28, 29, 30, 0),
	gsSP1Triangle(31, 29, 28, 0),
	gsSPVertex(mario_Metal_Mario_Switch_Option_Right_Hand_Peace_Switch_Option_Right_Hand_Peace_mesh_layer_1_vtx_0 + 96, 11, 0),
	gsSP2Triangles(0, 1, 2, 0, 3, 4, 5, 0),
	gsSP2Triangles(5, 6, 3, 0, 7, 8, 9, 0),
	gsSP1Triangle(9, 10, 7, 0),
	gsSPEndDisplayList(),
};

Vtx mario_Metal_Mario_Switch_Option_Right_Hand_Cap_Switch_Option_Right_Hand_Cap_mesh_layer_1_vtx_0[90] = {
	{{ {21, 40, -20}, 0, {795, 427}, {209, 114, 225, 255} }},
	{{ {69, 61, -16}, 0, {774, 377}, {208, 114, 225, 255} }},
	{{ {50, 45, -45}, 0, {809, 474}, {208, 114, 225, 255} }},
	{{ {60, 19, -34}, 0, {763, 519}, {190, 190, 170, 255} }},
	{{ {21, 40, -20}, 0, {795, 427}, {190, 190, 170, 255} }},
	{{ {50, 45, -45}, 0, {809, 474}, {190, 190, 170, 255} }},
	{{ {96, -3, -15}, 0, {716, 521}, {47, 142, 226, 255} }},
	{{ {47, -22, -19}, 0, {701, 626}, {48, 142, 226, 255} }},
	{{ {71, -6, -45}, 0, {751, 589}, {47, 142, 226, 255} }},
	{{ {47, -22, -19}, 0, {701, 626}, {163, 255, 169, 255} }},
	{{ {60, 19, -34}, 0, {763, 519}, {163, 254, 169, 255} }},
	{{ {71, -6, -45}, 0, {751, 589}, {163, 254, 169, 255} }},
	{{ {69, 61, -16}, 0, {774, 377}, {103, 9, 182, 255} }},
	{{ {60, 19, -34}, 0, {763, 519}, {103, 9, 182, 255} }},
	{{ {50, 45, -45}, 0, {809, 474}, {103, 9, 182, 255} }},
	{{ {60, 19, -34}, 0, {763, 519}, {79, 67, 183, 255} }},
	{{ {96, -3, -15}, 0, {716, 521}, {79, 67, 182, 255} }},
	{{ {71, -6, -45}, 0, {751, 589}, {79, 67, 183, 255} }},
	{{ {11, 60, -3}, 0, {811, 267}, {174, 88, 214, 255} }},
	{{ {69, 61, -16}, 0, {774, 377}, {60, 83, 181, 255} }},
	{{ {21, 40, -20}, 0, {795, 427}, {199, 44, 151, 255} }},
	{{ {58, 81, 0}, 0, {779, 292}, {23, 122, 231, 255} }},
	{{ {29, 62, 34}, 0, {696, 212}, {206, 89, 75, 255} }},
	{{ {1, 24, 35}, 0, {587, 307}, {248, 63, 110, 255} }},
	{{ {-2, 41, 0}, 0, {781, 287}, {218, 114, 216, 255} }},
	{{ {35, 9, -36}, 0, {770, 584}, {229, 245, 132, 255} }},
	{{ {60, 19, -34}, 0, {763, 519}, {8, 3, 129, 255} }},
	{{ {47, -22, -19}, 0, {701, 626}, {248, 184, 152, 255} }},
	{{ {55, -43, -3}, 0, {661, 629}, {4, 138, 209, 255} }},
	{{ {103, -25, 1}, 0, {685, 539}, {102, 190, 218, 255} }},
	{{ {96, -3, -15}, 0, {716, 521}, {103, 241, 183, 255} }},
	{{ {85, 30, -32}, 0, {759, 477}, {70, 29, 154, 255} }},
	{{ {96, -3, -15}, 0, {716, 521}, {103, 241, 183, 255} }},
	{{ {60, 19, -34}, 0, {763, 519}, {9, 3, 129, 255} }},
	{{ {85, 30, -32}, 0, {759, 477}, {70, 29, 154, 255} }},
	{{ {69, 61, -16}, 0, {774, 377}, {60, 83, 181, 255} }},
	{{ {58, 81, 0}, 0, {779, 292}, {23, 122, 231, 255} }},
	{{ {96, 39, 24}, 0, {702, 377}, {108, 61, 29, 255} }},
	{{ {54, 54, 44}, 0, {676, 274}, {21, 81, 96, 255} }},
	{{ {29, 62, 34}, 0, {696, 212}, {206, 89, 75, 255} }},
	{{ {56, 11, 65}, 0, {612, 375}, {241, 19, 125, 255} }},
	{{ {29, 7, 48}, 0, {601, 399}, {192, 249, 110, 255} }},
	{{ {1, 24, 35}, 0, {587, 307}, {248, 63, 110, 255} }},
	{{ {23, -25, 35}, 0, {589, 545}, {16, 192, 109, 255} }},
	{{ {-13, 26, 41}, 0, {523, 270}, {199, 53, 101, 255} }},
	{{ {-2, 41, 0}, 0, {781, 287}, {218, 114, 216, 255} }},
	{{ {-19, 47, -4}, 0, {901, 227}, {46, 116, 233, 255} }},
	{{ {4, -3, -32}, 0, {770, 712}, {73, 31, 157, 255} }},
	{{ {16, 1, -22}, 0, {740, 630}, {4, 255, 129, 255} }},
	{{ {35, 9, -36}, 0, {770, 584}, {229, 245, 132, 255} }},
	{{ {31, -39, 0}, 0, {642, 659}, {58, 150, 216, 255} }},
	{{ {55, -43, -3}, 0, {661, 629}, {4, 138, 209, 255} }},
	{{ {75, -32, 65}, 0, {607, 481}, {25, 178, 97, 255} }},
	{{ {103, -25, 1}, 0, {685, 539}, {102, 190, 218, 255} }},
	{{ {95, -8, 52}, 0, {642, 444}, {103, 249, 74, 255} }},
	{{ {85, 15, 52}, 0, {650, 392}, {68, 45, 98, 255} }},
	{{ {24, -55, -4}, 0, {627, 712}, {116, 211, 233, 255} }},
	{{ {13, -37, 41}, 0, {560, 575}, {251, 177, 99, 255} }},
	{{ {-15, -12, 7}, 0, {566, 698}, {139, 207, 248, 255} }},
	{{ {-19, 47, -4}, 0, {901, 227}, {131, 244, 237, 255} }},
	{{ {4, -3, -32}, 0, {770, 712}, {153, 213, 196, 255} }},
	{{ {24, -55, -4}, 0, {627, 712}, {161, 175, 236, 255} }},
	{{ {86, 13, 37}, 0, {666, 415}, {197, 75, 172, 255} }},
	{{ {138, 60, 104}, 0, {650, 302}, {168, 77, 50, 255} }},
	{{ {118, 53, -8}, 0, {743, 401}, {219, 100, 187, 255} }},
	{{ {54, 52, 51}, 0, {663, 272}, {184, 104, 1, 255} }},
	{{ {24, -7, 27}, 0, {617, 499}, {137, 26, 218, 255} }},
	{{ {75, -48, 29}, 0, {632, 563}, {179, 229, 159, 255} }},
	{{ {91, -9, -44}, 0, {742, 574}, {193, 25, 149, 255} }},
	{{ {200, 8, -2}, 0, {712, 466}, {88, 33, 170, 255} }},
	{{ {194, 93, 90}, 0, {687, 303}, {31, 123, 244, 255} }},
	{{ {167, 55, 149}, 0, {628, 306}, {176, 67, 73, 255} }},
	{{ {132, -142, 124}, 0, {578, 553}, {155, 204, 58, 255} }},
	{{ {105, -125, 79}, 0, {587, 587}, {145, 204, 33, 255} }},
	{{ {68, -50, 48}, 0, {609, 544}, {191, 6, 109, 255} }},
	{{ {79, 12, 56}, 0, {641, 392}, {188, 245, 107, 255} }},
	{{ {31, -77, 34}, 0, {575, 648}, {152, 186, 234, 255} }},
	{{ {94, -84, -26}, 0, {675, 669}, {190, 195, 166, 255} }},
	{{ {186, -72, -13}, 0, {687, 570}, {75, 218, 161, 255} }},
	{{ {246, 19, 118}, 0, {657, 382}, {113, 38, 214, 255} }},
	{{ {218, 69, 159}, 0, {644, 309}, {41, 109, 51, 255} }},
	{{ {195, 29, 190}, 0, {611, 332}, {196, 52, 99, 255} }},
	{{ {166, -139, 168}, 0, {577, 510}, {178, 204, 86, 255} }},
	{{ {174, -175, 126}, 0, {589, 564}, {0, 131, 20, 255} }},
	{{ {147, -171, 56}, 0, {608, 625}, {244, 137, 212, 255} }},
	{{ {220, -129, 99}, 0, {623, 533}, {96, 194, 200, 255} }},
	{{ {294, -26, 188}, 0, {629, 400}, {121, 19, 33, 255} }},
	{{ {229, -16, 226}, 0, {600, 372}, {254, 27, 124, 255} }},
	{{ {211, -118, 213}, 0, {583, 463}, {240, 201, 113, 255} }},
	{{ {277, -121, 175}, 0, {613, 478}, {106, 189, 21, 255} }},
};

Gfx mario_Metal_Mario_Switch_Option_Right_Hand_Cap_Switch_Option_Right_Hand_Cap_mesh_layer_1_tri_0[] = {
	gsSPVertex(mario_Metal_Mario_Switch_Option_Right_Hand_Cap_Switch_Option_Right_Hand_Cap_mesh_layer_1_vtx_0 + 0, 32, 0),
	gsSP2Triangles(0, 1, 2, 0, 3, 4, 5, 0),
	gsSP2Triangles(6, 7, 8, 0, 9, 10, 11, 0),
	gsSP2Triangles(12, 13, 14, 0, 15, 16, 17, 0),
	gsSP2Triangles(18, 19, 20, 0, 18, 21, 19, 0),
	gsSP2Triangles(21, 18, 22, 0, 22, 18, 23, 0),
	gsSP2Triangles(18, 24, 23, 0, 18, 25, 24, 0),
	gsSP2Triangles(18, 20, 25, 0, 20, 26, 25, 0),
	gsSP2Triangles(26, 27, 25, 0, 25, 27, 28, 0),
	gsSP2Triangles(29, 28, 27, 0, 29, 27, 30, 0),
	gsSP1Triangle(31, 29, 30, 0),
	gsSPVertex(mario_Metal_Mario_Switch_Option_Right_Hand_Cap_Switch_Option_Right_Hand_Cap_mesh_layer_1_vtx_0 + 32, 30, 0),
	gsSP2Triangles(0, 1, 2, 0, 1, 3, 2, 0),
	gsSP2Triangles(4, 2, 3, 0, 4, 5, 2, 0),
	gsSP2Triangles(6, 5, 4, 0, 7, 6, 4, 0),
	gsSP2Triangles(6, 7, 8, 0, 7, 9, 8, 0),
	gsSP2Triangles(10, 9, 7, 0, 9, 10, 11, 0),
	gsSP2Triangles(11, 10, 12, 0, 12, 10, 13, 0),
	gsSP2Triangles(13, 14, 12, 0, 15, 14, 13, 0),
	gsSP2Triangles(13, 16, 15, 0, 17, 16, 13, 0),
	gsSP2Triangles(18, 16, 17, 0, 17, 19, 18, 0),
	gsSP2Triangles(11, 18, 19, 0, 19, 20, 11, 0),
	gsSP2Triangles(19, 21, 20, 0, 21, 22, 20, 0),
	gsSP2Triangles(21, 5, 22, 0, 2, 5, 21, 0),
	gsSP2Triangles(22, 5, 23, 0, 5, 6, 23, 0),
	gsSP2Triangles(23, 6, 8, 0, 22, 23, 8, 0),
	gsSP2Triangles(20, 22, 8, 0, 20, 8, 9, 0),
	gsSP2Triangles(20, 9, 11, 0, 15, 16, 18, 0),
	gsSP2Triangles(18, 24, 15, 0, 25, 24, 18, 0),
	gsSP2Triangles(18, 11, 25, 0, 12, 25, 11, 0),
	gsSP2Triangles(12, 26, 25, 0, 27, 26, 12, 0),
	gsSP2Triangles(28, 26, 27, 0, 29, 26, 28, 0),
	gsSP1Triangle(25, 26, 29, 0),
	gsSPVertex(mario_Metal_Mario_Switch_Option_Right_Hand_Cap_Switch_Option_Right_Hand_Cap_mesh_layer_1_vtx_0 + 62, 28, 0),
	gsSP2Triangles(0, 1, 2, 0, 0, 3, 1, 0),
	gsSP2Triangles(0, 4, 3, 0, 5, 4, 0, 0),
	gsSP2Triangles(6, 5, 0, 0, 2, 6, 0, 0),
	gsSP2Triangles(7, 6, 2, 0, 2, 8, 7, 0),
	gsSP2Triangles(8, 2, 1, 0, 8, 1, 9, 0),
	gsSP2Triangles(9, 1, 10, 0, 10, 1, 11, 0),
	gsSP2Triangles(1, 12, 11, 0, 1, 13, 12, 0),
	gsSP2Triangles(1, 3, 13, 0, 3, 4, 13, 0),
	gsSP2Triangles(12, 13, 4, 0, 12, 4, 14, 0),
	gsSP2Triangles(14, 4, 5, 0, 14, 5, 11, 0),
	gsSP2Triangles(15, 11, 5, 0, 6, 15, 5, 0),
	gsSP2Triangles(15, 6, 16, 0, 16, 6, 7, 0),
	gsSP2Triangles(16, 7, 17, 0, 7, 8, 17, 0),
	gsSP2Triangles(18, 17, 8, 0, 9, 18, 8, 0),
	gsSP2Triangles(19, 18, 9, 0, 19, 9, 10, 0),
	gsSP2Triangles(19, 10, 20, 0, 10, 21, 20, 0),
	gsSP2Triangles(22, 21, 10, 0, 11, 22, 10, 0),
	gsSP2Triangles(11, 15, 22, 0, 16, 22, 15, 0),
	gsSP2Triangles(23, 22, 16, 0, 23, 16, 17, 0),
	gsSP2Triangles(23, 17, 24, 0, 18, 24, 17, 0),
	gsSP2Triangles(25, 24, 18, 0, 25, 18, 19, 0),
	gsSP2Triangles(26, 25, 19, 0, 19, 20, 26, 0),
	gsSP2Triangles(20, 21, 26, 0, 21, 27, 26, 0),
	gsSP2Triangles(23, 27, 21, 0, 22, 23, 21, 0),
	gsSP2Triangles(24, 27, 23, 0, 27, 24, 25, 0),
	gsSP2Triangles(26, 27, 25, 0, 12, 14, 11, 0),
	gsSPEndDisplayList(),
};

Vtx mario_Metal_Mario_Switch_Option_Right_Hand_Wing_Cap_Swtich_Option_Right_Hand_Wing_Cap_mesh_layer_1_vtx_0[90] = {
	{{ {21, 40, -20}, 0, {795, 427}, {209, 114, 225, 255} }},
	{{ {69, 61, -16}, 0, {774, 377}, {208, 114, 225, 255} }},
	{{ {50, 45, -45}, 0, {809, 474}, {208, 114, 225, 255} }},
	{{ {60, 19, -34}, 0, {763, 519}, {190, 190, 170, 255} }},
	{{ {21, 40, -20}, 0, {795, 427}, {190, 190, 170, 255} }},
	{{ {50, 45, -45}, 0, {809, 474}, {190, 190, 170, 255} }},
	{{ {96, -3, -15}, 0, {716, 521}, {47, 142, 226, 255} }},
	{{ {47, -22, -19}, 0, {701, 626}, {48, 142, 226, 255} }},
	{{ {71, -6, -45}, 0, {751, 589}, {47, 142, 226, 255} }},
	{{ {47, -22, -19}, 0, {701, 626}, {163, 255, 169, 255} }},
	{{ {60, 19, -34}, 0, {763, 519}, {163, 254, 169, 255} }},
	{{ {71, -6, -45}, 0, {751, 589}, {163, 254, 169, 255} }},
	{{ {69, 61, -16}, 0, {774, 377}, {103, 9, 182, 255} }},
	{{ {60, 19, -34}, 0, {763, 519}, {103, 9, 182, 255} }},
	{{ {50, 45, -45}, 0, {809, 474}, {103, 9, 182, 255} }},
	{{ {60, 19, -34}, 0, {763, 519}, {79, 67, 183, 255} }},
	{{ {96, -3, -15}, 0, {716, 521}, {79, 67, 182, 255} }},
	{{ {71, -6, -45}, 0, {751, 589}, {79, 67, 183, 255} }},
	{{ {11, 60, -3}, 0, {811, 267}, {174, 88, 214, 255} }},
	{{ {69, 61, -16}, 0, {774, 377}, {60, 83, 181, 255} }},
	{{ {21, 40, -20}, 0, {795, 427}, {199, 44, 151, 255} }},
	{{ {58, 81, 0}, 0, {779, 292}, {23, 122, 231, 255} }},
	{{ {29, 62, 34}, 0, {696, 212}, {206, 89, 75, 255} }},
	{{ {1, 24, 35}, 0, {587, 307}, {248, 63, 110, 255} }},
	{{ {-2, 41, 0}, 0, {781, 287}, {218, 114, 216, 255} }},
	{{ {35, 9, -36}, 0, {770, 584}, {229, 244, 132, 255} }},
	{{ {60, 19, -34}, 0, {763, 519}, {8, 3, 129, 255} }},
	{{ {47, -22, -19}, 0, {701, 626}, {248, 184, 152, 255} }},
	{{ {55, -43, -3}, 0, {661, 629}, {4, 138, 209, 255} }},
	{{ {103, -25, 1}, 0, {685, 539}, {102, 190, 218, 255} }},
	{{ {96, -3, -15}, 0, {716, 521}, {103, 241, 183, 255} }},
	{{ {85, 30, -32}, 0, {759, 477}, {70, 29, 154, 255} }},
	{{ {96, -3, -15}, 0, {716, 521}, {103, 241, 183, 255} }},
	{{ {60, 19, -34}, 0, {763, 519}, {9, 3, 129, 255} }},
	{{ {85, 30, -32}, 0, {759, 477}, {70, 29, 154, 255} }},
	{{ {69, 61, -16}, 0, {774, 377}, {60, 83, 181, 255} }},
	{{ {58, 81, 0}, 0, {779, 292}, {23, 122, 231, 255} }},
	{{ {96, 39, 24}, 0, {702, 377}, {108, 61, 29, 255} }},
	{{ {54, 54, 44}, 0, {676, 274}, {21, 81, 96, 255} }},
	{{ {29, 62, 34}, 0, {696, 212}, {206, 89, 75, 255} }},
	{{ {56, 11, 65}, 0, {612, 375}, {241, 19, 125, 255} }},
	{{ {29, 7, 48}, 0, {601, 399}, {192, 249, 110, 255} }},
	{{ {1, 24, 35}, 0, {587, 307}, {248, 63, 110, 255} }},
	{{ {23, -25, 35}, 0, {589, 545}, {16, 192, 109, 255} }},
	{{ {-13, 26, 41}, 0, {523, 270}, {199, 53, 101, 255} }},
	{{ {-2, 41, 0}, 0, {781, 287}, {218, 114, 216, 255} }},
	{{ {-19, 47, -4}, 0, {901, 227}, {46, 116, 233, 255} }},
	{{ {4, -3, -32}, 0, {770, 712}, {73, 31, 157, 255} }},
	{{ {16, 1, -22}, 0, {740, 630}, {4, 255, 129, 255} }},
	{{ {35, 9, -36}, 0, {770, 584}, {229, 244, 132, 255} }},
	{{ {31, -39, 0}, 0, {642, 659}, {58, 150, 216, 255} }},
	{{ {55, -43, -3}, 0, {661, 629}, {4, 138, 209, 255} }},
	{{ {75, -32, 65}, 0, {607, 481}, {25, 178, 97, 255} }},
	{{ {103, -25, 1}, 0, {685, 539}, {102, 190, 218, 255} }},
	{{ {95, -8, 52}, 0, {642, 444}, {103, 249, 74, 255} }},
	{{ {85, 15, 52}, 0, {650, 392}, {68, 45, 98, 255} }},
	{{ {24, -55, -4}, 0, {627, 712}, {116, 211, 233, 255} }},
	{{ {13, -37, 41}, 0, {560, 575}, {251, 177, 99, 255} }},
	{{ {-15, -12, 7}, 0, {566, 698}, {139, 207, 248, 255} }},
	{{ {-19, 47, -4}, 0, {901, 227}, {131, 244, 237, 255} }},
	{{ {4, -3, -32}, 0, {770, 712}, {153, 213, 196, 255} }},
	{{ {24, -55, -4}, 0, {627, 712}, {161, 175, 236, 255} }},
	{{ {86, 13, 37}, 0, {666, 415}, {197, 75, 172, 255} }},
	{{ {138, 60, 104}, 0, {650, 302}, {168, 77, 50, 255} }},
	{{ {118, 53, -8}, 0, {743, 401}, {219, 100, 187, 255} }},
	{{ {54, 52, 51}, 0, {663, 272}, {184, 104, 1, 255} }},
	{{ {24, -7, 27}, 0, {617, 499}, {137, 26, 218, 255} }},
	{{ {75, -48, 29}, 0, {632, 563}, {179, 229, 159, 255} }},
	{{ {91, -9, -44}, 0, {742, 574}, {193, 25, 149, 255} }},
	{{ {200, 8, -2}, 0, {712, 466}, {88, 33, 170, 255} }},
	{{ {194, 93, 90}, 0, {687, 303}, {31, 123, 244, 255} }},
	{{ {167, 55, 149}, 0, {628, 306}, {176, 67, 73, 255} }},
	{{ {132, -142, 124}, 0, {578, 553}, {155, 204, 58, 255} }},
	{{ {105, -125, 79}, 0, {587, 587}, {145, 204, 33, 255} }},
	{{ {68, -50, 48}, 0, {609, 544}, {191, 6, 109, 255} }},
	{{ {79, 12, 56}, 0, {641, 392}, {188, 245, 107, 255} }},
	{{ {31, -77, 34}, 0, {575, 648}, {152, 186, 234, 255} }},
	{{ {94, -84, -26}, 0, {675, 669}, {190, 195, 166, 255} }},
	{{ {186, -72, -13}, 0, {687, 570}, {75, 218, 161, 255} }},
	{{ {246, 19, 118}, 0, {657, 382}, {113, 38, 214, 255} }},
	{{ {218, 69, 159}, 0, {644, 309}, {41, 109, 51, 255} }},
	{{ {195, 29, 190}, 0, {611, 332}, {196, 52, 99, 255} }},
	{{ {166, -139, 168}, 0, {577, 510}, {178, 204, 86, 255} }},
	{{ {174, -175, 126}, 0, {589, 564}, {0, 131, 20, 255} }},
	{{ {147, -171, 56}, 0, {608, 625}, {244, 137, 212, 255} }},
	{{ {220, -129, 99}, 0, {623, 533}, {96, 194, 200, 255} }},
	{{ {294, -26, 188}, 0, {629, 400}, {121, 19, 33, 255} }},
	{{ {229, -16, 226}, 0, {600, 372}, {254, 27, 124, 255} }},
	{{ {211, -118, 213}, 0, {583, 463}, {240, 201, 113, 255} }},
	{{ {277, -121, 175}, 0, {613, 478}, {106, 189, 21, 255} }},
};

Gfx mario_Metal_Mario_Switch_Option_Right_Hand_Wing_Cap_Swtich_Option_Right_Hand_Wing_Cap_mesh_layer_1_tri_0[] = {
	gsSPVertex(mario_Metal_Mario_Switch_Option_Right_Hand_Wing_Cap_Swtich_Option_Right_Hand_Wing_Cap_mesh_layer_1_vtx_0 + 0, 32, 0),
	gsSP2Triangles(0, 1, 2, 0, 3, 4, 5, 0),
	gsSP2Triangles(6, 7, 8, 0, 9, 10, 11, 0),
	gsSP2Triangles(12, 13, 14, 0, 15, 16, 17, 0),
	gsSP2Triangles(18, 19, 20, 0, 18, 21, 19, 0),
	gsSP2Triangles(21, 18, 22, 0, 22, 18, 23, 0),
	gsSP2Triangles(18, 24, 23, 0, 18, 25, 24, 0),
	gsSP2Triangles(18, 20, 25, 0, 20, 26, 25, 0),
	gsSP2Triangles(26, 27, 25, 0, 25, 27, 28, 0),
	gsSP2Triangles(29, 28, 27, 0, 29, 27, 30, 0),
	gsSP1Triangle(31, 29, 30, 0),
	gsSPVertex(mario_Metal_Mario_Switch_Option_Right_Hand_Wing_Cap_Swtich_Option_Right_Hand_Wing_Cap_mesh_layer_1_vtx_0 + 32, 30, 0),
	gsSP2Triangles(0, 1, 2, 0, 1, 3, 2, 0),
	gsSP2Triangles(4, 2, 3, 0, 4, 5, 2, 0),
	gsSP2Triangles(6, 5, 4, 0, 7, 6, 4, 0),
	gsSP2Triangles(6, 7, 8, 0, 7, 9, 8, 0),
	gsSP2Triangles(10, 9, 7, 0, 9, 10, 11, 0),
	gsSP2Triangles(11, 10, 12, 0, 12, 10, 13, 0),
	gsSP2Triangles(13, 14, 12, 0, 15, 14, 13, 0),
	gsSP2Triangles(13, 16, 15, 0, 17, 16, 13, 0),
	gsSP2Triangles(18, 16, 17, 0, 17, 19, 18, 0),
	gsSP2Triangles(11, 18, 19, 0, 19, 20, 11, 0),
	gsSP2Triangles(19, 21, 20, 0, 21, 22, 20, 0),
	gsSP2Triangles(21, 5, 22, 0, 2, 5, 21, 0),
	gsSP2Triangles(22, 5, 23, 0, 5, 6, 23, 0),
	gsSP2Triangles(23, 6, 8, 0, 22, 23, 8, 0),
	gsSP2Triangles(20, 22, 8, 0, 20, 8, 9, 0),
	gsSP2Triangles(20, 9, 11, 0, 15, 16, 18, 0),
	gsSP2Triangles(18, 24, 15, 0, 25, 24, 18, 0),
	gsSP2Triangles(18, 11, 25, 0, 12, 25, 11, 0),
	gsSP2Triangles(12, 26, 25, 0, 27, 26, 12, 0),
	gsSP2Triangles(28, 26, 27, 0, 29, 26, 28, 0),
	gsSP1Triangle(25, 26, 29, 0),
	gsSPVertex(mario_Metal_Mario_Switch_Option_Right_Hand_Wing_Cap_Swtich_Option_Right_Hand_Wing_Cap_mesh_layer_1_vtx_0 + 62, 28, 0),
	gsSP2Triangles(0, 1, 2, 0, 0, 3, 1, 0),
	gsSP2Triangles(0, 4, 3, 0, 5, 4, 0, 0),
	gsSP2Triangles(6, 5, 0, 0, 2, 6, 0, 0),
	gsSP2Triangles(7, 6, 2, 0, 2, 8, 7, 0),
	gsSP2Triangles(8, 2, 1, 0, 8, 1, 9, 0),
	gsSP2Triangles(9, 1, 10, 0, 10, 1, 11, 0),
	gsSP2Triangles(1, 12, 11, 0, 1, 13, 12, 0),
	gsSP2Triangles(1, 3, 13, 0, 3, 4, 13, 0),
	gsSP2Triangles(12, 13, 4, 0, 12, 4, 14, 0),
	gsSP2Triangles(14, 4, 5, 0, 14, 5, 11, 0),
	gsSP2Triangles(15, 11, 5, 0, 6, 15, 5, 0),
	gsSP2Triangles(15, 6, 16, 0, 16, 6, 7, 0),
	gsSP2Triangles(16, 7, 17, 0, 7, 8, 17, 0),
	gsSP2Triangles(18, 17, 8, 0, 9, 18, 8, 0),
	gsSP2Triangles(19, 18, 9, 0, 19, 9, 10, 0),
	gsSP2Triangles(19, 10, 20, 0, 10, 21, 20, 0),
	gsSP2Triangles(22, 21, 10, 0, 11, 22, 10, 0),
	gsSP2Triangles(11, 15, 22, 0, 16, 22, 15, 0),
	gsSP2Triangles(23, 22, 16, 0, 23, 16, 17, 0),
	gsSP2Triangles(23, 17, 24, 0, 18, 24, 17, 0),
	gsSP2Triangles(25, 24, 18, 0, 25, 18, 19, 0),
	gsSP2Triangles(26, 25, 19, 0, 19, 20, 26, 0),
	gsSP2Triangles(20, 21, 26, 0, 21, 27, 26, 0),
	gsSP2Triangles(23, 27, 21, 0, 22, 23, 21, 0),
	gsSP2Triangles(24, 27, 23, 0, 27, 24, 25, 0),
	gsSP2Triangles(26, 27, 25, 0, 12, 14, 11, 0),
	gsSPEndDisplayList(),
};

Vtx mario_Metal_Mario_Switch_Option_Right_Hand_Wing_Cap_Swtich_Option_Wings_mesh_layer_4_vtx_0[8] = {
	{{ {368, 146, 7}, 0, {974, -16}, {189, 101, 217, 255} }},
	{{ {166, 37, 68}, 0, {-16, 2032}, {190, 101, 217, 255} }},
	{{ {212, 96, 143}, 0, {974, 2032}, {189, 101, 217, 255} }},
	{{ {322, 87, -67}, 0, {-16, -16}, {190, 101, 217, 255} }},
	{{ {178, -177, 128}, 0, {974, 2032}, {168, 179, 207, 255} }},
	{{ {149, -100, 60}, 0, {-16, 2032}, {168, 179, 207, 255} }},
	{{ {319, -248, -14}, 0, {974, -16}, {168, 179, 207, 255} }},
	{{ {290, -171, -81}, 0, {-16, -16}, {168, 179, 206, 255} }},
};

Gfx mario_Metal_Mario_Switch_Option_Right_Hand_Wing_Cap_Swtich_Option_Wings_mesh_layer_4_tri_0[] = {
	gsSPVertex(mario_Metal_Mario_Switch_Option_Right_Hand_Wing_Cap_Swtich_Option_Wings_mesh_layer_4_vtx_0 + 0, 8, 0),
	gsSP2Triangles(0, 1, 2, 0, 0, 3, 1, 0),
	gsSP2Triangles(4, 5, 6, 0, 5, 7, 6, 0),
	gsSPEndDisplayList(),
};

Vtx mario_Metal_Mario_Switch_Option_Right_Hand_Wing_Cap_Swtich_Option_Wings_mesh_layer_4_vtx_1[8] = {
	{{ {178, -177, 128}, 0, {-16, 2032}, {168, 179, 207, 255} }},
	{{ {319, -248, -14}, 0, {-16, -16}, {168, 179, 207, 255} }},
	{{ {349, -325, 53}, 0, {974, -16}, {168, 179, 207, 255} }},
	{{ {207, -253, 195}, 0, {974, 2032}, {168, 179, 207, 255} }},
	{{ {414, 206, 82}, 0, {974, -16}, {189, 101, 216, 255} }},
	{{ {368, 146, 7}, 0, {-16, -16}, {189, 101, 217, 255} }},
	{{ {212, 96, 143}, 0, {-16, 2032}, {189, 101, 217, 255} }},
	{{ {258, 156, 218}, 0, {974, 2032}, {189, 101, 216, 255} }},
};

Gfx mario_Metal_Mario_Switch_Option_Right_Hand_Wing_Cap_Swtich_Option_Wings_mesh_layer_4_tri_1[] = {
	gsSPVertex(mario_Metal_Mario_Switch_Option_Right_Hand_Wing_Cap_Swtich_Option_Wings_mesh_layer_4_vtx_1 + 0, 8, 0),
	gsSP2Triangles(0, 1, 2, 0, 3, 0, 2, 0),
	gsSP2Triangles(4, 5, 6, 0, 4, 6, 7, 0),
	gsSPEndDisplayList(),
};

Vtx mario_Metal_Mario_Switch_Option_Left_Thigh_Color_mesh_layer_1_vtx_0[30] = {
	{{ {1, -44, 8}, 0, {1434, 809}, {170, 163, 0, 255} }},
	{{ {0, -13, -32}, 0, {1746, 893}, {168, 223, 170, 255} }},
	{{ {19, -15, -42}, 0, {1814, 754}, {238, 217, 137, 255} }},
	{{ {21, -54, 8}, 0, {1457, 660}, {243, 130, 0, 255} }},
	{{ {98, -37, 8}, 0, {1500, 135}, {74, 153, 0, 255} }},
	{{ {96, -5, -31}, 0, {1822, 166}, {68, 229, 152, 255} }},
	{{ {18, -15, 58}, 0, {1155, 622}, {235, 217, 119, 255} }},
	{{ {-1, -12, 47}, 0, {1145, 753}, {165, 227, 83, 255} }},
	{{ {-5, 37, 31}, 0, {844, 783}, {157, 62, 50, 255} }},
	{{ {13, 48, 38}, 0, {835, 628}, {224, 99, 73, 255} }},
	{{ {91, 45, 32}, 0, {826, 112}, {58, 93, 65, 255} }},
	{{ {95, -5, 48}, 0, {1167, 123}, {67, 230, 105, 255} }},
	{{ {92, 45, -16}, 0, {500, 121}, {59, 92, 192, 255} }},
	{{ {14, 48, -23}, 0, {537, 666}, {226, 99, 182, 255} }},
	{{ {19, -15, -42}, 0, {173, 759}, {238, 217, 137, 255} }},
	{{ {96, -5, -31}, 0, {163, 164}, {68, 229, 152, 255} }},
	{{ {-4, 37, -17}, 0, {553, 803}, {160, 62, 201, 255} }},
	{{ {0, -13, -32}, 0, {240, 893}, {168, 223, 170, 255} }},
	{{ {-5, 37, 31}, 0, {124, 530}, {157, 62, 50, 255} }},
	{{ {-15, 0, 7}, 0, {1107, 500}, {129, 247, 254, 255} }},
	{{ {-1, -12, 47}, 0, {787, 93}, {165, 227, 83, 255} }},
	{{ {-4, 37, -17}, 0, {792, 922}, {160, 62, 201, 255} }},
	{{ {0, -13, -32}, 0, {1906, 734}, {168, 223, 170, 255} }},
	{{ {1, -44, 8}, 0, {1906, 214}, {170, 163, 0, 255} }},
	{{ {96, -5, -31}, 0, {1226, 900}, {68, 229, 152, 255} }},
	{{ {116, 10, 8}, 0, {912, 499}, {127, 10, 1, 255} }},
	{{ {98, -37, 8}, 0, {104, 784}, {74, 153, 0, 255} }},
	{{ {92, 45, -16}, 0, {1901, 461}, {59, 92, 192, 255} }},
	{{ {91, 45, 32}, 0, {1223, 70}, {58, 93, 65, 255} }},
	{{ {95, -5, 48}, 0, {104, 257}, {67, 230, 105, 255} }},
};

Gfx mario_Metal_Mario_Switch_Option_Left_Thigh_Color_mesh_layer_1_tri_0[] = {
	gsSPVertex(mario_Metal_Mario_Switch_Option_Left_Thigh_Color_mesh_layer_1_vtx_0 + 0, 30, 0),
	gsSP2Triangles(0, 1, 2, 0, 3, 0, 2, 0),
	gsSP2Triangles(3, 2, 4, 0, 2, 5, 4, 0),
	gsSP2Triangles(6, 3, 4, 0, 6, 0, 3, 0),
	gsSP2Triangles(6, 7, 0, 0, 8, 7, 6, 0),
	gsSP2Triangles(9, 8, 6, 0, 9, 6, 10, 0),
	gsSP2Triangles(6, 11, 10, 0, 4, 11, 6, 0),
	gsSP2Triangles(9, 10, 12, 0, 13, 9, 12, 0),
	gsSP2Triangles(14, 13, 12, 0, 12, 15, 14, 0),
	gsSP2Triangles(14, 16, 13, 0, 14, 17, 16, 0),
	gsSP2Triangles(13, 16, 8, 0, 13, 8, 9, 0),
	gsSP2Triangles(18, 19, 20, 0, 21, 19, 18, 0),
	gsSP2Triangles(22, 19, 21, 0, 23, 19, 22, 0),
	gsSP2Triangles(20, 19, 23, 0, 24, 25, 26, 0),
	gsSP2Triangles(27, 25, 24, 0, 28, 25, 27, 0),
	gsSP2Triangles(29, 25, 28, 0, 26, 25, 29, 0),
	gsSPEndDisplayList(),
};

Vtx mario_Metal_Mario_Switch_Option_Left_Leg_mesh_layer_1_vtx_0[17] = {
	{{ {8, 44, 33}, 0, {239, 445}, {196, 92, 64, 255} }},
	{{ {65, -11, 54}, 0, {851, -23}, {57, 219, 107, 255} }},
	{{ {68, 45, 37}, 0, {28, 409}, {64, 87, 67, 255} }},
	{{ {6, -6, 49}, 0, {924, 205}, {191, 227, 105, 255} }},
	{{ {-14, 8, 8}, 0, {1012, 495}, {129, 6, 254, 255} }},
	{{ {9, 44, -16}, 0, {685, 781}, {199, 92, 190, 255} }},
	{{ {69, 45, -18}, 0, {389, 898}, {66, 87, 191, 255} }},
	{{ {66, -11, -36}, 0, {1827, 898}, {59, 219, 149, 255} }},
	{{ {6, -6, -31}, 0, {1447, 694}, {192, 226, 151, 255} }},
	{{ {4, -37, 9}, 0, {1689, 345}, {186, 150, 0, 255} }},
	{{ {64, -46, 9}, 0, {1944, 293}, {54, 141, 0, 255} }},
	{{ {65, -11, 54}, 0, {791, 950}, {57, 219, 107, 255} }},
	{{ {81, 3, 9}, 0, {1114, 497}, {127, 249, 1, 255} }},
	{{ {68, 45, 37}, 0, {108, 468}, {64, 87, 67, 255} }},
	{{ {64, -46, 9}, 0, {1904, 804}, {54, 141, 0, 255} }},
	{{ {66, -11, -36}, 0, {1904, 229}, {59, 219, 149, 255} }},
	{{ {69, 45, -18}, 0, {789, 28}, {66, 87, 191, 255} }},
};

Gfx mario_Metal_Mario_Switch_Option_Left_Leg_mesh_layer_1_tri_0[] = {
	gsSPVertex(mario_Metal_Mario_Switch_Option_Left_Leg_mesh_layer_1_vtx_0 + 0, 17, 0),
	gsSP2Triangles(0, 1, 2, 0, 0, 3, 1, 0),
	gsSP2Triangles(0, 4, 3, 0, 5, 4, 0, 0),
	gsSP2Triangles(6, 5, 0, 0, 0, 2, 6, 0),
	gsSP2Triangles(5, 6, 7, 0, 7, 8, 5, 0),
	gsSP2Triangles(9, 8, 7, 0, 9, 7, 10, 0),
	gsSP2Triangles(9, 10, 1, 0, 1, 3, 9, 0),
	gsSP2Triangles(3, 4, 9, 0, 9, 4, 8, 0),
	gsSP2Triangles(8, 4, 5, 0, 11, 12, 13, 0),
	gsSP2Triangles(14, 12, 11, 0, 15, 12, 14, 0),
	gsSP2Triangles(16, 12, 15, 0, 13, 12, 16, 0),
	gsSPEndDisplayList(),
};

Vtx mario_Metal_Mario_Switch_Option_Left_Shoe_mesh_layer_1_vtx_0[38] = {
	{{ {80, -31, 32}, 0, {1548, 344}, {24, 161, 80, 255} }},
	{{ {43, -18, 54}, 0, {760, 710}, {248, 182, 103, 255} }},
	{{ {27, -35, 11}, 0, {1227, 593}, {220, 134, 253, 255} }},
	{{ {80, -31, -18}, 0, {1548, 344}, {15, 166, 167, 255} }},
	{{ {110, 8, -20}, 0, {1871, 522}, {89, 204, 182, 255} }},
	{{ {92, -57, 7}, 0, {1780, 6}, {13, 130, 0, 255} }},
	{{ {92, -57, 7}, 0, {1002, 898}, {13, 130, 0, 255} }},
	{{ {80, -31, 32}, 0, {1871, 522}, {24, 161, 80, 255} }},
	{{ {80, -31, -18}, 0, {1227, 593}, {15, 166, 167, 255} }},
	{{ {80, -31, 32}, 0, {1002, 898}, {24, 161, 80, 255} }},
	{{ {110, 9, 35}, 0, {1127, 818}, {92, 202, 69, 255} }},
	{{ {92, -57, 7}, 0, {1013, 211}, {13, 130, 0, 255} }},
	{{ {110, 8, -20}, 0, {1537, 18}, {89, 204, 182, 255} }},
	{{ {110, 9, 35}, 0, {467, 18}, {92, 202, 69, 255} }},
	{{ {92, -57, 7}, 0, {131, 709}, {13, 130, 0, 255} }},
	{{ {110, 9, 35}, 0, {371, 861}, {92, 202, 69, 255} }},
	{{ {80, -31, 32}, 0, {810, 257}, {24, 161, 80, 255} }},
	{{ {27, -35, 11}, 0, {995, 424}, {220, 134, 253, 255} }},
	{{ {80, -31, -18}, 0, {1210, 254}, {15, 166, 167, 255} }},
	{{ {44, -12, -33}, 0, {1441, 382}, {242, 190, 149, 255} }},
	{{ {-35, 11, -21}, 0, {1265, 653}, {181, 203, 168, 255} }},
	{{ {-54, 15, 8}, 0, {1024, 697}, {137, 211, 252, 255} }},
	{{ {-34, 12, 44}, 0, {729, 656}, {179, 207, 88, 255} }},
	{{ {43, -18, 54}, 0, {590, 391}, {248, 182, 103, 255} }},
	{{ {-11, 54, 53}, 0, {178, 764}, {209, 3, 118, 255} }},
	{{ {78, 21, 61}, 0, {88, 234}, {28, 210, 115, 255} }},
	{{ {-41, 65, 26}, 0, {745, 940}, {142, 26, 49, 255} }},
	{{ {-39, 64, -8}, 0, {1340, 922}, {145, 25, 199, 255} }},
	{{ {-12, 53, -32}, 0, {1814, 754}, {207, 254, 139, 255} }},
	{{ {76, 20, -41}, 0, {1878, 234}, {19, 208, 140, 255} }},
	{{ {-11, 54, 53}, 0, {1470, 771}, {45, 119, 254, 255} }},
	{{ {-39, 64, -8}, 0, {1470, 771}, {46, 118, 254, 255} }},
	{{ {-41, 65, 26}, 0, {1470, 771}, {44, 119, 255, 255} }},
	{{ {-12, 53, -32}, 0, {1470, 771}, {45, 119, 254, 255} }},
	{{ {78, 21, 61}, 0, {1470, 771}, {44, 119, 254, 255} }},
	{{ {76, 20, -41}, 0, {1470, 771}, {44, 119, 254, 255} }},
	{{ {110, 9, 35}, 0, {1470, 771}, {43, 119, 254, 255} }},
	{{ {110, 8, -20}, 0, {1470, 771}, {43, 119, 254, 255} }},
};

Gfx mario_Metal_Mario_Switch_Option_Left_Shoe_mesh_layer_1_tri_0[] = {
	gsSPVertex(mario_Metal_Mario_Switch_Option_Left_Shoe_mesh_layer_1_vtx_0 + 0, 30, 0),
	gsSP2Triangles(0, 1, 2, 0, 3, 4, 5, 0),
	gsSP2Triangles(6, 7, 8, 0, 1, 9, 10, 0),
	gsSP2Triangles(11, 12, 13, 0, 14, 15, 9, 0),
	gsSP2Triangles(16, 17, 18, 0, 17, 19, 18, 0),
	gsSP2Triangles(20, 19, 17, 0, 21, 20, 17, 0),
	gsSP2Triangles(17, 22, 21, 0, 17, 23, 22, 0),
	gsSP2Triangles(22, 23, 24, 0, 23, 25, 24, 0),
	gsSP2Triangles(13, 25, 23, 0, 22, 24, 26, 0),
	gsSP2Triangles(26, 21, 22, 0, 21, 26, 27, 0),
	gsSP2Triangles(27, 20, 21, 0, 27, 28, 20, 0),
	gsSP2Triangles(19, 20, 28, 0, 19, 28, 29, 0),
	gsSP2Triangles(19, 29, 12, 0, 12, 18, 19, 0),
	gsSPVertex(mario_Metal_Mario_Switch_Option_Left_Shoe_mesh_layer_1_vtx_0 + 30, 8, 0),
	gsSP2Triangles(0, 1, 2, 0, 0, 3, 1, 0),
	gsSP2Triangles(0, 4, 3, 0, 4, 5, 3, 0),
	gsSP2Triangles(4, 6, 5, 0, 6, 7, 5, 0),
	gsSPEndDisplayList(),
};

Vtx mario_Metal_Mario_Switch_Option_Right_Thigh_Color_mesh_layer_1_vtx_0[30] = {
	{{ {98, -35, -10}, 0, {1525, 880}, {75, 153, 253, 255} }},
	{{ {96, -5, 30}, 0, {1844, 853}, {69, 227, 103, 255} }},
	{{ {19, -16, 41}, 0, {1841, 264}, {239, 213, 118, 255} }},
	{{ {22, -54, -9}, 0, {1488, 358}, {246, 129, 254, 255} }},
	{{ {1, -44, -9}, 0, {1463, 203}, {171, 162, 254, 255} }},
	{{ {0, -14, 31}, 0, {1774, 124}, {169, 219, 85, 255} }},
	{{ {18, -13, -58}, 0, {1181, 395}, {235, 220, 136, 255} }},
	{{ {-1, -11, -47}, 0, {1173, 262}, {166, 226, 172, 255} }},
	{{ {-6, 38, -31}, 0, {869, 233}, {157, 62, 206, 255} }},
	{{ {12, 49, -37}, 0, {858, 386}, {224, 100, 185, 255} }},
	{{ {13, 48, 24}, 0, {561, 351}, {225, 96, 77, 255} }},
	{{ {-5, 36, 18}, 0, {573, 211}, {158, 57, 57, 255} }},
	{{ {19, -16, 41}, 0, {195, 258}, {239, 213, 118, 255} }},
	{{ {0, -14, 31}, 0, {262, 124}, {169, 219, 85, 255} }},
	{{ {91, 46, 16}, 0, {526, 893}, {58, 92, 66, 255} }},
	{{ {90, 47, -32}, 0, {851, 904}, {56, 95, 193, 255} }},
	{{ {95, -3, -49}, 0, {1196, 898}, {66, 232, 150, 255} }},
	{{ {96, -5, 30}, 0, {185, 853}, {69, 227, 103, 255} }},
	{{ {90, 47, -32}, 0, {783, 71}, {56, 95, 193, 255} }},
	{{ {116, 11, -9}, 0, {1112, 501}, {127, 11, 255, 255} }},
	{{ {95, -3, -49}, 0, {1902, 259}, {66, 232, 150, 255} }},
	{{ {91, 46, 16}, 0, {112, 462}, {58, 92, 66, 255} }},
	{{ {96, -5, 30}, 0, {803, 901}, {69, 227, 103, 255} }},
	{{ {98, -35, -10}, 0, {1902, 775}, {75, 153, 253, 255} }},
	{{ {-5, 36, 18}, 0, {125, 526}, {158, 57, 57, 255} }},
	{{ {-15, 0, -7}, 0, {1099, 491}, {129, 245, 2, 255} }},
	{{ {0, -14, 31}, 0, {794, 92}, {169, 219, 85, 255} }},
	{{ {-6, 38, -31}, 0, {813, 921}, {157, 62, 206, 255} }},
	{{ {-1, -11, -47}, 0, {1901, 723}, {166, 226, 172, 255} }},
	{{ {1, -44, -9}, 0, {1901, 208}, {171, 162, 254, 255} }},
};

Gfx mario_Metal_Mario_Switch_Option_Right_Thigh_Color_mesh_layer_1_tri_0[] = {
	gsSPVertex(mario_Metal_Mario_Switch_Option_Right_Thigh_Color_mesh_layer_1_vtx_0 + 0, 30, 0),
	gsSP2Triangles(0, 1, 2, 0, 0, 2, 3, 0),
	gsSP2Triangles(2, 4, 3, 0, 2, 5, 4, 0),
	gsSP2Triangles(3, 4, 6, 0, 4, 7, 6, 0),
	gsSP2Triangles(6, 7, 8, 0, 6, 8, 9, 0),
	gsSP2Triangles(9, 8, 10, 0, 8, 11, 10, 0),
	gsSP2Triangles(10, 11, 12, 0, 11, 13, 12, 0),
	gsSP2Triangles(14, 10, 12, 0, 14, 9, 10, 0),
	gsSP2Triangles(14, 15, 9, 0, 15, 6, 9, 0),
	gsSP2Triangles(15, 16, 6, 0, 6, 16, 0, 0),
	gsSP2Triangles(0, 3, 6, 0, 12, 17, 14, 0),
	gsSP2Triangles(18, 19, 20, 0, 21, 19, 18, 0),
	gsSP2Triangles(22, 19, 21, 0, 23, 19, 22, 0),
	gsSP2Triangles(20, 19, 23, 0, 24, 25, 26, 0),
	gsSP2Triangles(27, 25, 24, 0, 28, 25, 27, 0),
	gsSP2Triangles(29, 25, 28, 0, 26, 25, 29, 0),
	gsSPEndDisplayList(),
};

Vtx mario_Metal_Mario_Switch_Option_Right_Leg_mesh_layer_1_vtx_0[22] = {
	{{ {66, -11, 34}, 0, {1811, 24}, {251, 35, 122, 255} }},
	{{ {69, 45, 18}, 0, {400, 24}, {251, 35, 122, 255} }},
	{{ {9, 44, 16}, 0, {697, 131}, {198, 90, 69, 255} }},
	{{ {6, -6, 30}, 0, {1444, 219}, {192, 224, 105, 255} }},
	{{ {-13, 10, -9}, 0, {1007, 424}, {129, 8, 2, 255} }},
	{{ {9, 46, -33}, 0, {242, 478}, {198, 95, 195, 255} }},
	{{ {69, 45, 18}, 0, {400, 24}, {255, 127, 4, 255} }},
	{{ {69, 46, -37}, 0, {28, 513}, {0, 127, 2, 255} }},
	{{ {5, -3, -50}, 0, {924, 719}, {188, 231, 151, 255} }},
	{{ {4, -36, -10}, 0, {1693, 574}, {186, 150, 255, 255} }},
	{{ {65, -9, -56}, 0, {853, 946}, {238, 159, 176, 255} }},
	{{ {63, -45, -12}, 0, {1922, 628}, {238, 159, 176, 255} }},
	{{ {66, -11, 34}, 0, {1811, 24}, {243, 155, 76, 255} }},
	{{ {63, -45, -12}, 0, {1922, 628}, {243, 155, 76, 255} }},
	{{ {69, 46, -37}, 0, {28, 513}, {248, 42, 136, 255} }},
	{{ {65, -9, -56}, 0, {853, 946}, {248, 42, 136, 255} }},
	{{ {66, -11, 34}, 0, {789, 948}, {119, 235, 39, 255} }},
	{{ {83, 4, -10}, 0, {1100, 500}, {127, 248, 0, 255} }},
	{{ {69, 45, 18}, 0, {115, 465}, {122, 25, 24, 255} }},
	{{ {63, -45, -12}, 0, {1912, 804}, {118, 208, 253, 255} }},
	{{ {65, -9, -56}, 0, {1912, 227}, {119, 236, 215, 255} }},
	{{ {69, 46, -37}, 0, {804, 26}, {122, 25, 232, 255} }},
};

Gfx mario_Metal_Mario_Switch_Option_Right_Leg_mesh_layer_1_tri_0[] = {
	gsSPVertex(mario_Metal_Mario_Switch_Option_Right_Leg_mesh_layer_1_vtx_0 + 0, 22, 0),
	gsSP2Triangles(0, 1, 2, 0, 2, 3, 0, 0),
	gsSP2Triangles(2, 4, 3, 0, 5, 4, 2, 0),
	gsSP2Triangles(5, 2, 6, 0, 6, 7, 5, 0),
	gsSP2Triangles(8, 4, 5, 0, 9, 4, 8, 0),
	gsSP2Triangles(9, 8, 10, 0, 10, 11, 9, 0),
	gsSP2Triangles(3, 4, 9, 0, 12, 3, 9, 0),
	gsSP2Triangles(13, 12, 9, 0, 14, 15, 5, 0),
	gsSP2Triangles(15, 8, 5, 0, 16, 17, 18, 0),
	gsSP2Triangles(19, 17, 16, 0, 20, 17, 19, 0),
	gsSP2Triangles(21, 17, 20, 0, 18, 17, 21, 0),
	gsSPEndDisplayList(),
};

Vtx mario_Metal_Mario_Switch_Option_Right_Shoe_DL_mesh_layer_1_vtx_0[39] = {
	{{ {109, 11, 20}, 0, {472, 19}, {89, 206, 76, 255} }},
	{{ {92, -55, -7}, 0, {1005, 212}, {14, 130, 1, 255} }},
	{{ {110, 11, -36}, 0, {1564, 19}, {93, 202, 188, 255} }},
	{{ {92, -55, -7}, 0, {760, 710}, {14, 130, 1, 255} }},
	{{ {109, 11, 20}, 0, {131, 709}, {89, 206, 76, 255} }},
	{{ {80, -29, 18}, 0, {1002, 898}, {17, 168, 90, 255} }},
	{{ {109, 11, 20}, 0, {1548, 344}, {89, 206, 76, 255} }},
	{{ {44, -11, 32}, 0, {1227, 593}, {242, 192, 109, 255} }},
	{{ {80, -29, 18}, 0, {1640, 595}, {17, 168, 90, 255} }},
	{{ {110, 11, -36}, 0, {590, 391}, {93, 202, 188, 255} }},
	{{ {92, -55, -7}, 0, {810, 257}, {14, 130, 1, 255} }},
	{{ {80, -29, -32}, 0, {467, 18}, {26, 160, 177, 255} }},
	{{ {80, -29, -32}, 0, {1810, 440}, {26, 160, 177, 255} }},
	{{ {92, -55, -7}, 0, {1225, 405}, {14, 130, 1, 255} }},
	{{ {80, -29, 18}, 0, {1618, 362}, {17, 168, 90, 255} }},
	{{ {75, 23, 40}, 0, {128, 232}, {18, 212, 118, 255} }},
	{{ {44, -11, 32}, 0, {579, 380}, {242, 192, 109, 255} }},
	{{ {-14, 54, 29}, 0, {202, 757}, {205, 0, 116, 255} }},
	{{ {-36, 11, 19}, 0, {750, 652}, {180, 205, 88, 255} }},
	{{ {-40, 63, 5}, 0, {669, 918}, {145, 25, 56, 255} }},
	{{ {-54, 14, -10}, 0, {988, 695}, {138, 210, 4, 255} }},
	{{ {-42, 64, -29}, 0, {1264, 940}, {141, 23, 206, 255} }},
	{{ {-34, 11, -46}, 0, {1286, 656}, {180, 205, 169, 255} }},
	{{ {-11, 53, -56}, 0, {1846, 762}, {210, 0, 138, 255} }},
	{{ {43, -18, -55}, 0, {1426, 394}, {251, 180, 154, 255} }},
	{{ {78, 22, -61}, 0, {1926, 233}, {30, 212, 141, 255} }},
	{{ {80, -29, -32}, 0, {1211, 258}, {26, 160, 177, 255} }},
	{{ {27, -35, -11}, 0, {1017, 425}, {223, 133, 5, 255} }},
	{{ {80, -29, 18}, 0, {806, 254}, {17, 168, 90, 255} }},
	{{ {75, 23, 40}, 0, {1470, 771}, {42, 120, 0, 255} }},
	{{ {109, 11, 20}, 0, {1470, 771}, {43, 120, 1, 255} }},
	{{ {110, 11, -36}, 0, {1470, 771}, {42, 120, 0, 255} }},
	{{ {75, 23, 40}, 0, {1470, 771}, {42, 120, 0, 255} }},
	{{ {110, 11, -36}, 0, {1470, 771}, {42, 120, 0, 255} }},
	{{ {78, 22, -61}, 0, {1470, 771}, {42, 120, 0, 255} }},
	{{ {-14, 54, 29}, 0, {1470, 771}, {42, 120, 0, 255} }},
	{{ {-11, 53, -56}, 0, {1470, 771}, {42, 120, 0, 255} }},
	{{ {-40, 63, 5}, 0, {1470, 771}, {42, 120, 0, 255} }},
	{{ {-42, 64, -29}, 0, {1470, 771}, {43, 119, 1, 255} }},
};

Gfx mario_Metal_Mario_Switch_Option_Right_Shoe_DL_mesh_layer_1_tri_0[] = {
	gsSPVertex(mario_Metal_Mario_Switch_Option_Right_Shoe_DL_mesh_layer_1_vtx_0 + 0, 32, 0),
	gsSP2Triangles(0, 1, 2, 0, 3, 4, 5, 0),
	gsSP2Triangles(6, 7, 8, 0, 9, 10, 11, 0),
	gsSP2Triangles(12, 13, 14, 0, 0, 15, 16, 0),
	gsSP2Triangles(15, 17, 16, 0, 17, 18, 16, 0),
	gsSP2Triangles(18, 17, 19, 0, 20, 18, 19, 0),
	gsSP2Triangles(19, 21, 20, 0, 22, 20, 21, 0),
	gsSP2Triangles(21, 23, 22, 0, 23, 24, 22, 0),
	gsSP2Triangles(23, 25, 24, 0, 24, 25, 2, 0),
	gsSP2Triangles(2, 26, 24, 0, 27, 24, 26, 0),
	gsSP2Triangles(28, 27, 26, 0, 28, 16, 27, 0),
	gsSP2Triangles(27, 16, 18, 0, 27, 18, 20, 0),
	gsSP2Triangles(20, 22, 27, 0, 22, 24, 27, 0),
	gsSP1Triangle(29, 30, 31, 0),
	gsSPVertex(mario_Metal_Mario_Switch_Option_Right_Shoe_DL_mesh_layer_1_vtx_0 + 32, 7, 0),
	gsSP2Triangles(0, 1, 2, 0, 3, 0, 2, 0),
	gsSP2Triangles(3, 2, 4, 0, 5, 3, 4, 0),
	gsSP1Triangle(6, 5, 4, 0),
	gsSPEndDisplayList(),
};


Gfx mat_mario_Pants__PANTS__layer1[] = {
	gsSPLightColor(LIGHT_1, 0xFF0000FF),
	gsSPLightColor(LIGHT_2, 0x7F0000FF),
	gsDPPipeSync(),
	gsDPSetCombineLERP(0, 0, 0, SHADE, 0, 0, 0, ENVIRONMENT, 0, 0, 0, SHADE, 0, 0, 0, ENVIRONMENT),
	gsDPSetAlphaDither(G_AD_NOISE),
	gsDPSetRenderMode(G_RM_AA_ZB_OPA_SURF, G_RM_AA_ZB_OPA_SURF2),
	gsSPTexture(65535, 65535, 0, 0, 1),
	gsSPEndDisplayList(),
};

Gfx mat_revert_mario_Pants__PANTS__layer1[] = {
	gsDPPipeSync(),
	gsDPSetAlphaDither(G_AD_DISABLE),
	gsDPSetRenderMode(G_RM_AA_ZB_OPA_SURF, G_RM_AA_ZB_OPA_SURF2),
	gsSPEndDisplayList(),
};

Gfx mat_mario_Buttons__PANTS_[] = {
	gsSPLightColor(LIGHT_1, 0xFF0000FF),
	gsSPLightColor(LIGHT_2, 0x7F0000FF),
	gsDPPipeSync(),
	gsDPSetCombineLERP(TEXEL0, SHADE, TEXEL0_ALPHA, SHADE, 0, 0, 0, ENVIRONMENT, TEXEL0, SHADE, TEXEL0_ALPHA, SHADE, 0, 0, 0, ENVIRONMENT),
	gsDPSetAlphaDither(G_AD_NOISE),
	gsSPTexture(65535, 65535, 0, 0, 1),
	gsDPSetTextureImage(G_IM_FMT_RGBA, G_IM_SIZ_16b_LOAD_BLOCK, 1, mario_mario_overalls_button_rgba16_rgba16),
	gsDPSetTile(G_IM_FMT_RGBA, G_IM_SIZ_16b_LOAD_BLOCK, 0, 0, 7, 0, G_TX_WRAP | G_TX_NOMIRROR, 0, 0, G_TX_WRAP | G_TX_NOMIRROR, 0, 0),
	gsDPLoadBlock(7, 0, 0, 1023, 256),
	gsDPSetTile(G_IM_FMT_RGBA, G_IM_SIZ_16b, 8, 0, 0, 0, G_TX_CLAMP | G_TX_NOMIRROR, 5, 0, G_TX_CLAMP | G_TX_NOMIRROR, 5, 0),
	gsDPSetTileSize(0, 0, 0, 124, 124),
	gsSPEndDisplayList(),
};

Gfx mat_revert_mario_Buttons__PANTS_[] = {
	gsDPPipeSync(),
	gsDPSetAlphaDither(G_AD_DISABLE),
	gsSPEndDisplayList(),
};

Gfx mat_mario_Shirt__SHIRT__layer1[] = {
	gsSPLightColor(LIGHT_1, 0x101010FF),
	gsSPLightColor(LIGHT_2, 0x040404FF),
	gsDPPipeSync(),
	gsDPSetCombineLERP(0, 0, 0, SHADE, 0, 0, 0, ENVIRONMENT, 0, 0, 0, SHADE, 0, 0, 0, ENVIRONMENT),
	gsDPSetAlphaDither(G_AD_NOISE),
	gsDPSetRenderMode(G_RM_AA_ZB_OPA_SURF, G_RM_AA_ZB_OPA_SURF2),
	gsSPTexture(65535, 65535, 0, 0, 1),
	gsSPEndDisplayList(),
};

Gfx mat_revert_mario_Shirt__SHIRT__layer1[] = {
	gsDPPipeSync(),
	gsDPSetAlphaDither(G_AD_DISABLE),
	gsDPSetRenderMode(G_RM_AA_ZB_OPA_SURF, G_RM_AA_ZB_OPA_SURF2),
	gsSPEndDisplayList(),
};

Gfx mat_mario_Cap__CAP__layer1[] = {
	gsSPLightColor(LIGHT_1, 0x101010FF),
	gsSPLightColor(LIGHT_2, 0x040404FF),
	gsDPPipeSync(),
	gsDPSetCombineLERP(0, 0, 0, SHADE, 0, 0, 0, ENVIRONMENT, 0, 0, 0, SHADE, 0, 0, 0, ENVIRONMENT),
	gsDPSetAlphaDither(G_AD_NOISE),
	gsDPSetRenderMode(G_RM_AA_ZB_OPA_SURF, G_RM_AA_ZB_OPA_SURF2),
	gsSPTexture(65535, 65535, 0, 0, 1),
	gsSPEndDisplayList(),
};

Gfx mat_revert_mario_Cap__CAP__layer1[] = {
	gsDPPipeSync(),
	gsDPSetAlphaDither(G_AD_DISABLE),
	gsDPSetRenderMode(G_RM_AA_ZB_OPA_SURF, G_RM_AA_ZB_OPA_SURF2),
	gsSPEndDisplayList(),
};

Gfx mat_mario_Skin__SKIN_[] = {
	gsSPLightColor(LIGHT_1, 0xFEC179FF),
	gsSPLightColor(LIGHT_2, 0x7F5F39FF),
	gsDPPipeSync(),
	gsDPSetCombineLERP(0, 0, 0, SHADE, 0, 0, 0, ENVIRONMENT, 0, 0, 0, SHADE, 0, 0, 0, ENVIRONMENT),
	gsDPSetAlphaDither(G_AD_NOISE),
	gsSPTexture(65535, 65535, 0, 0, 1),
	gsSPEndDisplayList(),
};

Gfx mat_revert_mario_Skin__SKIN_[] = {
	gsDPPipeSync(),
	gsDPSetAlphaDither(G_AD_DISABLE),
	gsSPEndDisplayList(),
};

Gfx mat_mario_Hair__HAIR_[] = {
	gsSPLightColor(LIGHT_1, 0x730600FF),
	gsSPLightColor(LIGHT_2, 0x360100FF),
	gsDPPipeSync(),
	gsDPSetCombineLERP(0, 0, 0, SHADE, 0, 0, 0, ENVIRONMENT, 0, 0, 0, SHADE, 0, 0, 0, ENVIRONMENT),
	gsDPSetAlphaDither(G_AD_NOISE),
	gsSPTexture(65535, 65535, 0, 0, 1),
	gsSPEndDisplayList(),
};

Gfx mat_revert_mario_Hair__HAIR_[] = {
	gsDPPipeSync(),
	gsDPSetAlphaDither(G_AD_DISABLE),
	gsSPEndDisplayList(),
};

Gfx mat_mario_Logo__EMBLEM_[] = {
	gsSPLightColor(LIGHT_1, 0x101010FF),
	gsSPLightColor(LIGHT_2, 0x040404FF),
	gsDPPipeSync(),
	gsDPSetCombineLERP(TEXEL0, SHADE, TEXEL0_ALPHA, SHADE, 0, 0, 0, ENVIRONMENT, TEXEL0, SHADE, TEXEL0_ALPHA, SHADE, 0, 0, 0, ENVIRONMENT),
	gsDPSetAlphaDither(G_AD_NOISE),
	gsDPSetTextureLUT(G_TT_RGBA16),
	gsSPTexture(65535, 65535, 0, 0, 1),
	gsDPSetTextureImage(G_IM_FMT_RGBA, G_IM_SIZ_16b, 1, mario_mario_logo_rgba16_pal_rgba16),
	gsDPSetTile(0, 0, 0, 256, 5, 0, G_TX_WRAP | G_TX_NOMIRROR, 0, 0, G_TX_WRAP | G_TX_NOMIRROR, 0, 0),
	gsDPLoadTLUTCmd(5, 37),
	gsDPSetTextureImage(G_IM_FMT_CI, G_IM_SIZ_8b_LOAD_BLOCK, 1, mario_mario_logo_rgba16_ci8),
	gsDPSetTile(G_IM_FMT_CI, G_IM_SIZ_8b_LOAD_BLOCK, 0, 0, 7, 0, G_TX_WRAP | G_TX_NOMIRROR, 0, 0, G_TX_WRAP | G_TX_NOMIRROR, 0, 0),
	gsDPLoadBlock(7, 0, 0, 511, 512),
	gsDPSetTile(G_IM_FMT_CI, G_IM_SIZ_8b, 4, 0, 0, 0, G_TX_CLAMP | G_TX_NOMIRROR, 5, 0, G_TX_CLAMP | G_TX_NOMIRROR, 5, 0),
	gsDPSetTileSize(0, 0, 0, 124, 124),
	gsSPEndDisplayList(),
};

Gfx mat_revert_mario_Logo__EMBLEM_[] = {
	gsDPPipeSync(),
	gsDPSetAlphaDither(G_AD_DISABLE),
	gsDPSetTextureLUT(G_TT_NONE),
	gsSPEndDisplayList(),
};

Gfx mat_mario_Open_Eyes__SKIN_[] = {
	gsSPLightColor(LIGHT_1, 0xFEC179FF),
	gsSPLightColor(LIGHT_2, 0x7F5F39FF),
	gsDPPipeSync(),
	gsDPSetCombineLERP(TEXEL0, SHADE, TEXEL0_ALPHA, SHADE, 0, 0, 0, ENVIRONMENT, TEXEL0, SHADE, TEXEL0_ALPHA, SHADE, 0, 0, 0, ENVIRONMENT),
	gsDPSetAlphaDither(G_AD_NOISE),
	gsDPSetTextureLUT(G_TT_RGBA16),
	gsSPTexture(65535, 65535, 0, 0, 1),
	gsDPSetTextureImage(G_IM_FMT_RGBA, G_IM_SIZ_16b, 1, mario_mario_eyes_center_rgba16_pal_rgba16),
	gsDPSetTile(0, 0, 0, 256, 5, 0, G_TX_WRAP | G_TX_NOMIRROR, 0, 0, G_TX_WRAP | G_TX_NOMIRROR, 0, 0),
	gsDPLoadTLUTCmd(5, 89),
	gsDPSetTextureImage(G_IM_FMT_CI, G_IM_SIZ_8b_LOAD_BLOCK, 1, mario_mario_eyes_center_rgba16_ci8),
	gsDPSetTile(G_IM_FMT_CI, G_IM_SIZ_8b_LOAD_BLOCK, 0, 0, 7, 0, G_TX_WRAP | G_TX_NOMIRROR, 0, 0, G_TX_WRAP | G_TX_NOMIRROR, 0, 0),
	gsDPLoadBlock(7, 0, 0, 511, 512),
	gsDPSetTile(G_IM_FMT_CI, G_IM_SIZ_8b, 4, 0, 0, 0, G_TX_CLAMP | G_TX_NOMIRROR, 5, 0, G_TX_CLAMP | G_TX_NOMIRROR, 5, 0),
	gsDPSetTileSize(0, 0, 0, 124, 124),
	gsSPEndDisplayList(),
};

Gfx mat_revert_mario_Open_Eyes__SKIN_[] = {
	gsDPPipeSync(),
	gsDPSetAlphaDither(G_AD_DISABLE),
	gsDPSetTextureLUT(G_TT_NONE),
	gsSPEndDisplayList(),
};

Gfx mat_mario_Sideburns__HAIR_[] = {
	gsSPLightColor(LIGHT_1, 0xFEC179FF),
	gsSPLightColor(LIGHT_2, 0x7F5F39FF),
	gsDPPipeSync(),
	gsDPSetCombineLERP(TEXEL0, SHADE, TEXEL0_ALPHA, SHADE, 0, 0, 0, ENVIRONMENT, TEXEL0, SHADE, TEXEL0_ALPHA, SHADE, 0, 0, 0, ENVIRONMENT),
	gsDPSetAlphaDither(G_AD_NOISE),
	gsDPSetTextureLUT(G_TT_RGBA16),
	gsSPTexture(65535, 65535, 0, 0, 1),
	gsDPSetTextureImage(G_IM_FMT_RGBA, G_IM_SIZ_16b, 1, mario_mario_sideburn_rgba16_pal_rgba16),
	gsDPSetTile(0, 0, 0, 256, 5, 0, G_TX_WRAP | G_TX_NOMIRROR, 0, 0, G_TX_WRAP | G_TX_NOMIRROR, 0, 0),
	gsDPLoadTLUTCmd(5, 19),
	gsDPSetTextureImage(G_IM_FMT_CI, G_IM_SIZ_8b_LOAD_BLOCK, 1, mario_mario_sideburn_rgba16_ci8),
	gsDPSetTile(G_IM_FMT_CI, G_IM_SIZ_8b_LOAD_BLOCK, 0, 0, 7, 0, G_TX_WRAP | G_TX_NOMIRROR, 0, 0, G_TX_WRAP | G_TX_NOMIRROR, 0, 0),
	gsDPLoadBlock(7, 0, 0, 511, 512),
	gsDPSetTile(G_IM_FMT_CI, G_IM_SIZ_8b, 4, 0, 0, 0, G_TX_CLAMP | G_TX_NOMIRROR, 5, 0, G_TX_CLAMP | G_TX_NOMIRROR, 5, 0),
	gsDPSetTileSize(0, 0, 0, 124, 124),
	gsSPEndDisplayList(),
};

Gfx mat_revert_mario_Sideburns__HAIR_[] = {
	gsDPPipeSync(),
	gsDPSetAlphaDither(G_AD_DISABLE),
	gsDPSetTextureLUT(G_TT_NONE),
	gsSPEndDisplayList(),
};

Gfx mat_mario_Mustache_Vanilla__SKIN_[] = {
	gsSPLightColor(LIGHT_1, 0xFEC179FF),
	gsSPLightColor(LIGHT_2, 0x7F5F39FF),
	gsDPPipeSync(),
	gsDPSetCombineLERP(TEXEL0, SHADE, TEXEL0_ALPHA, SHADE, 0, 0, 0, ENVIRONMENT, TEXEL0, SHADE, TEXEL0_ALPHA, SHADE, 0, 0, 0, ENVIRONMENT),
	gsDPSetAlphaDither(G_AD_NOISE),
	gsSPTexture(65535, 65535, 0, 0, 1),
	gsDPSetTextureImage(G_IM_FMT_IA, G_IM_SIZ_8b_LOAD_BLOCK, 1, mario_mario_mustache_rgba16_ia8),
	gsDPSetTile(G_IM_FMT_IA, G_IM_SIZ_8b_LOAD_BLOCK, 0, 0, 7, 0, G_TX_WRAP | G_TX_NOMIRROR, 0, 0, G_TX_WRAP | G_TX_NOMIRROR, 0, 0),
	gsDPLoadBlock(7, 0, 0, 511, 512),
	gsDPSetTile(G_IM_FMT_IA, G_IM_SIZ_8b, 4, 0, 0, 0, G_TX_CLAMP | G_TX_NOMIRROR, 5, 0, G_TX_CLAMP | G_TX_NOMIRROR, 5, 0),
	gsDPSetTileSize(0, 0, 0, 124, 124),
	gsSPEndDisplayList(),
};

Gfx mat_revert_mario_Mustache_Vanilla__SKIN_[] = {
	gsDPPipeSync(),
	gsDPSetAlphaDither(G_AD_DISABLE),
	gsSPEndDisplayList(),
};

Gfx mat_mario_Wing_Base_layer4[] = {
	gsSPClearGeometryMode(G_CULL_BACK),
	gsDPPipeSync(),
	gsDPSetCombineLERP(0, 0, 0, TEXEL0, TEXEL0, 0, ENVIRONMENT, 0, 0, 0, 0, TEXEL0, TEXEL0, 0, ENVIRONMENT, 0),
	gsDPSetAlphaDither(G_AD_NOISE),
	gsDPSetRenderMode(G_RM_AA_ZB_TEX_EDGE, G_RM_AA_ZB_TEX_EDGE2),
	gsSPTexture(65535, 65535, 0, 0, 1),
	gsDPSetTextureImage(G_IM_FMT_RGBA, G_IM_SIZ_16b_LOAD_BLOCK, 1, mario_wing1_rgba16),
	gsDPSetTile(G_IM_FMT_RGBA, G_IM_SIZ_16b_LOAD_BLOCK, 0, 0, 7, 0, G_TX_WRAP | G_TX_NOMIRROR, 0, 0, G_TX_WRAP | G_TX_NOMIRROR, 0, 0),
	gsDPLoadBlock(7, 0, 0, 2047, 256),
	gsDPSetTile(G_IM_FMT_RGBA, G_IM_SIZ_16b, 8, 0, 0, 0, G_TX_CLAMP | G_TX_NOMIRROR, 6, 0, G_TX_CLAMP | G_TX_NOMIRROR, 5, 0),
	gsDPSetTileSize(0, 0, 0, 124, 252),
	gsSPEndDisplayList(),
};

Gfx mat_revert_mario_Wing_Base_layer4[] = {
	gsSPSetGeometryMode(G_CULL_BACK),
	gsDPPipeSync(),
	gsDPSetAlphaDither(G_AD_DISABLE),
	gsDPSetRenderMode(G_RM_AA_ZB_TEX_EDGE, G_RM_AA_ZB_TEX_EDGE2),
	gsSPEndDisplayList(),
};

Gfx mat_mario_Wing_Tip_layer4[] = {
	gsSPClearGeometryMode(G_CULL_BACK),
	gsDPPipeSync(),
	gsDPSetCombineLERP(0, 0, 0, TEXEL0, TEXEL0, 0, ENVIRONMENT, 0, 0, 0, 0, TEXEL0, TEXEL0, 0, ENVIRONMENT, 0),
	gsDPSetAlphaDither(G_AD_NOISE),
	gsDPSetRenderMode(G_RM_AA_ZB_TEX_EDGE, G_RM_AA_ZB_TEX_EDGE2),
	gsSPTexture(65535, 65535, 0, 0, 1),
	gsDPSetTextureImage(G_IM_FMT_RGBA, G_IM_SIZ_16b_LOAD_BLOCK, 1, mario_wing2_rgba16),
	gsDPSetTile(G_IM_FMT_RGBA, G_IM_SIZ_16b_LOAD_BLOCK, 0, 0, 7, 0, G_TX_WRAP | G_TX_NOMIRROR, 0, 0, G_TX_WRAP | G_TX_NOMIRROR, 0, 0),
	gsDPLoadBlock(7, 0, 0, 2047, 256),
	gsDPSetTile(G_IM_FMT_RGBA, G_IM_SIZ_16b, 8, 0, 0, 0, G_TX_CLAMP | G_TX_NOMIRROR, 6, 0, G_TX_CLAMP | G_TX_NOMIRROR, 5, 0),
	gsDPSetTileSize(0, 0, 0, 124, 252),
	gsSPEndDisplayList(),
};

Gfx mat_revert_mario_Wing_Tip_layer4[] = {
	gsSPSetGeometryMode(G_CULL_BACK),
	gsDPPipeSync(),
	gsDPSetAlphaDither(G_AD_DISABLE),
	gsDPSetRenderMode(G_RM_AA_ZB_TEX_EDGE, G_RM_AA_ZB_TEX_EDGE2),
	gsSPEndDisplayList(),
};

Gfx mat_mario_Gloves__GLOVES__layer1[] = {
	gsSPLightColor(LIGHT_1, 0xFFFFFFFF),
	gsSPLightColor(LIGHT_2, 0x7F7F7FFF),
	gsDPPipeSync(),
	gsDPSetCombineLERP(0, 0, 0, SHADE, 0, 0, 0, ENVIRONMENT, 0, 0, 0, SHADE, 0, 0, 0, ENVIRONMENT),
	gsDPSetAlphaDither(G_AD_NOISE),
	gsDPSetRenderMode(G_RM_AA_ZB_OPA_SURF, G_RM_AA_ZB_OPA_SURF2),
	gsSPTexture(65535, 65535, 0, 0, 1),
	gsSPEndDisplayList(),
};

Gfx mat_revert_mario_Gloves__GLOVES__layer1[] = {
	gsDPPipeSync(),
	gsDPSetAlphaDither(G_AD_DISABLE),
	gsDPSetRenderMode(G_RM_AA_ZB_OPA_SURF, G_RM_AA_ZB_OPA_SURF2),
	gsSPEndDisplayList(),
};

Gfx mat_mario_Cap_Inside__CAP_[] = {
	gsSPLightColor(LIGHT_1, 0xFF0000FF),
	gsSPLightColor(LIGHT_2, 0x7F0000FF),
	gsDPPipeSync(),
	gsDPSetCombineLERP(SHADE, 0, PRIMITIVE, 0, 0, 0, 0, ENVIRONMENT, SHADE, 0, PRIMITIVE, 0, 0, 0, 0, ENVIRONMENT),
	gsDPSetAlphaDither(G_AD_NOISE),
	gsSPTexture(65535, 65535, 0, 0, 1),
	gsDPSetPrimColor(0, 0, 115, 115, 115, 255),
	gsSPEndDisplayList(),
};

Gfx mat_revert_mario_Cap_Inside__CAP_[] = {
	gsDPPipeSync(),
	gsDPSetAlphaDither(G_AD_DISABLE),
	gsSPEndDisplayList(),
};

Gfx mat_mario_Shoes__SHOES__layer1[] = {
	gsSPLightColor(LIGHT_1, 0x721C0EFF),
	gsSPLightColor(LIGHT_2, 0x350803FF),
	gsDPPipeSync(),
	gsDPSetCombineLERP(0, 0, 0, SHADE, 0, 0, 0, ENVIRONMENT, 0, 0, 0, SHADE, 0, 0, 0, ENVIRONMENT),
	gsDPSetAlphaDither(G_AD_NOISE),
	gsDPSetRenderMode(G_RM_AA_ZB_OPA_SURF, G_RM_AA_ZB_OPA_SURF2),
	gsSPTexture(65535, 65535, 0, 0, 1),
	gsSPEndDisplayList(),
};

Gfx mat_revert_mario_Shoes__SHOES__layer1[] = {
	gsDPPipeSync(),
	gsDPSetAlphaDither(G_AD_DISABLE),
	gsDPSetRenderMode(G_RM_AA_ZB_OPA_SURF, G_RM_AA_ZB_OPA_SURF2),
	gsSPEndDisplayList(),
};

Gfx mat_mario_Metal__METAL_[] = {
	gsSPLightColor(LIGHT_1, 0xFFFFFFFF),
	gsSPLightColor(LIGHT_2, 0x000000FF),
	gsDPPipeSync(),
	gsDPSetCombineLERP(TEXEL0, 0, SHADE, 0, 0, 0, 0, 1, TEXEL0, 0, SHADE, 0, 0, 0, 0, 1),
	gsDPSetAlphaDither(G_AD_NOISE),
	gsSPTexture(65535, 65535, 0, 0, 1),
	gsDPSetTextureImage(G_IM_FMT_RGBA, G_IM_SIZ_16b_LOAD_BLOCK, 1, mario_mario_rust_shade_rgba16_rgba16),
	gsDPSetTile(G_IM_FMT_RGBA, G_IM_SIZ_16b_LOAD_BLOCK, 0, 0, 7, 0, G_TX_WRAP | G_TX_NOMIRROR, 0, 0, G_TX_WRAP | G_TX_NOMIRROR, 0, 0),
	gsDPLoadBlock(7, 0, 0, 2047, 128),
	gsDPSetTile(G_IM_FMT_RGBA, G_IM_SIZ_16b, 16, 0, 0, 0, G_TX_WRAP | G_TX_MIRROR, 5, 0, G_TX_WRAP | G_TX_MIRROR, 6, 0),
	gsDPSetTileSize(0, 0, 0, 252, 124),
	gsSPEndDisplayList(),
};

Gfx mat_revert_mario_Metal__METAL_[] = {
	gsDPPipeSync(),
	gsDPSetAlphaDither(G_AD_DISABLE),
	gsSPEndDisplayList(),
};

Gfx mat_mario_Metal_Wing_Base__METAL__layer4[] = {
	gsSPClearGeometryMode(G_CULL_BACK),
	gsSPLightColor(LIGHT_1, 0x000000FF),
	gsSPLightColor(LIGHT_2, 0x7F7F7FFF),
	gsDPPipeSync(),
	gsDPSetCombineLERP(TEXEL0, TEXEL0, SHADE, TEXEL0, TEXEL0, 0, ENVIRONMENT, 0, TEXEL0, TEXEL0, SHADE, TEXEL0, TEXEL0, 0, ENVIRONMENT, 0),
	gsDPSetAlphaDither(G_AD_NOISE),
	gsDPSetRenderMode(G_RM_AA_ZB_TEX_EDGE, G_RM_AA_ZB_TEX_EDGE2),
	gsSPTexture(65535, 65535, 0, 0, 1),
	gsDPSetTextureImage(G_IM_FMT_RGBA, G_IM_SIZ_16b_LOAD_BLOCK, 1, mario_custom_mario_metal_wing_shade_rgba16),
	gsDPSetTile(G_IM_FMT_RGBA, G_IM_SIZ_16b_LOAD_BLOCK, 0, 0, 7, 0, G_TX_WRAP | G_TX_NOMIRROR, 0, 0, G_TX_WRAP | G_TX_NOMIRROR, 0, 0),
	gsDPLoadBlock(7, 0, 0, 2047, 256),
	gsDPSetTile(G_IM_FMT_RGBA, G_IM_SIZ_16b, 8, 0, 0, 0, G_TX_CLAMP | G_TX_NOMIRROR, 6, 0, G_TX_CLAMP | G_TX_NOMIRROR, 5, 0),
	gsDPSetTileSize(0, 0, 0, 124, 252),
	gsSPEndDisplayList(),
};

Gfx mat_revert_mario_Metal_Wing_Base__METAL__layer4[] = {
	gsSPSetGeometryMode(G_CULL_BACK),
	gsDPPipeSync(),
	gsDPSetAlphaDither(G_AD_DISABLE),
	gsDPSetRenderMode(G_RM_AA_ZB_TEX_EDGE, G_RM_AA_ZB_TEX_EDGE2),
	gsSPEndDisplayList(),
};

Gfx mat_mario_Metal_Wing_Tip__METAL__layer4[] = {
	gsSPClearGeometryMode(G_CULL_BACK),
	gsSPLightColor(LIGHT_1, 0x000000FF),
	gsSPLightColor(LIGHT_2, 0x7F7F7FFF),
	gsDPPipeSync(),
	gsDPSetCombineLERP(TEXEL0, TEXEL0, SHADE, TEXEL0, TEXEL0, 0, ENVIRONMENT, 0, TEXEL0, TEXEL0, SHADE, TEXEL0, TEXEL0, 0, ENVIRONMENT, 0),
	gsDPSetAlphaDither(G_AD_NOISE),
	gsDPSetRenderMode(G_RM_AA_ZB_TEX_EDGE, G_RM_AA_ZB_TEX_EDGE2),
	gsSPTexture(65535, 65535, 0, 0, 1),
	gsDPSetTextureImage(G_IM_FMT_RGBA, G_IM_SIZ_16b_LOAD_BLOCK, 1, mario_custom_mario_metal_wing_tip_shade_rgba16),
	gsDPSetTile(G_IM_FMT_RGBA, G_IM_SIZ_16b_LOAD_BLOCK, 0, 0, 7, 0, G_TX_WRAP | G_TX_NOMIRROR, 0, 0, G_TX_WRAP | G_TX_NOMIRROR, 0, 0),
	gsDPLoadBlock(7, 0, 0, 2047, 256),
	gsDPSetTile(G_IM_FMT_RGBA, G_IM_SIZ_16b, 8, 0, 0, 0, G_TX_CLAMP | G_TX_NOMIRROR, 6, 0, G_TX_CLAMP | G_TX_NOMIRROR, 5, 0),
	gsDPSetTileSize(0, 0, 0, 124, 252),
	gsSPEndDisplayList(),
};

Gfx mat_revert_mario_Metal_Wing_Tip__METAL__layer4[] = {
	gsSPSetGeometryMode(G_CULL_BACK),
	gsDPPipeSync(),
	gsDPSetAlphaDither(G_AD_DISABLE),
	gsDPSetRenderMode(G_RM_AA_ZB_TEX_EDGE, G_RM_AA_ZB_TEX_EDGE2),
	gsSPEndDisplayList(),
};

Gfx mat_mario_Half_Closed_Eyes__SKIN_[] = {
	gsSPLightColor(LIGHT_1, 0xFEC179FF),
	gsSPLightColor(LIGHT_2, 0x7F5F39FF),
	gsDPPipeSync(),
	gsDPSetCombineLERP(TEXEL0, SHADE, TEXEL0_ALPHA, SHADE, 0, 0, 0, ENVIRONMENT, TEXEL0, SHADE, TEXEL0_ALPHA, SHADE, 0, 0, 0, ENVIRONMENT),
	gsDPSetAlphaDither(G_AD_NOISE),
	gsDPSetTextureLUT(G_TT_RGBA16),
	gsSPTexture(65535, 65535, 0, 0, 1),
	gsDPSetTextureImage(G_IM_FMT_RGBA, G_IM_SIZ_16b, 1, mario_mario_eyes_half_closed_rgba16_pal_rgba16),
	gsDPSetTile(0, 0, 0, 256, 5, 0, G_TX_WRAP | G_TX_NOMIRROR, 0, 0, G_TX_WRAP | G_TX_NOMIRROR, 0, 0),
	gsDPLoadTLUTCmd(5, 90),
	gsDPSetTextureImage(G_IM_FMT_CI, G_IM_SIZ_8b_LOAD_BLOCK, 1, mario_mario_eyes_half_closed_rgba16_ci8),
	gsDPSetTile(G_IM_FMT_CI, G_IM_SIZ_8b_LOAD_BLOCK, 0, 0, 7, 0, G_TX_WRAP | G_TX_NOMIRROR, 0, 0, G_TX_WRAP | G_TX_NOMIRROR, 0, 0),
	gsDPLoadBlock(7, 0, 0, 511, 512),
	gsDPSetTile(G_IM_FMT_CI, G_IM_SIZ_8b, 4, 0, 0, 0, G_TX_CLAMP | G_TX_NOMIRROR, 5, 0, G_TX_CLAMP | G_TX_NOMIRROR, 5, 0),
	gsDPSetTileSize(0, 0, 0, 124, 124),
	gsSPEndDisplayList(),
};

Gfx mat_revert_mario_Half_Closed_Eyes__SKIN_[] = {
	gsDPPipeSync(),
	gsDPSetAlphaDither(G_AD_DISABLE),
	gsDPSetTextureLUT(G_TT_NONE),
	gsSPEndDisplayList(),
};

Gfx mat_mario_Closed_Eyes__SKIN_[] = {
	gsSPLightColor(LIGHT_1, 0xFEC179FF),
	gsSPLightColor(LIGHT_2, 0x7F5F39FF),
	gsDPPipeSync(),
	gsDPSetCombineLERP(TEXEL0, SHADE, TEXEL0_ALPHA, SHADE, 0, 0, 0, ENVIRONMENT, TEXEL0, SHADE, TEXEL0_ALPHA, SHADE, 0, 0, 0, ENVIRONMENT),
	gsDPSetAlphaDither(G_AD_NOISE),
	gsDPSetTextureLUT(G_TT_RGBA16),
	gsSPTexture(65535, 65535, 0, 0, 1),
	gsDPSetTextureImage(G_IM_FMT_RGBA, G_IM_SIZ_16b, 1, mario_mario_eyes_closed_rgba16_pal_rgba16),
	gsDPSetTile(0, 0, 0, 256, 5, 0, G_TX_WRAP | G_TX_NOMIRROR, 0, 0, G_TX_WRAP | G_TX_NOMIRROR, 0, 0),
	gsDPLoadTLUTCmd(5, 12),
	gsDPSetTextureImage(G_IM_FMT_CI, G_IM_SIZ_16b, 1, mario_mario_eyes_closed_rgba16_ci4),
	gsDPSetTile(G_IM_FMT_CI, G_IM_SIZ_16b, 0, 0, 7, 0, G_TX_WRAP | G_TX_NOMIRROR, 0, 0, G_TX_WRAP | G_TX_NOMIRROR, 0, 0),
	gsDPLoadBlock(7, 0, 0, 255, 1024),
	gsDPSetTile(G_IM_FMT_CI, G_IM_SIZ_4b, 2, 0, 0, 0, G_TX_CLAMP | G_TX_NOMIRROR, 5, 0, G_TX_CLAMP | G_TX_NOMIRROR, 5, 0),
	gsDPSetTileSize(0, 0, 0, 124, 124),
	gsSPEndDisplayList(),
};

Gfx mat_revert_mario_Closed_Eyes__SKIN_[] = {
	gsDPPipeSync(),
	gsDPSetAlphaDither(G_AD_DISABLE),
	gsDPSetTextureLUT(G_TT_NONE),
	gsSPEndDisplayList(),
};

Gfx mat_mario_Left_Eyes__SKIN_[] = {
	gsSPLightColor(LIGHT_1, 0xFEC179FF),
	gsSPLightColor(LIGHT_2, 0x7F5F39FF),
	gsDPPipeSync(),
	gsDPSetCombineLERP(TEXEL0, SHADE, TEXEL0_ALPHA, SHADE, 0, 0, 0, ENVIRONMENT, TEXEL0, SHADE, TEXEL0_ALPHA, SHADE, 0, 0, 0, ENVIRONMENT),
	gsDPSetAlphaDither(G_AD_NOISE),
	gsSPTexture(65535, 65535, 0, 0, 1),
	gsDPSetTextureImage(G_IM_FMT_RGBA, G_IM_SIZ_16b_LOAD_BLOCK, 1, mario_mario_eyes_left_unused_rgba16_rgba16),
	gsDPSetTile(G_IM_FMT_RGBA, G_IM_SIZ_16b_LOAD_BLOCK, 0, 0, 7, 0, G_TX_WRAP | G_TX_NOMIRROR, 0, 0, G_TX_WRAP | G_TX_NOMIRROR, 0, 0),
	gsDPLoadBlock(7, 0, 0, 1023, 256),
	gsDPSetTile(G_IM_FMT_RGBA, G_IM_SIZ_16b, 8, 0, 0, 0, G_TX_CLAMP | G_TX_NOMIRROR, 5, 0, G_TX_CLAMP | G_TX_NOMIRROR, 5, 0),
	gsDPSetTileSize(0, 0, 0, 124, 124),
	gsSPEndDisplayList(),
};

Gfx mat_revert_mario_Left_Eyes__SKIN_[] = {
	gsDPPipeSync(),
	gsDPSetAlphaDither(G_AD_DISABLE),
	gsSPEndDisplayList(),
};

Gfx mat_mario_Right_Eyes__SKIN_[] = {
	gsSPLightColor(LIGHT_1, 0xFEC179FF),
	gsSPLightColor(LIGHT_2, 0x7F5F39FF),
	gsDPPipeSync(),
	gsDPSetCombineLERP(TEXEL0, SHADE, TEXEL0_ALPHA, SHADE, 0, 0, 0, ENVIRONMENT, TEXEL0, SHADE, TEXEL0_ALPHA, SHADE, 0, 0, 0, ENVIRONMENT),
	gsDPSetAlphaDither(G_AD_NOISE),
	gsSPTexture(65535, 65535, 0, 0, 1),
	gsDPSetTextureImage(G_IM_FMT_RGBA, G_IM_SIZ_16b_LOAD_BLOCK, 1, mario_mario_eyes_right_unused_rgba16_rgba16),
	gsDPSetTile(G_IM_FMT_RGBA, G_IM_SIZ_16b_LOAD_BLOCK, 0, 0, 7, 0, G_TX_WRAP | G_TX_NOMIRROR, 0, 0, G_TX_WRAP | G_TX_NOMIRROR, 0, 0),
	gsDPLoadBlock(7, 0, 0, 1023, 256),
	gsDPSetTile(G_IM_FMT_RGBA, G_IM_SIZ_16b, 8, 0, 0, 0, G_TX_CLAMP | G_TX_NOMIRROR, 5, 0, G_TX_CLAMP | G_TX_NOMIRROR, 5, 0),
	gsDPSetTileSize(0, 0, 0, 124, 124),
	gsSPEndDisplayList(),
};

Gfx mat_revert_mario_Right_Eyes__SKIN_[] = {
	gsDPPipeSync(),
	gsDPSetAlphaDither(G_AD_DISABLE),
	gsSPEndDisplayList(),
};

Gfx mat_mario_Up_Eyes__SKIN_[] = {
	gsSPLightColor(LIGHT_1, 0xFEC179FF),
	gsSPLightColor(LIGHT_2, 0x7F5F39FF),
	gsDPPipeSync(),
	gsDPSetCombineLERP(TEXEL0, SHADE, TEXEL0_ALPHA, SHADE, 0, 0, 0, ENVIRONMENT, TEXEL0, SHADE, TEXEL0_ALPHA, SHADE, 0, 0, 0, ENVIRONMENT),
	gsDPSetAlphaDither(G_AD_NOISE),
	gsSPTexture(65535, 65535, 0, 0, 1),
	gsDPSetTextureImage(G_IM_FMT_RGBA, G_IM_SIZ_16b_LOAD_BLOCK, 1, mario_mario_eyes_up_unused_rgba16_rgba16),
	gsDPSetTile(G_IM_FMT_RGBA, G_IM_SIZ_16b_LOAD_BLOCK, 0, 0, 7, 0, G_TX_WRAP | G_TX_NOMIRROR, 0, 0, G_TX_WRAP | G_TX_NOMIRROR, 0, 0),
	gsDPLoadBlock(7, 0, 0, 1023, 256),
	gsDPSetTile(G_IM_FMT_RGBA, G_IM_SIZ_16b, 8, 0, 0, 0, G_TX_CLAMP | G_TX_NOMIRROR, 5, 0, G_TX_CLAMP | G_TX_NOMIRROR, 5, 0),
	gsDPSetTileSize(0, 0, 0, 124, 124),
	gsSPEndDisplayList(),
};

Gfx mat_revert_mario_Up_Eyes__SKIN_[] = {
	gsDPPipeSync(),
	gsDPSetAlphaDither(G_AD_DISABLE),
	gsSPEndDisplayList(),
};

Gfx mat_mario_Down_Eyes__SKIN_[] = {
	gsSPLightColor(LIGHT_1, 0xFEC179FF),
	gsSPLightColor(LIGHT_2, 0x7F5F39FF),
	gsDPPipeSync(),
	gsDPSetCombineLERP(TEXEL0, SHADE, TEXEL0_ALPHA, SHADE, 0, 0, 0, ENVIRONMENT, TEXEL0, SHADE, TEXEL0_ALPHA, SHADE, 0, 0, 0, ENVIRONMENT),
	gsDPSetAlphaDither(G_AD_NOISE),
	gsSPTexture(65535, 65535, 0, 0, 1),
	gsDPSetTextureImage(G_IM_FMT_RGBA, G_IM_SIZ_16b_LOAD_BLOCK, 1, mario_mario_eyes_down_unused_rgba16_rgba16),
	gsDPSetTile(G_IM_FMT_RGBA, G_IM_SIZ_16b_LOAD_BLOCK, 0, 0, 7, 0, G_TX_WRAP | G_TX_NOMIRROR, 0, 0, G_TX_WRAP | G_TX_NOMIRROR, 0, 0),
	gsDPLoadBlock(7, 0, 0, 1023, 256),
	gsDPSetTile(G_IM_FMT_RGBA, G_IM_SIZ_16b, 8, 0, 0, 0, G_TX_CLAMP | G_TX_NOMIRROR, 5, 0, G_TX_CLAMP | G_TX_NOMIRROR, 5, 0),
	gsDPSetTileSize(0, 0, 0, 124, 124),
	gsSPEndDisplayList(),
};

Gfx mat_revert_mario_Down_Eyes__SKIN_[] = {
	gsDPPipeSync(),
	gsDPSetAlphaDither(G_AD_DISABLE),
	gsSPEndDisplayList(),
};

Gfx mat_mario_Dead_Eyes__SKIN_[] = {
	gsSPLightColor(LIGHT_1, 0xFEC179FF),
	gsSPLightColor(LIGHT_2, 0x7F5F39FF),
	gsDPPipeSync(),
	gsDPSetCombineLERP(TEXEL0, SHADE, TEXEL0_ALPHA, SHADE, 0, 0, 0, ENVIRONMENT, TEXEL0, SHADE, TEXEL0_ALPHA, SHADE, 0, 0, 0, ENVIRONMENT),
	gsDPSetAlphaDither(G_AD_NOISE),
	gsSPTexture(65535, 65535, 0, 0, 1),
	gsDPSetTextureImage(G_IM_FMT_RGBA, G_IM_SIZ_16b_LOAD_BLOCK, 1, mario_mario_eyes_dead_rgba16_rgba16),
	gsDPSetTile(G_IM_FMT_RGBA, G_IM_SIZ_16b_LOAD_BLOCK, 0, 0, 7, 0, G_TX_WRAP | G_TX_NOMIRROR, 0, 0, G_TX_WRAP | G_TX_NOMIRROR, 0, 0),
	gsDPLoadBlock(7, 0, 0, 1023, 256),
	gsDPSetTile(G_IM_FMT_RGBA, G_IM_SIZ_16b, 8, 0, 0, 0, G_TX_CLAMP | G_TX_NOMIRROR, 5, 0, G_TX_CLAMP | G_TX_NOMIRROR, 5, 0),
	gsDPSetTileSize(0, 0, 0, 124, 124),
	gsSPEndDisplayList(),
};

Gfx mat_revert_mario_Dead_Eyes__SKIN_[] = {
	gsDPPipeSync(),
	gsDPSetAlphaDither(G_AD_DISABLE),
	gsSPEndDisplayList(),
};

Gfx mat_revert_mario_Pants__PANTS__layer5[] = {
	gsDPPipeSync(),
	gsDPSetAlphaDither(G_AD_DISABLE),
	gsDPSetRenderMode(G_RM_AA_ZB_XLU_SURF, G_RM_AA_ZB_XLU_SURF2),
	gsSPEndDisplayList(),
};

Gfx mat_revert_mario_Shirt__SHIRT__layer5[] = {
	gsDPPipeSync(),
	gsDPSetAlphaDither(G_AD_DISABLE),
	gsDPSetRenderMode(G_RM_AA_ZB_XLU_SURF, G_RM_AA_ZB_XLU_SURF2),
	gsSPEndDisplayList(),
};

Gfx mat_revert_mario_Cap__CAP__layer5[] = {
	gsDPPipeSync(),
	gsDPSetAlphaDither(G_AD_DISABLE),
	gsDPSetRenderMode(G_RM_AA_ZB_XLU_SURF, G_RM_AA_ZB_XLU_SURF2),
	gsSPEndDisplayList(),
};

Gfx mat_revert_mario_Wing_Base_layer5[] = {
	gsSPSetGeometryMode(G_CULL_BACK),
	gsDPPipeSync(),
	gsDPSetAlphaDither(G_AD_DISABLE),
	gsDPSetRenderMode(G_RM_AA_ZB_XLU_SURF, G_RM_AA_ZB_XLU_SURF2),
	gsSPEndDisplayList(),
};

Gfx mat_revert_mario_Wing_Tip_layer5[] = {
	gsSPSetGeometryMode(G_CULL_BACK),
	gsDPPipeSync(),
	gsDPSetAlphaDither(G_AD_DISABLE),
	gsDPSetRenderMode(G_RM_AA_ZB_XLU_SURF, G_RM_AA_ZB_XLU_SURF2),
	gsSPEndDisplayList(),
};

Gfx mat_revert_mario_Gloves__GLOVES__layer5[] = {
	gsDPPipeSync(),
	gsDPSetAlphaDither(G_AD_DISABLE),
	gsDPSetRenderMode(G_RM_AA_ZB_XLU_SURF, G_RM_AA_ZB_XLU_SURF2),
	gsSPEndDisplayList(),
};

Gfx mat_revert_mario_Shoes__SHOES__layer5[] = {
	gsDPPipeSync(),
	gsDPSetAlphaDither(G_AD_DISABLE),
	gsDPSetRenderMode(G_RM_AA_ZB_XLU_SURF, G_RM_AA_ZB_XLU_SURF2),
	gsSPEndDisplayList(),
};

Gfx mat_revert_mario_Metal_Wing_Base__METAL__layer5[] = {
	gsSPSetGeometryMode(G_CULL_BACK),
	gsDPPipeSync(),
	gsDPSetAlphaDither(G_AD_DISABLE),
	gsDPSetRenderMode(G_RM_AA_ZB_XLU_SURF, G_RM_AA_ZB_XLU_SURF2),
	gsSPEndDisplayList(),
};

Gfx mat_revert_mario_Metal_Wing_Tip__METAL__layer5[] = {
	gsSPSetGeometryMode(G_CULL_BACK),
	gsDPPipeSync(),
	gsDPSetAlphaDither(G_AD_DISABLE),
	gsDPSetRenderMode(G_RM_AA_ZB_XLU_SURF, G_RM_AA_ZB_XLU_SURF2),
	gsSPEndDisplayList(),
};

Gfx mario_Butt_mesh_layer_1[] = {
	gsSPDisplayList(mat_mario_Pants__PANTS__layer1),
	gsSPDisplayList(mario_Butt_mesh_layer_1_tri_0),
	gsSPDisplayList(mat_revert_mario_Pants__PANTS__layer1),
	gsSPEndDisplayList(),
};

Gfx mario_Butt_mesh_layer_1_opt_1[] = {
	gsSPDisplayList(mat_mario_Pants__PANTS__layer1),
	gsSPDisplayList(mario_Butt_mesh_layer_1_tri_0),
	gsSPDisplayList(mat_revert_mario_Pants__PANTS__layer5),
	gsSPEndDisplayList(),
};

Gfx mario_Torso_mesh_layer_1[] = {
	gsSPDisplayList(mat_mario_Buttons__PANTS_),
	gsSPDisplayList(mario_Torso_mesh_layer_1_tri_0),
	gsSPDisplayList(mat_revert_mario_Buttons__PANTS_),
	gsSPDisplayList(mat_mario_Shirt__SHIRT__layer1),
	gsSPDisplayList(mario_Torso_mesh_layer_1_tri_1),
	gsSPDisplayList(mat_revert_mario_Shirt__SHIRT__layer1),
	gsSPDisplayList(mat_mario_Pants__PANTS__layer1),
	gsSPDisplayList(mario_Torso_mesh_layer_1_tri_2),
	gsSPDisplayList(mat_revert_mario_Pants__PANTS__layer1),
	gsSPEndDisplayList(),
};

Gfx mario_Torso_mesh_layer_1_opt_1[] = {
	gsSPDisplayList(mat_mario_Buttons__PANTS_),
	gsSPDisplayList(mario_Torso_mesh_layer_1_tri_0),
	gsSPDisplayList(mat_revert_mario_Buttons__PANTS_),
	gsSPDisplayList(mat_mario_Shirt__SHIRT__layer1),
	gsSPDisplayList(mario_Torso_mesh_layer_1_tri_1),
	gsSPDisplayList(mat_revert_mario_Shirt__SHIRT__layer5),
	gsSPDisplayList(mat_mario_Pants__PANTS__layer1),
	gsSPDisplayList(mario_Torso_mesh_layer_1_tri_2),
	gsSPDisplayList(mat_revert_mario_Pants__PANTS__layer5),
	gsSPEndDisplayList(),
};

Gfx mario_Head_DL_mesh_layer_1[] = {
	gsSPDisplayList(mat_mario_Cap__CAP__layer1),
	gsSPDisplayList(mario_Head_DL_mesh_layer_1_tri_0),
	gsSPDisplayList(mat_revert_mario_Cap__CAP__layer1),
	gsSPDisplayList(mat_mario_Skin__SKIN_),
	gsSPDisplayList(mario_Head_DL_mesh_layer_1_tri_1),
	gsSPDisplayList(mat_revert_mario_Skin__SKIN_),
	gsSPDisplayList(mat_mario_Hair__HAIR_),
	gsSPDisplayList(mario_Head_DL_mesh_layer_1_tri_2),
	gsSPDisplayList(mat_revert_mario_Hair__HAIR_),
	gsSPDisplayList(mat_mario_Logo__EMBLEM_),
	gsSPDisplayList(mario_Head_DL_mesh_layer_1_tri_3),
	gsSPDisplayList(mat_revert_mario_Logo__EMBLEM_),
	gsSPDisplayList(mat_mario_Open_Eyes__SKIN_),
	gsSPDisplayList(mario_Head_DL_mesh_layer_1_tri_4),
	gsSPDisplayList(mat_revert_mario_Open_Eyes__SKIN_),
	gsSPDisplayList(mat_mario_Sideburns__HAIR_),
	gsSPDisplayList(mario_Head_DL_mesh_layer_1_tri_5),
	gsSPDisplayList(mat_revert_mario_Sideburns__HAIR_),
	gsSPDisplayList(mat_mario_Mustache_Vanilla__SKIN_),
	gsSPDisplayList(mario_Head_DL_mesh_layer_1_tri_6),
	gsSPDisplayList(mat_revert_mario_Mustache_Vanilla__SKIN_),
	gsSPEndDisplayList(),
};

Gfx mario_Head_DL_mesh_layer_1_opt_1[] = {
	gsSPDisplayList(mat_mario_Cap__CAP__layer1),
	gsSPDisplayList(mario_Head_DL_mesh_layer_1_tri_0),
	gsSPDisplayList(mat_revert_mario_Cap__CAP__layer1),
	gsSPDisplayList(mat_mario_Skin__SKIN_),
	gsSPDisplayList(mario_Head_DL_mesh_layer_1_tri_1),
	gsSPDisplayList(mat_revert_mario_Skin__SKIN_),
	gsSPDisplayList(mat_mario_Hair__HAIR_),
	gsSPDisplayList(mario_Head_DL_mesh_layer_1_tri_2),
	gsSPDisplayList(mat_revert_mario_Hair__HAIR_),
	gsSPDisplayList(mat_mario_Logo__EMBLEM_),
	gsSPDisplayList(mario_Head_DL_mesh_layer_1_tri_3),
	gsSPDisplayList(mat_revert_mario_Logo__EMBLEM_),
	gsSPDisplayList(mat_mario_Half_Closed_Eyes__SKIN_),
	gsSPDisplayList(mario_Head_DL_mesh_layer_1_tri_4),
	gsSPDisplayList(mat_revert_mario_Half_Closed_Eyes__SKIN_),
	gsSPDisplayList(mat_mario_Sideburns__HAIR_),
	gsSPDisplayList(mario_Head_DL_mesh_layer_1_tri_5),
	gsSPDisplayList(mat_revert_mario_Sideburns__HAIR_),
	gsSPDisplayList(mat_mario_Mustache_Vanilla__SKIN_),
	gsSPDisplayList(mario_Head_DL_mesh_layer_1_tri_6),
	gsSPDisplayList(mat_revert_mario_Mustache_Vanilla__SKIN_),
	gsSPEndDisplayList(),
};

Gfx mario_Head_DL_mesh_layer_1_opt_2[] = {
	gsSPDisplayList(mat_mario_Cap__CAP__layer1),
	gsSPDisplayList(mario_Head_DL_mesh_layer_1_tri_0),
	gsSPDisplayList(mat_revert_mario_Cap__CAP__layer1),
	gsSPDisplayList(mat_mario_Skin__SKIN_),
	gsSPDisplayList(mario_Head_DL_mesh_layer_1_tri_1),
	gsSPDisplayList(mat_revert_mario_Skin__SKIN_),
	gsSPDisplayList(mat_mario_Hair__HAIR_),
	gsSPDisplayList(mario_Head_DL_mesh_layer_1_tri_2),
	gsSPDisplayList(mat_revert_mario_Hair__HAIR_),
	gsSPDisplayList(mat_mario_Logo__EMBLEM_),
	gsSPDisplayList(mario_Head_DL_mesh_layer_1_tri_3),
	gsSPDisplayList(mat_revert_mario_Logo__EMBLEM_),
	gsSPDisplayList(mat_mario_Closed_Eyes__SKIN_),
	gsSPDisplayList(mario_Head_DL_mesh_layer_1_tri_4),
	gsSPDisplayList(mat_revert_mario_Closed_Eyes__SKIN_),
	gsSPDisplayList(mat_mario_Sideburns__HAIR_),
	gsSPDisplayList(mario_Head_DL_mesh_layer_1_tri_5),
	gsSPDisplayList(mat_revert_mario_Sideburns__HAIR_),
	gsSPDisplayList(mat_mario_Mustache_Vanilla__SKIN_),
	gsSPDisplayList(mario_Head_DL_mesh_layer_1_tri_6),
	gsSPDisplayList(mat_revert_mario_Mustache_Vanilla__SKIN_),
	gsSPEndDisplayList(),
};

Gfx mario_Head_DL_mesh_layer_1_opt_3[] = {
	gsSPDisplayList(mat_mario_Cap__CAP__layer1),
	gsSPDisplayList(mario_Head_DL_mesh_layer_1_tri_0),
	gsSPDisplayList(mat_revert_mario_Cap__CAP__layer1),
	gsSPDisplayList(mat_mario_Skin__SKIN_),
	gsSPDisplayList(mario_Head_DL_mesh_layer_1_tri_1),
	gsSPDisplayList(mat_revert_mario_Skin__SKIN_),
	gsSPDisplayList(mat_mario_Hair__HAIR_),
	gsSPDisplayList(mario_Head_DL_mesh_layer_1_tri_2),
	gsSPDisplayList(mat_revert_mario_Hair__HAIR_),
	gsSPDisplayList(mat_mario_Logo__EMBLEM_),
	gsSPDisplayList(mario_Head_DL_mesh_layer_1_tri_3),
	gsSPDisplayList(mat_revert_mario_Logo__EMBLEM_),
	gsSPDisplayList(mat_mario_Left_Eyes__SKIN_),
	gsSPDisplayList(mario_Head_DL_mesh_layer_1_tri_4),
	gsSPDisplayList(mat_revert_mario_Left_Eyes__SKIN_),
	gsSPDisplayList(mat_mario_Sideburns__HAIR_),
	gsSPDisplayList(mario_Head_DL_mesh_layer_1_tri_5),
	gsSPDisplayList(mat_revert_mario_Sideburns__HAIR_),
	gsSPDisplayList(mat_mario_Mustache_Vanilla__SKIN_),
	gsSPDisplayList(mario_Head_DL_mesh_layer_1_tri_6),
	gsSPDisplayList(mat_revert_mario_Mustache_Vanilla__SKIN_),
	gsSPEndDisplayList(),
};

Gfx mario_Head_DL_mesh_layer_1_opt_4[] = {
	gsSPDisplayList(mat_mario_Cap__CAP__layer1),
	gsSPDisplayList(mario_Head_DL_mesh_layer_1_tri_0),
	gsSPDisplayList(mat_revert_mario_Cap__CAP__layer1),
	gsSPDisplayList(mat_mario_Skin__SKIN_),
	gsSPDisplayList(mario_Head_DL_mesh_layer_1_tri_1),
	gsSPDisplayList(mat_revert_mario_Skin__SKIN_),
	gsSPDisplayList(mat_mario_Hair__HAIR_),
	gsSPDisplayList(mario_Head_DL_mesh_layer_1_tri_2),
	gsSPDisplayList(mat_revert_mario_Hair__HAIR_),
	gsSPDisplayList(mat_mario_Logo__EMBLEM_),
	gsSPDisplayList(mario_Head_DL_mesh_layer_1_tri_3),
	gsSPDisplayList(mat_revert_mario_Logo__EMBLEM_),
	gsSPDisplayList(mat_mario_Right_Eyes__SKIN_),
	gsSPDisplayList(mario_Head_DL_mesh_layer_1_tri_4),
	gsSPDisplayList(mat_revert_mario_Right_Eyes__SKIN_),
	gsSPDisplayList(mat_mario_Sideburns__HAIR_),
	gsSPDisplayList(mario_Head_DL_mesh_layer_1_tri_5),
	gsSPDisplayList(mat_revert_mario_Sideburns__HAIR_),
	gsSPDisplayList(mat_mario_Mustache_Vanilla__SKIN_),
	gsSPDisplayList(mario_Head_DL_mesh_layer_1_tri_6),
	gsSPDisplayList(mat_revert_mario_Mustache_Vanilla__SKIN_),
	gsSPEndDisplayList(),
};

Gfx mario_Head_DL_mesh_layer_1_opt_5[] = {
	gsSPDisplayList(mat_mario_Cap__CAP__layer1),
	gsSPDisplayList(mario_Head_DL_mesh_layer_1_tri_0),
	gsSPDisplayList(mat_revert_mario_Cap__CAP__layer1),
	gsSPDisplayList(mat_mario_Skin__SKIN_),
	gsSPDisplayList(mario_Head_DL_mesh_layer_1_tri_1),
	gsSPDisplayList(mat_revert_mario_Skin__SKIN_),
	gsSPDisplayList(mat_mario_Hair__HAIR_),
	gsSPDisplayList(mario_Head_DL_mesh_layer_1_tri_2),
	gsSPDisplayList(mat_revert_mario_Hair__HAIR_),
	gsSPDisplayList(mat_mario_Logo__EMBLEM_),
	gsSPDisplayList(mario_Head_DL_mesh_layer_1_tri_3),
	gsSPDisplayList(mat_revert_mario_Logo__EMBLEM_),
	gsSPDisplayList(mat_mario_Up_Eyes__SKIN_),
	gsSPDisplayList(mario_Head_DL_mesh_layer_1_tri_4),
	gsSPDisplayList(mat_revert_mario_Up_Eyes__SKIN_),
	gsSPDisplayList(mat_mario_Sideburns__HAIR_),
	gsSPDisplayList(mario_Head_DL_mesh_layer_1_tri_5),
	gsSPDisplayList(mat_revert_mario_Sideburns__HAIR_),
	gsSPDisplayList(mat_mario_Mustache_Vanilla__SKIN_),
	gsSPDisplayList(mario_Head_DL_mesh_layer_1_tri_6),
	gsSPDisplayList(mat_revert_mario_Mustache_Vanilla__SKIN_),
	gsSPEndDisplayList(),
};

Gfx mario_Head_DL_mesh_layer_1_opt_6[] = {
	gsSPDisplayList(mat_mario_Cap__CAP__layer1),
	gsSPDisplayList(mario_Head_DL_mesh_layer_1_tri_0),
	gsSPDisplayList(mat_revert_mario_Cap__CAP__layer1),
	gsSPDisplayList(mat_mario_Skin__SKIN_),
	gsSPDisplayList(mario_Head_DL_mesh_layer_1_tri_1),
	gsSPDisplayList(mat_revert_mario_Skin__SKIN_),
	gsSPDisplayList(mat_mario_Hair__HAIR_),
	gsSPDisplayList(mario_Head_DL_mesh_layer_1_tri_2),
	gsSPDisplayList(mat_revert_mario_Hair__HAIR_),
	gsSPDisplayList(mat_mario_Logo__EMBLEM_),
	gsSPDisplayList(mario_Head_DL_mesh_layer_1_tri_3),
	gsSPDisplayList(mat_revert_mario_Logo__EMBLEM_),
	gsSPDisplayList(mat_mario_Down_Eyes__SKIN_),
	gsSPDisplayList(mario_Head_DL_mesh_layer_1_tri_4),
	gsSPDisplayList(mat_revert_mario_Down_Eyes__SKIN_),
	gsSPDisplayList(mat_mario_Sideburns__HAIR_),
	gsSPDisplayList(mario_Head_DL_mesh_layer_1_tri_5),
	gsSPDisplayList(mat_revert_mario_Sideburns__HAIR_),
	gsSPDisplayList(mat_mario_Mustache_Vanilla__SKIN_),
	gsSPDisplayList(mario_Head_DL_mesh_layer_1_tri_6),
	gsSPDisplayList(mat_revert_mario_Mustache_Vanilla__SKIN_),
	gsSPEndDisplayList(),
};

Gfx mario_Head_DL_mesh_layer_1_opt_7[] = {
	gsSPDisplayList(mat_mario_Cap__CAP__layer1),
	gsSPDisplayList(mario_Head_DL_mesh_layer_1_tri_0),
	gsSPDisplayList(mat_revert_mario_Cap__CAP__layer1),
	gsSPDisplayList(mat_mario_Skin__SKIN_),
	gsSPDisplayList(mario_Head_DL_mesh_layer_1_tri_1),
	gsSPDisplayList(mat_revert_mario_Skin__SKIN_),
	gsSPDisplayList(mat_mario_Hair__HAIR_),
	gsSPDisplayList(mario_Head_DL_mesh_layer_1_tri_2),
	gsSPDisplayList(mat_revert_mario_Hair__HAIR_),
	gsSPDisplayList(mat_mario_Logo__EMBLEM_),
	gsSPDisplayList(mario_Head_DL_mesh_layer_1_tri_3),
	gsSPDisplayList(mat_revert_mario_Logo__EMBLEM_),
	gsSPDisplayList(mat_mario_Dead_Eyes__SKIN_),
	gsSPDisplayList(mario_Head_DL_mesh_layer_1_tri_4),
	gsSPDisplayList(mat_revert_mario_Dead_Eyes__SKIN_),
	gsSPDisplayList(mat_mario_Sideburns__HAIR_),
	gsSPDisplayList(mario_Head_DL_mesh_layer_1_tri_5),
	gsSPDisplayList(mat_revert_mario_Sideburns__HAIR_),
	gsSPDisplayList(mat_mario_Mustache_Vanilla__SKIN_),
	gsSPDisplayList(mario_Head_DL_mesh_layer_1_tri_6),
	gsSPDisplayList(mat_revert_mario_Mustache_Vanilla__SKIN_),
	gsSPEndDisplayList(),
};

Gfx mario_Head_DL_mesh_layer_1_opt_1_0[] = {
	gsSPDisplayList(mat_mario_Cap__CAP__layer1),
	gsSPDisplayList(mario_Head_DL_mesh_layer_1_tri_0),
	gsSPDisplayList(mat_revert_mario_Cap__CAP__layer5),
	gsSPDisplayList(mat_mario_Skin__SKIN_),
	gsSPDisplayList(mario_Head_DL_mesh_layer_1_tri_1),
	gsSPDisplayList(mat_revert_mario_Skin__SKIN_),
	gsSPDisplayList(mat_mario_Hair__HAIR_),
	gsSPDisplayList(mario_Head_DL_mesh_layer_1_tri_2),
	gsSPDisplayList(mat_revert_mario_Hair__HAIR_),
	gsSPDisplayList(mat_mario_Logo__EMBLEM_),
	gsSPDisplayList(mario_Head_DL_mesh_layer_1_tri_3),
	gsSPDisplayList(mat_revert_mario_Logo__EMBLEM_),
	gsSPDisplayList(mat_mario_Open_Eyes__SKIN_),
	gsSPDisplayList(mario_Head_DL_mesh_layer_1_tri_4),
	gsSPDisplayList(mat_revert_mario_Open_Eyes__SKIN_),
	gsSPDisplayList(mat_mario_Sideburns__HAIR_),
	gsSPDisplayList(mario_Head_DL_mesh_layer_1_tri_5),
	gsSPDisplayList(mat_revert_mario_Sideburns__HAIR_),
	gsSPDisplayList(mat_mario_Mustache_Vanilla__SKIN_),
	gsSPDisplayList(mario_Head_DL_mesh_layer_1_tri_6),
	gsSPDisplayList(mat_revert_mario_Mustache_Vanilla__SKIN_),
	gsSPEndDisplayList(),
};

Gfx mario_Head_DL_mesh_layer_1_opt_1_opt_1[] = {
	gsSPDisplayList(mat_mario_Cap__CAP__layer1),
	gsSPDisplayList(mario_Head_DL_mesh_layer_1_tri_0),
	gsSPDisplayList(mat_revert_mario_Cap__CAP__layer5),
	gsSPDisplayList(mat_mario_Skin__SKIN_),
	gsSPDisplayList(mario_Head_DL_mesh_layer_1_tri_1),
	gsSPDisplayList(mat_revert_mario_Skin__SKIN_),
	gsSPDisplayList(mat_mario_Hair__HAIR_),
	gsSPDisplayList(mario_Head_DL_mesh_layer_1_tri_2),
	gsSPDisplayList(mat_revert_mario_Hair__HAIR_),
	gsSPDisplayList(mat_mario_Logo__EMBLEM_),
	gsSPDisplayList(mario_Head_DL_mesh_layer_1_tri_3),
	gsSPDisplayList(mat_revert_mario_Logo__EMBLEM_),
	gsSPDisplayList(mat_mario_Half_Closed_Eyes__SKIN_),
	gsSPDisplayList(mario_Head_DL_mesh_layer_1_tri_4),
	gsSPDisplayList(mat_revert_mario_Half_Closed_Eyes__SKIN_),
	gsSPDisplayList(mat_mario_Sideburns__HAIR_),
	gsSPDisplayList(mario_Head_DL_mesh_layer_1_tri_5),
	gsSPDisplayList(mat_revert_mario_Sideburns__HAIR_),
	gsSPDisplayList(mat_mario_Mustache_Vanilla__SKIN_),
	gsSPDisplayList(mario_Head_DL_mesh_layer_1_tri_6),
	gsSPDisplayList(mat_revert_mario_Mustache_Vanilla__SKIN_),
	gsSPEndDisplayList(),
};

Gfx mario_Head_DL_mesh_layer_1_opt_1_opt_2[] = {
	gsSPDisplayList(mat_mario_Cap__CAP__layer1),
	gsSPDisplayList(mario_Head_DL_mesh_layer_1_tri_0),
	gsSPDisplayList(mat_revert_mario_Cap__CAP__layer5),
	gsSPDisplayList(mat_mario_Skin__SKIN_),
	gsSPDisplayList(mario_Head_DL_mesh_layer_1_tri_1),
	gsSPDisplayList(mat_revert_mario_Skin__SKIN_),
	gsSPDisplayList(mat_mario_Hair__HAIR_),
	gsSPDisplayList(mario_Head_DL_mesh_layer_1_tri_2),
	gsSPDisplayList(mat_revert_mario_Hair__HAIR_),
	gsSPDisplayList(mat_mario_Logo__EMBLEM_),
	gsSPDisplayList(mario_Head_DL_mesh_layer_1_tri_3),
	gsSPDisplayList(mat_revert_mario_Logo__EMBLEM_),
	gsSPDisplayList(mat_mario_Closed_Eyes__SKIN_),
	gsSPDisplayList(mario_Head_DL_mesh_layer_1_tri_4),
	gsSPDisplayList(mat_revert_mario_Closed_Eyes__SKIN_),
	gsSPDisplayList(mat_mario_Sideburns__HAIR_),
	gsSPDisplayList(mario_Head_DL_mesh_layer_1_tri_5),
	gsSPDisplayList(mat_revert_mario_Sideburns__HAIR_),
	gsSPDisplayList(mat_mario_Mustache_Vanilla__SKIN_),
	gsSPDisplayList(mario_Head_DL_mesh_layer_1_tri_6),
	gsSPDisplayList(mat_revert_mario_Mustache_Vanilla__SKIN_),
	gsSPEndDisplayList(),
};

Gfx mario_Head_DL_mesh_layer_1_opt_1_opt_3[] = {
	gsSPDisplayList(mat_mario_Cap__CAP__layer1),
	gsSPDisplayList(mario_Head_DL_mesh_layer_1_tri_0),
	gsSPDisplayList(mat_revert_mario_Cap__CAP__layer5),
	gsSPDisplayList(mat_mario_Skin__SKIN_),
	gsSPDisplayList(mario_Head_DL_mesh_layer_1_tri_1),
	gsSPDisplayList(mat_revert_mario_Skin__SKIN_),
	gsSPDisplayList(mat_mario_Hair__HAIR_),
	gsSPDisplayList(mario_Head_DL_mesh_layer_1_tri_2),
	gsSPDisplayList(mat_revert_mario_Hair__HAIR_),
	gsSPDisplayList(mat_mario_Logo__EMBLEM_),
	gsSPDisplayList(mario_Head_DL_mesh_layer_1_tri_3),
	gsSPDisplayList(mat_revert_mario_Logo__EMBLEM_),
	gsSPDisplayList(mat_mario_Left_Eyes__SKIN_),
	gsSPDisplayList(mario_Head_DL_mesh_layer_1_tri_4),
	gsSPDisplayList(mat_revert_mario_Left_Eyes__SKIN_),
	gsSPDisplayList(mat_mario_Sideburns__HAIR_),
	gsSPDisplayList(mario_Head_DL_mesh_layer_1_tri_5),
	gsSPDisplayList(mat_revert_mario_Sideburns__HAIR_),
	gsSPDisplayList(mat_mario_Mustache_Vanilla__SKIN_),
	gsSPDisplayList(mario_Head_DL_mesh_layer_1_tri_6),
	gsSPDisplayList(mat_revert_mario_Mustache_Vanilla__SKIN_),
	gsSPEndDisplayList(),
};

Gfx mario_Head_DL_mesh_layer_1_opt_1_opt_4[] = {
	gsSPDisplayList(mat_mario_Cap__CAP__layer1),
	gsSPDisplayList(mario_Head_DL_mesh_layer_1_tri_0),
	gsSPDisplayList(mat_revert_mario_Cap__CAP__layer5),
	gsSPDisplayList(mat_mario_Skin__SKIN_),
	gsSPDisplayList(mario_Head_DL_mesh_layer_1_tri_1),
	gsSPDisplayList(mat_revert_mario_Skin__SKIN_),
	gsSPDisplayList(mat_mario_Hair__HAIR_),
	gsSPDisplayList(mario_Head_DL_mesh_layer_1_tri_2),
	gsSPDisplayList(mat_revert_mario_Hair__HAIR_),
	gsSPDisplayList(mat_mario_Logo__EMBLEM_),
	gsSPDisplayList(mario_Head_DL_mesh_layer_1_tri_3),
	gsSPDisplayList(mat_revert_mario_Logo__EMBLEM_),
	gsSPDisplayList(mat_mario_Right_Eyes__SKIN_),
	gsSPDisplayList(mario_Head_DL_mesh_layer_1_tri_4),
	gsSPDisplayList(mat_revert_mario_Right_Eyes__SKIN_),
	gsSPDisplayList(mat_mario_Sideburns__HAIR_),
	gsSPDisplayList(mario_Head_DL_mesh_layer_1_tri_5),
	gsSPDisplayList(mat_revert_mario_Sideburns__HAIR_),
	gsSPDisplayList(mat_mario_Mustache_Vanilla__SKIN_),
	gsSPDisplayList(mario_Head_DL_mesh_layer_1_tri_6),
	gsSPDisplayList(mat_revert_mario_Mustache_Vanilla__SKIN_),
	gsSPEndDisplayList(),
};

Gfx mario_Head_DL_mesh_layer_1_opt_1_opt_5[] = {
	gsSPDisplayList(mat_mario_Cap__CAP__layer1),
	gsSPDisplayList(mario_Head_DL_mesh_layer_1_tri_0),
	gsSPDisplayList(mat_revert_mario_Cap__CAP__layer5),
	gsSPDisplayList(mat_mario_Skin__SKIN_),
	gsSPDisplayList(mario_Head_DL_mesh_layer_1_tri_1),
	gsSPDisplayList(mat_revert_mario_Skin__SKIN_),
	gsSPDisplayList(mat_mario_Hair__HAIR_),
	gsSPDisplayList(mario_Head_DL_mesh_layer_1_tri_2),
	gsSPDisplayList(mat_revert_mario_Hair__HAIR_),
	gsSPDisplayList(mat_mario_Logo__EMBLEM_),
	gsSPDisplayList(mario_Head_DL_mesh_layer_1_tri_3),
	gsSPDisplayList(mat_revert_mario_Logo__EMBLEM_),
	gsSPDisplayList(mat_mario_Up_Eyes__SKIN_),
	gsSPDisplayList(mario_Head_DL_mesh_layer_1_tri_4),
	gsSPDisplayList(mat_revert_mario_Up_Eyes__SKIN_),
	gsSPDisplayList(mat_mario_Sideburns__HAIR_),
	gsSPDisplayList(mario_Head_DL_mesh_layer_1_tri_5),
	gsSPDisplayList(mat_revert_mario_Sideburns__HAIR_),
	gsSPDisplayList(mat_mario_Mustache_Vanilla__SKIN_),
	gsSPDisplayList(mario_Head_DL_mesh_layer_1_tri_6),
	gsSPDisplayList(mat_revert_mario_Mustache_Vanilla__SKIN_),
	gsSPEndDisplayList(),
};

Gfx mario_Head_DL_mesh_layer_1_opt_1_opt_6[] = {
	gsSPDisplayList(mat_mario_Cap__CAP__layer1),
	gsSPDisplayList(mario_Head_DL_mesh_layer_1_tri_0),
	gsSPDisplayList(mat_revert_mario_Cap__CAP__layer5),
	gsSPDisplayList(mat_mario_Skin__SKIN_),
	gsSPDisplayList(mario_Head_DL_mesh_layer_1_tri_1),
	gsSPDisplayList(mat_revert_mario_Skin__SKIN_),
	gsSPDisplayList(mat_mario_Hair__HAIR_),
	gsSPDisplayList(mario_Head_DL_mesh_layer_1_tri_2),
	gsSPDisplayList(mat_revert_mario_Hair__HAIR_),
	gsSPDisplayList(mat_mario_Logo__EMBLEM_),
	gsSPDisplayList(mario_Head_DL_mesh_layer_1_tri_3),
	gsSPDisplayList(mat_revert_mario_Logo__EMBLEM_),
	gsSPDisplayList(mat_mario_Down_Eyes__SKIN_),
	gsSPDisplayList(mario_Head_DL_mesh_layer_1_tri_4),
	gsSPDisplayList(mat_revert_mario_Down_Eyes__SKIN_),
	gsSPDisplayList(mat_mario_Sideburns__HAIR_),
	gsSPDisplayList(mario_Head_DL_mesh_layer_1_tri_5),
	gsSPDisplayList(mat_revert_mario_Sideburns__HAIR_),
	gsSPDisplayList(mat_mario_Mustache_Vanilla__SKIN_),
	gsSPDisplayList(mario_Head_DL_mesh_layer_1_tri_6),
	gsSPDisplayList(mat_revert_mario_Mustache_Vanilla__SKIN_),
	gsSPEndDisplayList(),
};

Gfx mario_Head_DL_mesh_layer_1_opt_1_opt_7[] = {
	gsSPDisplayList(mat_mario_Cap__CAP__layer1),
	gsSPDisplayList(mario_Head_DL_mesh_layer_1_tri_0),
	gsSPDisplayList(mat_revert_mario_Cap__CAP__layer5),
	gsSPDisplayList(mat_mario_Skin__SKIN_),
	gsSPDisplayList(mario_Head_DL_mesh_layer_1_tri_1),
	gsSPDisplayList(mat_revert_mario_Skin__SKIN_),
	gsSPDisplayList(mat_mario_Hair__HAIR_),
	gsSPDisplayList(mario_Head_DL_mesh_layer_1_tri_2),
	gsSPDisplayList(mat_revert_mario_Hair__HAIR_),
	gsSPDisplayList(mat_mario_Logo__EMBLEM_),
	gsSPDisplayList(mario_Head_DL_mesh_layer_1_tri_3),
	gsSPDisplayList(mat_revert_mario_Logo__EMBLEM_),
	gsSPDisplayList(mat_mario_Dead_Eyes__SKIN_),
	gsSPDisplayList(mario_Head_DL_mesh_layer_1_tri_4),
	gsSPDisplayList(mat_revert_mario_Dead_Eyes__SKIN_),
	gsSPDisplayList(mat_mario_Sideburns__HAIR_),
	gsSPDisplayList(mario_Head_DL_mesh_layer_1_tri_5),
	gsSPDisplayList(mat_revert_mario_Sideburns__HAIR_),
	gsSPDisplayList(mat_mario_Mustache_Vanilla__SKIN_),
	gsSPDisplayList(mario_Head_DL_mesh_layer_1_tri_6),
	gsSPDisplayList(mat_revert_mario_Mustache_Vanilla__SKIN_),
	gsSPEndDisplayList(),
};

Gfx mario_Capless_Head_Switch_Option_Capless_Head_mesh_layer_1[] = {
	gsSPDisplayList(mat_mario_Skin__SKIN_),
	gsSPDisplayList(mario_Capless_Head_Switch_Option_Capless_Head_mesh_layer_1_tri_0),
	gsSPDisplayList(mat_revert_mario_Skin__SKIN_),
	gsSPDisplayList(mat_mario_Open_Eyes__SKIN_),
	gsSPDisplayList(mario_Capless_Head_Switch_Option_Capless_Head_mesh_layer_1_tri_1),
	gsSPDisplayList(mat_revert_mario_Open_Eyes__SKIN_),
	gsSPDisplayList(mat_mario_Sideburns__HAIR_),
	gsSPDisplayList(mario_Capless_Head_Switch_Option_Capless_Head_mesh_layer_1_tri_2),
	gsSPDisplayList(mat_revert_mario_Sideburns__HAIR_),
	gsSPDisplayList(mat_mario_Hair__HAIR_),
	gsSPDisplayList(mario_Capless_Head_Switch_Option_Capless_Head_mesh_layer_1_tri_3),
	gsSPDisplayList(mat_revert_mario_Hair__HAIR_),
	gsSPDisplayList(mat_mario_Mustache_Vanilla__SKIN_),
	gsSPDisplayList(mario_Capless_Head_Switch_Option_Capless_Head_mesh_layer_1_tri_4),
	gsSPDisplayList(mat_revert_mario_Mustache_Vanilla__SKIN_),
	gsSPEndDisplayList(),
};

Gfx mario_Capless_Head_Switch_Option_Capless_Head_mesh_layer_1_opt_1[] = {
	gsSPDisplayList(mat_mario_Skin__SKIN_),
	gsSPDisplayList(mario_Capless_Head_Switch_Option_Capless_Head_mesh_layer_1_tri_0),
	gsSPDisplayList(mat_revert_mario_Skin__SKIN_),
	gsSPDisplayList(mat_mario_Half_Closed_Eyes__SKIN_),
	gsSPDisplayList(mario_Capless_Head_Switch_Option_Capless_Head_mesh_layer_1_tri_1),
	gsSPDisplayList(mat_revert_mario_Half_Closed_Eyes__SKIN_),
	gsSPDisplayList(mat_mario_Sideburns__HAIR_),
	gsSPDisplayList(mario_Capless_Head_Switch_Option_Capless_Head_mesh_layer_1_tri_2),
	gsSPDisplayList(mat_revert_mario_Sideburns__HAIR_),
	gsSPDisplayList(mat_mario_Hair__HAIR_),
	gsSPDisplayList(mario_Capless_Head_Switch_Option_Capless_Head_mesh_layer_1_tri_3),
	gsSPDisplayList(mat_revert_mario_Hair__HAIR_),
	gsSPDisplayList(mat_mario_Mustache_Vanilla__SKIN_),
	gsSPDisplayList(mario_Capless_Head_Switch_Option_Capless_Head_mesh_layer_1_tri_4),
	gsSPDisplayList(mat_revert_mario_Mustache_Vanilla__SKIN_),
	gsSPEndDisplayList(),
};

Gfx mario_Capless_Head_Switch_Option_Capless_Head_mesh_layer_1_opt_2[] = {
	gsSPDisplayList(mat_mario_Skin__SKIN_),
	gsSPDisplayList(mario_Capless_Head_Switch_Option_Capless_Head_mesh_layer_1_tri_0),
	gsSPDisplayList(mat_revert_mario_Skin__SKIN_),
	gsSPDisplayList(mat_mario_Closed_Eyes__SKIN_),
	gsSPDisplayList(mario_Capless_Head_Switch_Option_Capless_Head_mesh_layer_1_tri_1),
	gsSPDisplayList(mat_revert_mario_Closed_Eyes__SKIN_),
	gsSPDisplayList(mat_mario_Sideburns__HAIR_),
	gsSPDisplayList(mario_Capless_Head_Switch_Option_Capless_Head_mesh_layer_1_tri_2),
	gsSPDisplayList(mat_revert_mario_Sideburns__HAIR_),
	gsSPDisplayList(mat_mario_Hair__HAIR_),
	gsSPDisplayList(mario_Capless_Head_Switch_Option_Capless_Head_mesh_layer_1_tri_3),
	gsSPDisplayList(mat_revert_mario_Hair__HAIR_),
	gsSPDisplayList(mat_mario_Mustache_Vanilla__SKIN_),
	gsSPDisplayList(mario_Capless_Head_Switch_Option_Capless_Head_mesh_layer_1_tri_4),
	gsSPDisplayList(mat_revert_mario_Mustache_Vanilla__SKIN_),
	gsSPEndDisplayList(),
};

Gfx mario_Capless_Head_Switch_Option_Capless_Head_mesh_layer_1_opt_3[] = {
	gsSPDisplayList(mat_mario_Skin__SKIN_),
	gsSPDisplayList(mario_Capless_Head_Switch_Option_Capless_Head_mesh_layer_1_tri_0),
	gsSPDisplayList(mat_revert_mario_Skin__SKIN_),
	gsSPDisplayList(mat_mario_Left_Eyes__SKIN_),
	gsSPDisplayList(mario_Capless_Head_Switch_Option_Capless_Head_mesh_layer_1_tri_1),
	gsSPDisplayList(mat_revert_mario_Left_Eyes__SKIN_),
	gsSPDisplayList(mat_mario_Sideburns__HAIR_),
	gsSPDisplayList(mario_Capless_Head_Switch_Option_Capless_Head_mesh_layer_1_tri_2),
	gsSPDisplayList(mat_revert_mario_Sideburns__HAIR_),
	gsSPDisplayList(mat_mario_Hair__HAIR_),
	gsSPDisplayList(mario_Capless_Head_Switch_Option_Capless_Head_mesh_layer_1_tri_3),
	gsSPDisplayList(mat_revert_mario_Hair__HAIR_),
	gsSPDisplayList(mat_mario_Mustache_Vanilla__SKIN_),
	gsSPDisplayList(mario_Capless_Head_Switch_Option_Capless_Head_mesh_layer_1_tri_4),
	gsSPDisplayList(mat_revert_mario_Mustache_Vanilla__SKIN_),
	gsSPEndDisplayList(),
};

Gfx mario_Capless_Head_Switch_Option_Capless_Head_mesh_layer_1_opt_4[] = {
	gsSPDisplayList(mat_mario_Skin__SKIN_),
	gsSPDisplayList(mario_Capless_Head_Switch_Option_Capless_Head_mesh_layer_1_tri_0),
	gsSPDisplayList(mat_revert_mario_Skin__SKIN_),
	gsSPDisplayList(mat_mario_Right_Eyes__SKIN_),
	gsSPDisplayList(mario_Capless_Head_Switch_Option_Capless_Head_mesh_layer_1_tri_1),
	gsSPDisplayList(mat_revert_mario_Right_Eyes__SKIN_),
	gsSPDisplayList(mat_mario_Sideburns__HAIR_),
	gsSPDisplayList(mario_Capless_Head_Switch_Option_Capless_Head_mesh_layer_1_tri_2),
	gsSPDisplayList(mat_revert_mario_Sideburns__HAIR_),
	gsSPDisplayList(mat_mario_Hair__HAIR_),
	gsSPDisplayList(mario_Capless_Head_Switch_Option_Capless_Head_mesh_layer_1_tri_3),
	gsSPDisplayList(mat_revert_mario_Hair__HAIR_),
	gsSPDisplayList(mat_mario_Mustache_Vanilla__SKIN_),
	gsSPDisplayList(mario_Capless_Head_Switch_Option_Capless_Head_mesh_layer_1_tri_4),
	gsSPDisplayList(mat_revert_mario_Mustache_Vanilla__SKIN_),
	gsSPEndDisplayList(),
};

Gfx mario_Capless_Head_Switch_Option_Capless_Head_mesh_layer_1_opt_5[] = {
	gsSPDisplayList(mat_mario_Skin__SKIN_),
	gsSPDisplayList(mario_Capless_Head_Switch_Option_Capless_Head_mesh_layer_1_tri_0),
	gsSPDisplayList(mat_revert_mario_Skin__SKIN_),
	gsSPDisplayList(mat_mario_Up_Eyes__SKIN_),
	gsSPDisplayList(mario_Capless_Head_Switch_Option_Capless_Head_mesh_layer_1_tri_1),
	gsSPDisplayList(mat_revert_mario_Up_Eyes__SKIN_),
	gsSPDisplayList(mat_mario_Sideburns__HAIR_),
	gsSPDisplayList(mario_Capless_Head_Switch_Option_Capless_Head_mesh_layer_1_tri_2),
	gsSPDisplayList(mat_revert_mario_Sideburns__HAIR_),
	gsSPDisplayList(mat_mario_Hair__HAIR_),
	gsSPDisplayList(mario_Capless_Head_Switch_Option_Capless_Head_mesh_layer_1_tri_3),
	gsSPDisplayList(mat_revert_mario_Hair__HAIR_),
	gsSPDisplayList(mat_mario_Mustache_Vanilla__SKIN_),
	gsSPDisplayList(mario_Capless_Head_Switch_Option_Capless_Head_mesh_layer_1_tri_4),
	gsSPDisplayList(mat_revert_mario_Mustache_Vanilla__SKIN_),
	gsSPEndDisplayList(),
};

Gfx mario_Capless_Head_Switch_Option_Capless_Head_mesh_layer_1_opt_6[] = {
	gsSPDisplayList(mat_mario_Skin__SKIN_),
	gsSPDisplayList(mario_Capless_Head_Switch_Option_Capless_Head_mesh_layer_1_tri_0),
	gsSPDisplayList(mat_revert_mario_Skin__SKIN_),
	gsSPDisplayList(mat_mario_Down_Eyes__SKIN_),
	gsSPDisplayList(mario_Capless_Head_Switch_Option_Capless_Head_mesh_layer_1_tri_1),
	gsSPDisplayList(mat_revert_mario_Down_Eyes__SKIN_),
	gsSPDisplayList(mat_mario_Sideburns__HAIR_),
	gsSPDisplayList(mario_Capless_Head_Switch_Option_Capless_Head_mesh_layer_1_tri_2),
	gsSPDisplayList(mat_revert_mario_Sideburns__HAIR_),
	gsSPDisplayList(mat_mario_Hair__HAIR_),
	gsSPDisplayList(mario_Capless_Head_Switch_Option_Capless_Head_mesh_layer_1_tri_3),
	gsSPDisplayList(mat_revert_mario_Hair__HAIR_),
	gsSPDisplayList(mat_mario_Mustache_Vanilla__SKIN_),
	gsSPDisplayList(mario_Capless_Head_Switch_Option_Capless_Head_mesh_layer_1_tri_4),
	gsSPDisplayList(mat_revert_mario_Mustache_Vanilla__SKIN_),
	gsSPEndDisplayList(),
};

Gfx mario_Capless_Head_Switch_Option_Capless_Head_mesh_layer_1_opt_7[] = {
	gsSPDisplayList(mat_mario_Skin__SKIN_),
	gsSPDisplayList(mario_Capless_Head_Switch_Option_Capless_Head_mesh_layer_1_tri_0),
	gsSPDisplayList(mat_revert_mario_Skin__SKIN_),
	gsSPDisplayList(mat_mario_Dead_Eyes__SKIN_),
	gsSPDisplayList(mario_Capless_Head_Switch_Option_Capless_Head_mesh_layer_1_tri_1),
	gsSPDisplayList(mat_revert_mario_Dead_Eyes__SKIN_),
	gsSPDisplayList(mat_mario_Sideburns__HAIR_),
	gsSPDisplayList(mario_Capless_Head_Switch_Option_Capless_Head_mesh_layer_1_tri_2),
	gsSPDisplayList(mat_revert_mario_Sideburns__HAIR_),
	gsSPDisplayList(mat_mario_Hair__HAIR_),
	gsSPDisplayList(mario_Capless_Head_Switch_Option_Capless_Head_mesh_layer_1_tri_3),
	gsSPDisplayList(mat_revert_mario_Hair__HAIR_),
	gsSPDisplayList(mat_mario_Mustache_Vanilla__SKIN_),
	gsSPDisplayList(mario_Capless_Head_Switch_Option_Capless_Head_mesh_layer_1_tri_4),
	gsSPDisplayList(mat_revert_mario_Mustache_Vanilla__SKIN_),
	gsSPEndDisplayList(),
};

Gfx mario_Left_Wing_DL_mesh_layer_4[] = {
	gsSPDisplayList(mat_mario_Wing_Base_layer4),
	gsSPDisplayList(mario_Left_Wing_DL_mesh_layer_4_tri_0),
	gsSPDisplayList(mat_revert_mario_Wing_Base_layer4),
	gsSPDisplayList(mat_mario_Wing_Tip_layer4),
	gsSPDisplayList(mario_Left_Wing_DL_mesh_layer_4_tri_1),
	gsSPDisplayList(mat_revert_mario_Wing_Tip_layer4),
	gsSPEndDisplayList(),
};

Gfx mario_Left_Wing_DL_mesh_layer_4_opt_1[] = {
	gsSPDisplayList(mat_mario_Wing_Base_layer4),
	gsSPDisplayList(mario_Left_Wing_DL_mesh_layer_4_tri_0),
	gsSPDisplayList(mat_revert_mario_Wing_Base_layer5),
	gsSPDisplayList(mat_mario_Wing_Tip_layer4),
	gsSPDisplayList(mario_Left_Wing_DL_mesh_layer_4_tri_1),
	gsSPDisplayList(mat_revert_mario_Wing_Tip_layer5),
	gsSPEndDisplayList(),
};

Gfx mario_Right_Wing_DL_mesh_layer_4[] = {
	gsSPDisplayList(mat_mario_Wing_Base_layer4),
	gsSPDisplayList(mario_Right_Wing_DL_mesh_layer_4_tri_0),
	gsSPDisplayList(mat_revert_mario_Wing_Base_layer4),
	gsSPDisplayList(mat_mario_Wing_Tip_layer4),
	gsSPDisplayList(mario_Right_Wing_DL_mesh_layer_4_tri_1),
	gsSPDisplayList(mat_revert_mario_Wing_Tip_layer4),
	gsSPEndDisplayList(),
};

Gfx mario_Right_Wing_DL_mesh_layer_4_opt_1[] = {
	gsSPDisplayList(mat_mario_Wing_Base_layer4),
	gsSPDisplayList(mario_Right_Wing_DL_mesh_layer_4_tri_0),
	gsSPDisplayList(mat_revert_mario_Wing_Base_layer5),
	gsSPDisplayList(mat_mario_Wing_Tip_layer4),
	gsSPDisplayList(mario_Right_Wing_DL_mesh_layer_4_tri_1),
	gsSPDisplayList(mat_revert_mario_Wing_Tip_layer5),
	gsSPEndDisplayList(),
};

Gfx mario_Left_Arm_Color_mesh_layer_1[] = {
	gsSPDisplayList(mat_mario_Shirt__SHIRT__layer1),
	gsSPDisplayList(mario_Left_Arm_Color_mesh_layer_1_tri_0),
	gsSPDisplayList(mat_revert_mario_Shirt__SHIRT__layer1),
	gsSPEndDisplayList(),
};

Gfx mario_Left_Arm_Color_mesh_layer_1_opt_1[] = {
	gsSPDisplayList(mat_mario_Shirt__SHIRT__layer1),
	gsSPDisplayList(mario_Left_Arm_Color_mesh_layer_1_tri_0),
	gsSPDisplayList(mat_revert_mario_Shirt__SHIRT__layer5),
	gsSPEndDisplayList(),
};

Gfx mario_Left_Forearm_mesh_layer_1[] = {
	gsSPDisplayList(mat_mario_Skin__SKIN_),
	gsSPDisplayList(mario_Left_Forearm_mesh_layer_1_tri_0),
	gsSPDisplayList(mat_revert_mario_Skin__SKIN_),
	gsSPEndDisplayList(),
};

Gfx mario_Left_Hand_DL_mesh_layer_1[] = {
	gsSPDisplayList(mat_mario_Gloves__GLOVES__layer1),
	gsSPDisplayList(mario_Left_Hand_DL_mesh_layer_1_tri_0),
	gsSPDisplayList(mat_revert_mario_Gloves__GLOVES__layer1),
	gsSPEndDisplayList(),
};

Gfx mario_Left_Hand_DL_mesh_layer_1_opt_1[] = {
	gsSPDisplayList(mat_mario_Gloves__GLOVES__layer1),
	gsSPDisplayList(mario_Left_Hand_DL_mesh_layer_1_tri_0),
	gsSPDisplayList(mat_revert_mario_Gloves__GLOVES__layer5),
	gsSPEndDisplayList(),
};

Gfx mario_Left_Hand_Open_Switch_Option_Left_Hand_Open_mesh_layer_1[] = {
	gsSPDisplayList(mat_mario_Gloves__GLOVES__layer1),
	gsSPDisplayList(mario_Left_Hand_Open_Switch_Option_Left_Hand_Open_mesh_layer_1_tri_0),
	gsSPDisplayList(mat_revert_mario_Gloves__GLOVES__layer1),
	gsSPEndDisplayList(),
};

Gfx mario_Left_Hand_Open_Switch_Option_Left_Hand_Open_mesh_layer_1_opt_1[] = {
	gsSPDisplayList(mat_mario_Gloves__GLOVES__layer1),
	gsSPDisplayList(mario_Left_Hand_Open_Switch_Option_Left_Hand_Open_mesh_layer_1_tri_0),
	gsSPDisplayList(mat_revert_mario_Gloves__GLOVES__layer5),
	gsSPEndDisplayList(),
};

Gfx mario_Right_Arm_Color_mesh_layer_1[] = {
	gsSPDisplayList(mat_mario_Shirt__SHIRT__layer1),
	gsSPDisplayList(mario_Right_Arm_Color_mesh_layer_1_tri_0),
	gsSPDisplayList(mat_revert_mario_Shirt__SHIRT__layer1),
	gsSPEndDisplayList(),
};

Gfx mario_Right_Arm_Color_mesh_layer_1_opt_1[] = {
	gsSPDisplayList(mat_mario_Shirt__SHIRT__layer1),
	gsSPDisplayList(mario_Right_Arm_Color_mesh_layer_1_tri_0),
	gsSPDisplayList(mat_revert_mario_Shirt__SHIRT__layer5),
	gsSPEndDisplayList(),
};

Gfx mario_Right_Forearm_mesh_layer_1[] = {
	gsSPDisplayList(mat_mario_Skin__SKIN_),
	gsSPDisplayList(mario_Right_Forearm_mesh_layer_1_tri_0),
	gsSPDisplayList(mat_revert_mario_Skin__SKIN_),
	gsSPEndDisplayList(),
};

Gfx mario_Right_Hand_DL_mesh_layer_1[] = {
	gsSPDisplayList(mat_mario_Gloves__GLOVES__layer1),
	gsSPDisplayList(mario_Right_Hand_DL_mesh_layer_1_tri_0),
	gsSPDisplayList(mat_revert_mario_Gloves__GLOVES__layer1),
	gsSPEndDisplayList(),
};

Gfx mario_Right_Hand_DL_mesh_layer_1_opt_1[] = {
	gsSPDisplayList(mat_mario_Gloves__GLOVES__layer1),
	gsSPDisplayList(mario_Right_Hand_DL_mesh_layer_1_tri_0),
	gsSPDisplayList(mat_revert_mario_Gloves__GLOVES__layer5),
	gsSPEndDisplayList(),
};

Gfx mario_Right_Hand_Open_Switch_Option_Right_Hand_Open_mesh_layer_1[] = {
	gsSPDisplayList(mat_mario_Gloves__GLOVES__layer1),
	gsSPDisplayList(mario_Right_Hand_Open_Switch_Option_Right_Hand_Open_mesh_layer_1_tri_0),
	gsSPDisplayList(mat_revert_mario_Gloves__GLOVES__layer1),
	gsSPEndDisplayList(),
};

Gfx mario_Right_Hand_Open_Switch_Option_Right_Hand_Open_mesh_layer_1_opt_1[] = {
	gsSPDisplayList(mat_mario_Gloves__GLOVES__layer1),
	gsSPDisplayList(mario_Right_Hand_Open_Switch_Option_Right_Hand_Open_mesh_layer_1_tri_0),
	gsSPDisplayList(mat_revert_mario_Gloves__GLOVES__layer5),
	gsSPEndDisplayList(),
};

Gfx mario_Right_Hand_Peace_Switch_Option_Right_Hand_Peace_mesh_layer_1[] = {
	gsSPDisplayList(mat_mario_Gloves__GLOVES__layer1),
	gsSPDisplayList(mario_Right_Hand_Peace_Switch_Option_Right_Hand_Peace_mesh_layer_1_tri_0),
	gsSPDisplayList(mat_revert_mario_Gloves__GLOVES__layer1),
	gsSPEndDisplayList(),
};

Gfx mario_Right_Hand_Peace_Switch_Option_Right_Hand_Peace_mesh_layer_1_opt_1[] = {
	gsSPDisplayList(mat_mario_Gloves__GLOVES__layer1),
	gsSPDisplayList(mario_Right_Hand_Peace_Switch_Option_Right_Hand_Peace_mesh_layer_1_tri_0),
	gsSPDisplayList(mat_revert_mario_Gloves__GLOVES__layer5),
	gsSPEndDisplayList(),
};

Gfx mario_Right_Hand_Cap_Switch_Option_Right_Hand_Cap_mesh_layer_1[] = {
	gsSPDisplayList(mat_mario_Gloves__GLOVES__layer1),
	gsSPDisplayList(mario_Right_Hand_Cap_Switch_Option_Right_Hand_Cap_mesh_layer_1_tri_0),
	gsSPDisplayList(mat_revert_mario_Gloves__GLOVES__layer1),
	gsSPDisplayList(mat_mario_Cap__CAP__layer1),
	gsSPDisplayList(mario_Right_Hand_Cap_Switch_Option_Right_Hand_Cap_mesh_layer_1_tri_1),
	gsSPDisplayList(mat_revert_mario_Cap__CAP__layer1),
	gsSPDisplayList(mat_mario_Logo__EMBLEM_),
	gsSPDisplayList(mario_Right_Hand_Cap_Switch_Option_Right_Hand_Cap_mesh_layer_1_tri_2),
	gsSPDisplayList(mat_revert_mario_Logo__EMBLEM_),
	gsSPDisplayList(mat_mario_Cap_Inside__CAP_),
	gsSPDisplayList(mario_Right_Hand_Cap_Switch_Option_Right_Hand_Cap_mesh_layer_1_tri_3),
	gsSPDisplayList(mat_revert_mario_Cap_Inside__CAP_),
	gsSPEndDisplayList(),
};

Gfx mario_Right_Hand_Cap_Switch_Option_Right_Hand_Cap_mesh_layer_1_opt_1[] = {
	gsSPDisplayList(mat_mario_Gloves__GLOVES__layer1),
	gsSPDisplayList(mario_Right_Hand_Cap_Switch_Option_Right_Hand_Cap_mesh_layer_1_tri_0),
	gsSPDisplayList(mat_revert_mario_Gloves__GLOVES__layer5),
	gsSPDisplayList(mat_mario_Cap__CAP__layer1),
	gsSPDisplayList(mario_Right_Hand_Cap_Switch_Option_Right_Hand_Cap_mesh_layer_1_tri_1),
	gsSPDisplayList(mat_revert_mario_Cap__CAP__layer5),
	gsSPDisplayList(mat_mario_Logo__EMBLEM_),
	gsSPDisplayList(mario_Right_Hand_Cap_Switch_Option_Right_Hand_Cap_mesh_layer_1_tri_2),
	gsSPDisplayList(mat_revert_mario_Logo__EMBLEM_),
	gsSPDisplayList(mat_mario_Cap_Inside__CAP_),
	gsSPDisplayList(mario_Right_Hand_Cap_Switch_Option_Right_Hand_Cap_mesh_layer_1_tri_3),
	gsSPDisplayList(mat_revert_mario_Cap_Inside__CAP_),
	gsSPEndDisplayList(),
};

Gfx mario_Right_Hand_Wing_Cap_Swtich_Option_Right_Hand_Wing_Cap_mesh_layer_1[] = {
	gsSPDisplayList(mat_mario_Gloves__GLOVES__layer1),
	gsSPDisplayList(mario_Right_Hand_Wing_Cap_Swtich_Option_Right_Hand_Wing_Cap_mesh_layer_1_tri_0),
	gsSPDisplayList(mat_revert_mario_Gloves__GLOVES__layer1),
	gsSPDisplayList(mat_mario_Cap__CAP__layer1),
	gsSPDisplayList(mario_Right_Hand_Wing_Cap_Swtich_Option_Right_Hand_Wing_Cap_mesh_layer_1_tri_1),
	gsSPDisplayList(mat_revert_mario_Cap__CAP__layer1),
	gsSPDisplayList(mat_mario_Logo__EMBLEM_),
	gsSPDisplayList(mario_Right_Hand_Wing_Cap_Swtich_Option_Right_Hand_Wing_Cap_mesh_layer_1_tri_2),
	gsSPDisplayList(mat_revert_mario_Logo__EMBLEM_),
	gsSPDisplayList(mat_mario_Cap_Inside__CAP_),
	gsSPDisplayList(mario_Right_Hand_Wing_Cap_Swtich_Option_Right_Hand_Wing_Cap_mesh_layer_1_tri_3),
	gsSPDisplayList(mat_revert_mario_Cap_Inside__CAP_),
	gsSPEndDisplayList(),
};

Gfx mario_Right_Hand_Wing_Cap_Swtich_Option_Right_Hand_Wing_Cap_mesh_layer_1_opt_1[] = {
	gsSPDisplayList(mat_mario_Gloves__GLOVES__layer1),
	gsSPDisplayList(mario_Right_Hand_Wing_Cap_Swtich_Option_Right_Hand_Wing_Cap_mesh_layer_1_tri_0),
	gsSPDisplayList(mat_revert_mario_Gloves__GLOVES__layer5),
	gsSPDisplayList(mat_mario_Cap__CAP__layer1),
	gsSPDisplayList(mario_Right_Hand_Wing_Cap_Swtich_Option_Right_Hand_Wing_Cap_mesh_layer_1_tri_1),
	gsSPDisplayList(mat_revert_mario_Cap__CAP__layer5),
	gsSPDisplayList(mat_mario_Logo__EMBLEM_),
	gsSPDisplayList(mario_Right_Hand_Wing_Cap_Swtich_Option_Right_Hand_Wing_Cap_mesh_layer_1_tri_2),
	gsSPDisplayList(mat_revert_mario_Logo__EMBLEM_),
	gsSPDisplayList(mat_mario_Cap_Inside__CAP_),
	gsSPDisplayList(mario_Right_Hand_Wing_Cap_Swtich_Option_Right_Hand_Wing_Cap_mesh_layer_1_tri_3),
	gsSPDisplayList(mat_revert_mario_Cap_Inside__CAP_),
	gsSPEndDisplayList(),
};

Gfx mario_Right_Hand_Wing_Cap_Swtich_Option_Wings_mesh_layer_4_opt_1[] = {
	gsSPDisplayList(mat_mario_Wing_Base_layer4),
	gsSPDisplayList(mario_Right_Hand_Wing_Cap_Swtich_Option_Wings_mesh_layer_4_tri_0),
	gsSPDisplayList(mat_revert_mario_Wing_Base_layer5),
	gsSPDisplayList(mat_mario_Wing_Tip_layer4),
	gsSPDisplayList(mario_Right_Hand_Wing_Cap_Swtich_Option_Wings_mesh_layer_4_tri_1),
	gsSPDisplayList(mat_revert_mario_Wing_Tip_layer5),
	gsSPEndDisplayList(),
};

Gfx mario_Right_Hand_Wing_Cap_Swtich_Option_Wings_mesh_layer_4_with_layer_4_revert[] = {
	gsSPDisplayList(mat_mario_Wing_Base_layer4),
	gsSPDisplayList(mario_Right_Hand_Wing_Cap_Swtich_Option_Wings_mesh_layer_4_tri_0),
	gsSPDisplayList(mat_revert_mario_Wing_Base_layer4),
	gsSPDisplayList(mat_mario_Wing_Tip_layer4),
	gsSPDisplayList(mario_Right_Hand_Wing_Cap_Swtich_Option_Wings_mesh_layer_4_tri_1),
	gsSPDisplayList(mat_revert_mario_Wing_Tip_layer4),
	gsDPPipeSync(),
	gsSPSetGeometryMode(G_LIGHTING),
	gsSPClearGeometryMode(G_TEXTURE_GEN),
	gsDPSetCombineLERP(0, 0, 0, SHADE, 0, 0, 0, ENVIRONMENT, 0, 0, 0, SHADE, 0, 0, 0, ENVIRONMENT),
	gsSPTexture(65535, 65535, 0, 0, 0),
	gsDPSetEnvColor(255, 255, 255, 255),
	gsDPSetAlphaCompare(G_AC_NONE),
	gsSPEndDisplayList(),
};

Gfx mario_Left_Thigh_Color_mesh_layer_1[] = {
	gsSPDisplayList(mat_mario_Pants__PANTS__layer1),
	gsSPDisplayList(mario_Left_Thigh_Color_mesh_layer_1_tri_0),
	gsSPDisplayList(mat_revert_mario_Pants__PANTS__layer1),
	gsSPEndDisplayList(),
};

Gfx mario_Left_Thigh_Color_mesh_layer_1_opt_1[] = {
	gsSPDisplayList(mat_mario_Pants__PANTS__layer1),
	gsSPDisplayList(mario_Left_Thigh_Color_mesh_layer_1_tri_0),
	gsSPDisplayList(mat_revert_mario_Pants__PANTS__layer5),
	gsSPEndDisplayList(),
};

Gfx mario_Left_Leg_mesh_layer_1[] = {
	gsSPDisplayList(mat_mario_Pants__PANTS__layer1),
	gsSPDisplayList(mario_Left_Leg_mesh_layer_1_tri_0),
	gsSPDisplayList(mat_revert_mario_Pants__PANTS__layer1),
	gsSPEndDisplayList(),
};

Gfx mario_Left_Leg_mesh_layer_1_opt_1[] = {
	gsSPDisplayList(mat_mario_Pants__PANTS__layer1),
	gsSPDisplayList(mario_Left_Leg_mesh_layer_1_tri_0),
	gsSPDisplayList(mat_revert_mario_Pants__PANTS__layer5),
	gsSPEndDisplayList(),
};

Gfx mario_Left_Shoe_mesh_layer_1[] = {
	gsSPDisplayList(mat_mario_Shoes__SHOES__layer1),
	gsSPDisplayList(mario_Left_Shoe_mesh_layer_1_tri_0),
	gsSPDisplayList(mat_revert_mario_Shoes__SHOES__layer1),
	gsSPEndDisplayList(),
};

Gfx mario_Left_Shoe_mesh_layer_1_opt_1[] = {
	gsSPDisplayList(mat_mario_Shoes__SHOES__layer1),
	gsSPDisplayList(mario_Left_Shoe_mesh_layer_1_tri_0),
	gsSPDisplayList(mat_revert_mario_Shoes__SHOES__layer5),
	gsSPEndDisplayList(),
};

Gfx mario_Right_Thigh_Color_mesh_layer_1[] = {
	gsSPDisplayList(mat_mario_Pants__PANTS__layer1),
	gsSPDisplayList(mario_Right_Thigh_Color_mesh_layer_1_tri_0),
	gsSPDisplayList(mat_revert_mario_Pants__PANTS__layer1),
	gsSPEndDisplayList(),
};

Gfx mario_Right_Thigh_Color_mesh_layer_1_opt_1[] = {
	gsSPDisplayList(mat_mario_Pants__PANTS__layer1),
	gsSPDisplayList(mario_Right_Thigh_Color_mesh_layer_1_tri_0),
	gsSPDisplayList(mat_revert_mario_Pants__PANTS__layer5),
	gsSPEndDisplayList(),
};

Gfx mario_Right_Leg_mesh_layer_1[] = {
	gsSPDisplayList(mat_mario_Pants__PANTS__layer1),
	gsSPDisplayList(mario_Right_Leg_mesh_layer_1_tri_0),
	gsSPDisplayList(mat_revert_mario_Pants__PANTS__layer1),
	gsSPEndDisplayList(),
};

Gfx mario_Right_Leg_mesh_layer_1_opt_1[] = {
	gsSPDisplayList(mat_mario_Pants__PANTS__layer1),
	gsSPDisplayList(mario_Right_Leg_mesh_layer_1_tri_0),
	gsSPDisplayList(mat_revert_mario_Pants__PANTS__layer5),
	gsSPEndDisplayList(),
};

Gfx mario_Right_Shoe_DL_mesh_layer_1_with_layer_1_revert[] = {
	gsSPDisplayList(mat_mario_Shoes__SHOES__layer1),
	gsSPDisplayList(mario_Right_Shoe_DL_mesh_layer_1_tri_0),
	gsSPDisplayList(mat_revert_mario_Shoes__SHOES__layer1),
	gsDPPipeSync(),
	gsSPSetGeometryMode(G_LIGHTING),
	gsSPClearGeometryMode(G_TEXTURE_GEN),
	gsDPSetCombineLERP(0, 0, 0, SHADE, 0, 0, 0, ENVIRONMENT, 0, 0, 0, SHADE, 0, 0, 0, ENVIRONMENT),
	gsSPTexture(65535, 65535, 0, 0, 0),
	gsDPSetEnvColor(255, 255, 255, 255),
	gsDPSetAlphaCompare(G_AC_NONE),
	gsSPEndDisplayList(),
};

Gfx mario_Right_Shoe_DL_mesh_layer_1_opt_1_with_layer_5_revert[] = {
	gsSPDisplayList(mat_mario_Shoes__SHOES__layer1),
	gsSPDisplayList(mario_Right_Shoe_DL_mesh_layer_1_tri_0),
	gsSPDisplayList(mat_revert_mario_Shoes__SHOES__layer5),
	gsDPPipeSync(),
	gsSPSetGeometryMode(G_LIGHTING),
	gsSPClearGeometryMode(G_TEXTURE_GEN),
	gsDPSetCombineLERP(0, 0, 0, SHADE, 0, 0, 0, ENVIRONMENT, 0, 0, 0, SHADE, 0, 0, 0, ENVIRONMENT),
	gsSPTexture(65535, 65535, 0, 0, 0),
	gsDPSetEnvColor(255, 255, 255, 255),
	gsDPSetAlphaCompare(G_AC_NONE),
	gsSPEndDisplayList(),
};

Gfx mario_Metal_Mario_Switch_Option_Butt_mesh_layer_1[] = {
	gsSPDisplayList(mat_mario_Metal__METAL_),
	gsSPDisplayList(mario_Metal_Mario_Switch_Option_Butt_mesh_layer_1_tri_0),
	gsSPDisplayList(mat_revert_mario_Metal__METAL_),
	gsSPEndDisplayList(),
};

Gfx mario_Metal_Mario_Switch_Option_Torso_mesh_layer_1[] = {
	gsSPDisplayList(mat_mario_Metal__METAL_),
	gsSPDisplayList(mario_Metal_Mario_Switch_Option_Torso_mesh_layer_1_tri_0),
	gsSPDisplayList(mat_revert_mario_Metal__METAL_),
	gsSPEndDisplayList(),
};

Gfx mario_Metal_Mario_Switch_Option_Head_DL_mesh_layer_1[] = {
	gsSPDisplayList(mat_mario_Metal__METAL_),
	gsSPDisplayList(mario_Metal_Mario_Switch_Option_Head_DL_mesh_layer_1_tri_0),
	gsSPDisplayList(mat_revert_mario_Metal__METAL_),
	gsSPEndDisplayList(),
};

Gfx mario_Metal_Mario_Switch_Option_Capless_Head_Switch_Option_Capless_Head_mesh_layer_1[] = {
	gsSPDisplayList(mat_mario_Metal__METAL_),
	gsSPDisplayList(mario_Metal_Mario_Switch_Option_Capless_Head_Switch_Option_Capless_Head_mesh_layer_1_tri_0),
	gsSPDisplayList(mat_revert_mario_Metal__METAL_),
	gsSPEndDisplayList(),
};

Gfx mario_Metal_Mario_Switch_Option_Left_Wing_DL_mesh_layer_4[] = {
	gsSPDisplayList(mat_mario_Metal_Wing_Base__METAL__layer4),
	gsSPDisplayList(mario_Metal_Mario_Switch_Option_Left_Wing_DL_mesh_layer_4_tri_0),
	gsSPDisplayList(mat_revert_mario_Metal_Wing_Base__METAL__layer4),
	gsSPDisplayList(mat_mario_Metal_Wing_Tip__METAL__layer4),
	gsSPDisplayList(mario_Metal_Mario_Switch_Option_Left_Wing_DL_mesh_layer_4_tri_1),
	gsSPDisplayList(mat_revert_mario_Metal_Wing_Tip__METAL__layer4),
	gsSPEndDisplayList(),
};

Gfx mario_Metal_Mario_Switch_Option_Left_Wing_DL_mesh_layer_4_opt_1[] = {
	gsSPDisplayList(mat_mario_Metal_Wing_Base__METAL__layer4),
	gsSPDisplayList(mario_Metal_Mario_Switch_Option_Left_Wing_DL_mesh_layer_4_tri_0),
	gsSPDisplayList(mat_revert_mario_Metal_Wing_Base__METAL__layer5),
	gsSPDisplayList(mat_mario_Metal_Wing_Tip__METAL__layer4),
	gsSPDisplayList(mario_Metal_Mario_Switch_Option_Left_Wing_DL_mesh_layer_4_tri_1),
	gsSPDisplayList(mat_revert_mario_Metal_Wing_Tip__METAL__layer5),
	gsSPEndDisplayList(),
};

Gfx mario_Metal_Mario_Switch_Option_Right_Wing_DL_mesh_layer_4[] = {
	gsSPDisplayList(mat_mario_Metal_Wing_Base__METAL__layer4),
	gsSPDisplayList(mario_Metal_Mario_Switch_Option_Right_Wing_DL_mesh_layer_4_tri_0),
	gsSPDisplayList(mat_revert_mario_Metal_Wing_Base__METAL__layer4),
	gsSPDisplayList(mat_mario_Metal_Wing_Tip__METAL__layer4),
	gsSPDisplayList(mario_Metal_Mario_Switch_Option_Right_Wing_DL_mesh_layer_4_tri_1),
	gsSPDisplayList(mat_revert_mario_Metal_Wing_Tip__METAL__layer4),
	gsSPEndDisplayList(),
};

Gfx mario_Metal_Mario_Switch_Option_Right_Wing_DL_mesh_layer_4_opt_1[] = {
	gsSPDisplayList(mat_mario_Metal_Wing_Base__METAL__layer4),
	gsSPDisplayList(mario_Metal_Mario_Switch_Option_Right_Wing_DL_mesh_layer_4_tri_0),
	gsSPDisplayList(mat_revert_mario_Metal_Wing_Base__METAL__layer5),
	gsSPDisplayList(mat_mario_Metal_Wing_Tip__METAL__layer4),
	gsSPDisplayList(mario_Metal_Mario_Switch_Option_Right_Wing_DL_mesh_layer_4_tri_1),
	gsSPDisplayList(mat_revert_mario_Metal_Wing_Tip__METAL__layer5),
	gsSPEndDisplayList(),
};

Gfx mario_Metal_Mario_Switch_Option_Left_Arm_Color_mesh_layer_1[] = {
	gsSPDisplayList(mat_mario_Metal__METAL_),
	gsSPDisplayList(mario_Metal_Mario_Switch_Option_Left_Arm_Color_mesh_layer_1_tri_0),
	gsSPDisplayList(mat_revert_mario_Metal__METAL_),
	gsSPEndDisplayList(),
};

Gfx mario_Metal_Mario_Switch_Option_Left_Forearm_mesh_layer_1[] = {
	gsSPDisplayList(mat_mario_Metal__METAL_),
	gsSPDisplayList(mario_Metal_Mario_Switch_Option_Left_Forearm_mesh_layer_1_tri_0),
	gsSPDisplayList(mat_revert_mario_Metal__METAL_),
	gsSPEndDisplayList(),
};

Gfx mario_Metal_Mario_Switch_Option_Left_Hand_DL_mesh_layer_1[] = {
	gsSPDisplayList(mat_mario_Metal__METAL_),
	gsSPDisplayList(mario_Metal_Mario_Switch_Option_Left_Hand_DL_mesh_layer_1_tri_0),
	gsSPDisplayList(mat_revert_mario_Metal__METAL_),
	gsSPEndDisplayList(),
};

Gfx mario_Metal_Mario_Switch_Option_Left_Hand_Open_Switch_Option_Left_Hand_Open_mesh_layer_1[] = {
	gsSPDisplayList(mat_mario_Metal__METAL_),
	gsSPDisplayList(mario_Metal_Mario_Switch_Option_Left_Hand_Open_Switch_Option_Left_Hand_Open_mesh_layer_1_tri_0),
	gsSPDisplayList(mat_revert_mario_Metal__METAL_),
	gsSPEndDisplayList(),
};

Gfx mario_Metal_Mario_Switch_Option_Right_Arm_Color_mesh_layer_1[] = {
	gsSPDisplayList(mat_mario_Metal__METAL_),
	gsSPDisplayList(mario_Metal_Mario_Switch_Option_Right_Arm_Color_mesh_layer_1_tri_0),
	gsSPDisplayList(mat_revert_mario_Metal__METAL_),
	gsSPEndDisplayList(),
};

Gfx mario_Metal_Mario_Switch_Option_Right_Forearm_mesh_layer_1[] = {
	gsSPDisplayList(mat_mario_Metal__METAL_),
	gsSPDisplayList(mario_Metal_Mario_Switch_Option_Right_Forearm_mesh_layer_1_tri_0),
	gsSPDisplayList(mat_revert_mario_Metal__METAL_),
	gsSPEndDisplayList(),
};

Gfx mario_Metal_Mario_Switch_Option_Right_Hand_DL_mesh_layer_1[] = {
	gsSPDisplayList(mat_mario_Metal__METAL_),
	gsSPDisplayList(mario_Metal_Mario_Switch_Option_Right_Hand_DL_mesh_layer_1_tri_0),
	gsSPDisplayList(mat_revert_mario_Metal__METAL_),
	gsSPEndDisplayList(),
};

Gfx mario_Metal_Mario_Switch_Option_Right_Hand_Open_Switch_Option_Right_Hand_Open_mesh_layer_1[] = {
	gsSPDisplayList(mat_mario_Metal__METAL_),
	gsSPDisplayList(mario_Metal_Mario_Switch_Option_Right_Hand_Open_Switch_Option_Right_Hand_Open_mesh_layer_1_tri_0),
	gsSPDisplayList(mat_revert_mario_Metal__METAL_),
	gsSPEndDisplayList(),
};

Gfx mario_Metal_Mario_Switch_Option_Right_Hand_Peace_Switch_Option_Right_Hand_Peace_mesh_layer_1[] = {
	gsSPDisplayList(mat_mario_Metal__METAL_),
	gsSPDisplayList(mario_Metal_Mario_Switch_Option_Right_Hand_Peace_Switch_Option_Right_Hand_Peace_mesh_layer_1_tri_0),
	gsSPDisplayList(mat_revert_mario_Metal__METAL_),
	gsSPEndDisplayList(),
};

Gfx mario_Metal_Mario_Switch_Option_Right_Hand_Cap_Switch_Option_Right_Hand_Cap_mesh_layer_1[] = {
	gsSPDisplayList(mat_mario_Metal__METAL_),
	gsSPDisplayList(mario_Metal_Mario_Switch_Option_Right_Hand_Cap_Switch_Option_Right_Hand_Cap_mesh_layer_1_tri_0),
	gsSPDisplayList(mat_revert_mario_Metal__METAL_),
	gsSPEndDisplayList(),
};

Gfx mario_Metal_Mario_Switch_Option_Right_Hand_Wing_Cap_Swtich_Option_Right_Hand_Wing_Cap_mesh_layer_1[] = {
	gsSPDisplayList(mat_mario_Metal__METAL_),
	gsSPDisplayList(mario_Metal_Mario_Switch_Option_Right_Hand_Wing_Cap_Swtich_Option_Right_Hand_Wing_Cap_mesh_layer_1_tri_0),
	gsSPDisplayList(mat_revert_mario_Metal__METAL_),
	gsSPEndDisplayList(),
};

Gfx mario_Metal_Mario_Switch_Option_Right_Hand_Wing_Cap_Swtich_Option_Wings_mesh_layer_4[] = {
	gsSPDisplayList(mat_mario_Metal_Wing_Base__METAL__layer4),
	gsSPDisplayList(mario_Metal_Mario_Switch_Option_Right_Hand_Wing_Cap_Swtich_Option_Wings_mesh_layer_4_tri_0),
	gsSPDisplayList(mat_revert_mario_Metal_Wing_Base__METAL__layer4),
	gsSPDisplayList(mat_mario_Metal_Wing_Tip__METAL__layer4),
	gsSPDisplayList(mario_Metal_Mario_Switch_Option_Right_Hand_Wing_Cap_Swtich_Option_Wings_mesh_layer_4_tri_1),
	gsSPDisplayList(mat_revert_mario_Metal_Wing_Tip__METAL__layer4),
	gsSPEndDisplayList(),
};

Gfx mario_Metal_Mario_Switch_Option_Right_Hand_Wing_Cap_Swtich_Option_Wings_mesh_layer_4_opt_1[] = {
	gsSPDisplayList(mat_mario_Metal_Wing_Base__METAL__layer4),
	gsSPDisplayList(mario_Metal_Mario_Switch_Option_Right_Hand_Wing_Cap_Swtich_Option_Wings_mesh_layer_4_tri_0),
	gsSPDisplayList(mat_revert_mario_Metal_Wing_Base__METAL__layer5),
	gsSPDisplayList(mat_mario_Metal_Wing_Tip__METAL__layer4),
	gsSPDisplayList(mario_Metal_Mario_Switch_Option_Right_Hand_Wing_Cap_Swtich_Option_Wings_mesh_layer_4_tri_1),
	gsSPDisplayList(mat_revert_mario_Metal_Wing_Tip__METAL__layer5),
	gsSPEndDisplayList(),
};

Gfx mario_Metal_Mario_Switch_Option_Right_Hand_Wing_Cap_Swtich_Option_Wings_mesh_layer_4_with_layer_4_revert_with_layer_4_revert[] = {
	gsSPDisplayList(mat_mario_Metal_Wing_Base__METAL__layer4),
	gsSPDisplayList(mario_Metal_Mario_Switch_Option_Right_Hand_Wing_Cap_Swtich_Option_Wings_mesh_layer_4_tri_0),
	gsSPDisplayList(mat_revert_mario_Metal_Wing_Base__METAL__layer4),
	gsSPDisplayList(mat_mario_Metal_Wing_Tip__METAL__layer4),
	gsSPDisplayList(mario_Metal_Mario_Switch_Option_Right_Hand_Wing_Cap_Swtich_Option_Wings_mesh_layer_4_tri_1),
	gsSPDisplayList(mat_revert_mario_Metal_Wing_Tip__METAL__layer4),
	gsDPPipeSync(),
	gsSPSetGeometryMode(G_LIGHTING),
	gsSPClearGeometryMode(G_TEXTURE_GEN),
	gsDPSetCombineLERP(0, 0, 0, SHADE, 0, 0, 0, ENVIRONMENT, 0, 0, 0, SHADE, 0, 0, 0, ENVIRONMENT),
	gsSPTexture(65535, 65535, 0, 0, 0),
	gsDPSetEnvColor(255, 255, 255, 255),
	gsDPSetAlphaCompare(G_AC_NONE),
	gsDPPipeSync(),
	gsSPSetGeometryMode(G_LIGHTING),
	gsSPClearGeometryMode(G_TEXTURE_GEN),
	gsDPSetCombineLERP(0, 0, 0, SHADE, 0, 0, 0, ENVIRONMENT, 0, 0, 0, SHADE, 0, 0, 0, ENVIRONMENT),
	gsSPTexture(65535, 65535, 0, 0, 0),
	gsDPSetEnvColor(255, 255, 255, 255),
	gsDPSetAlphaCompare(G_AC_NONE),
	gsSPEndDisplayList(),
};

Gfx mario_Metal_Mario_Switch_Option_Left_Thigh_Color_mesh_layer_1[] = {
	gsSPDisplayList(mat_mario_Metal__METAL_),
	gsSPDisplayList(mario_Metal_Mario_Switch_Option_Left_Thigh_Color_mesh_layer_1_tri_0),
	gsSPDisplayList(mat_revert_mario_Metal__METAL_),
	gsSPEndDisplayList(),
};

Gfx mario_Metal_Mario_Switch_Option_Left_Leg_mesh_layer_1[] = {
	gsSPDisplayList(mat_mario_Metal__METAL_),
	gsSPDisplayList(mario_Metal_Mario_Switch_Option_Left_Leg_mesh_layer_1_tri_0),
	gsSPDisplayList(mat_revert_mario_Metal__METAL_),
	gsSPEndDisplayList(),
};

Gfx mario_Metal_Mario_Switch_Option_Left_Shoe_mesh_layer_1[] = {
	gsSPDisplayList(mat_mario_Metal__METAL_),
	gsSPDisplayList(mario_Metal_Mario_Switch_Option_Left_Shoe_mesh_layer_1_tri_0),
	gsSPDisplayList(mat_revert_mario_Metal__METAL_),
	gsSPEndDisplayList(),
};

Gfx mario_Metal_Mario_Switch_Option_Right_Thigh_Color_mesh_layer_1[] = {
	gsSPDisplayList(mat_mario_Metal__METAL_),
	gsSPDisplayList(mario_Metal_Mario_Switch_Option_Right_Thigh_Color_mesh_layer_1_tri_0),
	gsSPDisplayList(mat_revert_mario_Metal__METAL_),
	gsSPEndDisplayList(),
};

Gfx mario_Metal_Mario_Switch_Option_Right_Leg_mesh_layer_1[] = {
	gsSPDisplayList(mat_mario_Metal__METAL_),
	gsSPDisplayList(mario_Metal_Mario_Switch_Option_Right_Leg_mesh_layer_1_tri_0),
	gsSPDisplayList(mat_revert_mario_Metal__METAL_),
	gsSPEndDisplayList(),
};

Gfx mario_Metal_Mario_Switch_Option_Right_Shoe_DL_mesh_layer_1[] = {
	gsSPDisplayList(mat_mario_Metal__METAL_),
	gsSPDisplayList(mario_Metal_Mario_Switch_Option_Right_Shoe_DL_mesh_layer_1_tri_0),
	gsSPDisplayList(mat_revert_mario_Metal__METAL_),
	gsSPEndDisplayList(),
};

Gfx mario_Metal_Mario_Switch_Option_Right_Shoe_DL_mesh_layer_1_with_layer_1_revert_with_layer_1_revert[] = {
	gsSPDisplayList(mat_mario_Metal__METAL_),
	gsSPDisplayList(mario_Metal_Mario_Switch_Option_Right_Shoe_DL_mesh_layer_1_tri_0),
	gsSPDisplayList(mat_revert_mario_Metal__METAL_),
	gsDPPipeSync(),
	gsSPSetGeometryMode(G_LIGHTING),
	gsSPClearGeometryMode(G_TEXTURE_GEN),
	gsDPSetCombineLERP(0, 0, 0, SHADE, 0, 0, 0, ENVIRONMENT, 0, 0, 0, SHADE, 0, 0, 0, ENVIRONMENT),
	gsSPTexture(65535, 65535, 0, 0, 0),
	gsDPSetEnvColor(255, 255, 255, 255),
	gsDPSetAlphaCompare(G_AC_NONE),
	gsDPPipeSync(),
	gsSPSetGeometryMode(G_LIGHTING),
	gsSPClearGeometryMode(G_TEXTURE_GEN),
	gsDPSetCombineLERP(0, 0, 0, SHADE, 0, 0, 0, ENVIRONMENT, 0, 0, 0, SHADE, 0, 0, 0, ENVIRONMENT),
	gsSPTexture(65535, 65535, 0, 0, 0),
	gsDPSetEnvColor(255, 255, 255, 255),
	gsDPSetAlphaCompare(G_AC_NONE),
	gsSPEndDisplayList(),
};

Gfx mario_Metal_Mario_Switch_Option_Right_Shoe_DL_mesh_layer_1_with_layer_5_revert_with_layer_5_revert[] = {
	gsSPDisplayList(mat_mario_Metal__METAL_),
	gsSPDisplayList(mario_Metal_Mario_Switch_Option_Right_Shoe_DL_mesh_layer_1_tri_0),
	gsSPDisplayList(mat_revert_mario_Metal__METAL_),
	gsDPPipeSync(),
	gsSPSetGeometryMode(G_LIGHTING),
	gsSPClearGeometryMode(G_TEXTURE_GEN),
	gsDPSetCombineLERP(0, 0, 0, SHADE, 0, 0, 0, ENVIRONMENT, 0, 0, 0, SHADE, 0, 0, 0, ENVIRONMENT),
	gsSPTexture(65535, 65535, 0, 0, 0),
	gsDPSetEnvColor(255, 255, 255, 255),
	gsDPSetAlphaCompare(G_AC_NONE),
	gsDPPipeSync(),
	gsSPSetGeometryMode(G_LIGHTING),
	gsSPClearGeometryMode(G_TEXTURE_GEN),
	gsDPSetCombineLERP(0, 0, 0, SHADE, 0, 0, 0, ENVIRONMENT, 0, 0, 0, SHADE, 0, 0, 0, ENVIRONMENT),
	gsSPTexture(65535, 65535, 0, 0, 0),
	gsDPSetEnvColor(255, 255, 255, 255),
	gsDPSetAlphaCompare(G_AC_NONE),
	gsSPEndDisplayList(),
};

