Gfx castle_inside_dl_inside_castle_textures_05000_rgba16_i8_aligner[] = {gsSPEndDisplayList()};
u8 castle_inside_dl_inside_castle_textures_05000_rgba16_i8[] = {
	0x0f, 0x0f, 0x0f, 0x0f, 0x26, 0x18, 0x26, 0x26, 
	0x18, 0x18, 0x18, 0x18, 0x18, 0x26, 0x18, 0x26, 
	0x0f, 0x0f, 0x18, 0x26, 0x26, 0x0f, 0x0f, 0x26, 
	0x26, 0x26, 0x18, 0x18, 0x26, 0x26, 0x0f, 0x18, 
	0x26, 0x18, 0x26, 0x18, 0x26, 0x26, 0x26, 0x26, 
	0x0f, 0x18, 0x0f, 0x18, 0x26, 0x18, 0x18, 0x18, 
	0x0f, 0x0f, 0x18, 0x18, 0x18, 0x26, 0x18, 0x26, 
	0x0f, 0x18, 0x18, 0x26, 0x18, 0x18, 0x26, 0x18, 
	0x18, 0x18, 0x0f, 0x18, 0x26, 0x18, 0x26, 0x18, 
	0x18, 0x0f, 0x18, 0x26, 0x26, 0x18, 0x0f, 0x26, 
	0x26, 0x26, 0x26, 0x26, 0x26, 0x0f, 0x0f, 0x0f, 
	0x0f, 0x0f, 0x18, 0x26, 0x26, 0x0f, 0x26, 0x26, 
	0x18, 0x26, 0x0f, 0x0f, 0x26, 0x18, 0x18, 0x18, 
	0x18, 0x26, 0x18, 0x18, 0x0f, 0x26, 0x18, 0x18, 
	0x18, 0x26, 0x0f, 0x26, 0x0f, 0x18, 0x26, 0x18, 
	0x0f, 0x0f, 0x0f, 0x18, 0x18, 0x0f, 0x18, 0x26, 
	0x0f, 0x0f, 0x26, 0x26, 0x18, 0x18, 0x26, 0x0f, 
	0x18, 0x18, 0x26, 0x26, 0x18, 0x26, 0x0f, 0x18, 
	0x18, 0x18, 0x0f, 0x26, 0x18, 0x26, 0x26, 0x0f, 
	0x18, 0x18, 0x18, 0x18, 0x0f, 0x0f, 0x0f, 0x26, 
	0x26, 0x0f, 0x0f, 0x0f, 0x0f, 0x26, 0x26, 0x0f, 
	0x18, 0x0f, 0x18, 0x18, 0x26, 0x18, 0x26, 0x18, 
	0x18, 0x26, 0x0f, 0x0f, 0x26, 0x18, 0x26, 0x0f, 
	0x18, 0x18, 0x26, 0x0f, 0x26, 0x18, 0x18, 0x26, 
	0x26, 0x0f, 0x0f, 0x26, 0x26, 0x18, 0x26, 0x26, 
	0x26, 0x18, 0x18, 0x26, 0x18, 0x0f, 0x26, 0x0f, 
	0x26, 0x18, 0x26, 0x0f, 0x26, 0x26, 0x26, 0x18, 
	0x18, 0x0f, 0x18, 0x26, 0x26, 0x26, 0x26, 0x18, 
	0x0f, 0x26, 0x0f, 0x0f, 0x0f, 0x26, 0x26, 0x0f, 
	0x0f, 0x26, 0x26, 0x18, 0x26, 0x18, 0x26, 0x26, 
	0x26, 0x26, 0x26, 0x26, 0x0f, 0x0f, 0x26, 0x26, 
	0x26, 0x0f, 0x26, 0x18, 0x0f, 0x26, 0x26, 0x18, 
	0x26, 0x26, 0x26, 0x0f, 0x26, 0x26, 0x0f, 0x26, 
	0x26, 0x0f, 0x26, 0x18, 0x18, 0x18, 0x26, 0x0f, 
	0x0f, 0x0f, 0x18, 0x18, 0x0f, 0x26, 0x18, 0x18, 
	0x0f, 0x0f, 0x18, 0x26, 0x18, 0x0f, 0x26, 0x18, 
	0x26, 0x0f, 0x0f, 0x26, 0x0f, 0x26, 0x18, 0x0f, 
	0x0f, 0x18, 0x26, 0x0f, 0x26, 0x18, 0x26, 0x26, 
	0x26, 0x0f, 0x0f, 0x26, 0x0f, 0x0f, 0x0f, 0x0f, 
	0x18, 0x0f, 0x0f, 0x26, 0x0f, 0x18, 0x26, 0x26, 
	0x0f, 0x26, 0x0f, 0x0f, 0x0f, 0x18, 0x26, 0x18, 
	0x26, 0x26, 0x26, 0x0f, 0x0f, 0x26, 0x18, 0x26, 
	0x18, 0x0f, 0x0f, 0x0f, 0x0f, 0x26, 0x0f, 0x0f, 
	0x26, 0x26, 0x18, 0x0f, 0x26, 0x18, 0x18, 0x26, 
	0x18, 0x0f, 0x0f, 0x0f, 0x26, 0x0f, 0x18, 0x26, 
	0x18, 0x0f, 0x26, 0x0f, 0x18, 0x26, 0x26, 0x0f, 
	0x26, 0x0f, 0x0f, 0x26, 0x0f, 0x26, 0x18, 0x0f, 
	0x18, 0x18, 0x0f, 0x18, 0x18, 0x18, 0x18, 0x18, 
	0x26, 0x18, 0x0f, 0x26, 0x26, 0x26, 0x0f, 0x18, 
	0x0f, 0x26, 0x0f, 0x0f, 0x26, 0x0f, 0x18, 0x18, 
	0x18, 0x26, 0x0f, 0x0f, 0x0f, 0x26, 0x26, 0x26, 
	0x26, 0x0f, 0x18, 0x26, 0x18, 0x26, 0x18, 0x18, 
	0x18, 0x26, 0x18, 0x0f, 0x26, 0x26, 0x0f, 0x26, 
	0x0f, 0x0f, 0x26, 0x26, 0x0f, 0x26, 0x0f, 0x0f, 
	0x18, 0x26, 0x26, 0x0f, 0x0f, 0x0f, 0x18, 0x18, 
	0x0f, 0x18, 0x26, 0x18, 0x18, 0x18, 0x18, 0x26, 
	0x18, 0x26, 0x26, 0x26, 0x0f, 0x26, 0x18, 0x18, 
	0x0f, 0x0f, 0x0f, 0x0f, 0x26, 0x26, 0x26, 0x26, 
	0x0f, 0x18, 0x26, 0x26, 0x18, 0x0f, 0x26, 0x0f, 
	0x0f, 0x26, 0x0f, 0x26, 0x18, 0x0f, 0x0f, 0x18, 
	0x18, 0x0f, 0x0f, 0x0f, 0x26, 0x0f, 0x26, 0x18, 
	0x0f, 0x0f, 0x26, 0x26, 0x18, 0x26, 0x26, 0x14, 
	0x26, 0x18, 0x26, 0x0f, 0x18, 0x18, 0x26, 0x18, 
	0x18, 0x0f, 0x0f, 0x18, 0x0f, 0x0f, 0x18, 0x0f, 
	0x18, 0x0f, 0x18, 0x18, 0x0f, 0x26, 0x0f, 0x18, 
	0x26, 0x0f, 0x18, 0x0f, 0x0f, 0x26, 0x18, 0x18, 
	0x18, 0x14, 0x14, 0x0f, 0x26, 0x26, 0x26, 0x26, 
	0x0f, 0x26, 0x0f, 0x18, 0x26, 0x0f, 0x0f, 0x18, 
	0x0f, 0x0f, 0x26, 0x18, 0x26, 0x26, 0x26, 0x18, 
	0x26, 0x26, 0x18, 0x18, 0x18, 0x14, 0x26, 0x18, 
	0x0f, 0x26, 0x26, 0x14, 0x14, 0x18, 0x26, 0x0f, 
	0x0f, 0x0f, 0x0f, 0x26, 0x26, 0x0f, 0x26, 0x26, 
	0x0f, 0x0f, 0x0f, 0x0f, 0x18, 0x0f, 0x26, 0x26, 
	0x26, 0x14, 0x14, 0x26, 0x0f, 0x18, 0x14, 0x26, 
	0x18, 0x0f, 0x0f, 0x18, 0x26, 0x26, 0x26, 0x26, 
	0x0f, 0x26, 0x0f, 0x0f, 0x26, 0x0f, 0x26, 0x26, 
	0x0f, 0x26, 0x26, 0x0f, 0x26, 0x0f, 0x0f, 0x18, 
	0x0f, 0x26, 0x14, 0x14, 0x0f, 0x26, 0x18, 0x18, 
	0x14, 0x18, 0x26, 0x0f, 0x18, 0x14, 0x14, 0x0f, 
	0x26, 0x18, 0x0f, 0x0f, 0x0f, 0x0f, 0x0f, 0x26, 
	0x0f, 0x0f, 0x0f, 0x26, 0x18, 0x0f, 0x26, 0x0f, 
	0x18, 0x18, 0x26, 0x18, 0x14, 0x26, 0x18, 0x26, 
	0x26, 0x14, 0x14, 0x18, 0x0f, 0x18, 0x0f, 0x14, 
	0x0f, 0x26, 0x18, 0x0f, 0x18, 0x0f, 0x26, 0x18, 
	0x26, 0x0f, 0x0f, 0x26, 0x14, 0x14, 0x26, 0x18, 
	0x0f, 0x0f, 0x26, 0x18, 0x26, 0x14, 0x26, 0x0f, 
	0x18, 0x0f, 0x14, 0x14, 0x26, 0x0f, 0x0f, 0x26, 
	0x0f, 0x0f, 0x26, 0x18, 0x26, 0x26, 0x18, 0x18, 
	0x26, 0x0f, 0x26, 0x0f, 0x0f, 0x0f, 0x26, 0x26, 
	0x0f, 0x18, 0x18, 0x26, 0x18, 0x26, 0x18, 0x14, 
	0x14, 0x18, 0x18, 0x14, 0x26, 0x26, 0x26, 0x26, 
	0x26, 0x26, 0x26, 0x26, 0x18, 0x18, 0x26, 0x18, 
	0x0f, 0x0f, 0x0f, 0x26, 0x0f, 0x0f, 0x18, 0x26, 
	0x26, 0x0f, 0x26, 0x0f, 0x26, 0x26, 0x18, 0x26, 
	0x18, 0x18, 0x26, 0x26, 0x0f, 0x0f, 0x26, 0x26, 
	0x0f, 0x0f, 0x26, 0x18, 0x0f, 0x18, 0x18, 0x18, 
	0x18, 0x18, 0x18, 0x26, 0x26, 0x26, 0x18, 0x26, 
	0x18, 0x0f, 0x0f, 0x26, 0x14, 0x14, 0x14, 0x18, 
	0x26, 0x26, 0x14, 0x14, 0x26, 0x0f, 0x18, 0x18, 
	0x0f, 0x18, 0x26, 0x0f, 0x0f, 0x0f, 0x0f, 0x18, 
	0x26, 0x0f, 0x0f, 0x26, 0x18, 0x26, 0x26, 0x0f, 
	0x26, 0x26, 0x26, 0x0f, 0x26, 0x18, 0x18, 0x0f, 
	0x18, 0x26, 0x0f, 0x0f, 0x18, 0x0f, 0x26, 0x26, 
	0x0f, 0x18, 0x26, 0x18, 0x18, 0x0f, 0x18, 0x0f, 
	0x18, 0x26, 0x18, 0x18, 0x18, 0x18, 0x26, 0x26, 
	0x0f, 0x0f, 0x26, 0x0f, 0x26, 0x26, 0x0f, 0x26, 
	0x0f, 0x18, 0x26, 0x0f, 0x0f, 0x0f, 0x18, 0x18, 
	0x0f, 0x18, 0x26, 0x18, 0x18, 0x26, 0x26, 0x18, 
	0x18, 0x18, 0x18, 0x26, 0x18, 0x26, 0x18, 0x26, 
	0x26, 0x26, 0x26, 0x26, 0x18, 0x18, 0x26, 0x26, 
	0x18, 0x26, 0x18, 0x26, 0x26, 0x0f, 0x18, 0x18, 
	0x26, 0x26, 0x18, 0x0f, 0x18, 0x0f, 0x0f, 0x18, 
	0x18, 0x18, 0x26, 0x18, 0x26, 0x26, 0x18, 0x0f, 
	0x26, 0x18, 0x26, 0x0f, 0x18, 0x18, 0x18, 0x26, 
	0x26, 0x0f, 0x0f, 0x0f, 0x0f, 0x26, 0x26, 0x26, 
	0x18, 0x26, 0x26, 0x0f, 0x0f, 0x26, 0x0f, 0x26, 
	0x26, 0x26, 0x18, 0x0f, 0x0f, 0x18, 0x18, 0x0f, 
	0x0f, 0x0f, 0x18, 0x18, 0x0f, 0x18, 0x18, 0x0f, 
	0x26, 0x0f, 0x0f, 0x18, 0x26, 0x18, 0x26, 0x18, 
	0x18, 0x0f, 0x0f, 0x0f, 0x18, 0x26, 0x0f, 0x18, 
	0x0f, 0x0f, 0x26, 0x18, 0x26, 0x0f, 0x26, 0x18, 
	0x18, 0x18, 0x18, 0x18, 0x26, 0x18, 0x18, 0x26, 
	0x26, 0x0f, 0x0f, 0x18, 0x18, 0x18, 0x0f, 0x0f, 
	0x18, 0x26, 0x0f, 0x0f, 0x0f, 0x26, 0x26, 0x18, 
	0x26, 0x26, 0x26, 0x18, 0x18, 0x18, 0x18, 0x18, 
	0x18, 0x0f, 0x26, 0x18, 0x0f, 0x18, 0x0f, 0x18, 
	0x18, 0x0f, 0x26, 0x18, 0x18, 0x0f, 0x26, 0x18, 
	0x26, 0x18, 0x18, 0x18, 0x26, 0x0f, 0x26, 0x26, 
	
};

Gfx castle_inside_dl_inside_castle_textures_04000_rgba16_ci8_aligner[] = {gsSPEndDisplayList()};
u8 castle_inside_dl_inside_castle_textures_04000_rgba16_ci8[] = {
	0x00, 0x01, 0x02, 0x02, 0x03, 0x03, 0x03, 0x04, 
	0x03, 0x05, 0x02, 0x05, 0x06, 0x05, 0x04, 0x05, 
	0x07, 0x08, 0x09, 0x09, 0x09, 0x07, 0x07, 0x07, 
	0x08, 0x0a, 0x0b, 0x0a, 0x07, 0x0a, 0x09, 0x07, 
	0x0c, 0x0c, 0x02, 0x03, 0x03, 0x03, 0x05, 0x05, 
	0x05, 0x04, 0x05, 0x03, 0x05, 0x04, 0x06, 0x03, 
	0x0d, 0x0d, 0x0b, 0x07, 0x07, 0x0b, 0x0e, 0x0b, 
	0x0f, 0x0e, 0x0d, 0x0b, 0x07, 0x08, 0x0a, 0x08, 
	0x03, 0x00, 0x02, 0x03, 0x05, 0x03, 0x04, 0x04, 
	0x04, 0x06, 0x06, 0x04, 0x03, 0x04, 0x06, 0x03, 
	0x0f, 0x0e, 0x10, 0x0f, 0x0f, 0x0f, 0x0e, 0x0e, 
	0x10, 0x0e, 0x0e, 0x0f, 0x07, 0x0a, 0x07, 0x0d, 
	0x0c, 0x0c, 0x02, 0x03, 0x03, 0x04, 0x04, 0x04, 
	0x06, 0x06, 0x11, 0x04, 0x06, 0x05, 0x11, 0x04, 
	0x10, 0x0f, 0x12, 0x10, 0x0e, 0x0e, 0x13, 0x12, 
	0x10, 0x10, 0x10, 0x10, 0x0e, 0x07, 0x07, 0x07, 
	0x02, 0x02, 0x03, 0x03, 0x03, 0x03, 0x06, 0x04, 
	0x06, 0x06, 0x14, 0x11, 0x06, 0x04, 0x06, 0x06, 
	0x13, 0x12, 0x0e, 0x0e, 0x10, 0x13, 0x12, 0x13, 
	0x12, 0x13, 0x10, 0x13, 0x0e, 0x0e, 0x07, 0x0a, 
	0x03, 0x02, 0x03, 0x03, 0x05, 0x05, 0x05, 0x06, 
	0x11, 0x06, 0x11, 0x06, 0x06, 0x06, 0x06, 0x06, 
	0x12, 0x12, 0x12, 0x0f, 0x0e, 0x12, 0x12, 0x12, 
	0x13, 0x15, 0x13, 0x15, 0x13, 0x0d, 0x0b, 0x07, 
	0x05, 0x03, 0x05, 0x05, 0x03, 0x04, 0x03, 0x05, 
	0x06, 0x06, 0x06, 0x11, 0x11, 0x11, 0x11, 0x04, 
	0x16, 0x16, 0x16, 0x12, 0x10, 0x13, 0x15, 0x16, 
	0x17, 0x16, 0x16, 0x18, 0x13, 0x13, 0x12, 0x0f, 
	0x05, 0x03, 0x04, 0x03, 0x03, 0x03, 0x03, 0x03, 
	0x04, 0x05, 0x04, 0x06, 0x06, 0x04, 0x04, 0x11, 
	0x19, 0x1a, 0x17, 0x16, 0x15, 0x16, 0x17, 0x16, 
	0x17, 0x17, 0x17, 0x15, 0x18, 0x13, 0x10, 0x13, 
	0x04, 0x05, 0x05, 0x03, 0x03, 0x03, 0x03, 0x05, 
	0x04, 0x04, 0x06, 0x03, 0x06, 0x05, 0x04, 0x11, 
	0x17, 0x1b, 0x1a, 0x17, 0x18, 0x1a, 0x17, 0x1a, 
	0x1c, 0x1b, 0x19, 0x17, 0x15, 0x13, 0x13, 0x12, 
	0x06, 0x04, 0x03, 0x06, 0x04, 0x04, 0x06, 0x03, 
	0x04, 0x03, 0x05, 0x05, 0x04, 0x06, 0x06, 0x04, 
	0x16, 0x16, 0x1a, 0x1a, 0x16, 0x1b, 0x19, 0x1a, 
	0x1b, 0x1b, 0x1c, 0x16, 0x16, 0x18, 0x18, 0x16, 
	0x04, 0x04, 0x05, 0x06, 0x05, 0x06, 0x06, 0x06, 
	0x06, 0x04, 0x04, 0x04, 0x04, 0x04, 0x05, 0x06, 
	0x16, 0x19, 0x19, 0x17, 0x1c, 0x1c, 0x1c, 0x1c, 
	0x1b, 0x1d, 0x1d, 0x1c, 0x17, 0x13, 0x15, 0x16, 
	0x05, 0x04, 0x05, 0x05, 0x04, 0x06, 0x05, 0x04, 
	0x06, 0x05, 0x06, 0x11, 0x11, 0x04, 0x06, 0x04, 
	0x1a, 0x17, 0x16, 0x18, 0x1a, 0x1b, 0x1d, 0x1b, 
	0x1d, 0x1e, 0x1c, 0x1f, 0x1b, 0x18, 0x17, 0x16, 
	0x04, 0x04, 0x04, 0x05, 0x04, 0x06, 0x04, 0x06, 
	0x06, 0x06, 0x11, 0x14, 0x06, 0x06, 0x06, 0x20, 
	0x1c, 0x19, 0x1a, 0x1a, 0x1f, 0x1d, 0x1b, 0x1b, 
	0x19, 0x1f, 0x1f, 0x1d, 0x1a, 0x16, 0x18, 0x18, 
	0x04, 0x04, 0x06, 0x03, 0x04, 0x04, 0x06, 0x06, 
	0x06, 0x11, 0x06, 0x06, 0x04, 0x04, 0x06, 0x11, 
	0x1d, 0x1e, 0x1d, 0x1c, 0x1c, 0x1d, 0x1c, 0x1d, 
	0x1c, 0x1d, 0x1e, 0x1c, 0x1c, 0x1a, 0x18, 0x12, 
	0x11, 0x06, 0x06, 0x06, 0x04, 0x04, 0x11, 0x06, 
	0x11, 0x06, 0x11, 0x06, 0x06, 0x06, 0x11, 0x14, 
	0x1c, 0x1b, 0x17, 0x19, 0x1b, 0x19, 0x1b, 0x1d, 
	0x1d, 0x1c, 0x1a, 0x1b, 0x1b, 0x1a, 0x16, 0x15, 
	0x06, 0x05, 0x04, 0x11, 0x06, 0x04, 0x14, 0x06, 
	0x14, 0x06, 0x11, 0x11, 0x04, 0x06, 0x04, 0x04, 
	0x13, 0x18, 0x13, 0x17, 0x13, 0x1a, 0x1c, 0x1e, 
	0x1d, 0x19, 0x19, 0x1d, 0x19, 0x19, 0x18, 0x18, 
	0x13, 0x10, 0x16, 0x1a, 0x1c, 0x1c, 0x1b, 0x1a, 
	0x1b, 0x19, 0x19, 0x1c, 0x1a, 0x1b, 0x18, 0x18, 
	0x04, 0x04, 0x06, 0x06, 0x03, 0x11, 0x06, 0x06, 
	0x06, 0x11, 0x06, 0x11, 0x06, 0x06, 0x04, 0x05, 
	0x10, 0x0e, 0x18, 0x16, 0x1b, 0x1c, 0x1f, 0x1d, 
	0x1a, 0x1a, 0x19, 0x1c, 0x1c, 0x15, 0x19, 0x15, 
	0x05, 0x04, 0x04, 0x05, 0x06, 0x11, 0x06, 0x11, 
	0x14, 0x20, 0x04, 0x06, 0x14, 0x06, 0x06, 0x04, 
	0x0e, 0x12, 0x16, 0x16, 0x19, 0x1c, 0x1b, 0x1b, 
	0x19, 0x19, 0x17, 0x1b, 0x1d, 0x1c, 0x17, 0x15, 
	0x05, 0x04, 0x04, 0x04, 0x04, 0x11, 0x11, 0x05, 
	0x14, 0x14, 0x11, 0x05, 0x05, 0x06, 0x05, 0x06, 
	0x0f, 0x13, 0x18, 0x16, 0x1b, 0x1c, 0x1b, 0x1b, 
	0x18, 0x16, 0x15, 0x13, 0x19, 0x19, 0x17, 0x16, 
	0x04, 0x06, 0x04, 0x06, 0x03, 0x04, 0x04, 0x05, 
	0x06, 0x06, 0x06, 0x04, 0x04, 0x05, 0x05, 0x06, 
	0x0d, 0x10, 0x15, 0x13, 0x16, 0x1b, 0x1b, 0x16, 
	0x15, 0x16, 0x18, 0x13, 0x13, 0x15, 0x17, 0x12, 
	0x04, 0x04, 0x06, 0x11, 0x06, 0x04, 0x06, 0x05, 
	0x06, 0x06, 0x11, 0x06, 0x05, 0x05, 0x04, 0x04, 
	0x0d, 0x10, 0x13, 0x18, 0x17, 0x1a, 0x1a, 0x1c, 
	0x1b, 0x17, 0x13, 0x18, 0x10, 0x18, 0x15, 0x10, 
	0x05, 0x04, 0x04, 0x06, 0x04, 0x06, 0x06, 0x06, 
	0x05, 0x06, 0x11, 0x06, 0x06, 0x04, 0x04, 0x05, 
	0x0f, 0x0f, 0x13, 0x15, 0x16, 0x19, 0x17, 0x19, 
	0x1b, 0x16, 0x18, 0x13, 0x0e, 0x10, 0x13, 0x12, 
	0x04, 0x05, 0x06, 0x04, 0x11, 0x06, 0x06, 0x04, 
	0x04, 0x04, 0x11, 0x11, 0x11, 0x11, 0x06, 0x06, 
	0x10, 0x13, 0x18, 0x12, 0x17, 0x18, 0x1a, 0x19, 
	0x1b, 0x19, 0x18, 0x13, 0x13, 0x12, 0x13, 0x12, 
	0x05, 0x05, 0x06, 0x06, 0x04, 0x04, 0x06, 0x06, 
	0x11, 0x06, 0x14, 0x14, 0x14, 0x11, 0x14, 0x06, 
	0x12, 0x10, 0x15, 0x15, 0x18, 0x15, 0x16, 0x18, 
	0x19, 0x16, 0x18, 0x18, 0x13, 0x0e, 0x10, 0x12, 
	0x05, 0x03, 0x04, 0x06, 0x06, 0x06, 0x04, 0x06, 
	0x04, 0x06, 0x14, 0x20, 0x06, 0x06, 0x11, 0x06, 
	0x10, 0x10, 0x10, 0x13, 0x12, 0x13, 0x15, 0x18, 
	0x18, 0x18, 0x16, 0x18, 0x13, 0x0e, 0x10, 0x0e, 
	0x04, 0x03, 0x03, 0x04, 0x11, 0x11, 0x11, 0x06, 
	0x04, 0x04, 0x06, 0x14, 0x14, 0x20, 0x06, 0x06, 
	0x0e, 0x10, 0x12, 0x10, 0x13, 0x13, 0x13, 0x13, 
	0x16, 0x13, 0x15, 0x18, 0x13, 0x13, 0x12, 0x10, 
	0x03, 0x03, 0x03, 0x03, 0x04, 0x04, 0x14, 0x11, 
	0x06, 0x06, 0x06, 0x06, 0x06, 0x06, 0x04, 0x05, 
	0x0f, 0x0b, 0x0f, 0x0d, 0x15, 0x15, 0x10, 0x13, 
	0x18, 0x13, 0x15, 0x18, 0x18, 0x13, 0x0e, 0x0f, 
	0x02, 0x03, 0x03, 0x0c, 0x03, 0x03, 0x06, 0x14, 
	0x06, 0x06, 0x04, 0x04, 0x04, 0x05, 0x03, 0x04, 
	0x0e, 0x0a, 0x0f, 0x10, 0x12, 0x13, 0x12, 0x13, 
	0x13, 0x12, 0x12, 0x12, 0x13, 0x10, 0x13, 0x0e, 
	0x03, 0x03, 0x02, 0x02, 0x02, 0x03, 0x04, 0x06, 
	0x20, 0x06, 0x11, 0x04, 0x03, 0x06, 0x04, 0x05, 
	0x09, 0x07, 0x0d, 0x0e, 0x0e, 0x10, 0x13, 0x10, 
	0x13, 0x12, 0x10, 0x0e, 0x10, 0x0e, 0x0e, 0x10, 
	0x03, 0x03, 0x05, 0x03, 0x03, 0x03, 0x05, 0x03, 
	0x11, 0x20, 0x06, 0x11, 0x11, 0x06, 0x04, 0x03, 
	0x09, 0x07, 0x07, 0x07, 0x0f, 0x0f, 0x0f, 0x0e, 
	0x10, 0x10, 0x10, 0x10, 0x10, 0x0e, 0x0e, 0x0f, 
	0x04, 0x03, 0x03, 0x03, 0x05, 0x03, 0x03, 0x05, 
	0x04, 0x06, 0x05, 0x06, 0x06, 0x06, 0x05, 0x03, 
	0x21, 0x21, 0x07, 0x0b, 0x07, 0x0d, 0x0e, 0x0e, 
	0x0f, 0x0e, 0x10, 0x10, 0x10, 0x0e, 0x0f, 0x10, 
	0x05, 0x03, 0x03, 0x05, 0x03, 0x03, 0x0c, 0x03, 
	0x03, 0x04, 0x05, 0x04, 0x06, 0x05, 0x03, 0x02, 
	
};

Gfx castle_inside_dl_inside_castle_textures_04000_rgba16_pal_rgba16_aligner[] = {gsSPEndDisplayList()};
u8 castle_inside_dl_inside_castle_textures_04000_rgba16_pal_rgba16[] = {
	0x30, 0x43, 0x28, 0x43, 0x38, 0x85, 0x40, 0x85, 
	0x50, 0xc7, 0x48, 0x85, 0x58, 0xc7, 0xd6, 0x8f, 
	0xd6, 0x8d, 0xd6, 0x8b, 0xd6, 0x91, 0xde, 0xd1, 
	0x30, 0x85, 0xde, 0xd3, 0xde, 0xd7, 0xde, 0xd5, 
	0xde, 0xd9, 0x60, 0xc7, 0xde, 0xdb, 0xe7, 0x1d, 
	0x68, 0xc7, 0xe7, 0x1f, 0xe7, 0x23, 0xe7, 0x25, 
	0xe7, 0x21, 0xe7, 0x27, 0xef, 0x67, 0xef, 0x69, 
	0xef, 0x6b, 0xef, 0x6d, 0xf7, 0xb1, 0xef, 0x6f, 
	0x71, 0x09, 0xce, 0x4b, 
};

Gfx castle_inside_dl_inside_castle_textures_03800_rgba16_rgba16_aligner[] = {gsSPEndDisplayList()};
u8 castle_inside_dl_inside_castle_textures_03800_rgba16_rgba16[] = {
	0x31, 0x01, 0x59, 0xc3, 0x59, 0xc3, 0x59, 0xc1, 
	0x59, 0xc1, 0x59, 0xc1, 0x61, 0xc3, 0x61, 0xc3, 
	0x62, 0x03, 0x59, 0xc1, 0x59, 0xc1, 0x62, 0x03, 
	0x59, 0xc1, 0x59, 0xc1, 0x59, 0xc1, 0x59, 0xc1, 
	0x61, 0xc3, 0x62, 0x03, 0x62, 0x03, 0x62, 0x03, 
	0x61, 0xc3, 0x59, 0xc3, 0x62, 0x03, 0x62, 0x03, 
	0x59, 0xc1, 0x61, 0xc3, 0x62, 0x03, 0x61, 0xc3, 
	0x59, 0xc1, 0x61, 0xc3, 0x62, 0x05, 0x51, 0xc5, 
	0x28, 0xc1, 0x61, 0xc3, 0x61, 0xc3, 0x59, 0xc5, 
	0x61, 0xc3, 0x61, 0xc3, 0x62, 0x05, 0x61, 0xc3, 
	0x62, 0x05, 0x61, 0xc3, 0x59, 0xc5, 0x62, 0x03, 
	0x62, 0x03, 0x61, 0xc3, 0x61, 0xc3, 0x61, 0xc3, 
	0x61, 0xc3, 0x61, 0xc3, 0x61, 0xc3, 0x61, 0xc3, 
	0x62, 0x03, 0x61, 0xc3, 0x61, 0xc3, 0x62, 0x05, 
	0x61, 0xc3, 0x62, 0x05, 0x59, 0xc5, 0x61, 0xc3, 
	0x61, 0xc3, 0x59, 0xc5, 0x59, 0xc5, 0x59, 0xc3, 
	0x29, 0x03, 0x59, 0xc5, 0x61, 0xc3, 0x61, 0xc3, 
	0x59, 0xc5, 0x61, 0xc3, 0x59, 0xc5, 0x62, 0x05, 
	0x59, 0xc5, 0x62, 0x05, 0x62, 0x05, 0x61, 0xc3, 
	0x59, 0xc5, 0x62, 0x03, 0x59, 0xc5, 0x59, 0xc5, 
	0x62, 0x05, 0x59, 0xc5, 0x61, 0xc3, 0x61, 0xc3, 
	0x61, 0xc3, 0x61, 0xc3, 0x59, 0xc5, 0x61, 0xc3, 
	0x61, 0xc3, 0x59, 0xc5, 0x61, 0xc3, 0x59, 0xc5, 
	0x61, 0xc3, 0x59, 0xc5, 0x5a, 0x03, 0x62, 0x05, 
	0x28, 0xc1, 0x61, 0xc3, 0x61, 0xc3, 0x61, 0xc3, 
	0x61, 0xc3, 0x61, 0xc3, 0x61, 0xc3, 0x59, 0xc5, 
	0x61, 0xc3, 0x61, 0xc3, 0x62, 0x05, 0x61, 0xc3, 
	0x61, 0xc3, 0x61, 0xc3, 0x59, 0xc5, 0x61, 0xc3, 
	0x61, 0xc3, 0x61, 0xc3, 0x59, 0xc5, 0x59, 0xc5, 
	0x62, 0x05, 0x61, 0xc3, 0x61, 0xc3, 0x59, 0xc5, 
	0x61, 0xc3, 0x61, 0xc3, 0x59, 0xc5, 0x61, 0xc3, 
	0x61, 0xc3, 0x61, 0xc3, 0x59, 0xc5, 0x59, 0xc3, 
	0x28, 0xc3, 0x61, 0xc3, 0x61, 0xc3, 0x59, 0xc1, 
	0x61, 0xc3, 0x59, 0xc5, 0x61, 0xc3, 0x59, 0xc5, 
	0x62, 0x05, 0x61, 0xc3, 0x59, 0xc5, 0x61, 0xc3, 
	0x61, 0xc3, 0x59, 0xc5, 0x61, 0xc3, 0x61, 0xc3, 
	0x61, 0xc3, 0x62, 0x05, 0x61, 0xc3, 0x61, 0xc3, 
	0x61, 0xc3, 0x62, 0x05, 0x62, 0x05, 0x62, 0x03, 
	0x62, 0x05, 0x62, 0x05, 0x61, 0xc3, 0x61, 0xc3, 
	0x61, 0xc3, 0x61, 0xc3, 0x62, 0x05, 0x62, 0x05, 
	0x28, 0xc3, 0x61, 0xc3, 0x61, 0xc3, 0x61, 0xc3, 
	0x61, 0xc3, 0x61, 0xc3, 0x59, 0xc5, 0x62, 0x05, 
	0x61, 0xc3, 0x59, 0xc5, 0x61, 0xc3, 0x61, 0xc3, 
	0x59, 0xc5, 0x61, 0xc3, 0x61, 0xc3, 0x61, 0xc3, 
	0x61, 0xc3, 0x59, 0xc5, 0x61, 0xc3, 0x61, 0xc3, 
	0x61, 0xc3, 0x61, 0xc3, 0x59, 0xc5, 0x61, 0xc3, 
	0x61, 0xc3, 0x61, 0xc3, 0x59, 0xc5, 0x61, 0xc3, 
	0x59, 0xc5, 0x61, 0xc3, 0x61, 0xc3, 0x59, 0xc3, 
	0x29, 0x03, 0x59, 0xc5, 0x61, 0xc3, 0x59, 0xc5, 
	0x59, 0xc5, 0x62, 0x05, 0x62, 0x05, 0x61, 0xc3, 
	0x62, 0x05, 0x59, 0xc5, 0x61, 0xc3, 0x61, 0xc3, 
	0x62, 0x05, 0x61, 0xc3, 0x62, 0x05, 0x61, 0xc3, 
	0x61, 0xc3, 0x61, 0xc3, 0x59, 0xc5, 0x61, 0xc3, 
	0x61, 0xc3, 0x59, 0xc5, 0x61, 0xc3, 0x59, 0xc5, 
	0x62, 0x05, 0x62, 0x05, 0x61, 0xc3, 0x61, 0xc3, 
	0x62, 0x05, 0x61, 0xc3, 0x59, 0xc5, 0x62, 0x05, 
	0x20, 0x81, 0x39, 0x03, 0x31, 0x01, 0x39, 0x03, 
	0x31, 0x01, 0x39, 0x43, 0x39, 0x03, 0x31, 0x01, 
	0x39, 0x43, 0x39, 0x43, 0x39, 0x43, 0x39, 0x03, 
	0x39, 0x03, 0x39, 0x43, 0x31, 0x01, 0x31, 0x01, 
	0x39, 0x43, 0x39, 0x03, 0x39, 0x43, 0x31, 0x01, 
	0x31, 0x01, 0x39, 0x03, 0x39, 0x43, 0x39, 0x43, 
	0x39, 0x43, 0x39, 0x43, 0x39, 0x43, 0x39, 0x03, 
	0x39, 0x43, 0x31, 0x01, 0x39, 0x03, 0x39, 0x01, 
	0x72, 0x89, 0x72, 0x89, 0x72, 0x89, 0x7a, 0xc9, 
	0x72, 0x89, 0x72, 0xcb, 0x7a, 0xc9, 0x72, 0x89, 
	0x7a, 0xc9, 0x72, 0xcb, 0x72, 0xcb, 0x72, 0x89, 
	0x72, 0x89, 0x72, 0x89, 0x72, 0x89, 0x6a, 0x89, 
	0x49, 0x85, 0x72, 0xcb, 0x72, 0x89, 0x72, 0xc9, 
	0x7a, 0xc9, 0x72, 0x89, 0x72, 0xcb, 0x72, 0x89, 
	0x72, 0x89, 0x72, 0x89, 0x7a, 0xc9, 0x72, 0x89, 
	0x7a, 0xc9, 0x7a, 0xc9, 0x72, 0x89, 0x7a, 0xc9, 
	0x72, 0x89, 0x7a, 0xc9, 0x7a, 0xc9, 0x72, 0xcb, 
	0x7a, 0xcb, 0x72, 0x89, 0x72, 0x87, 0x7a, 0xc9, 
	0x72, 0x87, 0x72, 0xcb, 0x7a, 0xcb, 0x72, 0x87, 
	0x72, 0x89, 0x72, 0x87, 0x72, 0x87, 0x7b, 0x0b, 
	0x39, 0x45, 0x72, 0xcb, 0x7a, 0xcb, 0x72, 0x89, 
	0x7a, 0xc9, 0x7a, 0xc9, 0x7a, 0xc9, 0x7a, 0xc9, 
	0x72, 0xcb, 0x7a, 0xc9, 0x72, 0x89, 0x7a, 0xcb, 
	0x72, 0xcb, 0x7a, 0xcb, 0x72, 0xcb, 0x7a, 0xcb, 
	0x7a, 0xcb, 0x72, 0x89, 0x7a, 0xc9, 0x72, 0xcb, 
	0x72, 0xcb, 0x7a, 0xc9, 0x7a, 0xcb, 0x7b, 0x0b, 
	0x72, 0x87, 0x7a, 0xcb, 0x7a, 0xcb, 0x72, 0x89, 
	0x7a, 0xc9, 0x72, 0x87, 0x72, 0x89, 0x7b, 0x0b, 
	0x41, 0x85, 0x7a, 0xc9, 0x7a, 0xcb, 0x83, 0x0b, 
	0x83, 0x0d, 0x7a, 0xcb, 0x7a, 0xc9, 0x72, 0x87, 
	0x72, 0xcb, 0x7a, 0xc9, 0x72, 0xcb, 0x72, 0xcb, 
	0x7a, 0xcb, 0x72, 0xcb, 0x72, 0xcb, 0x72, 0xcb, 
	0x7a, 0xcb, 0x72, 0x89, 0x7a, 0xc9, 0x7b, 0x0d, 
	0x72, 0x89, 0x72, 0xcb, 0x7a, 0xc9, 0x72, 0xcb, 
	0x72, 0x89, 0x7a, 0xc9, 0x72, 0xcb, 0x7a, 0xc9, 
	0x72, 0x89, 0x72, 0x89, 0x7a, 0xcb, 0x72, 0xc9, 
	0x41, 0x85, 0x7a, 0xcb, 0x72, 0x89, 0x72, 0x89, 
	0x7a, 0xc9, 0x72, 0xcb, 0x72, 0xc9, 0x7a, 0xcb, 
	0x72, 0x89, 0x7a, 0xc9, 0x72, 0xcb, 0x72, 0x89, 
	0x7a, 0xcb, 0x72, 0xcb, 0x72, 0xcb, 0x7a, 0xcb, 
	0x72, 0x89, 0x72, 0x87, 0x72, 0xcb, 0x83, 0x0d, 
	0x83, 0x0d, 0x72, 0x89, 0x7b, 0x0b, 0x72, 0xcb, 
	0x72, 0x89, 0x7a, 0xcb, 0x7a, 0xc9, 0x7a, 0xcb, 
	0x72, 0x89, 0x72, 0xcb, 0x72, 0x89, 0x72, 0xc9, 
	0x41, 0x85, 0x7a, 0xc9, 0x72, 0xcb, 0x72, 0xcb, 
	0x7a, 0xc9, 0x7a, 0xcb, 0x7a, 0xc9, 0x72, 0x89, 
	0x72, 0x89, 0x7a, 0xc9, 0x7a, 0xcb, 0x72, 0x89, 
	0x7a, 0xcb, 0x72, 0xcb, 0x72, 0x89, 0x7a, 0xcb, 
	0x7a, 0xcb, 0x7a, 0xcb, 0x72, 0xcb, 0x72, 0xcb, 
	0x72, 0xcb, 0x7a, 0xcb, 0x72, 0xcb, 0x72, 0xcb, 
	0x7a, 0xcb, 0x72, 0xcb, 0x7a, 0xc9, 0x72, 0x89, 
	0x72, 0xcb, 0x7a, 0xc9, 0x72, 0xcb, 0x72, 0x89, 
	0x39, 0x45, 0x72, 0xcb, 0x72, 0x89, 0x72, 0xc9, 
	0x7a, 0xcb, 0x72, 0xcb, 0x7a, 0xc9, 0x72, 0xcb, 
	0x7a, 0xc9, 0x7a, 0xcb, 0x72, 0x89, 0x7a, 0xcb, 
	0x72, 0xcb, 0x7a, 0xc9, 0x7a, 0xcb, 0x72, 0xcb, 
	0x72, 0xcb, 0x7a, 0xcb, 0x7a, 0xc9, 0x72, 0xcb, 
	0x72, 0x89, 0x72, 0xcb, 0x72, 0xcb, 0x72, 0x87, 
	0x72, 0xcb, 0x7a, 0xcb, 0x7a, 0xc9, 0x7a, 0xc9, 
	0x72, 0xcb, 0x72, 0x89, 0x72, 0xcb, 0x72, 0x89, 
	0x39, 0x45, 0x72, 0xc9, 0x72, 0x89, 0x6a, 0x47, 
	0x7a, 0xcb, 0x72, 0x89, 0x72, 0x89, 0x7a, 0xc9, 
	0x7a, 0xc9, 0x72, 0x89, 0x72, 0x89, 0x72, 0xcb, 
	0x72, 0xcb, 0x72, 0x89, 0x72, 0x89, 0x72, 0x87, 
	0x39, 0x45, 0x39, 0x45, 0x39, 0x45, 0x41, 0x85, 
	0x41, 0x87, 0x41, 0x85, 0x41, 0x85, 0x41, 0x87, 
	0x41, 0x85, 0x41, 0x85, 0x41, 0x85, 0x41, 0x87, 
	0x41, 0x87, 0x39, 0x85, 0x41, 0x85, 0x49, 0xc5, 
	0x28, 0xc3, 0x41, 0x85, 0x41, 0x85, 0x41, 0x85, 
	0x41, 0x85, 0x41, 0x85, 0x41, 0x85, 0x41, 0x85, 
	0x41, 0x45, 0x41, 0x87, 0x41, 0x87, 0x41, 0x85, 
	0x41, 0x85, 0x39, 0x45, 0x41, 0x87, 0x39, 0x45, 
	0x31, 0x01, 0x61, 0xc3, 0x59, 0xc1, 0x59, 0xc3, 
	0x61, 0xc3, 0x59, 0xc3, 0x59, 0xc1, 0x59, 0xc3, 
	0x59, 0xc3, 0x61, 0xc3, 0x62, 0x05, 0x62, 0x05, 
	0x61, 0xc3, 0x61, 0xc3, 0x59, 0xc3, 0x61, 0xc3, 
	0x59, 0xc3, 0x61, 0xc3, 0x61, 0xc3, 0x59, 0xc3, 
	0x59, 0xc3, 0x59, 0xc3, 0x51, 0xc3, 0x51, 0xc3, 
	0x59, 0xc3, 0x51, 0xc3, 0x51, 0xc3, 0x59, 0xc3, 
	0x59, 0xc3, 0x59, 0xc3, 0x59, 0xc3, 0x59, 0xc3, 
	0x28, 0xc1, 0x51, 0xc3, 0x59, 0xc5, 0x59, 0xc1, 
	0x59, 0xc1, 0x62, 0x05, 0x51, 0xc3, 0x59, 0xc1, 
	0x59, 0xc1, 0x62, 0x05, 0x59, 0xc5, 0x61, 0xc3, 
	0x51, 0xc3, 0x59, 0xc1, 0x61, 0xc3, 0x59, 0xc1, 
	0x61, 0xc3, 0x61, 0xc3, 0x61, 0xc3, 0x62, 0x03, 
	0x62, 0x05, 0x59, 0xc1, 0x61, 0xc3, 0x59, 0xc1, 
	0x59, 0xc1, 0x51, 0xc3, 0x59, 0xc1, 0x62, 0x05, 
	0x59, 0xc5, 0x62, 0x05, 0x59, 0xc5, 0x59, 0xc3, 
	0x28, 0xc1, 0x61, 0xc3, 0x61, 0xc3, 0x61, 0xc3, 
	0x62, 0x05, 0x59, 0xc1, 0x62, 0x05, 0x59, 0xc1, 
	0x62, 0x05, 0x62, 0x05, 0x59, 0xc1, 0x61, 0xc3, 
	0x61, 0xc3, 0x59, 0xc5, 0x59, 0xc5, 0x59, 0xc1, 
	0x62, 0x05, 0x62, 0x05, 0x51, 0xc3, 0x51, 0xc3, 
	0x61, 0xc3, 0x51, 0xc3, 0x6a, 0x05, 0x59, 0xc1, 
	0x61, 0xc3, 0x59, 0xc1, 0x51, 0xc3, 0x62, 0x05, 
	0x61, 0xc3, 0x62, 0x05, 0x62, 0x05, 0x62, 0x05, 
	0x31, 0x03, 0x61, 0xc3, 0x61, 0xc3, 0x62, 0x05, 
	0x59, 0xc5, 0x59, 0xc5, 0x59, 0xc1, 0x61, 0xc3, 
	0x59, 0xc1, 0x59, 0xc1, 0x59, 0xc5, 0x59, 0xc1, 
	0x61, 0xc3, 0x51, 0xc3, 0x61, 0xc3, 0x51, 0xc3, 
	0x61, 0xc3, 0x59, 0xc1, 0x62, 0x03, 0x61, 0xc3, 
	0x62, 0x05, 0x51, 0xc3, 0x62, 0x05, 0x61, 0xc3, 
	0x61, 0xc3, 0x61, 0xc3, 0x51, 0xc3, 0x61, 0xc3, 
	0x59, 0xc1, 0x51, 0xc3, 0x62, 0x05, 0x59, 0xc3, 
	0x28, 0xc3, 0x62, 0x05, 0x59, 0xc1, 0x59, 0xc1, 
	0x51, 0xc3, 0x59, 0xc1, 0x59, 0xc5, 0x62, 0x05, 
	0x62, 0x05, 0x59, 0xc1, 0x51, 0xc3, 0x61, 0xc3, 
	0x62, 0x05, 0x62, 0x05, 0x59, 0xc1, 0x59, 0xc1, 
	0x59, 0xc1, 0x59, 0xc1, 0x51, 0xc3, 0x62, 0x05, 
	0x59, 0xc1, 0x61, 0xc3, 0x59, 0xc1, 0x51, 0xc3, 
	0x51, 0xc3, 0x62, 0x05, 0x62, 0x05, 0x61, 0xc3, 
	0x51, 0xc3, 0x51, 0xc3, 0x51, 0xc3, 0x59, 0xc3, 
	0x28, 0xc3, 0x51, 0xc3, 0x59, 0xc1, 0x59, 0xc1, 
	0x62, 0x05, 0x59, 0xc1, 0x51, 0xc3, 0x59, 0xc1, 
	0x59, 0xc1, 0x61, 0xc3, 0x59, 0xc1, 0x62, 0x05, 
	0x62, 0x05, 0x59, 0xc1, 0x62, 0x05, 0x51, 0xc3, 
	0x59, 0xc1, 0x62, 0x05, 0x62, 0x05, 0x59, 0xc5, 
	0x59, 0xc5, 0x51, 0xc3, 0x62, 0x05, 0x59, 0xc1, 
	0x51, 0xc3, 0x51, 0xc3, 0x51, 0xc3, 0x62, 0x05, 
	0x62, 0x05, 0x62, 0x05, 0x5a, 0x03, 0x59, 0xc3, 
	0x28, 0xc1, 0x59, 0xc1, 0x61, 0xc3, 0x62, 0x05, 
	0x62, 0x05, 0x62, 0x05, 0x62, 0x03, 0x59, 0xc1, 
	0x59, 0xc1, 0x59, 0xc1, 0x62, 0x03, 0x59, 0xc5, 
	0x51, 0xc3, 0x59, 0xc1, 0x59, 0xc1, 0x59, 0xc1, 
	0x61, 0xc3, 0x59, 0xc5, 0x59, 0xc1, 0x51, 0xc3, 
	0x59, 0xc1, 0x62, 0x03, 0x61, 0xc3, 0x59, 0xc1, 
	0x62, 0x05, 0x51, 0xc3, 0x59, 0xc1, 0x59, 0xc1, 
	0x62, 0x05, 0x59, 0xc1, 0x62, 0x05, 0x59, 0xc3, 
	0x20, 0x81, 0x39, 0x03, 0x39, 0x03, 0x39, 0x01, 
	0x39, 0x01, 0x39, 0x01, 0x31, 0x01, 0x39, 0x01, 
	0x39, 0x03, 0x31, 0x01, 0x39, 0x03, 0x39, 0x03, 
	0x31, 0x01, 0x31, 0x01, 0x39, 0x01, 0x39, 0x03, 
	0x39, 0x43, 0x31, 0x01, 0x39, 0x03, 0x31, 0x01, 
	0x39, 0x01, 0x39, 0x03, 0x39, 0x03, 0x31, 0x01, 
	0x39, 0x03, 0x31, 0x01, 0x39, 0x03, 0x31, 0x01, 
	0x31, 0x01, 0x39, 0x03, 0x39, 0x01, 0x41, 0x43, 
	0x7b, 0x0b, 0x72, 0xc9, 0x6a, 0x89, 0x6a, 0x89, 
	0x7a, 0xc9, 0x7a, 0xc9, 0x72, 0x89, 0x72, 0xc9, 
	0x7a, 0xc9, 0x7a, 0xc9, 0x72, 0xc9, 0x72, 0x89, 
	0x72, 0x89, 0x72, 0xc9, 0x7a, 0xc9, 0x6a, 0x89, 
	0x39, 0x45, 0x72, 0xc9, 0x72, 0xc9, 0x6a, 0x49, 
	0x7a, 0xc9, 0x6a, 0x49, 0x72, 0xc9, 0x7a, 0xc9, 
	0x72, 0x89, 0x6a, 0x89, 0x7a, 0xc9, 0x72, 0xc9, 
	0x7a, 0xc9, 0x6a, 0x49, 0x7a, 0xc9, 0x7a, 0xc9, 
	0x7a, 0xc9, 0x7b, 0x0b, 0x7a, 0xc9, 0x72, 0x89, 
	0x72, 0xcb, 0x72, 0x89, 0x7a, 0xc9, 0x7a, 0xc9, 
	0x72, 0xcb, 0x7a, 0xc9, 0x7a, 0xc9, 0x7a, 0xc9, 
	0x7a, 0xc9, 0x72, 0x89, 0x72, 0xc9, 0x7a, 0xc9, 
	0x39, 0x43, 0x72, 0x89, 0x72, 0xc9, 0x7a, 0xc9, 
	0x7a, 0xc9, 0x7a, 0xc9, 0x7a, 0xc9, 0x7a, 0xc9, 
	0x72, 0x89, 0x72, 0x89, 0x72, 0x89, 0x72, 0x89, 
	0x7a, 0xc9, 0x72, 0x89, 0x72, 0x89, 0x72, 0xcb, 
	0x72, 0x89, 0x72, 0x89, 0x72, 0xc9, 0x7a, 0xc9, 
	0x72, 0xc9, 0x72, 0x89, 0x72, 0x89, 0x72, 0x89, 
	0x7a, 0xc9, 0x72, 0x89, 0x7a, 0xc9, 0x72, 0xc9, 
	0x72, 0xcb, 0x72, 0x89, 0x72, 0xc9, 0x72, 0xc9, 
	0x41, 0x85, 0x72, 0xc9, 0x7a, 0xc9, 0x7a, 0xc9, 
	0x72, 0x89, 0x7a, 0xc9, 0x72, 0x89, 0x72, 0x89, 
	0x72, 0xcb, 0x72, 0x89, 0x72, 0xcb, 0x7a, 0xc9, 
	0x7a, 0xc9, 0x72, 0x89, 0x72, 0x89, 0x72, 0xcb, 
	0x72, 0xc9, 0x72, 0x89, 0x72, 0x89, 0x72, 0x89, 
	0x7a, 0xc9, 0x72, 0xcb, 0x7a, 0xc9, 0x72, 0x89, 
	0x72, 0x89, 0x72, 0x89, 0x7a, 0xc9, 0x7a, 0xc9, 
	0x7a, 0xc9, 0x72, 0x89, 0x72, 0x89, 0x72, 0x89, 
	0x41, 0x85, 0x72, 0xcb, 0x72, 0xcb, 0x72, 0xcb, 
	0x72, 0x89, 0x7a, 0xc9, 0x7a, 0xc9, 0x7a, 0xc9, 
	0x72, 0x89, 0x7a, 0xc9, 0x7a, 0xc9, 0x72, 0xcb, 
	0x7a, 0xc9, 0x72, 0xcb, 0x72, 0xc9, 0x72, 0xcb, 
	0x7a, 0xc9, 0x72, 0x89, 0x7a, 0xc9, 0x72, 0x89, 
	0x72, 0x89, 0x72, 0x89, 0x72, 0x89, 0x72, 0x89, 
	0x72, 0x89, 0x72, 0x89, 0x72, 0x89, 0x72, 0xcb, 
	0x7a, 0xc9, 0x72, 0x89, 0x7a, 0xc9, 0x7a, 0xc9, 
	0x41, 0x85, 0x72, 0x89, 0x7a, 0xc9, 0x72, 0x89, 
	0x72, 0x89, 0x72, 0xcb, 0x72, 0x89, 0x72, 0x89, 
	0x72, 0x89, 0x72, 0xcb, 0x72, 0x89, 0x72, 0x89, 
	0x72, 0x89, 0x72, 0xc9, 0x72, 0xc9, 0x72, 0xc9, 
	0x72, 0xc9, 0x72, 0x89, 0x72, 0x89, 0x72, 0x89, 
	0x72, 0xcb, 0x72, 0xcb, 0x72, 0xc9, 0x72, 0x89, 
	0x7a, 0xc9, 0x7a, 0xc9, 0x7a, 0xc9, 0x7a, 0xc9, 
	0x72, 0x89, 0x7a, 0xc9, 0x72, 0x89, 0x7a, 0xcb, 
	0x41, 0x85, 0x7a, 0xc9, 0x7a, 0xc9, 0x7a, 0xc9, 
	0x72, 0xcb, 0x7a, 0xc9, 0x7a, 0xc9, 0x72, 0xc9, 
	0x72, 0x89, 0x72, 0xcb, 0x7a, 0xc9, 0x72, 0x89, 
	0x72, 0x89, 0x7a, 0xc9, 0x72, 0x89, 0x7a, 0xc9, 
	0x72, 0xcb, 0x72, 0x89, 0x72, 0x89, 0x72, 0x89, 
	0x72, 0xcb, 0x72, 0xcb, 0x72, 0x89, 0x72, 0xc9, 
	0x72, 0x89, 0x72, 0x89, 0x7a, 0xc9, 0x7a, 0xc9, 
	0x7a, 0xcb, 0x72, 0x89, 0x72, 0x89, 0x7a, 0xcb, 
	0x41, 0x45, 0x7a, 0xc9, 0x7a, 0xc9, 0x72, 0x89, 
	0x72, 0xcb, 0x72, 0xc9, 0x7a, 0xc9, 0x72, 0x89, 
	0x72, 0xcb, 0x72, 0xc9, 0x7a, 0xc9, 0x72, 0x89, 
	0x72, 0xc9, 0x72, 0xcb, 0x72, 0xc9, 0x7a, 0xc9, 
	0x41, 0x85, 0x41, 0x85, 0x41, 0x85, 0x41, 0x85, 
	0x41, 0x85, 0x41, 0x85, 0x41, 0x85, 0x41, 0x85, 
	0x41, 0x85, 0x41, 0x87, 0x41, 0x85, 0x41, 0x87, 
	0x41, 0x87, 0x41, 0x87, 0x41, 0x87, 0x49, 0xc7, 
	0x29, 0x03, 0x41, 0x85, 0x41, 0x87, 0x41, 0x85, 
	0x41, 0x85, 0x41, 0x85, 0x41, 0x87, 0x41, 0x85, 
	0x41, 0x87, 0x41, 0x85, 0x41, 0x85, 0x41, 0x85, 
	0x41, 0x85, 0x41, 0x85, 0x41, 0x85, 0x41, 0x85, 
	
};

Gfx castle_inside_dl_inside_castle_textures_07000_rgba16_rgba16_aligner[] = {gsSPEndDisplayList()};
u8 castle_inside_dl_inside_castle_textures_07000_rgba16_rgba16[] = {
	0x19, 0x07, 0x29, 0x4b, 0x31, 0x4d, 0x31, 0x8f, 
	0x39, 0xd1, 0x31, 0x8d, 0x18, 0xc9, 0x29, 0x4b, 
	0x39, 0x8d, 0x39, 0xd1, 0x3a, 0x11, 0x42, 0x11, 
	0x31, 0xcd, 0x29, 0x8b, 0x39, 0x8f, 0x41, 0xd1, 
	0x39, 0xd1, 0x3a, 0x11, 0x39, 0xcf, 0x42, 0x11, 
	0x3a, 0x11, 0x42, 0x11, 0x39, 0xd1, 0x31, 0x8f, 
	0x31, 0x8d, 0x31, 0x8d, 0x3a, 0x11, 0x31, 0x8b, 
	0x29, 0x4b, 0x21, 0x4d, 0x29, 0x4b, 0x18, 0xc7, 
	0x20, 0xc9, 0x31, 0x8d, 0x31, 0xcf, 0x39, 0xd1, 
	0x42, 0x11, 0x31, 0xcd, 0x21, 0x4b, 0x31, 0x4d, 
	0x39, 0xcf, 0x42, 0x11, 0x4a, 0x11, 0x4a, 0x51, 
	0x39, 0xd1, 0x39, 0xd1, 0x42, 0x11, 0x42, 0x13, 
	0x42, 0x11, 0x42, 0x11, 0x3a, 0x11, 0x42, 0x53, 
	0x4a, 0x53, 0x42, 0x13, 0x39, 0xd3, 0x39, 0xcf, 
	0x31, 0x8d, 0x39, 0xd1, 0x42, 0x51, 0x31, 0x8f, 
	0x31, 0x4d, 0x29, 0x4d, 0x29, 0x4b, 0x21, 0x09, 
	0x29, 0x09, 0x29, 0x4d, 0x39, 0xcf, 0x3a, 0x11, 
	0x42, 0x11, 0x3a, 0x11, 0x29, 0x0b, 0x31, 0x4f, 
	0x39, 0xcf, 0x42, 0x13, 0x52, 0x95, 0x42, 0x53, 
	0x42, 0x11, 0x42, 0x11, 0x4a, 0x51, 0x4a, 0x93, 
	0x4a, 0x93, 0x42, 0x53, 0x3a, 0x53, 0x52, 0x93, 
	0x4a, 0x55, 0x4a, 0x55, 0x42, 0x13, 0x39, 0xd1, 
	0x31, 0xcd, 0x41, 0xcf, 0x42, 0x15, 0x39, 0xcf, 
	0x29, 0x8d, 0x31, 0x8b, 0x29, 0x4d, 0x21, 0x09, 
	0x21, 0x09, 0x31, 0xcd, 0x39, 0xd1, 0x3a, 0x13, 
	0x4a, 0x13, 0x4a, 0x13, 0x29, 0x4b, 0x31, 0xcd, 
	0x3a, 0x11, 0x4a, 0x53, 0x52, 0x95, 0x4a, 0x97, 
	0x42, 0x13, 0x4a, 0x55, 0x52, 0x55, 0x52, 0x95, 
	0x4a, 0x97, 0x42, 0x93, 0x4a, 0x13, 0x4a, 0x95, 
	0x4a, 0x95, 0x4a, 0x97, 0x4a, 0x95, 0x41, 0xd1, 
	0x39, 0xcf, 0x39, 0xcf, 0x52, 0x97, 0x42, 0x11, 
	0x3a, 0x11, 0x39, 0x8d, 0x29, 0x4d, 0x21, 0x0b, 
	0x21, 0x0b, 0x39, 0xcf, 0x39, 0xd1, 0x4a, 0x53, 
	0x4a, 0x53, 0x4a, 0x55, 0x31, 0x4d, 0x39, 0xcf, 
	0x42, 0x13, 0x52, 0x95, 0x5b, 0x19, 0x5a, 0x97, 
	0x52, 0x55, 0x52, 0x95, 0x5a, 0xd7, 0x5b, 0x19, 
	0x62, 0xd7, 0x52, 0x97, 0x4a, 0x97, 0x52, 0xd5, 
	0x5a, 0xd7, 0x5a, 0x95, 0x52, 0x95, 0x42, 0x53, 
	0x41, 0xcf, 0x42, 0x53, 0x52, 0x97, 0x4a, 0x53, 
	0x4a, 0x11, 0x39, 0xcf, 0x29, 0x4f, 0x21, 0x0b, 
	0x31, 0x4d, 0x3a, 0x0d, 0x4a, 0x53, 0x52, 0x97, 
	0x52, 0x99, 0x4a, 0x97, 0x31, 0x4f, 0x41, 0xd1, 
	0x4a, 0x93, 0x52, 0xd9, 0x63, 0x1b, 0x62, 0xd9, 
	0x52, 0x99, 0x52, 0x97, 0x5b, 0x19, 0x6b, 0x19, 
	0x6b, 0x5b, 0x62, 0xd9, 0x5a, 0xd9, 0x5a, 0xd9, 
	0x63, 0x17, 0x5a, 0xd7, 0x4a, 0x95, 0x4a, 0x53, 
	0x3a, 0x13, 0x42, 0x53, 0x52, 0x97, 0x4a, 0x53, 
	0x4a, 0x51, 0x41, 0xd3, 0x31, 0x8d, 0x29, 0x4b, 
	0x29, 0x8d, 0x39, 0xd1, 0x42, 0x95, 0x5a, 0xd7, 
	0x52, 0xdb, 0x5a, 0x95, 0x39, 0xcd, 0x41, 0xcf, 
	0x52, 0x97, 0x5b, 0x19, 0x5b, 0x5b, 0x6b, 0x5b, 
	0x62, 0xd7, 0x52, 0xd7, 0x6b, 0x1b, 0x6b, 0x5b, 
	0x63, 0x1d, 0x63, 0x5b, 0x5a, 0x99, 0x63, 0x19, 
	0x62, 0xd7, 0x53, 0x19, 0x42, 0x93, 0x4a, 0x95, 
	0x41, 0xd1, 0x4a, 0x51, 0x52, 0x97, 0x4a, 0x95, 
	0x42, 0x95, 0x32, 0x0f, 0x31, 0x8b, 0x29, 0x4b, 
	0x29, 0x8f, 0x42, 0x0f, 0x52, 0x53, 0x62, 0xd9, 
	0x63, 0x19, 0x5a, 0x97, 0x39, 0x91, 0x42, 0x51, 
	0x4a, 0x57, 0x5a, 0xd9, 0x63, 0x9f, 0x6b, 0x5f, 
	0x62, 0xd9, 0x63, 0x17, 0x6b, 0x5d, 0x6b, 0xdd, 
	0x73, 0x9f, 0x63, 0x9b, 0x5b, 0x59, 0x73, 0x5b, 
	0x6b, 0x19, 0x52, 0xd7, 0x4a, 0x55, 0x42, 0x53, 
	0x42, 0x13, 0x42, 0x53, 0x52, 0x97, 0x52, 0x95, 
	0x4a, 0x95, 0x39, 0xd1, 0x29, 0x4b, 0x29, 0x4b, 
	0x29, 0x8d, 0x42, 0x11, 0x52, 0xd7, 0x63, 0x1b, 
	0x6b, 0x5d, 0x5b, 0x5b, 0x39, 0x8d, 0x41, 0xcf, 
	0x4a, 0xd7, 0x63, 0x1d, 0x7b, 0x9f, 0x7b, 0x9f, 
	0x63, 0x5d, 0x5b, 0x1b, 0x73, 0x9d, 0x7b, 0xdf, 
	0x7b, 0xdf, 0x6b, 0x9d, 0x6b, 0x9b, 0x6b, 0x61, 
	0x6b, 0x5d, 0x62, 0x99, 0x4a, 0x95, 0x4a, 0x51, 
	0x42, 0x53, 0x42, 0x95, 0x5a, 0xd9, 0x6b, 0x59, 
	0x52, 0xd7, 0x42, 0x93, 0x39, 0x8f, 0x29, 0x4b, 
	0x29, 0x8d, 0x42, 0x13, 0x52, 0xd7, 0x63, 0x1b, 
	0x73, 0x9d, 0x63, 0x5b, 0x3a, 0x0f, 0x4a, 0x13, 
	0x52, 0xd7, 0x6b, 0x1d, 0x7b, 0x9f, 0x7c, 0x1f, 
	0x63, 0x1d, 0x63, 0x1b, 0x73, 0xa1, 0x7c, 0x1f, 
	0x84, 0x63, 0x73, 0xe1, 0x6b, 0x9d, 0x74, 0x1f, 
	0x7b, 0x9d, 0x6b, 0x5b, 0x52, 0x53, 0x42, 0x51, 
	0x4a, 0x11, 0x4a, 0x53, 0x6b, 0x1b, 0x63, 0x5b, 
	0x63, 0x5b, 0x52, 0xd7, 0x3a, 0x0f, 0x29, 0x8d, 
	0x31, 0xcf, 0x4a, 0x55, 0x63, 0x1b, 0x6b, 0x5d, 
	0x73, 0x5f, 0x63, 0x59, 0x39, 0xd1, 0x42, 0x51, 
	0x62, 0xd7, 0x63, 0x5b, 0x7b, 0xa1, 0x74, 0x23, 
	0x6b, 0x9f, 0x6b, 0x9b, 0x7c, 0x21, 0x84, 0x25, 
	0x8c, 0x63, 0x84, 0x21, 0x7b, 0x9d, 0x83, 0xe1, 
	0x7c, 0x21, 0x63, 0x5d, 0x5a, 0x93, 0x52, 0x57, 
	0x49, 0xd1, 0x4a, 0xd3, 0x73, 0x9d, 0x73, 0x9b, 
	0x63, 0x5b, 0x5a, 0xd7, 0x42, 0x53, 0x39, 0x8b, 
	0x31, 0xd1, 0x52, 0x93, 0x63, 0x1b, 0x6b, 0x5d, 
	0x73, 0xe1, 0x6b, 0x1d, 0x39, 0xd1, 0x52, 0x53, 
	0x6b, 0x5b, 0x73, 0x9d, 0x74, 0x21, 0x83, 0xe3, 
	0x83, 0xe1, 0x6b, 0xdd, 0x7b, 0xe5, 0x84, 0x63, 
	0x94, 0xa5, 0x84, 0x65, 0x7c, 0x23, 0x8c, 0x25, 
	0x84, 0x23, 0x63, 0xdf, 0x6b, 0x19, 0x52, 0xd9, 
	0x49, 0xd1, 0x52, 0x93, 0x73, 0xe1, 0x73, 0x9f, 
	0x63, 0xdd, 0x5a, 0xdb, 0x4a, 0x97, 0x41, 0x8f, 
	0x3a, 0x0d, 0x5a, 0x95, 0x63, 0x5b, 0x7b, 0xdf, 
	0x84, 0x23, 0x6b, 0x9f, 0x4a, 0x55, 0x4a, 0x53, 
	0x73, 0x9d, 0x83, 0xdf, 0x7c, 0x25, 0x8c, 0x65, 
	0x74, 0x1d, 0x6c, 0x21, 0x84, 0x63, 0x8c, 0xe7, 
	0x8c, 0xe3, 0x8c, 0x67, 0x84, 0x63, 0x8c, 0x65, 
	0x8c, 0xa3, 0x73, 0xa1, 0x63, 0x5b, 0x63, 0x5b, 
	0x42, 0x97, 0x5a, 0xd9, 0x83, 0xdf, 0x7b, 0xdf, 
	0x6b, 0x9b, 0x6a, 0xd9, 0x5a, 0x97, 0x39, 0x8f, 
	0x41, 0xd1, 0x52, 0x99, 0x73, 0x5f, 0x7c, 0x21, 
	0x7b, 0xe1, 0x7c, 0x1d, 0x42, 0x53, 0x5a, 0xd7, 
	0x7b, 0x9d, 0x8c, 0x61, 0x94, 0x63, 0x84, 0x67, 
	0x83, 0xe3, 0x7b, 0xa1, 0x84, 0x65, 0x94, 0xa5, 
	0x8c, 0xe5, 0x8c, 0x25, 0x84, 0x25, 0x8c, 0xa5, 
	0x94, 0x65, 0x8b, 0xe1, 0x73, 0x9d, 0x63, 0x1b, 
	0x4a, 0x55, 0x5b, 0x1b, 0x84, 0x25, 0x84, 0x63, 
	0x7b, 0xdd, 0x6b, 0x1d, 0x5a, 0x97, 0x41, 0xcd, 
	0x3a, 0x11, 0x62, 0x9b, 0x7b, 0x9f, 0x8c, 0x23, 
	0x84, 0xa7, 0x84, 0x5f, 0x52, 0x93, 0x5a, 0x99, 
	0x73, 0xdd, 0x84, 0x63, 0x8c, 0xa7, 0x94, 0xa7, 
	0x8c, 0x63, 0x73, 0xdf, 0x94, 0xa3, 0x8d, 0x29, 
	0x8c, 0xe7, 0x8c, 0xe9, 0x7c, 0x61, 0x94, 0xa7, 
	0x94, 0xa7, 0x8c, 0xe7, 0x6b, 0xe1, 0x5a, 0xdb, 
	0x5a, 0x99, 0x73, 0x59, 0x94, 0x27, 0x7c, 0x65, 
	0x73, 0xe3, 0x6b, 0xdb, 0x5a, 0xd7, 0x3a, 0x11, 
	0x42, 0x51, 0x6a, 0x9b, 0x7b, 0x9d, 0x84, 0x21, 
	0x94, 0x65, 0x8c, 0xa3, 0x4a, 0x57, 0x53, 0x1b, 
	0x84, 0x1f, 0x94, 0xe7, 0x9d, 0x69, 0x95, 0x6b, 
	0x84, 0x67, 0x8b, 0xdf, 0x94, 0xa7, 0x9c, 0xa7, 
	0x9c, 0xeb, 0x94, 0x67, 0x8c, 0xe7, 0x95, 0x6b, 
	0xa5, 0x29, 0x8c, 0xa9, 0x74, 0x1f, 0x63, 0x5b, 
	0x52, 0xd7, 0x6b, 0x9d, 0x8c, 0xa9, 0x8c, 0x21, 
	0x7c, 0x1f, 0x6b, 0xdd, 0x52, 0x9b, 0x42, 0x53, 
	0x4a, 0x57, 0x6a, 0xdd, 0x83, 0xdf, 0x84, 0x23, 
	0x84, 0x67, 0x7c, 0x63, 0x42, 0xd5, 0x6b, 0x57, 
	0x83, 0xdf, 0x8d, 0x27, 0x9d, 0x29, 0xad, 0x2b, 
	0x94, 0x65, 0x8c, 0x65, 0x94, 0xe3, 0x94, 0xe9, 
	0x95, 0x2b, 0x94, 0xe7, 0x8c, 0xa5, 0xa5, 0x2d, 
	0x9d, 0x2b, 0x95, 0x29, 0x7b, 0xdf, 0x5b, 0x59, 
	0x5a, 0xd7, 0x73, 0x5d, 0x9d, 0x27, 0x8c, 0x69, 
	0x94, 0x63, 0x73, 0xe1, 0x5a, 0x97, 0x4a, 0x0f, 
	0x4a, 0x11, 0x63, 0x1b, 0x74, 0x1d, 0x7c, 0x25, 
	0x9c, 0xa7, 0x7c, 0x65, 0x52, 0x57, 0x5b, 0x1b, 
	0x83, 0xe5, 0x9d, 0x67, 0xad, 0xad, 0xa5, 0xab, 
	0x9c, 0xe9, 0x8c, 0x23, 0x94, 0xa7, 0x9c, 0xe7, 
	0xac, 0xe9, 0xa4, 0xe5, 0x95, 0x25, 0xac, 0xeb, 
	0xa5, 0x6f, 0x95, 0x69, 0x7c, 0x25, 0x7b, 0x99, 
	0x6b, 0x59, 0x7b, 0xdd, 0xa5, 0x27, 0xa4, 0xe9, 
	0x84, 0x25, 0x73, 0xe1, 0x6b, 0x19, 0x52, 0x53, 
	0x52, 0x55, 0x5b, 0x1b, 0x73, 0xe1, 0x9c, 0xa7, 
	0x9c, 0xe7, 0x8c, 0xe9, 0x5a, 0x53, 0x5b, 0x1b, 
	0x93, 0xe5, 0x9d, 0x2d, 0xb5, 0xed, 0xbd, 0xaf, 
	0x94, 0xeb, 0x84, 0x63, 0xa5, 0x29, 0x9c, 0xe7, 
	0xa5, 0x67, 0x9d, 0x6b, 0x8c, 0xe5, 0x9d, 0x6b, 
	0x9d, 0x71, 0xad, 0x2f, 0x84, 0x61, 0x6b, 0xdb, 
	0x62, 0xdd, 0x74, 0x61, 0xad, 0x2b, 0x94, 0xe5, 
	0x8c, 0x21, 0x7b, 0xdf, 0x5b, 0x17, 0x42, 0x93, 
	0x52, 0x15, 0x6b, 0x9d, 0x7c, 0x63, 0x9c, 0xa5, 
	0x95, 0x2b, 0x9c, 0xa7, 0x5b, 0x17, 0x5b, 0x5b, 
	0x84, 0x65, 0xad, 0x2d, 0xbd, 0xab, 0xbd, 0xb1, 
	0xa5, 0x6b, 0xa5, 0x25, 0xa5, 0x67, 0xa5, 0x6b, 
	0x9c, 0xeb, 0xa4, 0xe7, 0x94, 0x69, 0xad, 0xeb, 
	0x9d, 0x6d, 0xa5, 0x6f, 0x8c, 0x23, 0x6b, 0x5f, 
	0x6b, 0x57, 0x7c, 0x23, 0xad, 0x6d, 0x95, 0x29, 
	0x7c, 0xa5, 0x6c, 0x23, 0x63, 0x17, 0x4a, 0x11, 
	0x42, 0x95, 0x73, 0x5b, 0x84, 0x61, 0xad, 0x2b, 
	0x9d, 0xad, 0x9d, 0x67, 0x63, 0x59, 0x6b, 0x1b, 
	0x94, 0x65, 0xa5, 0xad, 0xc5, 0x71, 0xbd, 0xf1, 
	0x9d, 0xaf, 0x95, 0x69, 0xb5, 0x69, 0x9d, 0x2f, 
	0xad, 0xa9, 0xa4, 0xa9, 0xa4, 0xab, 0xb5, 0xaf, 
	0xa5, 0xef, 0xa5, 0x2b, 0x94, 0x67, 0x6b, 0x5b, 
	0x6b, 0x99, 0x7c, 0x65, 0x9d, 0x6b, 0x8c, 0xa5, 
	0x73, 0x9d, 0x73, 0x9f, 0x53, 0x5b, 0x49, 0xd3, 
	0x5a, 0x57, 0x7b, 0xe1, 0x9c, 0x69, 0xb4, 0xeb, 
	0xa5, 0x71, 0x9d, 0x6b, 0x63, 0x17, 0x6b, 0xdd, 
	0x9c, 0xe3, 0xb5, 0x6b, 0xbd, 0xf5, 0xc6, 0x35, 
	0xad, 0xad, 0xa4, 0xed, 0xa5, 0x6f, 0xb5, 0xf1, 
	0xa5, 0xa9, 0x9c, 0xa5, 0x8c, 0x67, 0xb5, 0xb1, 
	0xa5, 0xed, 0xad, 0x6d, 0x9c, 0xa9, 0x7b, 0x9f, 
	0x5b, 0x1d, 0x8c, 0x61, 0xa5, 0x71, 0x74, 0x21, 
	0x62, 0xdd, 0x5a, 0xd9, 0x5a, 0x99, 0x41, 0xd1, 
	0x4a, 0x97, 0x73, 0x9d, 0x94, 0xe5, 0xad, 0xad, 
	0xb5, 0xb1, 0xa5, 0xef, 0x62, 0xd7, 0x73, 0x61, 
	0xa4, 0xe7, 0xb5, 0xb1, 0xc6, 0xb5, 0xc6, 0xb1, 
	0xb5, 0xaf, 0xa5, 0x2f, 0xbd, 0xf1, 0xb5, 0xaf, 
	0x9c, 0xe7, 0xa4, 0xeb, 0xa4, 0xe9, 0xbd, 0x6b, 
	0xc5, 0xf3, 0xae, 0x33, 0x95, 0x25, 0x73, 0x9f, 
	0x63, 0x9b, 0x94, 0x25, 0xbd, 0x6d, 0x9d, 0x29, 
	0x73, 0x5b, 0x63, 0x19, 0x52, 0x11, 0x39, 0x8d, 
	0x63, 0x15, 0x7c, 0x21, 0x94, 0x69, 0xae, 0x2d, 
	0xb5, 0xb1, 0xad, 0x6f, 0x6b, 0x1b, 0x8b, 0xe5, 
	0xa4, 0xa7, 0xae, 0x33, 0xc6, 0xb3, 0xc6, 0xb5, 
	0xbd, 0x71, 0xad, 0x2b, 0xb5, 0xef, 0xb5, 0xaf, 
	0xad, 0x69, 0x9d, 0x2b, 0xa4, 0xe9, 0xbd, 0xb1, 
	0xbd, 0xb5, 0xc6, 0x31, 0x94, 0x23, 0x6b, 0x5f, 
	0x6b, 0x5f, 0x8c, 0xa3, 0xbd, 0xaf, 0xa5, 0xa9, 
	0x63, 0xa1, 0x4b, 0x1b, 0x52, 0x95, 0x2a, 0x0d, 
	0x52, 0xd9, 0x8c, 0x21, 0x9d, 0x67, 0xbe, 0x2f, 
	0xc6, 0x35, 0xad, 0xef, 0x5b, 0x9f, 0x8b, 0xe3, 
	0x95, 0x69, 0xcd, 0xf5, 0xc6, 0xfb, 0xd6, 0x77, 
	0xb5, 0xf1, 0xad, 0xad, 0xb5, 0xb1, 0xbe, 0x75, 
	0xa5, 0x71, 0xad, 0xaf, 0xa4, 0xe7, 0xc6, 0x33, 
	0xcd, 0xb1, 0xbd, 0xef, 0x7c, 0x21, 0x84, 0x63, 
	0x73, 0x9d, 0x8c, 0xa7, 0xce, 0x73, 0xad, 0x2f, 
	0x73, 0x9f, 0x5b, 0x5f, 0x52, 0xd7, 0x39, 0x93, 
	0x62, 0x57, 0x73, 0x5d, 0x95, 0x25, 0xb6, 0x6f, 
	0xc6, 0xb1, 0xad, 0x6f, 0x63, 0xdb, 0x93, 0xe1, 
	0xa4, 0xe9, 0xad, 0xf1, 0xd6, 0x75, 0xd6, 0x39, 
	0xb5, 0xa9, 0xb5, 0x67, 0xbe, 0x33, 0xcd, 0xf1, 
	0xb5, 0x6d, 0xa4, 0xeb, 0x94, 0x67, 0xa5, 0xed, 
	0xae, 0x2f, 0x9c, 0xeb, 0x7c, 0x23, 0x8c, 0x25, 
	0x6c, 0x61, 0x94, 0x27, 0xcd, 0xb1, 0xad, 0x71, 
	0x8c, 0xa7, 0x83, 0x9f, 0x5b, 0xdf, 0x4a, 0x55, 
	0x5a, 0xd7, 0x7c, 0x63, 0x9d, 0xad, 0xae, 0x75, 
	0xce, 0xb5, 0xbd, 0xf5, 0x63, 0xdd, 0x93, 0xe3, 
	0x95, 0x29, 0xc6, 0xb5, 0xde, 0xf7, 0xc6, 0x31, 
	0xa4, 0xe9, 0x95, 0x29, 0xcd, 0xb3, 0xc5, 0xf5, 
	0xa5, 0xa7, 0x94, 0xa7, 0x8c, 0x5f, 0x8d, 0x2d, 
	0x9d, 0x2f, 0x9c, 0xe3, 0x9d, 0x29, 0x9c, 0x67, 
	0x6b, 0xe3, 0x94, 0x65, 0xae, 0x73, 0xad, 0x71, 
	0xa4, 0xe9, 0x8b, 0xe1, 0x7b, 0xdf, 0x42, 0xd7, 
	0x4b, 0x1b, 0x83, 0xa1, 0xa4, 0xed, 0xbe, 0x2f, 
	0xd6, 0xf7, 0xc5, 0xf1, 0x7b, 0xdf, 0x9c, 0xa3, 
	0xac, 0xeb, 0xce, 0xb7, 0xd6, 0xb3, 0xb6, 0x33, 
	0xa5, 0xab, 0x95, 0x29, 0xad, 0x6d, 0xb5, 0xed, 
	0xa5, 0x2d, 0x7b, 0xe7, 0x73, 0xa3, 0x8c, 0xeb, 
	0xad, 0x29, 0x9d, 0x6b, 0xad, 0xa9, 0x94, 0xe9, 
	0x74, 0x1d, 0x8b, 0xdd, 0xb5, 0x6f, 0xb5, 0xaf, 
	0x8c, 0x67, 0x83, 0xdf, 0x6b, 0x1d, 0x52, 0x99, 
	0x62, 0x99, 0x7c, 0x1f, 0x9c, 0xa9, 0xc6, 0x71, 
	0xd6, 0x77, 0xc5, 0xf1, 0x7b, 0xdd, 0x84, 0xe9, 
	0xa5, 0x27, 0xbe, 0x31, 0xc6, 0x73, 0xce, 0x31, 
	0xb5, 0x69, 0xa5, 0x6b, 0xb6, 0x29, 0xbd, 0x31, 
	0xad, 0x6f, 0x9c, 0xab, 0x94, 0xa5, 0x94, 0xab, 
	0xa4, 0xe5, 0x9c, 0xa7, 0xa5, 0xab, 0x8d, 0x2b, 
	0x73, 0x9f, 0x73, 0xe3, 0xb5, 0xeb, 0xa4, 0xeb, 
	0x8c, 0xe7, 0x73, 0x9f, 0x6b, 0x5f, 0x4a, 0xd5, 
	0x63, 0x17, 0x73, 0xa1, 0xa4, 0xeb, 0xc5, 0xad, 
	0xd6, 0x71, 0xbe, 0x6f, 0x63, 0x21, 0x84, 0x27, 
	0xa4, 0xeb, 0xb6, 0x2f, 0xc6, 0xf1, 0xbe, 0x71, 
	0xa5, 0x25, 0x9d, 0x29, 0xa5, 0x6f, 0xbd, 0xed, 
	0xa5, 0x2f, 0x9d, 0xaf, 0x8c, 0xab, 0x84, 0x69, 
	0x8c, 0x25, 0xb5, 0x6d, 0xa6, 0x31, 0x9d, 0x67, 
	0x84, 0x21, 0x7c, 0x5d, 0xac, 0xe9, 0x9d, 0x2b, 
	0x74, 0x63, 0x6b, 0x5b, 0x6b, 0x59, 0x42, 0xd3, 
	0x5a, 0x53, 0x8c, 0x1f, 0x95, 0x25, 0xc6, 0x31, 
	0xc6, 0xb3, 0xa5, 0x6f, 0x73, 0x5b, 0x8c, 0x63, 
	0x95, 0x69, 0xc5, 0xf3, 0xc5, 0xf7, 0xc6, 0x35, 
	0x9c, 0xad, 0x8c, 0x23, 0xad, 0xad, 0xad, 0xab, 
	0xa5, 0xef, 0x9d, 0x6f, 0x95, 0x69, 0x7b, 0xdd, 
	0x83, 0xe1, 0xb5, 0x2d, 0xb6, 0x2d, 0x8d, 0x69, 
	0x7b, 0xa5, 0x73, 0xdf, 0x8c, 0xe7, 0x9c, 0xe5, 
	0x8c, 0x21, 0x63, 0x9d, 0x5b, 0x5b, 0x42, 0x93, 
	0x62, 0x99, 0x6b, 0x9f, 0x9d, 0x27, 0xad, 0xf3, 
	0xcd, 0xef, 0xa6, 0x2f, 0x63, 0x99, 0x8c, 0x1f, 
	0x9c, 0xe9, 0xb5, 0x2b, 0xb6, 0x33, 0xc5, 0xf1, 
	0x9d, 0x2b, 0x8c, 0xe9, 0x9d, 0xab, 0xb5, 0xaf, 
	0xa5, 0xb1, 0xbd, 0x2d, 0x94, 0x65, 0x8c, 0xa1, 
	0xa5, 0x69, 0xa6, 0x2f, 0xa5, 0xb1, 0x9c, 0xad, 
	0x7c, 0x23, 0x8c, 0x61, 0xa5, 0xef, 0x8d, 0x25, 
	0x8c, 0x27, 0x73, 0xe1, 0x63, 0x59, 0x3a, 0x57, 
	0x5b, 0x15, 0x73, 0x9f, 0x8c, 0x69, 0x9d, 0x2d, 
	0xb5, 0x6d, 0x9d, 0x2f, 0x63, 0x5b, 0x74, 0x5f, 
	0x7c, 0x65, 0x8c, 0xab, 0xbd, 0xb5, 0xc6, 0x31, 
	0x9d, 0x2d, 0x8d, 0x2b, 0xa5, 0xed, 0xad, 0x2b, 
	0xc5, 0xf1, 0xb5, 0x71, 0x94, 0xa9, 0x6c, 0x1f, 
	0x95, 0xad, 0xbd, 0xf3, 0xbd, 0x71, 0xa5, 0x29, 
	0x8c, 0x5f, 0x95, 0x27, 0xb5, 0x71, 0x9c, 0xa7, 
	0x84, 0x69, 0x73, 0xa3, 0x53, 0x57, 0x42, 0x57, 
	0x4a, 0x97, 0x83, 0x9f, 0x84, 0xa7, 0x8d, 0x21, 
	0x9d, 0x6d, 0x94, 0xeb, 0x53, 0x5b, 0x83, 0x61, 
	0x8c, 0x21, 0x8c, 0xe9, 0xb5, 0xef, 0xbe, 0x71, 
	0xac, 0xe9, 0xa5, 0x67, 0xad, 0xaf, 0x9d, 0xad, 
	0xb5, 0xf1, 0xad, 0xa9, 0x7c, 0x65, 0x7c, 0x27, 
	0xa5, 0xad, 0xae, 0x2f, 0xbd, 0x6f, 0x9d, 0x67, 
	0x84, 0x61, 0x8c, 0xe3, 0xc5, 0xf3, 0x9d, 0xab, 
	0x94, 0x63, 0x84, 0x63, 0x63, 0x1b, 0x4a, 0x15, 
	0x5a, 0x99, 0x64, 0x1f, 0x8b, 0xe1, 0x73, 0x59, 
	0x73, 0xdd, 0x8c, 0xe3, 0x52, 0x95, 0x6b, 0xa1, 
	0x74, 0x5f, 0x94, 0xab, 0xae, 0x31, 0xbd, 0xb1, 
	0xac, 0xab, 0xa5, 0x65, 0xa5, 0x2d, 0x9d, 0x6b, 
	0x95, 0xa9, 0x8d, 0x67, 0x7c, 0x21, 0x94, 0x67, 
	0xa5, 0x6b, 0xbd, 0xef, 0xa5, 0xb1, 0x9c, 0xa9, 
	0x83, 0xe3, 0x9c, 0xab, 0xc5, 0xef, 0xbd, 0x69, 
	0x84, 0x69, 0x84, 0xa5, 0x63, 0x1f, 0x4a, 0x95, 
	0x62, 0x57, 0x63, 0x61, 0x84, 0x63, 0x8c, 0x23, 
	0x94, 0x61, 0x84, 0x67, 0x5a, 0x97, 0x6b, 0xd9, 
	0x74, 0x61, 0x9c, 0xad, 0xbd, 0xb1, 0xad, 0xed, 
	0xb5, 0x27, 0x9c, 0xeb, 0xb4, 0xef, 0xa4, 0xe9, 
	0x9d, 0x23, 0x8c, 0x27, 0x73, 0x9f, 0x8c, 0x67, 
	0x94, 0xa7, 0xb5, 0xab, 0xb5, 0xb1, 0xad, 0xa9, 
	0x7c, 0x9f, 0x9d, 0x27, 0xcd, 0xf7, 0xa5, 0x2f, 
	0x7b, 0xe5, 0x7c, 0x5f, 0x73, 0xe1, 0x42, 0x55, 
	0x5a, 0x59, 0x7b, 0xa1, 0x84, 0x67, 0xa4, 0xeb, 
	0xad, 0x2f, 0xa4, 0xe5, 0x6b, 0x57, 0x6b, 0x1d, 
	0x8c, 0x25, 0xa5, 0x6d, 0xb5, 0x6d, 0xb5, 0x2f, 
	0x9d, 0x69, 0x95, 0x27, 0xa5, 0x31, 0xa4, 0xed, 
	0x8c, 0xe9, 0x83, 0xdf, 0x6b, 0x9d, 0x9d, 0x2b, 
	0x95, 0x6d, 0xb5, 0xb3, 0xbe, 0x31, 0xad, 0x6b, 
	0x83, 0xe1, 0x95, 0x69, 0xce, 0xb3, 0xa5, 0x71, 
	0x94, 0xa7, 0x8b, 0xa1, 0x6b, 0x5d, 0x52, 0xd7, 
	0x5a, 0x57, 0x63, 0xe1, 0x84, 0x63, 0xad, 0xad, 
	0xad, 0x33, 0xad, 0x69, 0x5b, 0x5d, 0x6c, 0x5d, 
	0x8c, 0x23, 0xa5, 0x2d, 0xbd, 0xf1, 0xa5, 0x31, 
	0xb5, 0xaf, 0x9c, 0xa9, 0xa5, 0x2d, 0xb4, 0xa9, 
	0x8c, 0xe3, 0x73, 0x5d, 0x6c, 0x1d, 0x95, 0x29, 
	0x9d, 0x2f, 0xbd, 0xb1, 0xa6, 0x2f, 0xac, 0xed, 
	0x7c, 0xa5, 0xa5, 0x6d, 0xc6, 0x73, 0xb5, 0xed, 
	0x8c, 0xa9, 0x7c, 0x63, 0x5b, 0x17, 0x52, 0x53, 
	0x4a, 0x97, 0x6b, 0x5b, 0x9c, 0x69, 0xa5, 0xef, 
	0xad, 0xf1, 0xb5, 0xeb, 0x63, 0x1f, 0x8b, 0xdf, 
	0xa4, 0xe9, 0xa6, 0x33, 0xbe, 0x75, 0xb5, 0x6f, 
	0xb5, 0xeb, 0xad, 0x65, 0x9d, 0xab, 0xb5, 0x71, 
	0x9c, 0xab, 0x73, 0x9b, 0x83, 0xa1, 0xb5, 0xed, 
	0xbd, 0xef, 0xb5, 0x2f, 0xa5, 0x6b, 0xad, 0x67, 
	0x8c, 0x5f, 0x9d, 0xab, 0xbe, 0xf3, 0xc5, 0xaf, 
	0x94, 0xe9, 0x8c, 0x21, 0x5a, 0xdd, 0x4a, 0x97, 
	0x52, 0x13, 0x7c, 0x21, 0x94, 0x65, 0x9d, 0xaf, 
	0xb6, 0x71, 0xbd, 0x6d, 0x73, 0x9d, 0x74, 0x65, 
	0x9c, 0x67, 0xc5, 0xb1, 0xb6, 0x37, 0xb5, 0xb3, 
	0xad, 0xef, 0x9d, 0xa9, 0xad, 0xb1, 0xb6, 0x71, 
	0xbd, 0x2d, 0x73, 0xdb, 0x74, 0x23, 0xb5, 0xad, 
	0xbe, 0x35, 0xa5, 0xa7, 0xb5, 0x6f, 0x9d, 0x6b, 
	0x8c, 0x61, 0x9c, 0xa7, 0xce, 0x35, 0xc5, 0xf3, 
	0x94, 0xa9, 0x73, 0xe3, 0x6b, 0xdf, 0x42, 0x13, 
	0x4a, 0x55, 0x63, 0x59, 0x94, 0x21, 0xa5, 0xed, 
	0xce, 0x73, 0xc6, 0x71, 0x73, 0x5b, 0x7b, 0x9d, 
	0x8c, 0xe9, 0xbd, 0xeb, 0xb6, 0x31, 0xc6, 0x33, 
	0xc5, 0xb1, 0xa5, 0x6b, 0xae, 0x35, 0xc6, 0x73, 
	0xc5, 0xb1, 0x7c, 0x65, 0x7c, 0x23, 0xad, 0x2d, 
	0xb6, 0x31, 0xb5, 0xab, 0x8d, 0x69, 0x8c, 0xe5, 
	0x84, 0x67, 0xa5, 0x6d, 0xbe, 0xb7, 0xc5, 0xb3, 
	0xa5, 0x27, 0x74, 0x5d, 0x63, 0xe1, 0x5a, 0xdb, 
	0x63, 0x15, 0x63, 0x19, 0x8c, 0xa5, 0xad, 0x6d, 
	0xb6, 0xb3, 0xad, 0xab, 0x73, 0x5f, 0x73, 0xdf, 
	0xa5, 0x29, 0xb5, 0xb1, 0xbe, 0x31, 0xc6, 0xb5, 
	0xb5, 0xaf, 0x9c, 0xe7, 0xbd, 0xef, 0xc6, 0xf5, 
	0xd6, 0x71, 0x9d, 0x6b, 0x83, 0xe1, 0x95, 0x69, 
	0xbd, 0xf1, 0xb5, 0xa9, 0x94, 0xeb, 0x8c, 0x67, 
	0x8b, 0xe3, 0x9c, 0xeb, 0xce, 0xb7, 0xc5, 0xb1, 
	0xad, 0xad, 0x8c, 0xa3, 0x73, 0xdb, 0x63, 0x15, 
	0x52, 0x19, 0x73, 0xdb, 0x84, 0xe3, 0xb5, 0x6b, 
	0xbd, 0xb1, 0xa5, 0x2b, 0x63, 0x9b, 0x8b, 0x63, 
	0x8c, 0xa5, 0xbd, 0x73, 0xce, 0x37, 0xce, 0xb5, 
	0xc5, 0x71, 0x9d, 0x6d, 0xce, 0x73, 0xdd, 0xf7, 
	0xd6, 0x33, 0xbd, 0x71, 0x8c, 0x65, 0x9c, 0xa1, 
	0x8d, 0x29, 0x8c, 0x63, 0x8c, 0xe9, 0x9c, 0xa5, 
	0x84, 0x25, 0xa5, 0x27, 0xbe, 0xb1, 0xc5, 0xef, 
	0x94, 0xe9, 0x8c, 0x5f, 0x5b, 0x9d, 0x52, 0x55, 
	0x5a, 0x53, 0x83, 0x1d, 0x8c, 0xa5, 0x9d, 0x27, 
	0xb5, 0xeb, 0xa5, 0x25, 0x52, 0xd9, 0x73, 0xa3, 
	0xad, 0x29, 0xbe, 0x71, 0xce, 0xb7, 0xbe, 0xb7, 
	0xbd, 0xaf, 0xad, 0xe9, 0xcd, 0xef, 0xce, 0x39, 
	0xce, 0xb1, 0xad, 0xb1, 0xa5, 0x69, 0x94, 0xa9, 
	0xa4, 0xe3, 0x8c, 0xa1, 0x8c, 0x25, 0x94, 0xe5, 
	0x74, 0xa5, 0xad, 0x67, 0xcd, 0xf7, 0xbe, 0x73, 
	0xad, 0x29, 0x84, 0x1f, 0x73, 0xdf, 0x52, 0xd3, 
	0x62, 0x59, 0x74, 0x21, 0x8c, 0x27, 0xa5, 0x2b, 
	0xad, 0xed, 0xa5, 0x27, 0x6a, 0x97, 0x7b, 0xa3, 
	0xa5, 0x67, 0xb6, 0x31, 0xd5, 0xf7, 0xce, 0x6f, 
	0xa5, 0xe7, 0xb5, 0x31, 0xcd, 0xf3, 0xd6, 0x73, 
	0xc6, 0x37, 0xad, 0xaf, 0xac, 0xf1, 0xbe, 0x2f, 
	0xa5, 0xb1, 0x94, 0xaf, 0x94, 0xa1, 0x8c, 0xa1, 
	0x84, 0x65, 0x8d, 0x67, 0xb6, 0x35, 0xc6, 0x31, 
	0x9d, 0x69, 0x74, 0x1d, 0x5b, 0x99, 0x62, 0x59, 
	0x62, 0x5b, 0x7b, 0x9d, 0x84, 0xa7, 0xa4, 0xed, 
	0xbd, 0x2d, 0x95, 0x25, 0x5b, 0x1b, 0x7c, 0x65, 
	0x94, 0xed, 0xae, 0x73, 0xbe, 0xb7, 0xd6, 0x75, 
	0xb5, 0x6d, 0xa5, 0x31, 0xce, 0x73, 0xd6, 0x37, 
	0xce, 0xb1, 0xce, 0x75, 0xad, 0xab, 0xc5, 0xf1, 
	0xbd, 0x71, 0x9d, 0x6b, 0x9c, 0x6b, 0x7c, 0x65, 
	0x7c, 0x65, 0x94, 0xe7, 0xb5, 0xb3, 0xb5, 0xf1, 
	0x95, 0x69, 0x83, 0x9f, 0x73, 0x5f, 0x52, 0xd9, 
	0x52, 0x9b, 0x73, 0x9d, 0x8c, 0xa5, 0xad, 0x6b, 
	0x9d, 0xe9, 0x9d, 0xa7, 0x6b, 0x5b, 0x8b, 0xa5, 
	0x9d, 0x2b, 0xc6, 0x71, 0xce, 0x31, 0xb5, 0xf5, 
	0xc6, 0x2f, 0xb5, 0x6f, 0xbe, 0xaf, 0xd6, 0x39, 
	0xc5, 0xf3, 0xb6, 0xb5, 0xb5, 0xef, 0xc6, 0x71, 
	0xb5, 0xf5, 0x9d, 0x6f, 0xa5, 0x69, 0x8c, 0xe3, 
	0x84, 0x1f, 0x94, 0xe3, 0xb5, 0x73, 0xbd, 0xf1, 
	0x95, 0x6b, 0x6b, 0xe3, 0x6a, 0xd9, 0x4a, 0x9b, 
	0x4a, 0x97, 0x6b, 0x5b, 0x84, 0x63, 0xa4, 0xa5, 
	0xad, 0xa7, 0xad, 0x6b, 0x6b, 0x59, 0x84, 0x5d, 
	0xa5, 0x6b, 0xb5, 0xed, 0xbd, 0xf7, 0xce, 0x71, 
	0xbd, 0x6d, 0xa5, 0x6b, 0xc5, 0xf1, 0xbe, 0x79, 
	0xc5, 0xf5, 0xb6, 0x6f, 0xad, 0x2b, 0xb5, 0xb7, 
	0xce, 0x31, 0xce, 0x35, 0xad, 0x6d, 0x9c, 0xe7, 
	0x74, 0x1f, 0x84, 0x9f, 0x95, 0x6b, 0x9d, 0x2b, 
	0xad, 0x6b, 0x6c, 0x1f, 0x63, 0x97, 0x52, 0xd9, 
	0x63, 0x5b, 0x64, 0x21, 0x84, 0x25, 0xa5, 0x25, 
	0xad, 0x6f, 0xad, 0x69, 0x63, 0x5d, 0x73, 0xe3, 
	0x8c, 0x29, 0x9d, 0x69, 0xbd, 0xef, 0xbd, 0xad, 
	0xb5, 0xad, 0xae, 0x31, 0xcd, 0xf3, 0xc6, 0x33, 
	0xbd, 0xf5, 0xb5, 0xb1, 0xad, 0x6d, 0xc6, 0x75, 
	0xc6, 0x31, 0xc6, 0x2f, 0xc5, 0xed, 0x94, 0x6b, 
	0x84, 0x1f, 0x7c, 0x5d, 0x95, 0x67, 0x9d, 0x2b, 
	0xa4, 0x69, 0x63, 0xa1, 0x53, 0x5d, 0x4b, 0x17, 
	0x5a, 0x9b, 0x6b, 0xdb, 0x8c, 0x27, 0x95, 0x6f, 
	0xbd, 0xaf, 0xa5, 0xab, 0x6b, 0xdd, 0x83, 0xa1, 
	0x74, 0x1d, 0x8d, 0x27, 0xbd, 0xef, 0xb5, 0xef, 
	0xbd, 0x71, 0xa5, 0xeb, 0xb6, 0x2f, 0xcd, 0xb5, 
	0xce, 0x71, 0xc6, 0x73, 0xb5, 0x2f, 0xce, 0x33, 
	0xce, 0x31, 0xc6, 0x35, 0xc5, 0x6f, 0x9d, 0x25, 
	0x8b, 0xe1, 0x7c, 0x63, 0xa5, 0x29, 0xa4, 0x67, 
	0x94, 0x67, 0x63, 0x1d, 0x53, 0x57, 0x52, 0xd7, 
	0x62, 0xd7, 0x7b, 0x1f, 0x8c, 0x65, 0xad, 0x6f, 
	0xad, 0xf1, 0xa5, 0x29, 0x7b, 0xe1, 0x93, 0xe5, 
	0x6b, 0x5d, 0x5b, 0x9f, 0xb5, 0x6b, 0xbe, 0x71, 
	0xad, 0xb3, 0xa5, 0xed, 0xb5, 0xed, 0xbd, 0xaf, 
	0xb6, 0x71, 0xa5, 0x2d, 0xb5, 0x2f, 0xbd, 0xf5, 
	0xc5, 0xb3, 0xb6, 0x37, 0xad, 0x6d, 0xa5, 0x67, 
	0x84, 0x63, 0x8c, 0xa3, 0x9d, 0xed, 0x7c, 0xa1, 
	0x84, 0x21, 0x6b, 0x59, 0x4b, 0x15, 0x5a, 0x95, 
	0x4a, 0x55, 0x6b, 0x9b, 0x9c, 0xe7, 0xa5, 0xed, 
	0xbd, 0xaf, 0xad, 0xa9, 0x73, 0xa1, 0x94, 0xa3, 
	0x94, 0xe9, 0x9c, 0xe7, 0xae, 0x2d, 0xce, 0x35, 
	0xbe, 0x31, 0xb5, 0xeb, 0xc5, 0xaf, 0xb5, 0x6f, 
	0xa5, 0x27, 0x8c, 0xeb, 0x9c, 0xab, 0xae, 0x31, 
	0xcd, 0xb5, 0xae, 0x2f, 0xbd, 0x31, 0xad, 0x29, 
	0x74, 0x21, 0x94, 0x67, 0xb5, 0xb1, 0x8c, 0x21, 
	0x6b, 0x61, 0x62, 0x99, 0x4a, 0xd3, 0x4a, 0x93, 
	0x52, 0xd9, 0x73, 0x5d, 0x9c, 0x6b, 0xa5, 0x6b, 
	0xb5, 0xef, 0xbd, 0x6f, 0x83, 0x5b, 0x94, 0xe5, 
	0xa4, 0xed, 0xb5, 0x6f, 0xc6, 0x2f, 0xce, 0x75, 
	0xa5, 0x6f, 0x9d, 0xad, 0x9d, 0xad, 0x84, 0x21, 
	0x7c, 0x61, 0x74, 0x5f, 0x84, 0xa9, 0xbd, 0xed, 
	0xb5, 0xb3, 0xbd, 0xed, 0xb5, 0xeb, 0x94, 0xe7, 
	0x7b, 0xdf, 0x8c, 0x5d, 0xa5, 0xa9, 0x74, 0x21, 
	0x7b, 0x1b, 0x62, 0xd5, 0x5b, 0x97, 0x43, 0x13, 
	0x5a, 0xd5, 0x73, 0xa1, 0x8c, 0xe5, 0xb5, 0xad, 
	0xad, 0x2f, 0xb5, 0xaf, 0x6b, 0xa1, 0x95, 0x27, 
	0xa5, 0x6d, 0xb5, 0x2f, 0xbe, 0x71, 0xcd, 0xf1, 
	0xb5, 0x6b, 0xa4, 0xe9, 0xad, 0xed, 0xa4, 0x69, 
	0x8c, 0x25, 0x73, 0x5f, 0x94, 0x61, 0xa5, 0x6f, 
	0xa5, 0xab, 0xad, 0x71, 0xb5, 0xaf, 0x94, 0x23, 
	0x7b, 0xdf, 0x8c, 0x61, 0xbd, 0x71, 0x8c, 0xe9, 
	0x6b, 0x5f, 0x6a, 0xdb, 0x6a, 0xdb, 0x53, 0x17, 
	0x62, 0x95, 0x8b, 0x9f, 0x94, 0xe3, 0xa5, 0x6d, 
	0xb5, 0x29, 0xb5, 0xab, 0x7b, 0x5f, 0x84, 0x69, 
	0x9c, 0xed, 0xc5, 0xad, 0xb6, 0x31, 0xc6, 0x35, 
	0x9d, 0xa7, 0xac, 0xeb, 0xa5, 0xed, 0xae, 0x33, 
	0xa4, 0xed, 0x84, 0x25, 0x8c, 0xa3, 0x8d, 0x29, 
	0xad, 0x6b, 0xb5, 0x6d, 0x95, 0xab, 0x7c, 0x65, 
	0x7b, 0x5d, 0x7c, 0x67, 0xbd, 0x2b, 0xad, 0xb1, 
	0x94, 0x61, 0x73, 0x5b, 0x4a, 0x99, 0x42, 0x19, 
	0x6b, 0x55, 0x7b, 0xa3, 0x94, 0xa3, 0xa5, 0xad, 
	0xbd, 0xef, 0x95, 0xaf, 0x63, 0xdd, 0x9d, 0x25, 
	0xad, 0x69, 0xa5, 0xaf, 0xc6, 0xb5, 0xce, 0x2f, 
	0x9d, 0xe9, 0xa5, 0x2f, 0xbd, 0xad, 0xb6, 0xb5, 
	0xbe, 0x35, 0xad, 0x29, 0x84, 0x67, 0x9d, 0x2b, 
	0x8c, 0xa9, 0xb5, 0x2f, 0xb5, 0x6f, 0x9c, 0x23, 
	0x7b, 0xa1, 0x7c, 0x27, 0xbd, 0xf1, 0xb6, 0x2f, 
	0x94, 0xe9, 0x73, 0xdf, 0x62, 0xd7, 0x3a, 0xd5, 
	0x62, 0x9d, 0x84, 0x5f, 0x9c, 0xe9, 0xb5, 0x6f, 
	0xbd, 0x6f, 0x95, 0x2b, 0x7b, 0xdd, 0x9c, 0xa7, 
	0x9d, 0x2b, 0xad, 0xab, 0xb5, 0xf3, 0xbd, 0xef, 
	0xb5, 0xf1, 0xb5, 0xeb, 0xc6, 0x31, 0xd6, 0x73, 
	0xc5, 0xef, 0xb5, 0x6d, 0xa4, 0x67, 0x95, 0xa9, 
	0x94, 0xa7, 0xb5, 0x69, 0xac, 0xe9, 0x9c, 0xa7, 
	0x6c, 0x1f, 0xa4, 0xe9, 0xb6, 0x71, 0xb6, 0x6f, 
	0xb5, 0xad, 0x94, 0x61, 0x52, 0xd3, 0x42, 0x11, 
	0x5a, 0xd9, 0x7c, 0x1f, 0x9c, 0xa5, 0x9d, 0x6b, 
	0xb5, 0x6d, 0x8d, 0x67, 0x6b, 0x1f, 0x84, 0xe7, 
	0x95, 0x29, 0xb5, 0x2b, 0xc5, 0xf5, 0xd6, 0xaf, 
	0xa6, 0x31, 0xb5, 0x2f, 0xb5, 0xf1, 0xde, 0x37, 
	0xd6, 0x71, 0xad, 0xb3, 0xad, 0x2d, 0xad, 0xb1, 
	0xad, 0xaf, 0x9d, 0xef, 0xb5, 0x6b, 0xa4, 0x65, 
	0x84, 0x67, 0x94, 0xab, 0xd6, 0x33, 0xb5, 0xf5, 
	0xad, 0xaf, 0xa4, 0x67, 0x7b, 0x99, 0x3a, 0x55, 
	0x62, 0x9d, 0x84, 0x61, 0x95, 0x65, 0xac, 0xe9, 
	0xbe, 0x2d, 0x9d, 0x29, 0x73, 0x5d, 0x8c, 0x25, 
	0x8c, 0x27, 0xad, 0x6b, 0xc5, 0xf1, 0xce, 0x31, 
	0xb5, 0xed, 0xb5, 0x6f, 0xcd, 0xf5, 0xbe, 0x79, 
	0xc6, 0x75, 0xb5, 0xef, 0xa5, 0x2d, 0xae, 0x2f, 
	0xb6, 0x2f, 0x9d, 0xed, 0xb5, 0xeb, 0xa5, 0x69, 
	0x94, 0xa7, 0x9d, 0x6b, 0xd6, 0xb3, 0xae, 0x6d, 
	0x9d, 0x71, 0x8c, 0x65, 0x7b, 0x61, 0x52, 0x13, 
	0x63, 0x1b, 0x84, 0x63, 0x94, 0xab, 0xad, 0x6d, 
	0xb5, 0xab, 0x95, 0x69, 0x7b, 0xdf, 0x74, 0x5d, 
	0x9c, 0xeb, 0xbd, 0x6d, 0xd6, 0x35, 0xcd, 0xf1, 
	0xbd, 0xb1, 0xc5, 0x71, 0xbe, 0xb1, 0xd6, 0xf7, 
	0xc6, 0xb3, 0xad, 0xf5, 0xbd, 0xad, 0xb6, 0x31, 
	0xb5, 0xeb, 0xc5, 0xb1, 0xbd, 0x6d, 0x9c, 0xeb, 
	0x8c, 0xa5, 0xad, 0xab, 0xcd, 0xf7, 0xbe, 0x6f, 
	0x9d, 0x2d, 0x8c, 0x67, 0x73, 0x9f, 0x52, 0x95, 
	0x63, 0x99, 0x7b, 0xe3, 0x84, 0xa9, 0x95, 0xa9, 
	0xac, 0xeb, 0x9c, 0xad, 0x73, 0x5f, 0x84, 0x21, 
	0xa4, 0xa7, 0xb5, 0x6f, 0xce, 0x75, 0xd6, 0x33, 
	0xc6, 0x71, 0xb5, 0xaf, 0xbe, 0xb5, 0xc6, 0xb9, 
	0xbe, 0xb3, 0xc5, 0xf5, 0xbd, 0x2d, 0xb6, 0x2d, 
	0xb5, 0xaf, 0xc6, 0x2d, 0xa6, 0x31, 0xa5, 0x6f, 
	0x84, 0xa5, 0x94, 0xa9, 0xce, 0xb7, 0xb5, 0x6f, 
	0xb5, 0x6f, 0x9d, 0x27, 0x83, 0xdd, 0x6a, 0x99, 
	0x6b, 0x59, 0x73, 0xdf, 0x8c, 0xe9, 0xa5, 0x2d, 
	0xa4, 0xa9, 0x95, 0x2b, 0x5b, 0x5b, 0x73, 0xe3, 
	0xa5, 0x27, 0xc6, 0x2f, 0xce, 0xb5, 0xbe, 0x75, 
	0xce, 0x71, 0xad, 0xf1, 0xbd, 0xf5, 0xc6, 0xf3, 
	0xc6, 0xb1, 0xbe, 0x75, 0xad, 0x6d, 0xbd, 0x71, 
	0xbe, 0x31, 0xad, 0xf1, 0xa5, 0xaf, 0xa5, 0x2d, 
	0x8d, 0x2b, 0xad, 0x6d, 0xce, 0xb1, 0xbe, 0x6d, 
	0x9d, 0x29, 0x8d, 0x25, 0x8b, 0xe3, 0x53, 0x1d, 
	0x73, 0x59, 0x74, 0xa1, 0x8c, 0xa5, 0x9c, 0xe7, 
	0x9d, 0x2b, 0x94, 0xe9, 0x5b, 0x5d, 0x94, 0x9f, 
	0xa5, 0x67, 0xa5, 0xaf, 0xce, 0xaf, 0xd6, 0x31, 
	0xc6, 0x33, 0xce, 0x71, 0xc6, 0xf1, 0xd6, 0x73, 
	0xce, 0x77, 0xbd, 0xb1, 0xb5, 0xeb, 0xa5, 0x6f, 
	0xb5, 0xaf, 0xbe, 0x2d, 0xa5, 0xb1, 0xa5, 0xad, 
	0x8c, 0xe5, 0xad, 0x6f, 0xd6, 0x75, 0xb5, 0xef, 
	0xb5, 0x2f, 0xa5, 0x25, 0x73, 0xa1, 0x63, 0x9b, 
	0x5b, 0x1b, 0x8b, 0xe3, 0x9c, 0xe9, 0x94, 0xa9, 
	0x95, 0x29, 0xb4, 0xed, 0x7b, 0x5b, 0x7c, 0xa5, 
	0x94, 0xed, 0xa5, 0xef, 0xc6, 0x6f, 0xbe, 0xf3, 
	0xbe, 0xaf, 0xbe, 0x6d, 0xce, 0x33, 0xde, 0x33, 
	0xce, 0x71, 0xad, 0xb3, 0xa5, 0x27, 0xad, 0x31, 
	0xb6, 0x6f, 0xb6, 0x6f, 0xb6, 0x2d, 0x9d, 0x29, 
	0x9c, 0xeb, 0xb5, 0xad, 0xce, 0x71, 0xcd, 0xed, 
	0xb5, 0x31, 0x94, 0xa5, 0x73, 0xe3, 0x6b, 0x57, 
	
};

Gfx castle_inside_dl__4_rgba16_rgba16_aligner[] = {gsSPEndDisplayList()};
u8 castle_inside_dl__4_rgba16_rgba16[] = {
	0x51, 0xc8, 0x51, 0xc8, 0x51, 0xc8, 0x51, 0xc8, 
	0x51, 0xc8, 0x51, 0xc8, 0x51, 0xc8, 0x51, 0xc8, 
	0x51, 0xc8, 0x51, 0xc8, 0x51, 0xc8, 0x51, 0xc8, 
	0x51, 0xc8, 0x51, 0xc8, 0x51, 0xc8, 0x51, 0xc8, 
	0x51, 0xc8, 0x51, 0xc8, 0x51, 0xca, 0x51, 0xca, 
	0x51, 0xca, 0x51, 0xca, 0x51, 0xca, 0x51, 0xca, 
	0x51, 0xca, 0x51, 0xca, 0x51, 0xca, 0x51, 0xca, 
	0x51, 0xca, 0x51, 0xca, 0x51, 0xca, 0x51, 0xca, 
	0x51, 0xc8, 0x51, 0xc8, 0x51, 0xc8, 0x51, 0xc8, 
	0x51, 0xc8, 0x51, 0xc8, 0x51, 0xc8, 0x51, 0xc8, 
	0x51, 0xc8, 0x51, 0xc8, 0x51, 0xc8, 0x51, 0xc8, 
	0x51, 0xc8, 0x51, 0xc8, 0x61, 0x88, 0xd9, 0x47, 
	0xf9, 0x89, 0x89, 0xc8, 0x51, 0xc8, 0x51, 0xca, 
	0x51, 0xca, 0x51, 0xca, 0x51, 0xca, 0x51, 0xca, 
	0x51, 0xca, 0x51, 0xca, 0x51, 0xca, 0x51, 0xca, 
	0x51, 0xca, 0x51, 0xca, 0x51, 0xca, 0x51, 0xc8, 
	0x51, 0xc8, 0x51, 0xc8, 0x51, 0xc8, 0x51, 0xc8, 
	0x51, 0xc8, 0x51, 0xc8, 0x51, 0xc8, 0x51, 0xc8, 
	0x51, 0xc8, 0x51, 0xc8, 0x51, 0xc8, 0x51, 0xc8, 
	0x51, 0xc8, 0x51, 0xc8, 0x70, 0xc5, 0xe9, 0x47, 
	0xfc, 0xa5, 0xe9, 0x89, 0x5a, 0x0a, 0x51, 0xc8, 
	0x51, 0xca, 0x51, 0xca, 0x51, 0xca, 0x51, 0xca, 
	0x51, 0xca, 0x51, 0xca, 0x51, 0xca, 0x51, 0xca, 
	0x51, 0xca, 0x51, 0xc8, 0x51, 0xc8, 0x51, 0xc8, 
	0x51, 0xc8, 0x51, 0xc8, 0x51, 0xc8, 0x51, 0xc8, 
	0x51, 0xc8, 0x51, 0xc8, 0x51, 0xc8, 0x51, 0xc8, 
	0x51, 0xc8, 0x51, 0xc8, 0x51, 0xc8, 0x51, 0xc8, 
	0x51, 0xc8, 0x5a, 0x4f, 0x40, 0xc7, 0x90, 0xc5, 
	0xc1, 0x05, 0xb1, 0xcd, 0xbd, 0x23, 0x51, 0xc8, 
	0x51, 0xc8, 0x51, 0xc8, 0x51, 0xc8, 0x51, 0xca, 
	0x51, 0xca, 0x51, 0xca, 0x51, 0xca, 0x51, 0xc8, 
	0x51, 0xc8, 0x51, 0xc8, 0x51, 0xc8, 0x51, 0xc8, 
	0x51, 0xc8, 0x51, 0xc8, 0x51, 0xc8, 0x51, 0xc8, 
	0x51, 0xc8, 0x51, 0xc8, 0x51, 0xc8, 0x51, 0xc8, 
	0x51, 0xc8, 0x51, 0xc8, 0x51, 0xc8, 0x51, 0xc8, 
	0x6a, 0x8f, 0x73, 0x15, 0x20, 0xc5, 0x28, 0x83, 
	0x40, 0x83, 0x49, 0x89, 0xa4, 0x9f, 0x83, 0x55, 
	0x51, 0xc8, 0x51, 0xc8, 0x51, 0xc8, 0x51, 0xc8, 
	0x51, 0xc8, 0x51, 0xc8, 0x51, 0xc8, 0x51, 0xc8, 
	0x51, 0xc8, 0x51, 0xc8, 0x51, 0xc8, 0x51, 0xc8, 
	0x49, 0xc8, 0x51, 0xc8, 0x51, 0xc8, 0x51, 0xc8, 
	0x51, 0xc8, 0x51, 0xc8, 0x51, 0xc8, 0x51, 0xc8, 
	0x51, 0xc8, 0x51, 0xc8, 0x51, 0xc8, 0x51, 0xca, 
	0xc5, 0x65, 0x31, 0x49, 0x20, 0xc5, 0x20, 0xc5, 
	0x49, 0x88, 0x51, 0xc8, 0x41, 0x89, 0xcd, 0xe7, 
	0x5a, 0x0a, 0x51, 0xc8, 0x51, 0xc8, 0x51, 0xc8, 
	0x51, 0xc8, 0x51, 0xc8, 0x51, 0xc8, 0x51, 0xc8, 
	0x51, 0xc8, 0x51, 0xc8, 0x51, 0xc8, 0x51, 0xc8, 
	0x49, 0xc8, 0x51, 0xc8, 0x51, 0xc8, 0x51, 0xc8, 
	0x51, 0xc8, 0x51, 0xc8, 0x51, 0xc8, 0x51, 0xc8, 
	0x51, 0xc8, 0x51, 0xc8, 0x51, 0xc8, 0x93, 0xd9, 
	0x8b, 0x97, 0x28, 0xc5, 0x20, 0xc5, 0x49, 0x88, 
	0x49, 0x88, 0x51, 0xc8, 0x51, 0xc8, 0x5a, 0x91, 
	0xb4, 0xe1, 0x51, 0xc8, 0x51, 0xc8, 0x51, 0xc8, 
	0x51, 0xc8, 0x51, 0xc8, 0x51, 0xc8, 0x51, 0xc8, 
	0x51, 0xc8, 0x51, 0xc8, 0x51, 0xc8, 0x51, 0xc8, 
	0x49, 0x88, 0x69, 0xc7, 0x9a, 0xc9, 0x9a, 0xc9, 
	0x9a, 0xc9, 0x9a, 0x89, 0x9a, 0xc9, 0xa2, 0xc9, 
	0x9a, 0xc9, 0x9a, 0x89, 0x9a, 0xc9, 0xbb, 0x8f, 
	0x9a, 0xc9, 0x9a, 0x89, 0x92, 0x47, 0x9a, 0x87, 
	0x9a, 0x89, 0x9a, 0x87, 0x9a, 0x87, 0x8a, 0x47, 
	0xb3, 0x4f, 0x92, 0x47, 0x92, 0x47, 0x92, 0x47, 
	0x92, 0x47, 0x8a, 0x47, 0x92, 0x47, 0x92, 0x47, 
	0x92, 0x47, 0x92, 0x47, 0x92, 0x87, 0x51, 0xc8, 
	0x31, 0x06, 0x41, 0x03, 0x69, 0xc5, 0x49, 0x45, 
	0x49, 0x45, 0x49, 0x45, 0x49, 0x45, 0x49, 0x45, 
	0x49, 0x45, 0x49, 0x45, 0x49, 0x45, 0x49, 0x45, 
	0x49, 0x45, 0x49, 0x45, 0x49, 0x45, 0x51, 0x45, 
	0x51, 0x45, 0x51, 0x45, 0x51, 0x45, 0x51, 0x45, 
	0x51, 0x45, 0x51, 0x45, 0x51, 0x45, 0x51, 0x45, 
	0x51, 0x45, 0x51, 0x45, 0x51, 0x45, 0x51, 0x45, 
	0x51, 0x45, 0x59, 0x85, 0x82, 0x47, 0x51, 0xc8, 
	0x29, 0x04, 0x38, 0xc3, 0x79, 0xc3, 0x69, 0x83, 
	0x69, 0x83, 0x69, 0x83, 0x69, 0x83, 0x71, 0x83, 
	0x71, 0xc5, 0x71, 0xc5, 0x79, 0xc5, 0x7a, 0x05, 
	0x82, 0x05, 0x82, 0x05, 0x8a, 0x05, 0x8a, 0x47, 
	0x8a, 0x47, 0x92, 0x47, 0x92, 0x47, 0x92, 0x47, 
	0x9a, 0x87, 0x9a, 0x87, 0x9a, 0x87, 0x9a, 0x87, 
	0x9a, 0x87, 0x9a, 0x87, 0x9a, 0x87, 0x9a, 0x87, 
	0x9a, 0x87, 0x71, 0xc7, 0x92, 0x87, 0x51, 0xc8, 
	0x28, 0xc4, 0x59, 0x85, 0xc3, 0x4b, 0xb3, 0xd1, 
	0xc5, 0x5d, 0xb4, 0xd9, 0xb4, 0xd9, 0xb4, 0xdb, 
	0xb4, 0xdb, 0xb4, 0xdb, 0xb4, 0xdb, 0xb4, 0xdb, 
	0xb4, 0xdb, 0xb4, 0xdb, 0xb4, 0xdb, 0xb4, 0xdb, 
	0xb5, 0x1b, 0xb5, 0x1b, 0xb5, 0x1b, 0xb5, 0x1b, 
	0xb5, 0x1b, 0xbd, 0x1b, 0xbd, 0x1b, 0xbd, 0x1b, 
	0xbd, 0x1b, 0xbd, 0x1b, 0xbd, 0x1b, 0xd5, 0xe1, 
	0x92, 0x89, 0x59, 0x43, 0x7a, 0x05, 0x51, 0xc8, 
	0x28, 0xc4, 0x51, 0x85, 0xaa, 0xc9, 0x93, 0x4f, 
	0xa4, 0x97, 0xd6, 0x69, 0xef, 0x71, 0xef, 0x71, 
	0xef, 0x71, 0xf7, 0x71, 0xf7, 0x71, 0xf7, 0x73, 
	0xf7, 0x73, 0xf7, 0x73, 0xf7, 0xb3, 0xf7, 0xb3, 
	0xf7, 0xb3, 0xf7, 0xb3, 0xf7, 0xb3, 0xf7, 0xb3, 
	0xf7, 0xb3, 0xf7, 0xb3, 0xf7, 0xb3, 0xf7, 0xb3, 
	0xf7, 0xb3, 0xf7, 0xb3, 0xcd, 0xe5, 0xbd, 0x1b, 
	0xa3, 0x0b, 0x69, 0xc5, 0x71, 0xc5, 0x51, 0xc8, 
	0x28, 0xc4, 0x41, 0x03, 0x82, 0x05, 0x82, 0xcd, 
	0xa4, 0x97, 0xde, 0xed, 0xff, 0xf3, 0xff, 0xf3, 
	0xff, 0xf3, 0xff, 0xf3, 0xff, 0xf5, 0xff, 0xf5, 
	0xc5, 0xf5, 0xc5, 0xf5, 0xce, 0x75, 0xff, 0xf9, 
	0xff, 0xf9, 0xff, 0xf9, 0xff, 0xf9, 0xff, 0xf5, 
	0xff, 0xf5, 0xff, 0xf5, 0xff, 0xf5, 0xff, 0xf5, 
	0xff, 0xf5, 0xff, 0xf5, 0xd6, 0x67, 0xbd, 0x1b, 
	0xb3, 0x4d, 0x72, 0x07, 0x92, 0x87, 0x51, 0xc8, 
	0x28, 0xc4, 0x41, 0x03, 0x92, 0x47, 0x8b, 0x0f, 
	0xa4, 0x97, 0xde, 0xed, 0xff, 0xf3, 0xff, 0xf3, 
	0xff, 0xf3, 0xff, 0xf3, 0xff, 0xf3, 0xff, 0xf5, 
	0xb5, 0x73, 0xb5, 0xb3, 0xc5, 0xf5, 0xff, 0xb7, 
	0xc6, 0x35, 0xd6, 0xb5, 0xce, 0x75, 0xff, 0xf5, 
	0xff, 0xf5, 0xff, 0xf5, 0xff, 0xf5, 0xff, 0xf5, 
	0xff, 0xf5, 0xff, 0xf5, 0xce, 0x67, 0xbd, 0x1b, 
	0x8a, 0x89, 0x51, 0x43, 0x79, 0xc5, 0x51, 0xc8, 
	0x28, 0xc4, 0x59, 0x85, 0xb3, 0x09, 0x9b, 0x4f, 
	0xa4, 0x57, 0xde, 0xad, 0xff, 0xf3, 0xff, 0xf3, 
	0xff, 0xf3, 0xff, 0xf3, 0xff, 0xf3, 0xff, 0xf3, 
	0xbd, 0xb3, 0xc5, 0xf5, 0xc5, 0xf5, 0xad, 0x33, 
	0xc5, 0xf5, 0xde, 0xf5, 0xb5, 0xb3, 0xff, 0xf5, 
	0xff, 0xf5, 0xff, 0xf5, 0xff, 0xf5, 0xff, 0xf5, 
	0xff, 0xf5, 0xff, 0xf5, 0xce, 0x27, 0xbd, 0x1b, 
	0xb3, 0x4d, 0x71, 0xc7, 0x7a, 0x05, 0x51, 0xc8, 
	0x29, 0x04, 0x49, 0x43, 0x8a, 0x05, 0x82, 0xcd, 
	0xa4, 0x57, 0xde, 0xad, 0xff, 0xf3, 0xd6, 0x69, 
	0xff, 0xf1, 0xff, 0xf3, 0xff, 0xf3, 0xff, 0xf3, 
	0xff, 0xf3, 0xff, 0xf3, 0xff, 0xf5, 0xff, 0xf5, 
	0xff, 0xf5, 0xff, 0xf5, 0xff, 0xf5, 0xff, 0xf5, 
	0xff, 0xf5, 0xff, 0xf5, 0xff, 0xf5, 0xff, 0xf5, 
	0xff, 0xf5, 0xff, 0xf5, 0xce, 0x27, 0xbd, 0x1b, 
	0x8a, 0x89, 0x59, 0x45, 0x82, 0x07, 0x51, 0xc8, 
	0x28, 0xc4, 0x38, 0xc3, 0x71, 0x85, 0x7a, 0xcd, 
	0xa4, 0x57, 0xde, 0xad, 0xff, 0xb1, 0xce, 0x27, 
	0xef, 0x6f, 0xce, 0x27, 0xe6, 0xed, 0xf7, 0x6f, 
	0xff, 0xf3, 0xe6, 0xeb, 0xff, 0xf3, 0xee, 0xed, 
	0xde, 0xab, 0xe6, 0xed, 0xe6, 0xed, 0xff, 0xf5, 
	0xff, 0xf5, 0xef, 0x6f, 0xff, 0xf5, 0xef, 0x6f, 
	0xf7, 0x6f, 0xef, 0x6f, 0xce, 0x27, 0xb5, 0x1b, 
	0x82, 0x4b, 0x49, 0x03, 0x59, 0x43, 0x49, 0x88, 
	0x20, 0xc4, 0x41, 0x05, 0x82, 0x09, 0x82, 0xcf, 
	0xa4, 0x57, 0xde, 0xad, 0xff, 0xf3, 0xf7, 0x6f, 
	0xd6, 0x69, 0xce, 0x27, 0xd6, 0x69, 0xde, 0x6b, 
	0xde, 0x69, 0xe6, 0xeb, 0xee, 0xed, 0xd6, 0x69, 
	0xef, 0x2d, 0xc5, 0xa5, 0xc5, 0xe5, 0xd6, 0x69, 
	0xe6, 0xed, 0xef, 0x2f, 0xd6, 0x69, 0xe6, 0xeb, 
	0xe6, 0xed, 0xef, 0x2d, 0xce, 0x27, 0xb5, 0x1b, 
	0x8a, 0x8d, 0x51, 0x45, 0x61, 0x85, 0x49, 0xc8, 
	0x20, 0xc4, 0x41, 0x05, 0x82, 0x09, 0x7a, 0xcf, 
	0xa4, 0x57, 0xde, 0xab, 0xff, 0xf3, 0xff, 0xf3, 
	0xff, 0xf3, 0xff, 0xf3, 0xf7, 0x6f, 0xff, 0xb1, 
	0xff, 0xf3, 0xff, 0xf3, 0xff, 0xf3, 0xff, 0xf3, 
	0xff, 0xf3, 0xff, 0xf3, 0xff, 0xf3, 0xff, 0xf3, 
	0xff, 0xf3, 0xff, 0xf3, 0xff, 0xf3, 0xff, 0xf3, 
	0xff, 0xf3, 0xff, 0xf3, 0xce, 0x27, 0xb5, 0x1b, 
	0x8a, 0x8d, 0x51, 0x45, 0x59, 0x43, 0x49, 0x88, 
	0x20, 0xc4, 0x38, 0xc3, 0x71, 0xc5, 0x7a, 0xcf, 
	0xa4, 0x57, 0xde, 0xab, 0xe6, 0xeb, 0xde, 0xab, 
	0xe6, 0xab, 0xde, 0xab, 0xce, 0x27, 0xde, 0xab, 
	0xf7, 0x6f, 0xe6, 0xed, 0xce, 0x27, 0xe6, 0xeb, 
	0xde, 0xab, 0xd6, 0x29, 0xff, 0xf3, 0xc5, 0xe5, 
	0xe6, 0xab, 0xff, 0xf3, 0xd6, 0x29, 0xde, 0x69, 
	0xd6, 0x29, 0xd6, 0x69, 0xce, 0x27, 0xb5, 0x1b, 
	0x7a, 0x09, 0x41, 0x03, 0x61, 0x43, 0x51, 0xc8, 
	0x20, 0xc4, 0x51, 0x85, 0x92, 0x47, 0x82, 0xcd, 
	0xa4, 0x57, 0xde, 0xab, 0xcd, 0xe7, 0xee, 0xed, 
	0xef, 0x2f, 0xe6, 0xed, 0xde, 0xab, 0xe6, 0xeb, 
	0xff, 0xf3, 0xe6, 0xed, 0xe6, 0xed, 0xe6, 0xed, 
	0xce, 0x27, 0xde, 0xab, 0xff, 0xf3, 0xff, 0xf3, 
	0xef, 0x2f, 0xef, 0x2d, 0xde, 0xab, 0xff, 0xf3, 
	0xef, 0x2f, 0xef, 0x6f, 0xce, 0x27, 0xb4, 0xdb, 
	0x8a, 0x89, 0x59, 0x85, 0x82, 0x47, 0x51, 0xc8, 
	0x20, 0xc4, 0x49, 0x03, 0xaa, 0xc9, 0x9b, 0x4f, 
	0xa4, 0x57, 0xde, 0xab, 0xff, 0xf1, 0xf7, 0x6f, 
	0xff, 0xf1, 0xff, 0xf1, 0xff, 0xf3, 0xff, 0xf3, 
	0xff, 0xf3, 0xff, 0xf3, 0xff, 0xb1, 0xff, 0xf3, 
	0xff, 0xf3, 0xff, 0xf3, 0xff, 0xf1, 0xff, 0xf3, 
	0xff, 0xf3, 0xff, 0xf3, 0xff, 0xf3, 0xff, 0xf3, 
	0xff, 0xf3, 0xff, 0xf1, 0xce, 0x27, 0xb4, 0xdb, 
	0xab, 0x4d, 0x72, 0x07, 0x92, 0x89, 0x51, 0xc8, 
	0x28, 0xc4, 0x49, 0x03, 0x79, 0xc5, 0x7a, 0x8d, 
	0xa4, 0x57, 0xde, 0xab, 0xce, 0x27, 0xbd, 0xa3, 
	0xd6, 0x69, 0xde, 0xab, 0xf7, 0x6f, 0xd6, 0x69, 
	0xf7, 0x6f, 0xc5, 0xe5, 0xce, 0x27, 0xce, 0x27, 
	0xd6, 0x69, 0xcd, 0xe7, 0xd6, 0x69, 0xce, 0x27, 
	0xd6, 0x29, 0xe6, 0xed, 0xc5, 0xe5, 0xcd, 0xe7, 
	0xe6, 0xed, 0xd6, 0x69, 0xbd, 0xa3, 0xb4, 0xdb, 
	0xbb, 0x8d, 0x72, 0x07, 0x7a, 0x07, 0x49, 0x88, 
	0x20, 0xc4, 0x59, 0x85, 0xa2, 0x87, 0x8b, 0x0f, 
	0xa4, 0x57, 0xde, 0xab, 0xe6, 0xeb, 0xef, 0x2f, 
	0xde, 0xab, 0xff, 0xf1, 0xff, 0xb1, 0xef, 0x6f, 
	0xff, 0xf1, 0xef, 0x2f, 0xee, 0xed, 0xff, 0xf3, 
	0xde, 0xab, 0xff, 0xf3, 0xff, 0xf3, 0xef, 0x2d, 
	0xee, 0xed, 0xef, 0x6f, 0xee, 0xed, 0xff, 0xf3, 
	0xef, 0x6f, 0xee, 0xed, 0xc5, 0xe5, 0xb4, 0xdb, 
	0x92, 0x8b, 0x49, 0x03, 0x59, 0x43, 0x51, 0x88, 
	0x28, 0xc4, 0x59, 0x85, 0xb3, 0x09, 0x9b, 0x4f, 
	0xa4, 0x57, 0xde, 0xab, 0xff, 0xb1, 0xff, 0xb1, 
	0xff, 0xf1, 0xff, 0xf1, 0xff, 0xf1, 0xff, 0xf1, 
	0xff, 0xf1, 0xee, 0xed, 0xff, 0xf1, 0xff, 0xf1, 
	0xef, 0x6f, 0xee, 0xed, 0xff, 0xf3, 0xff, 0xf3, 
	0xff, 0xf3, 0xff, 0xf3, 0xff, 0xf3, 0xff, 0xf3, 
	0xff, 0xf3, 0xff, 0xf3, 0xce, 0x27, 0xb4, 0xdb, 
	0x82, 0x49, 0x51, 0x43, 0x7a, 0x05, 0x51, 0xc8, 
	0x28, 0xc4, 0x40, 0xc3, 0x92, 0x47, 0x93, 0x4f, 
	0xa4, 0x57, 0xde, 0xab, 0xff, 0xb1, 0xff, 0xb1, 
	0xff, 0xb1, 0xff, 0xb1, 0xff, 0xf1, 0xff, 0xf1, 
	0xff, 0xf1, 0xd6, 0x69, 0xbd, 0x63, 0xac, 0xdf, 
	0xc5, 0xa5, 0xbd, 0x63, 0xe6, 0xeb, 0xff, 0xf1, 
	0xff, 0xf1, 0xff, 0xf1, 0xff, 0xf1, 0xff, 0xf1, 
	0xff, 0xf1, 0xff, 0xf1, 0xce, 0x25, 0xb4, 0xdb, 
	0xa3, 0x0b, 0x69, 0xc5, 0x92, 0x87, 0x49, 0x88, 
	0x28, 0xc4, 0x49, 0x03, 0x79, 0xc5, 0x7a, 0x8d, 
	0xa4, 0x57, 0xd6, 0xab, 0xf7, 0x6f, 0xf7, 0x6f, 
	0xf7, 0x6f, 0xf7, 0x6f, 0xf7, 0x6f, 0xf7, 0x6f, 
	0xf7, 0x6f, 0xf7, 0xaf, 0xf7, 0x6f, 0xf7, 0xaf, 
	0xf7, 0xaf, 0xff, 0xb1, 0xf7, 0x6f, 0xf7, 0xaf, 
	0xf7, 0xaf, 0xf7, 0xb1, 0xf7, 0xaf, 0xf7, 0xb1, 
	0xf7, 0xaf, 0xf7, 0xb1, 0xc5, 0xe5, 0xb4, 0xdb, 
	0xa3, 0x0b, 0x61, 0x85, 0x71, 0xc5, 0x51, 0xc8, 
	0x28, 0xc4, 0x59, 0x85, 0xa2, 0xc9, 0x93, 0x0f, 
	0xb4, 0xdb, 0xa4, 0x57, 0xa4, 0x99, 0xa4, 0x99, 
	0xa4, 0x99, 0xa4, 0x99, 0xa4, 0x99, 0xa4, 0x99, 
	0xa4, 0x99, 0xa4, 0x99, 0xa4, 0x99, 0xa4, 0x99, 
	0xa4, 0x99, 0xa4, 0x99, 0xa4, 0x99, 0xa4, 0x99, 
	0xa4, 0x99, 0xa4, 0x99, 0xa4, 0x99, 0xa4, 0x99, 
	0xa4, 0x99, 0xa4, 0x99, 0xa4, 0x57, 0xbd, 0x5d, 
	0x92, 0xcb, 0x59, 0x85, 0x8a, 0x47, 0x49, 0x88, 
	0x28, 0xc4, 0x51, 0x45, 0xaa, 0xc9, 0x7a, 0x07, 
	0x6a, 0x4b, 0x6a, 0x4b, 0x6a, 0x4b, 0x6a, 0x4b, 
	0x6a, 0x4b, 0x6a, 0x4b, 0x6a, 0x4b, 0x6a, 0x4b, 
	0x6a, 0x4b, 0x6a, 0x4b, 0x6a, 0x4b, 0x6a, 0x4b, 
	0x6a, 0x4b, 0x6a, 0x4b, 0x6a, 0x4b, 0x6a, 0x4b, 
	0x6a, 0x4b, 0x6a, 0x4b, 0x6a, 0x4b, 0x6a, 0x4b, 
	0x6a, 0x4b, 0x6a, 0x4b, 0x6a, 0x4b, 0x7a, 0x8b, 
	0x9a, 0xc9, 0x69, 0xc5, 0x7a, 0x05, 0x49, 0x88, 
	0x20, 0xc4, 0x59, 0x85, 0xbb, 0x09, 0xbb, 0x09, 
	0xbb, 0x09, 0xbb, 0x09, 0xbb, 0x09, 0xbb, 0x09, 
	0xbb, 0x09, 0xbb, 0x09, 0xbb, 0x09, 0xbb, 0x09, 
	0xbb, 0x09, 0xbb, 0x09, 0xbb, 0x09, 0xbb, 0x09, 
	0xbb, 0x09, 0xbb, 0x09, 0xbb, 0x09, 0xbb, 0x09, 
	0xbb, 0x09, 0xbb, 0x09, 0xbb, 0x09, 0xbb, 0x09, 
	0xbb, 0x09, 0xbb, 0x09, 0xbb, 0x09, 0xbb, 0x09, 
	0xbb, 0x09, 0x9a, 0x87, 0x92, 0x47, 0x51, 0x88, 
	0x20, 0xc4, 0x18, 0x83, 0x30, 0xc3, 0x28, 0x83, 
	0x28, 0x83, 0x28, 0x83, 0x28, 0x83, 0x28, 0x83, 
	0x28, 0x83, 0x28, 0x83, 0x28, 0x83, 0x28, 0x83, 
	0x28, 0x83, 0x28, 0x83, 0x28, 0x83, 0x28, 0x83, 
	0x28, 0x83, 0x28, 0x83, 0x28, 0x83, 0x28, 0x83, 
	0x28, 0x83, 0x28, 0x83, 0x28, 0x83, 0x28, 0x83, 
	0x28, 0x83, 0x28, 0x83, 0x28, 0x83, 0x28, 0x83, 
	0x28, 0x83, 0x20, 0x83, 0x30, 0xc3, 0x51, 0xc8, 
	0x28, 0xc4, 0x18, 0x82, 0x18, 0x82, 0x18, 0x82, 
	0x18, 0x82, 0x18, 0x82, 0x18, 0x82, 0x18, 0x82, 
	0x18, 0x82, 0x18, 0x82, 0x18, 0x82, 0x18, 0x82, 
	0x18, 0x82, 0x18, 0x82, 0x18, 0x82, 0x18, 0x82, 
	0x18, 0x82, 0x18, 0x82, 0x18, 0x82, 0x18, 0x82, 
	0x18, 0x82, 0x18, 0x82, 0x18, 0x82, 0x18, 0x82, 
	0x18, 0x82, 0x18, 0x82, 0x18, 0x82, 0x18, 0x82, 
	0x18, 0x82, 0x18, 0x82, 0x31, 0x06, 0x49, 0x88, 
	
};

Gfx castle_inside_dl_inside_castle_textures_03000_rgba16_i8_aligner[] = {gsSPEndDisplayList()};
u8 castle_inside_dl_inside_castle_textures_03000_rgba16_i8[] = {
	0x3c, 0x3c, 0x34, 0x39, 0x43, 0x3e, 0x43, 0x36, 
	0x1d, 0x2a, 0x48, 0x46, 0x4e, 0x55, 0x4b, 0x48, 
	0x34, 0x2c, 0x31, 0x31, 0x43, 0x48, 0x4b, 0x41, 
	0x39, 0x41, 0x34, 0x2c, 0x31, 0x34, 0x2c, 0x31, 
	0x36, 0x00, 0x03, 0x0b, 0x10, 0x10, 0x06, 0x0d, 
	0x10, 0x08, 0x0b, 0x0d, 0x10, 0x0d, 0x10, 0x10, 
	0x0b, 0x06, 0x03, 0x08, 0x10, 0x0d, 0x10, 0x0d, 
	0x10, 0x08, 0x03, 0x03, 0x08, 0x00, 0x06, 0x1d, 
	0x4b, 0x00, 0x08, 0x03, 0x03, 0x06, 0x0b, 0x01, 
	0x08, 0x0b, 0x08, 0x08, 0x08, 0x0b, 0x0b, 0x0d, 
	0x08, 0x03, 0x01, 0x01, 0x06, 0x13, 0x10, 0x08, 
	0x10, 0x08, 0x03, 0x06, 0x06, 0x08, 0x10, 0x34, 
	0x62, 0x00, 0x01, 0x01, 0x03, 0x01, 0x08, 0x03, 
	0x10, 0x08, 0x08, 0x08, 0x10, 0x13, 0x13, 0x10, 
	0x0d, 0x0b, 0x0d, 0x03, 0x08, 0x08, 0x08, 0x0b, 
	0x0d, 0x0b, 0x0b, 0x01, 0x08, 0x10, 0x08, 0x4b, 
	0x50, 0x00, 0x01, 0x06, 0x08, 0x08, 0x10, 0x10, 
	0x0d, 0x06, 0x08, 0x0d, 0x13, 0x13, 0x1a, 0x10, 
	0x10, 0x13, 0x10, 0x08, 0x06, 0x13, 0x10, 0x03, 
	0x10, 0x10, 0x08, 0x03, 0x0b, 0x0b, 0x13, 0x41, 
	0x43, 0x08, 0x15, 0x10, 0x13, 0x10, 0x13, 0x08, 
	0x13, 0x08, 0x08, 0x08, 0x18, 0x13, 0x18, 0x18, 
	0x1f, 0x1a, 0x1a, 0x18, 0x18, 0x08, 0x15, 0x10, 
	0x0b, 0x13, 0x13, 0x08, 0x08, 0x03, 0x0b, 0x4e, 
	0x55, 0x01, 0x0b, 0x10, 0x0b, 0x08, 0x13, 0x10, 
	0x0b, 0x15, 0x0d, 0x08, 0x13, 0x18, 0x13, 0x1a, 
	0x10, 0x18, 0x18, 0x18, 0x1d, 0x10, 0x08, 0x15, 
	0x15, 0x08, 0x0b, 0x08, 0x01, 0x03, 0x08, 0x50, 
	0x5a, 0x01, 0x0d, 0x13, 0x0d, 0x08, 0x06, 0x15, 
	0x1a, 0x13, 0x1a, 0x10, 0x10, 0x08, 0x13, 0x1f, 
	0x18, 0x1a, 0x18, 0x13, 0x24, 0x1a, 0x18, 0x13, 
	0x13, 0x13, 0x0b, 0x0b, 0x03, 0x0b, 0x01, 0x46, 
	0x50, 0x01, 0x18, 0x0d, 0x18, 0x10, 0x13, 0x13, 
	0x1f, 0x1a, 0x1a, 0x1d, 0x1a, 0x1a, 0x1a, 0x1d, 
	0x1f, 0x18, 0x1f, 0x1d, 0x2a, 0x1f, 0x18, 0x18, 
	0x1a, 0x1a, 0x18, 0x1f, 0x0b, 0x0d, 0x06, 0x50, 
	0x5d, 0x00, 0x10, 0x10, 0x10, 0x18, 0x13, 0x10, 
	0x10, 0x18, 0x1d, 0x27, 0x24, 0x2a, 0x1f, 0x27, 
	0x27, 0x24, 0x1f, 0x1d, 0x2a, 0x1f, 0x27, 0x13, 
	0x1f, 0x18, 0x18, 0x1d, 0x15, 0x13, 0x10, 0x5d, 
	0x5d, 0x01, 0x0d, 0x18, 0x13, 0x1f, 0x1d, 0x0b, 
	0x1a, 0x18, 0x18, 0x2a, 0x31, 0x34, 0x31, 0x2c, 
	0x1f, 0x24, 0x2a, 0x1f, 0x1f, 0x27, 0x27, 0x2c, 
	0x27, 0x1a, 0x1f, 0x18, 0x1a, 0x10, 0x15, 0x50, 
	0x5d, 0x03, 0x13, 0x18, 0x18, 0x1f, 0x1f, 0x2f, 
	0x1d, 0x18, 0x1d, 0x1f, 0x2c, 0x2c, 0x34, 0x27, 
	0x1f, 0x24, 0x27, 0x2c, 0x27, 0x36, 0x31, 0x2f, 
	0x31, 0x1d, 0x22, 0x22, 0x1a, 0x13, 0x13, 0x39, 
	0x6f, 0x1a, 0x24, 0x2a, 0x24, 0x2a, 0x2f, 0x2c, 
	0x34, 0x2c, 0x18, 0x1d, 0x24, 0x1d, 0x1f, 0x34, 
	0x34, 0x1a, 0x34, 0x31, 0x34, 0x2c, 0x2c, 0x36, 
	0x3e, 0x2c, 0x2a, 0x1f, 0x1d, 0x2a, 0x1f, 0x5d, 
	0x6f, 0x1f, 0x36, 0x31, 0x36, 0x2f, 0x41, 0x31, 
	0x34, 0x2c, 0x36, 0x2f, 0x27, 0x31, 0x2a, 0x2a, 
	0x3c, 0x2c, 0x31, 0x34, 0x31, 0x31, 0x2f, 0x2f, 
	0x2a, 0x34, 0x2f, 0x2a, 0x2a, 0x2f, 0x2a, 0x62, 
	0x6f, 0x1d, 0x2c, 0x2f, 0x2f, 0x2c, 0x39, 0x2f, 
	0x31, 0x2a, 0x27, 0x31, 0x31, 0x31, 0x2c, 0x2a, 
	0x31, 0x1f, 0x1d, 0x2c, 0x31, 0x22, 0x24, 0x1a, 
	0x24, 0x1f, 0x1f, 0x2c, 0x2f, 0x27, 0x27, 0x50, 
	0x6f, 0x48, 0x4b, 0x4e, 0x5a, 0x55, 0x5a, 0x5a, 
	0x5d, 0x50, 0x48, 0x48, 0x5a, 0x53, 0x43, 0x43, 
	0x3e, 0x3e, 0x43, 0x53, 0x4b, 0x58, 0x46, 0x3c, 
	0x3e, 0x4b, 0x31, 0x34, 0x34, 0x2f, 0x34, 0x5d, 
	0x65, 0x5d, 0x60, 0x55, 0x62, 0x6f, 0x6f, 0x6f, 
	0x6f, 0x60, 0x65, 0x62, 0x6f, 0x67, 0x6c, 0x6f, 
	0x5a, 0x50, 0x55, 0x62, 0x6f, 0x6c, 0x6a, 0x4e, 
	0x53, 0x4e, 0x3e, 0x43, 0x39, 0x3e, 0x34, 0x41, 
	0x2a, 0x34, 0x2f, 0x2c, 0x36, 0x39, 0x2f, 0x3c, 
	0x48, 0x3c, 0x36, 0x41, 0x43, 0x4e, 0x43, 0x60, 
	0x43, 0x31, 0x24, 0x2f, 0x2f, 0x39, 0x36, 0x31, 
	0x2c, 0x2a, 0x1a, 0x18, 0x1f, 0x18, 0x10, 0x1a, 
	0x34, 0x24, 0x34, 0x34, 0x2f, 0x34, 0x3e, 0x34, 
	0x41, 0x3e, 0x3e, 0x3c, 0x41, 0x3c, 0x36, 0x65, 
	0x5d, 0x34, 0x2c, 0x36, 0x31, 0x31, 0x2c, 0x1d, 
	0x1a, 0x1a, 0x15, 0x18, 0x13, 0x1a, 0x0b, 0x18, 
	0x31, 0x31, 0x31, 0x31, 0x31, 0x3c, 0x43, 0x34, 
	0x36, 0x31, 0x43, 0x3c, 0x34, 0x34, 0x34, 0x5a, 
	0x4b, 0x2c, 0x27, 0x2a, 0x2a, 0x31, 0x2c, 0x1f, 
	0x15, 0x18, 0x1f, 0x1a, 0x18, 0x18, 0x1a, 0x2c, 
	0x1f, 0x2c, 0x2c, 0x31, 0x2a, 0x27, 0x36, 0x31, 
	0x3c, 0x34, 0x36, 0x48, 0x3e, 0x41, 0x48, 0x5a, 
	0x3e, 0x2c, 0x31, 0x3c, 0x2a, 0x36, 0x2f, 0x18, 
	0x1f, 0x18, 0x1f, 0x1f, 0x2a, 0x24, 0x24, 0x2f, 
	0x2a, 0x2a, 0x27, 0x34, 0x31, 0x31, 0x2f, 0x31, 
	0x39, 0x31, 0x36, 0x3c, 0x3c, 0x4b, 0x43, 0x6a, 
	0x5a, 0x2f, 0x34, 0x31, 0x36, 0x2a, 0x1f, 0x24, 
	0x1a, 0x24, 0x22, 0x27, 0x1d, 0x1f, 0x22, 0x2a, 
	0x27, 0x2c, 0x36, 0x2f, 0x2c, 0x2f, 0x2c, 0x27, 
	0x2c, 0x36, 0x2a, 0x43, 0x41, 0x43, 0x4b, 0x5d, 
	0x48, 0x3c, 0x43, 0x3c, 0x34, 0x2f, 0x2a, 0x24, 
	0x24, 0x24, 0x2c, 0x2f, 0x1f, 0x1f, 0x1f, 0x2c, 
	0x2a, 0x24, 0x22, 0x24, 0x2c, 0x2f, 0x2f, 0x2f, 
	0x2f, 0x34, 0x2f, 0x36, 0x3e, 0x39, 0x39, 0x62, 
	0x58, 0x3c, 0x34, 0x39, 0x31, 0x31, 0x31, 0x1f, 
	0x2c, 0x2f, 0x2a, 0x27, 0x2a, 0x22, 0x24, 0x24, 
	0x1f, 0x18, 0x1f, 0x22, 0x18, 0x27, 0x34, 0x34, 
	0x31, 0x36, 0x24, 0x36, 0x31, 0x2c, 0x31, 0x60, 
	0x5a, 0x34, 0x31, 0x39, 0x2c, 0x39, 0x3e, 0x31, 
	0x34, 0x2f, 0x2f, 0x2c, 0x2a, 0x2f, 0x2a, 0x2c, 
	0x15, 0x1a, 0x1f, 0x18, 0x1f, 0x24, 0x2c, 0x2f, 
	0x36, 0x34, 0x2a, 0x34, 0x36, 0x31, 0x24, 0x5a, 
	0x58, 0x27, 0x2a, 0x27, 0x34, 0x3c, 0x2f, 0x39, 
	0x34, 0x2a, 0x2f, 0x1f, 0x34, 0x2c, 0x2f, 0x2f, 
	0x18, 0x15, 0x1f, 0x24, 0x22, 0x18, 0x1f, 0x2a, 
	0x36, 0x34, 0x2f, 0x34, 0x34, 0x3e, 0x3c, 0x50, 
	0x4b, 0x2a, 0x2c, 0x34, 0x24, 0x2f, 0x31, 0x2a, 
	0x2a, 0x2a, 0x2a, 0x1f, 0x1d, 0x1f, 0x1d, 0x18, 
	0x18, 0x10, 0x1a, 0x24, 0x24, 0x1f, 0x1f, 0x1f, 
	0x2a, 0x2f, 0x2c, 0x31, 0x36, 0x3c, 0x2a, 0x46, 
	0x41, 0x2a, 0x27, 0x2c, 0x1a, 0x27, 0x27, 0x27, 
	0x27, 0x1f, 0x24, 0x13, 0x1a, 0x24, 0x1f, 0x1a, 
	0x10, 0x0b, 0x13, 0x1f, 0x1f, 0x1f, 0x1a, 0x1f, 
	0x1a, 0x1f, 0x1f, 0x31, 0x2f, 0x36, 0x34, 0x4e, 
	0x55, 0x36, 0x24, 0x27, 0x18, 0x22, 0x2c, 0x2c, 
	0x27, 0x1f, 0x2a, 0x1d, 0x18, 0x1f, 0x18, 0x2a, 
	0x01, 0x08, 0x08, 0x10, 0x15, 0x13, 0x22, 0x18, 
	0x22, 0x22, 0x1f, 0x27, 0x24, 0x2c, 0x31, 0x48, 
	0x46, 0x2c, 0x2f, 0x1a, 0x1d, 0x2a, 0x2a, 0x1f, 
	0x1f, 0x24, 0x2a, 0x1a, 0x13, 0x10, 0x1a, 0x1d, 
	0x00, 0x00, 0x00, 0x01, 0x01, 0x00, 0x01, 0x00, 
	0x03, 0x03, 0x00, 0x08, 0x03, 0x08, 0x03, 0x3c, 
	0x39, 0x0d, 0x18, 0x18, 0x0b, 0x01, 0x03, 0x08, 
	0x03, 0x08, 0x03, 0x00, 0x01, 0x01, 0x06, 0x01, 
	0x4e, 0x3e, 0x24, 0x2a, 0x48, 0x53, 0x5d, 0x6a, 
	0x60, 0x5d, 0x6f, 0x6f, 0x6f, 0x6f, 0x6f, 0x6f, 
	0x6f, 0x6f, 0x6f, 0x6f, 0x6f, 0x67, 0x60, 0x43, 
	0x4b, 0x60, 0x62, 0x62, 0x6a, 0x6a, 0x58, 0x5d, 
	
};

Gfx castle_inside_dl__2_ia16_ia8_aligner[] = {gsSPEndDisplayList()};
u8 castle_inside_dl__2_ia16_ia8[] = {
	0xf0, 0xf0, 0xf0, 0xf0, 0xf0, 0xf0, 0xf0, 0xf0, 
	0xf0, 0xf0, 0xf0, 0xf0, 0xf0, 0xf0, 0xf0, 0xf0, 
	0xf0, 0xf0, 0xf0, 0xf0, 0xf0, 0xf0, 0xf0, 0xf0, 
	0xf0, 0xf0, 0xf0, 0xf0, 0xf0, 0xf0, 0xf0, 0xf0, 
	0xf0, 0xf0, 0xf0, 0xf0, 0xf0, 0xf0, 0xf0, 0xf0, 
	0xf0, 0xf0, 0xf0, 0xf0, 0xf1, 0xf1, 0xf1, 0xf2, 
	0xf2, 0xf1, 0xf1, 0xf1, 0xf0, 0xf0, 0xf0, 0xf0, 
	0xf0, 0xf0, 0xf0, 0xf0, 0xf0, 0xf0, 0xf0, 0xf0, 
	0xf0, 0xf0, 0xf0, 0xf0, 0xf0, 0xf0, 0xf0, 0xf0, 
	0xf0, 0xf1, 0xf1, 0xf2, 0xf2, 0xf2, 0xf2, 0xf2, 
	0xf2, 0xf2, 0xf2, 0xf2, 0xf2, 0xf1, 0xf1, 0xf0, 
	0xf0, 0xf0, 0xf0, 0xf0, 0xf0, 0xf0, 0xf0, 0xf0, 
	0xf0, 0xf0, 0xf0, 0xf0, 0xf0, 0xf0, 0xf0, 0xf0, 
	0xf2, 0xf2, 0xf2, 0xf2, 0xf3, 0xf3, 0xf3, 0xf3, 
	0xf3, 0xf3, 0xf3, 0xf3, 0xf2, 0xf2, 0xf2, 0xf2, 
	0xf0, 0xf0, 0xf0, 0xf0, 0xf0, 0xf0, 0xf0, 0xf0, 
	0xf0, 0xf0, 0xf0, 0xf0, 0xf0, 0xf0, 0xf1, 0xf2, 
	0xf2, 0xf3, 0xf3, 0xf3, 0xf4, 0xf4, 0xf4, 0xf4, 
	0xf4, 0xf4, 0xf4, 0xf4, 0xf3, 0xf3, 0xf3, 0xf2, 
	0xf2, 0xf1, 0xf0, 0xf0, 0xf0, 0xf0, 0xf0, 0xf0, 
	0xf0, 0xf0, 0xf0, 0xf0, 0xf0, 0xf1, 0xf2, 0xf2, 
	0xf3, 0xf3, 0xf4, 0xf4, 0xf5, 0xf5, 0xf6, 0xf6, 
	0xf6, 0xf6, 0xf5, 0xf5, 0xf4, 0xf4, 0xf3, 0xf3, 
	0xf2, 0xf2, 0xf1, 0xf0, 0xf0, 0xf0, 0xf0, 0xf0, 
	0xf0, 0xf0, 0xf0, 0xf0, 0xf1, 0xf2, 0xf2, 0xf3, 
	0xf4, 0xf4, 0xf5, 0xf6, 0xf6, 0xf7, 0xf7, 0xf7, 
	0xf7, 0xf7, 0xf7, 0xf6, 0xf6, 0xf5, 0xf4, 0xf4, 
	0xf3, 0xf2, 0xf2, 0xf1, 0xf0, 0xf0, 0xf0, 0xf0, 
	0xf0, 0xf0, 0xf0, 0xf0, 0xf2, 0xf2, 0xf3, 0xf4, 
	0xf5, 0xf5, 0xf6, 0xf7, 0xf7, 0xf8, 0xf8, 0xf8, 
	0xf8, 0xf8, 0xf8, 0xf7, 0xf7, 0xf6, 0xf5, 0xf5, 
	0xf4, 0xf3, 0xf2, 0xf2, 0xf0, 0xf0, 0xf0, 0xf0, 
	0xf0, 0xf0, 0xf0, 0xf2, 0xf2, 0xf3, 0xf4, 0xf5, 
	0xf5, 0xf6, 0xf7, 0xf8, 0xf9, 0xf9, 0xf9, 0xfa, 
	0xfa, 0xf9, 0xf9, 0xf9, 0xf8, 0xf7, 0xf6, 0xf5, 
	0xf5, 0xf4, 0xf3, 0xf2, 0xf2, 0xf0, 0xf0, 0xf0, 
	0xf0, 0xf0, 0xf1, 0xf2, 0xf3, 0xf3, 0xf4, 0xf5, 
	0xf6, 0xf7, 0xf8, 0xf9, 0xfa, 0xfa, 0xfb, 0xfb, 
	0xfb, 0xfb, 0xfa, 0xfa, 0xf9, 0xf8, 0xf7, 0xf6, 
	0xf5, 0xf4, 0xf3, 0xf3, 0xf2, 0xf1, 0xf0, 0xf0, 
	0xf0, 0xf0, 0xf1, 0xf2, 0xf3, 0xf4, 0xf5, 0xf6, 
	0xf7, 0xf8, 0xf9, 0xfa, 0xfb, 0xfb, 0xfc, 0xfc, 
	0xfc, 0xfc, 0xfb, 0xfb, 0xfa, 0xf9, 0xf8, 0xf7, 
	0xf6, 0xf5, 0xf4, 0xf3, 0xf2, 0xf1, 0xf0, 0xf0, 
	0xf0, 0xf0, 0xf2, 0xf2, 0xf3, 0xf4, 0xf6, 0xf7, 
	0xf8, 0xf9, 0xfa, 0xfb, 0xfc, 0xfc, 0xfd, 0xfd, 
	0xfd, 0xfd, 0xfc, 0xfc, 0xfb, 0xfa, 0xf9, 0xf8, 
	0xf7, 0xf6, 0xf4, 0xf3, 0xf2, 0xf2, 0xf0, 0xf0, 
	0xf0, 0xf1, 0xf2, 0xf3, 0xf4, 0xf5, 0xf6, 0xf7, 
	0xf9, 0xfa, 0xfb, 0xfc, 0xfc, 0xfd, 0xfd, 0xfd, 
	0xfd, 0xfd, 0xfd, 0xfc, 0xfc, 0xfb, 0xfa, 0xf9, 
	0xf7, 0xf6, 0xf5, 0xf4, 0xf3, 0xf2, 0xf1, 0xf0, 
	0xf0, 0xf1, 0xf2, 0xf3, 0xf4, 0xf5, 0xf7, 0xf8, 
	0xf9, 0xfa, 0xfb, 0xfc, 0xfd, 0xfd, 0xfe, 0xfe, 
	0xfe, 0xfe, 0xfd, 0xfd, 0xfc, 0xfb, 0xfa, 0xf9, 
	0xf8, 0xf7, 0xf5, 0xf4, 0xf3, 0xf2, 0xf1, 0xf0, 
	0xf0, 0xf1, 0xf2, 0xf3, 0xf4, 0xf6, 0xf7, 0xf8, 
	0xf9, 0xfb, 0xfc, 0xfd, 0xfd, 0xfe, 0xfe, 0xfe, 
	0xfe, 0xfe, 0xfe, 0xfd, 0xfd, 0xfc, 0xfb, 0xf9, 
	0xf8, 0xf7, 0xf6, 0xf4, 0xf3, 0xf2, 0xf1, 0xf0, 
	0xf0, 0xf2, 0xf2, 0xf3, 0xf4, 0xf6, 0xf7, 0xf8, 
	0xfa, 0xfb, 0xfc, 0xfd, 0xfd, 0xfe, 0xfe, 0xfe, 
	0xfe, 0xfe, 0xfe, 0xfd, 0xfd, 0xfc, 0xfb, 0xfa, 
	0xf8, 0xf7, 0xf6, 0xf4, 0xf3, 0xf2, 0xf2, 0xf0, 
	0xf0, 0xf2, 0xf2, 0xf3, 0xf4, 0xf6, 0xf7, 0xf8, 
	0xfa, 0xfb, 0xfc, 0xfd, 0xfd, 0xfe, 0xfe, 0xfe, 
	0xfe, 0xfe, 0xfe, 0xfd, 0xfd, 0xfc, 0xfb, 0xfa, 
	0xf8, 0xf7, 0xf6, 0xf4, 0xf3, 0xf2, 0xf2, 0xf0, 
	0xf0, 0xf2, 0xf2, 0xf3, 0xf4, 0xf6, 0xf7, 0xf8, 
	0xfa, 0xfb, 0xfc, 0xfd, 0xfd, 0xfe, 0xfe, 0xfe, 
	0xfe, 0xfe, 0xfe, 0xfd, 0xfd, 0xfc, 0xfb, 0xfa, 
	0xf8, 0xf7, 0xf6, 0xf4, 0xf3, 0xf2, 0xf2, 0xf0, 
	0xf0, 0xf2, 0xf2, 0xf3, 0xf4, 0xf6, 0xf7, 0xf8, 
	0xfa, 0xfb, 0xfc, 0xfd, 0xfd, 0xfe, 0xfe, 0xfe, 
	0xfe, 0xfe, 0xfe, 0xfd, 0xfd, 0xfc, 0xfb, 0xfa, 
	0xf8, 0xf7, 0xf6, 0xf4, 0xf3, 0xf2, 0xf2, 0xf0, 
	0xf0, 0xf1, 0xf2, 0xf3, 0xf4, 0xf6, 0xf7, 0xf8, 
	0xfa, 0xfb, 0xfc, 0xfd, 0xfd, 0xfe, 0xfe, 0xfe, 
	0xfe, 0xfe, 0xfe, 0xfd, 0xfd, 0xfc, 0xfb, 0xfa, 
	0xf8, 0xf7, 0xf6, 0xf4, 0xf3, 0xf2, 0xf1, 0xf0, 
	0xf0, 0xf1, 0xf2, 0xf3, 0xf4, 0xf6, 0xf7, 0xf8, 
	0xf9, 0xfb, 0xfc, 0xfd, 0xfd, 0xfe, 0xfe, 0xfe, 
	0xfe, 0xfe, 0xfe, 0xfd, 0xfd, 0xfc, 0xfb, 0xf9, 
	0xf8, 0xf7, 0xf6, 0xf4, 0xf3, 0xf2, 0xf1, 0xf0, 
	0xf0, 0xf1, 0xf2, 0xf3, 0xf4, 0xf5, 0xf7, 0xf8, 
	0xf9, 0xfb, 0xfc, 0xfd, 0xfd, 0xfe, 0xfe, 0xfe, 
	0xfe, 0xfe, 0xfe, 0xfd, 0xfd, 0xfc, 0xfb, 0xf9, 
	0xf8, 0xf7, 0xf5, 0xf4, 0xf3, 0xf2, 0xf1, 0xf0, 
	0xf0, 0xf1, 0xf2, 0xf3, 0xf4, 0xf5, 0xf7, 0xf8, 
	0xf9, 0xfb, 0xfc, 0xfc, 0xfd, 0xfe, 0xfe, 0xfe, 
	0xfe, 0xfe, 0xfe, 0xfd, 0xfc, 0xfc, 0xfb, 0xf9, 
	0xf8, 0xf7, 0xf5, 0xf4, 0xf3, 0xf2, 0xf1, 0xf0, 
	0xf0, 0xf1, 0xf2, 0xf3, 0xf4, 0xf5, 0xf7, 0xf8, 
	0xf9, 0xfa, 0xfb, 0xfc, 0xfd, 0xfd, 0xfe, 0xfe, 
	0xfe, 0xfe, 0xfd, 0xfd, 0xfc, 0xfb, 0xfa, 0xf9, 
	0xf8, 0xf7, 0xf5, 0xf4, 0xf3, 0xf2, 0xf1, 0xf0, 
	0xf0, 0xf1, 0xf2, 0xf3, 0xf4, 0xf5, 0xf6, 0xf8, 
	0xf9, 0xfa, 0xfb, 0xfc, 0xfd, 0xfd, 0xfe, 0xfe, 
	0xfe, 0xfe, 0xfd, 0xfd, 0xfc, 0xfb, 0xfa, 0xf9, 
	0xf8, 0xf6, 0xf5, 0xf4, 0xf3, 0xf2, 0xf1, 0xf0, 
	0xf0, 0xf1, 0xf2, 0xf3, 0xf4, 0xf5, 0xf6, 0xf8, 
	0xf9, 0xfa, 0xfb, 0xfc, 0xfd, 0xfd, 0xfe, 0xfe, 
	0xfe, 0xfe, 0xfd, 0xfd, 0xfc, 0xfb, 0xfa, 0xf9, 
	0xf8, 0xf6, 0xf5, 0xf4, 0xf3, 0xf2, 0xf1, 0xf0, 
	0xf0, 0xf1, 0xf2, 0xf3, 0xf4, 0xf5, 0xf6, 0xf7, 
	0xf9, 0xfa, 0xfb, 0xfc, 0xfc, 0xfd, 0xfd, 0xfd, 
	0xfd, 0xfd, 0xfd, 0xfc, 0xfc, 0xfb, 0xfa, 0xf9, 
	0xf7, 0xf6, 0xf5, 0xf4, 0xf3, 0xf2, 0xf1, 0xf0, 
	0xf0, 0xf1, 0xf2, 0xf3, 0xf4, 0xf5, 0xf6, 0xf7, 
	0xf8, 0xfa, 0xfb, 0xfc, 0xfc, 0xfd, 0xfd, 0xfd, 
	0xfd, 0xfd, 0xfd, 0xfc, 0xfc, 0xfb, 0xfa, 0xf8, 
	0xf7, 0xf6, 0xf5, 0xf4, 0xf3, 0xf2, 0xf1, 0xf0, 
	0xf0, 0xf0, 0xf2, 0xf3, 0xf4, 0xf5, 0xf6, 0xf7, 
	0xf8, 0xf9, 0xfa, 0xfb, 0xfc, 0xfd, 0xfd, 0xfd, 
	0xfd, 0xfd, 0xfd, 0xfc, 0xfb, 0xfa, 0xf9, 0xf8, 
	0xf7, 0xf6, 0xf5, 0xf4, 0xf3, 0xf2, 0xf0, 0xf0, 
	0xf0, 0xf0, 0xf2, 0xf2, 0xf3, 0xf4, 0xf6, 0xf7, 
	0xf8, 0xf9, 0xfa, 0xfb, 0xfc, 0xfc, 0xfd, 0xfd, 
	0xfd, 0xfd, 0xfc, 0xfc, 0xfb, 0xfa, 0xf9, 0xf8, 
	0xf7, 0xf6, 0xf4, 0xf3, 0xf2, 0xf2, 0xf0, 0xf0, 
	0xf0, 0xf0, 0xf2, 0xf2, 0xf3, 0xf4, 0xf5, 0xf7, 
	0xf8, 0xf9, 0xfa, 0xfb, 0xfb, 0xfc, 0xfc, 0xfd, 
	0xfd, 0xfc, 0xfc, 0xfb, 0xfb, 0xfa, 0xf9, 0xf8, 
	0xf7, 0xf5, 0xf4, 0xf3, 0xf2, 0xf2, 0xf0, 0xf0, 
	0xf0, 0xf0, 0xf2, 0xf2, 0xf3, 0xf4, 0xf5, 0xf6, 
	0xf8, 0xf9, 0xfa, 0xfa, 0xfb, 0xfc, 0xfc, 0xfc, 
	0xfc, 0xfc, 0xfc, 0xfb, 0xfa, 0xfa, 0xf9, 0xf8, 
	0xf6, 0xf5, 0xf4, 0xf3, 0xf2, 0xf2, 0xf0, 0xf0, 
	0xf0, 0xf0, 0xf1, 0xf2, 0xf3, 0xf4, 0xf5, 0xf6, 
	0xf7, 0xf8, 0xf9, 0xfa, 0xfb, 0xfb, 0xfc, 0xfc, 
	0xfc, 0xfc, 0xfb, 0xfb, 0xfa, 0xf9, 0xf8, 0xf7, 
	0xf6, 0xf5, 0xf4, 0xf3, 0xf2, 0xf1, 0xf0, 0xf0, 
	0xf0, 0xf0, 0xf1, 0xf2, 0xf3, 0xf4, 0xf5, 0xf6, 
	0xf7, 0xf8, 0xf9, 0xfa, 0xfa, 0xfb, 0xfb, 0xfc, 
	0xfc, 0xfb, 0xfb, 0xfa, 0xfa, 0xf9, 0xf8, 0xf7, 
	0xf6, 0xf5, 0xf4, 0xf3, 0xf2, 0xf1, 0xf0, 0xf0, 
	0xf0, 0xf0, 0xf1, 0xf2, 0xf3, 0xf4, 0xf5, 0xf6, 
	0xf7, 0xf8, 0xf9, 0xfa, 0xfa, 0xfb, 0xfb, 0xfb, 
	0xfb, 0xfb, 0xfb, 0xfa, 0xfa, 0xf9, 0xf8, 0xf7, 
	0xf6, 0xf5, 0xf4, 0xf3, 0xf2, 0xf1, 0xf0, 0xf0, 
	0xf0, 0xf0, 0xf1, 0xf2, 0xf3, 0xf3, 0xf4, 0xf5, 
	0xf6, 0xf7, 0xf8, 0xf9, 0xfa, 0xfa, 0xfb, 0xfb, 
	0xfb, 0xfb, 0xfa, 0xfa, 0xf9, 0xf8, 0xf7, 0xf6, 
	0xf5, 0xf4, 0xf3, 0xf3, 0xf2, 0xf1, 0xf0, 0xf0, 
	0xf0, 0xf0, 0xf1, 0xf2, 0xf2, 0xf3, 0xf4, 0xf5, 
	0xf6, 0xf7, 0xf8, 0xf9, 0xf9, 0xfa, 0xfa, 0xfa, 
	0xfa, 0xfa, 0xfa, 0xf9, 0xf9, 0xf8, 0xf7, 0xf6, 
	0xf5, 0xf4, 0xf3, 0xf2, 0xf2, 0xf1, 0xf0, 0xf0, 
	0xf0, 0xf0, 0xf0, 0xf2, 0xf2, 0xf3, 0xf4, 0xf5, 
	0xf6, 0xf7, 0xf8, 0xf8, 0xf9, 0xfa, 0xfa, 0xfa, 
	0xfa, 0xfa, 0xfa, 0xf9, 0xf8, 0xf8, 0xf7, 0xf6, 
	0xf5, 0xf4, 0xf3, 0xf2, 0xf2, 0xf0, 0xf0, 0xf0, 
	0xf0, 0xf0, 0xf0, 0xf2, 0xf2, 0xf3, 0xf4, 0xf5, 
	0xf5, 0xf6, 0xf7, 0xf8, 0xf9, 0xf9, 0xf9, 0xfa, 
	0xfa, 0xf9, 0xf9, 0xf9, 0xf8, 0xf7, 0xf6, 0xf5, 
	0xf5, 0xf4, 0xf3, 0xf2, 0xf2, 0xf0, 0xf0, 0xf0, 
	0xf0, 0xf0, 0xf0, 0xf1, 0xf2, 0xf3, 0xf3, 0xf4, 
	0xf5, 0xf6, 0xf7, 0xf8, 0xf8, 0xf9, 0xf9, 0xf9, 
	0xf9, 0xf9, 0xf9, 0xf8, 0xf8, 0xf7, 0xf6, 0xf5, 
	0xf4, 0xf3, 0xf3, 0xf2, 0xf1, 0xf0, 0xf0, 0xf0, 
	0xf0, 0xf0, 0xf0, 0xf0, 0xf2, 0xf2, 0xf3, 0xf4, 
	0xf5, 0xf6, 0xf7, 0xf7, 0xf8, 0xf8, 0xf9, 0xf9, 
	0xf9, 0xf9, 0xf8, 0xf8, 0xf7, 0xf7, 0xf6, 0xf5, 
	0xf4, 0xf3, 0xf2, 0xf2, 0xf0, 0xf0, 0xf0, 0xf0, 
	0xf0, 0xf0, 0xf0, 0xf0, 0xf2, 0xf2, 0xf3, 0xf4, 
	0xf5, 0xf5, 0xf6, 0xf7, 0xf7, 0xf8, 0xf8, 0xf8, 
	0xf8, 0xf8, 0xf8, 0xf7, 0xf7, 0xf6, 0xf5, 0xf5, 
	0xf4, 0xf3, 0xf2, 0xf2, 0xf0, 0xf0, 0xf0, 0xf0, 
	0xf0, 0xf0, 0xf0, 0xf0, 0xf2, 0xf2, 0xf3, 0xf3, 
	0xf4, 0xf5, 0xf6, 0xf6, 0xf7, 0xf7, 0xf8, 0xf8, 
	0xf8, 0xf8, 0xf7, 0xf7, 0xf6, 0xf6, 0xf5, 0xf4, 
	0xf3, 0xf3, 0xf2, 0xf2, 0xf0, 0xf0, 0xf0, 0xf0, 
	0xf0, 0xf0, 0xf0, 0xf0, 0xf2, 0xf2, 0xf3, 0xf3, 
	0xf4, 0xf5, 0xf5, 0xf6, 0xf7, 0xf7, 0xf7, 0xf8, 
	0xf8, 0xf7, 0xf7, 0xf7, 0xf6, 0xf5, 0xf5, 0xf4, 
	0xf3, 0xf3, 0xf2, 0xf2, 0xf0, 0xf0, 0xf0, 0xf0, 
	0xf0, 0xf0, 0xf0, 0xf0, 0xf1, 0xf2, 0xf2, 0xf3, 
	0xf4, 0xf4, 0xf5, 0xf6, 0xf6, 0xf7, 0xf7, 0xf7, 
	0xf7, 0xf7, 0xf7, 0xf6, 0xf6, 0xf5, 0xf4, 0xf4, 
	0xf3, 0xf2, 0xf2, 0xf1, 0xf0, 0xf0, 0xf0, 0xf0, 
	0xf0, 0xf0, 0xf0, 0xf0, 0xf1, 0xf2, 0xf2, 0xf3, 
	0xf3, 0xf4, 0xf5, 0xf5, 0xf6, 0xf6, 0xf6, 0xf6, 
	0xf6, 0xf6, 0xf6, 0xf6, 0xf5, 0xf5, 0xf4, 0xf3, 
	0xf3, 0xf2, 0xf2, 0xf1, 0xf0, 0xf0, 0xf0, 0xf0, 
	0xf0, 0xf0, 0xf0, 0xf0, 0xf0, 0xf2, 0xf2, 0xf3, 
	0xf3, 0xf4, 0xf4, 0xf5, 0xf5, 0xf6, 0xf6, 0xf6, 
	0xf6, 0xf6, 0xf6, 0xf5, 0xf5, 0xf4, 0xf4, 0xf3, 
	0xf3, 0xf2, 0xf2, 0xf0, 0xf0, 0xf0, 0xf0, 0xf0, 
	0xf0, 0xf0, 0xf0, 0xf0, 0xf0, 0xf1, 0xf2, 0xf2, 
	0xf3, 0xf3, 0xf4, 0xf4, 0xf5, 0xf5, 0xf6, 0xf6, 
	0xf6, 0xf6, 0xf5, 0xf5, 0xf4, 0xf4, 0xf3, 0xf3, 
	0xf2, 0xf2, 0xf1, 0xf0, 0xf0, 0xf0, 0xf0, 0xf0, 
	0xf0, 0xf0, 0xf0, 0xf0, 0xf0, 0xf1, 0xf2, 0xf2, 
	0xf3, 0xf3, 0xf4, 0xf4, 0xf4, 0xf5, 0xf5, 0xf5, 
	0xf5, 0xf5, 0xf5, 0xf4, 0xf4, 0xf4, 0xf3, 0xf3, 
	0xf2, 0xf2, 0xf1, 0xf0, 0xf0, 0xf0, 0xf0, 0xf0, 
	0xf0, 0xf0, 0xf0, 0xf0, 0xf0, 0xf0, 0xf2, 0xf2, 
	0xf2, 0xf3, 0xf3, 0xf4, 0xf4, 0xf5, 0xf5, 0xf5, 
	0xf5, 0xf5, 0xf5, 0xf4, 0xf4, 0xf3, 0xf3, 0xf2, 
	0xf2, 0xf2, 0xf0, 0xf0, 0xf0, 0xf0, 0xf0, 0xf0, 
	0xf0, 0xf0, 0xf0, 0xf0, 0xf0, 0xf0, 0xf1, 0xf2, 
	0xf2, 0xf3, 0xf3, 0xf3, 0xf4, 0xf4, 0xf4, 0xf4, 
	0xf4, 0xf4, 0xf4, 0xf4, 0xf3, 0xf3, 0xf3, 0xf2, 
	0xf2, 0xf1, 0xf0, 0xf0, 0xf0, 0xf0, 0xf0, 0xf0, 
	0xf0, 0xf0, 0xf0, 0xf0, 0xf0, 0xf0, 0xf1, 0xf1, 
	0xf2, 0xf2, 0xf3, 0xf3, 0xf3, 0xf4, 0xf4, 0xf4, 
	0xf4, 0xf4, 0xf4, 0xf3, 0xf3, 0xf3, 0xf2, 0xf2, 
	0xf1, 0xf1, 0xf0, 0xf0, 0xf0, 0xf0, 0xf0, 0xf0, 
	0xf0, 0xf0, 0xf0, 0xf0, 0xf0, 0xf0, 0xf0, 0xf1, 
	0xf2, 0xf2, 0xf2, 0xf3, 0xf3, 0xf3, 0xf4, 0xf4, 
	0xf4, 0xf4, 0xf3, 0xf3, 0xf3, 0xf2, 0xf2, 0xf2, 
	0xf1, 0xf0, 0xf0, 0xf0, 0xf0, 0xf0, 0xf0, 0xf0, 
	0xf0, 0xf0, 0xf0, 0xf0, 0xf0, 0xf0, 0xf0, 0xf0, 
	0xf2, 0xf2, 0xf2, 0xf2, 0xf3, 0xf3, 0xf3, 0xf3, 
	0xf3, 0xf3, 0xf3, 0xf3, 0xf2, 0xf2, 0xf2, 0xf2, 
	0xf0, 0xf0, 0xf0, 0xf0, 0xf0, 0xf0, 0xf0, 0xf0, 
	0xf0, 0xf0, 0xf0, 0xf0, 0xf0, 0xf0, 0xf0, 0xf0, 
	0xf1, 0xf2, 0xf2, 0xf2, 0xf2, 0xf3, 0xf3, 0xf3, 
	0xf3, 0xf3, 0xf3, 0xf2, 0xf2, 0xf2, 0xf2, 0xf1, 
	0xf0, 0xf0, 0xf0, 0xf0, 0xf0, 0xf0, 0xf0, 0xf0, 
	0xf0, 0xf0, 0xf0, 0xf0, 0xf0, 0xf0, 0xf0, 0xf0, 
	0xf0, 0xf2, 0xf2, 0xf2, 0xf2, 0xf2, 0xf3, 0xf3, 
	0xf3, 0xf3, 0xf2, 0xf2, 0xf2, 0xf2, 0xf2, 0xf0, 
	0xf0, 0xf0, 0xf0, 0xf0, 0xf0, 0xf0, 0xf0, 0xf0, 
	0xf0, 0xf0, 0xf0, 0xf0, 0xf0, 0xf0, 0xf0, 0xf0, 
	0xf0, 0xf1, 0xf1, 0xf2, 0xf2, 0xf2, 0xf2, 0xf2, 
	0xf2, 0xf2, 0xf2, 0xf2, 0xf2, 0xf1, 0xf1, 0xf0, 
	0xf0, 0xf0, 0xf0, 0xf0, 0xf0, 0xf0, 0xf0, 0xf0, 
	0xf0, 0xf0, 0xf0, 0xf0, 0xf0, 0xf0, 0xf0, 0xf0, 
	0xf0, 0xf1, 0xf1, 0xf1, 0xf2, 0xf2, 0xf2, 0xf2, 
	0xf2, 0xf2, 0xf2, 0xf2, 0xf1, 0xf1, 0xf1, 0xf0, 
	0xf0, 0xf0, 0xf0, 0xf0, 0xf0, 0xf0, 0xf0, 0xf0, 
	0xf0, 0xf0, 0xf0, 0xf0, 0xf0, 0xf0, 0xf0, 0xf0, 
	0xf0, 0xf0, 0xf0, 0xf1, 0xf2, 0xf2, 0xf2, 0xf2, 
	0xf2, 0xf2, 0xf2, 0xf2, 0xf1, 0xf0, 0xf0, 0xf0, 
	0xf0, 0xf0, 0xf0, 0xf0, 0xf0, 0xf0, 0xf0, 0xf0, 
	0xf0, 0xf0, 0xf0, 0xf0, 0xf0, 0xf0, 0xf0, 0xf0, 
	0xf0, 0xf0, 0xf0, 0xf0, 0xf1, 0xf1, 0xf1, 0xf2, 
	0xf2, 0xf1, 0xf1, 0xf1, 0xf0, 0xf0, 0xf0, 0xf0, 
	0xf0, 0xf0, 0xf0, 0xf0, 0xf0, 0xf0, 0xf0, 0xf0, 
	0xf0, 0xf0, 0xf0, 0xf0, 0xf0, 0xf0, 0xf0, 0xf0, 
	0xf0, 0xf0, 0xf0, 0xf0, 0xf1, 0xf1, 0xf1, 0xf1, 
	0xf1, 0xf1, 0xf1, 0xf1, 0xf0, 0xf0, 0xf0, 0xf0, 
	0xf0, 0xf0, 0xf0, 0xf0, 0xf0, 0xf0, 0xf0, 0xf0, 
	0xf0, 0xf0, 0xf0, 0xf0, 0xf0, 0xf0, 0xf0, 0xf0, 
	0xf0, 0xf0, 0xf0, 0xf0, 0xf0, 0xf0, 0xf0, 0xf0, 
	0xf0, 0xf0, 0xf0, 0xf0, 0xf0, 0xf0, 0xf0, 0xf0, 
	0xf0, 0xf0, 0xf0, 0xf0, 0xf0, 0xf0, 0xf0, 0xf0, 
	0xf0, 0xf0, 0xf0, 0xf0, 0xf0, 0xf0, 0xf0, 0xf0, 
	0xf0, 0xf0, 0xf0, 0xf0, 0xf0, 0xf0, 0xf0, 0xf0, 
	0xf0, 0xf0, 0xf0, 0xf0, 0xf0, 0xf0, 0xf0, 0xf0, 
	0xf0, 0xf0, 0xf0, 0xf0, 0xf0, 0xf0, 0xf0, 0xf0, 
	0xf0, 0xf0, 0xf0, 0xf0, 0xf0, 0xf0, 0xf0, 0xf0, 
	0xf0, 0xf0, 0xf0, 0xf0, 0xf0, 0xf0, 0xf0, 0xf0, 
	0xf0, 0xf0, 0xf0, 0xf0, 0xf0, 0xf0, 0xf0, 0xf0, 
	0xf0, 0xf0, 0xf0, 0xf0, 0xf0, 0xf0, 0xf0, 0xf0, 
	
};

Gfx castle_inside_dl_inside_castle_textures_09000_rgba16_ci8_aligner[] = {gsSPEndDisplayList()};
u8 castle_inside_dl_inside_castle_textures_09000_rgba16_ci8[] = {
	0x00, 0x01, 0x00, 0x00, 0x00, 0x00, 0x00, 0x00, 
	0x00, 0x01, 0x00, 0x00, 0x01, 0x01, 0x01, 0x00, 
	0x00, 0x00, 0x01, 0x00, 0x00, 0x00, 0x00, 0x00, 
	0x00, 0x01, 0x00, 0x01, 0x01, 0x01, 0x01, 0x00, 
	0x00, 0x01, 0x00, 0x00, 0x00, 0x00, 0x00, 0x00, 
	0x00, 0x01, 0x00, 0x00, 0x01, 0x01, 0x01, 0x00, 
	0x00, 0x01, 0x01, 0x01, 0x00, 0x00, 0x00, 0x00, 
	0x00, 0x00, 0x00, 0x01, 0x01, 0x01, 0x01, 0x00, 
	0x00, 0x02, 0x00, 0x00, 0x00, 0x00, 0x00, 0x00, 
	0x00, 0x01, 0x00, 0x00, 0x01, 0x01, 0x01, 0x00, 
	0x00, 0x01, 0x01, 0x00, 0x00, 0x00, 0x00, 0x00, 
	0x00, 0x00, 0x01, 0x01, 0x01, 0x02, 0x00, 0x00, 
	0x01, 0x02, 0x01, 0x00, 0x00, 0x00, 0x00, 0x00, 
	0x00, 0x01, 0x00, 0x00, 0x00, 0x01, 0x01, 0x00, 
	0x00, 0x01, 0x02, 0x01, 0x01, 0x00, 0x00, 0x00, 
	0x00, 0x00, 0x01, 0x01, 0x01, 0x01, 0x00, 0x00, 
	0x03, 0x02, 0x01, 0x00, 0x01, 0x00, 0x00, 0x00, 
	0x00, 0x01, 0x00, 0x00, 0x00, 0x01, 0x01, 0x00, 
	0x00, 0x02, 0x02, 0x01, 0x00, 0x00, 0x00, 0x00, 
	0x00, 0x01, 0x01, 0x01, 0x01, 0x01, 0x00, 0x00, 
	0x03, 0x02, 0x02, 0x00, 0x00, 0x00, 0x00, 0x00, 
	0x00, 0x01, 0x00, 0x00, 0x00, 0x01, 0x01, 0x01, 
	0x00, 0x01, 0x01, 0x00, 0x00, 0x00, 0x00, 0x00, 
	0x00, 0x00, 0x01, 0x01, 0x03, 0x03, 0x00, 0x00, 
	0x03, 0x02, 0x00, 0x00, 0x00, 0x00, 0x00, 0x00, 
	0x00, 0x02, 0x00, 0x00, 0x00, 0x01, 0x01, 0x00, 
	0x00, 0x02, 0x03, 0x00, 0x00, 0x00, 0x00, 0x00, 
	0x00, 0x00, 0x00, 0x00, 0x00, 0x04, 0x05, 0x05, 
	0x06, 0x03, 0x03, 0x07, 0x02, 0x02, 0x05, 0x00, 
	0x03, 0x03, 0x00, 0x00, 0x00, 0x01, 0x01, 0x00, 
	0x00, 0x00, 0x05, 0x05, 0x05, 0x02, 0x00, 0x00, 
	0x00, 0x00, 0x00, 0x07, 0x07, 0x05, 0x05, 0x02, 
	0x08, 0x09, 0x0a, 0x0b, 0x0c, 0x05, 0x04, 0x03, 
	0x03, 0x02, 0x02, 0x02, 0x02, 0x02, 0x02, 0x02, 
	0x02, 0x03, 0x03, 0x03, 0x03, 0x03, 0x00, 0x03, 
	0x00, 0x03, 0x03, 0x02, 0x03, 0x0a, 0x0b, 0x0d, 
	0x09, 0x0e, 0x0a, 0x0b, 0x0d, 0x05, 0x05, 0x05, 
	0x07, 0x02, 0x02, 0x02, 0x02, 0x02, 0x02, 0x03, 
	0x03, 0x0b, 0x0a, 0x0b, 0x0b, 0x0d, 0x0d, 0x07, 
	0x05, 0x0b, 0x0a, 0x0a, 0x0a, 0x0a, 0x0f, 0x04, 
	0x0a, 0x0a, 0x0b, 0x0d, 0x07, 0x05, 0x05, 0x05, 
	0x07, 0x08, 0x02, 0x03, 0x03, 0x03, 0x06, 0x07, 
	0x0d, 0x0b, 0x0a, 0x0b, 0x0f, 0x0d, 0x0d, 0x07, 
	0x07, 0x0a, 0x0a, 0x0b, 0x0b, 0x0f, 0x0d, 0x05, 
	0x0b, 0x0b, 0x0c, 0x0d, 0x05, 0x05, 0x05, 0x05, 
	0x07, 0x08, 0x0e, 0x0b, 0x0c, 0x06, 0x07, 0x0d, 
	0x0d, 0x0b, 0x0a, 0x0b, 0x0b, 0x0c, 0x06, 0x10, 
	0x10, 0x0a, 0x0a, 0x0b, 0x0b, 0x0b, 0x0d, 0x05, 
	0x0b, 0x0b, 0x0d, 0x0d, 0x05, 0x05, 0x05, 0x05, 
	0x07, 0x09, 0x0a, 0x0b, 0x0d, 0x07, 0x07, 0x0d, 
	0x0d, 0x0a, 0x0a, 0x11, 0x0b, 0x0c, 0x07, 0x10, 
	0x07, 0x12, 0x0a, 0x0b, 0x0b, 0x0b, 0x0d, 0x07, 
	0x0d, 0x0d, 0x05, 0x05, 0x05, 0x05, 0x05, 0x05, 
	0x06, 0x09, 0x0a, 0x0d, 0x0d, 0x07, 0x07, 0x07, 
	0x0d, 0x0b, 0x0b, 0x0a, 0x0b, 0x0c, 0x07, 0x07, 
	0x07, 0x0a, 0x0a, 0x0b, 0x0b, 0x0d, 0x07, 0x07, 
	0x05, 0x05, 0x05, 0x02, 0x02, 0x02, 0x02, 0x05, 
	0x06, 0x0b, 0x0d, 0x05, 0x05, 0x02, 0x10, 0x07, 
	0x05, 0x0d, 0x0d, 0x0d, 0x0d, 0x0d, 0x07, 0x06, 
	0x07, 0x0a, 0x0f, 0x0d, 0x05, 0x05, 0x05, 0x05, 
	0x03, 0x02, 0x05, 0x05, 0x02, 0x02, 0x02, 0x10, 
	0x06, 0x06, 0x07, 0x05, 0x05, 0x02, 0x10, 0x10, 
	0x10, 0x0c, 0x0b, 0x0b, 0x0c, 0x06, 0x06, 0x06, 
	0x06, 0x0c, 0x0c, 0x0c, 0x0c, 0x0c, 0x0c, 0x06, 
	0x13, 0x0a, 0x0a, 0x0a, 0x0b, 0x0c, 0x0c, 0x0b, 
	0x12, 0x09, 0x09, 0x0a, 0x0b, 0x0b, 0x0b, 0x0c, 
	0x06, 0x08, 0x14, 0x15, 0x08, 0x09, 0x12, 0x11, 
	0x0c, 0x08, 0x08, 0x09, 0x09, 0x09, 0x09, 0x0a, 
	0x16, 0x12, 0x0b, 0x0b, 0x0c, 0x0c, 0x0c, 0x0c, 
	0x0a, 0x0a, 0x0a, 0x0b, 0x0b, 0x0b, 0x0c, 0x0c, 
	0x0d, 0x08, 0x08, 0x08, 0x09, 0x0e, 0x12, 0x0b, 
	0x0c, 0x14, 0x08, 0x09, 0x09, 0x0e, 0x0e, 0x0a, 
	0x16, 0x12, 0x0b, 0x0f, 0x0c, 0x0c, 0x06, 0x07, 
	0x0c, 0x0a, 0x0b, 0x0b, 0x0c, 0x0c, 0x0c, 0x07, 
	0x07, 0x08, 0x09, 0x09, 0x0a, 0x0a, 0x0b, 0x0c, 
	0x0c, 0x08, 0x09, 0x0a, 0x0a, 0x0a, 0x0a, 0x0b, 
	0x16, 0x09, 0x0a, 0x0d, 0x0d, 0x0c, 0x06, 0x07, 
	0x0c, 0x0b, 0x0b, 0x0b, 0x0b, 0x0c, 0x0c, 0x07, 
	0x0d, 0x09, 0x09, 0x09, 0x0a, 0x0b, 0x0b, 0x0b, 
	0x0c, 0x08, 0x0a, 0x0a, 0x0a, 0x0a, 0x0e, 0x0a, 
	0x17, 0x09, 0x0b, 0x0c, 0x0d, 0x0c, 0x06, 0x0d, 
	0x0c, 0x0b, 0x0b, 0x0b, 0x0f, 0x0c, 0x0c, 0x07, 
	0x06, 0x09, 0x12, 0x0a, 0x0b, 0x0b, 0x0b, 0x0b, 
	0x06, 0x08, 0x0a, 0x0a, 0x0b, 0x0a, 0x0e, 0x0a, 
	0x17, 0x12, 0x0b, 0x0d, 0x0d, 0x07, 0x07, 0x07, 
	0x0d, 0x0f, 0x18, 0x0f, 0x0f, 0x0c, 0x06, 0x07, 
	0x06, 0x0a, 0x0b, 0x0b, 0x0c, 0x0f, 0x0b, 0x0c, 
	0x06, 0x09, 0x0b, 0x0b, 0x0b, 0x0a, 0x0a, 0x0b, 
	0x16, 0x0a, 0x0d, 0x05, 0x05, 0x07, 0x10, 0x05, 
	0x04, 0x04, 0x19, 0x04, 0x04, 0x0d, 0x07, 0x07, 
	0x06, 0x0c, 0x06, 0x0d, 0x04, 0x04, 0x0d, 0x0d, 
	0x0c, 0x0a, 0x0d, 0x0d, 0x04, 0x0d, 0x0f, 0x0f, 
	0x17, 0x0d, 0x05, 0x05, 0x05, 0x02, 0x02, 0x07, 
	0x06, 0x0c, 0x0c, 0x0c, 0x0d, 0x0c, 0x06, 0x06, 
	0x17, 0x06, 0x06, 0x06, 0x07, 0x0d, 0x0d, 0x0c, 
	0x06, 0x0c, 0x0c, 0x07, 0x07, 0x0c, 0x0f, 0x0c, 
	0x08, 0x08, 0x0e, 0x0a, 0x0a, 0x0b, 0x0c, 0x0d, 
	0x07, 0x08, 0x08, 0x0e, 0x08, 0x08, 0x1a, 0x09, 
	0x11, 0x11, 0x12, 0x08, 0x09, 0x09, 0x09, 0x09, 
	0x0c, 0x1b, 0x1b, 0x09, 0x09, 0x08, 0x08, 0x15, 
	0x0e, 0x1c, 0x0e, 0x0a, 0x0b, 0x0b, 0x0c, 0x0d, 
	0x0d, 0x08, 0x08, 0x0e, 0x09, 0x09, 0x09, 0x12, 
	0x0b, 0x11, 0x12, 0x09, 0x12, 0x12, 0x12, 0x0b, 
	0x0c, 0x1a, 0x09, 0x12, 0x09, 0x09, 0x08, 0x08, 
	0x0e, 0x0e, 0x0a, 0x0b, 0x0f, 0x0f, 0x0d, 0x04, 
	0x0d, 0x08, 0x09, 0x0a, 0x0a, 0x12, 0x12, 0x0a, 
	0x0b, 0x0c, 0x11, 0x12, 0x12, 0x0a, 0x0b, 0x0b, 
	0x0c, 0x1b, 0x12, 0x11, 0x0a, 0x0e, 0x0e, 0x0e, 
	0x0e, 0x0e, 0x0a, 0x0d, 0x0f, 0x0f, 0x0f, 0x0d, 
	0x0d, 0x08, 0x09, 0x0a, 0x0b, 0x12, 0x12, 0x0a, 
	0x0c, 0x0c, 0x11, 0x12, 0x0a, 0x0a, 0x0b, 0x0d, 
	0x0c, 0x1b, 0x12, 0x11, 0x0a, 0x0a, 0x0e, 0x0e, 
	0x0e, 0x0a, 0x0b, 0x0d, 0x0d, 0x0d, 0x0f, 0x0d, 
	0x0c, 0x08, 0x0a, 0x0a, 0x0a, 0x0b, 0x11, 0x0b, 
	0x0c, 0x0c, 0x0c, 0x0b, 0x0b, 0x0b, 0x0b, 0x0d, 
	0x0c, 0x1b, 0x12, 0x0a, 0x0a, 0x0a, 0x0e, 0x0a, 
	0x18, 0x0f, 0x0d, 0x0d, 0x07, 0x0d, 0x0d, 0x0d, 
	0x0d, 0x0e, 0x0b, 0x0b, 0x0b, 0x0b, 0x0b, 0x0b, 
	0x06, 0x0c, 0x0c, 0x0b, 0x0b, 0x0c, 0x0d, 0x0d, 
	0x0c, 0x12, 0x0b, 0x0b, 0x0f, 0x0f, 0x18, 0x0f, 
	0x0f, 0x0d, 0x07, 0x07, 0x07, 0x07, 0x04, 0x0d, 
	0x07, 0x0a, 0x0f, 0x0d, 0x0d, 0x0d, 0x0d, 0x0d, 
	0x07, 0x07, 0x07, 0x0d, 0x0d, 0x07, 0x07, 0x0d, 
	0x07, 0x11, 0x0c, 0x0d, 0x0d, 0x0d, 0x0d, 0x0d, 
	0x10, 0x0c, 0x06, 0x06, 0x07, 0x07, 0x07, 0x07, 
	0x07, 0x0c, 0x0c, 0x0c, 0x0d, 0x07, 0x07, 0x07, 
	0x07, 0x06, 0x06, 0x06, 0x0c, 0x07, 0x07, 0x07, 
	0x07, 0x07, 0x07, 0x06, 0x06, 0x0c, 0x0c, 0x0d, 
	0x0d, 0x09, 0x09, 0x11, 0x11, 0x12, 0x09, 0x12, 
	0x0d, 0x1d, 0x1e, 0x1e, 0x1e, 0x1d, 0x1f, 0x1d, 
	0x20, 0x1f, 0x1f, 0x1f, 0x21, 0x21, 0x1f, 0x1d, 
	0x1e, 0x1d, 0x1e, 0x1e, 0x22, 0x22, 0x22, 0x23, 
	0x0d, 0x12, 0x11, 0x11, 0x11, 0x0b, 0x12, 0x0b, 
	0x0d, 0x1e, 0x24, 0x25, 0x26, 0x1e, 0x27, 0x1e, 
	0x1e, 0x1d, 0x1d, 0x1d, 0x1d, 0x20, 0x1d, 0x1e, 
	0x22, 0x27, 0x28, 0x28, 0x29, 0x24, 0x2a, 0x17, 
	0x07, 0x12, 0x11, 0x11, 0x0c, 0x0b, 0x0b, 0x0b, 
	0x07, 0x2b, 0x2c, 0x25, 0x23, 0x22, 0x2b, 0x22, 
	0x26, 0x1e, 0x1e, 0x1e, 0x22, 0x1d, 0x22, 0x26, 
	0x11, 0x1e, 0x22, 0x2d, 0x25, 0x2a, 0x16, 0x13, 
	0x06, 0x11, 0x0c, 0x0c, 0x0c, 0x0c, 0x0c, 0x0c, 
	0x07, 0x1e, 0x22, 0x23, 0x26, 0x22, 0x1e, 0x26, 
	0x26, 0x27, 0x22, 0x22, 0x22, 0x1d, 0x2c, 0x11, 
	0x11, 0x11, 0x1e, 0x11, 0x2c, 0x25, 0x16, 0x13, 
	0x06, 0x11, 0x06, 0x06, 0x06, 0x0c, 0x0c, 0x0c, 
	0x06, 0x27, 0x26, 0x26, 0x26, 0x1e, 0x27, 0x26, 
	0x22, 0x2b, 0x2e, 0x2e, 0x1e, 0x27, 0x11, 0x11, 
	0x11, 0x26, 0x27, 0x23, 0x2c, 0x2f, 0x16, 0x13, 
	0x06, 0x0c, 0x06, 0x06, 0x06, 0x07, 0x07, 0x07, 
	0x06, 0x30, 0x22, 0x26, 0x22, 0x1b, 0x1d, 0x26, 
	0x22, 0x27, 0x1e, 0x2b, 0x1e, 0x26, 0x2c, 0x2c, 
	0x23, 0x23, 0x26, 0x23, 0x23, 0x06, 0x10, 0x13, 
	0x17, 0x06, 0x10, 0x10, 0x10, 0x10, 0x10, 0x07, 
	0x17, 0x24, 0x1e, 0x1e, 0x31, 0x1b, 0x1d, 0x26, 
	0x22, 0x2f, 0x1e, 0x2e, 0x2e, 0x28, 0x25, 0x06, 
	0x06, 0x06, 0x25, 0x06, 0x06, 0x06, 0x06, 0x17, 
	0x17, 0x17, 0x17, 0x17, 0x10, 0x10, 0x10, 0x10, 
	0x10, 0x24, 0x20, 0x1d, 0x1d, 0x1d, 0x1e, 0x26, 
	0x22, 0x32, 0x1e, 0x1e, 0x22, 0x28, 0x25, 0x06, 
	0x06, 0x06, 0x17, 0x06, 0x06, 0x0c, 0x2c, 0x11, 
	0x2b, 0x33, 0x34, 0x33, 0x33, 0x33, 0x32, 0x1e, 
	0x02, 0x24, 0x27, 0x1d, 0x1d, 0x1e, 0x1e, 0x26, 
	0x22, 0x1e, 0x22, 0x22, 0x22, 0x22, 0x25, 0x06, 
	0x25, 0x27, 0x32, 0x2f, 0x24, 0x35, 0x35, 0x30, 
	0x2e, 0x34, 0x2e, 0x32, 0x32, 0x36, 0x26, 0x31, 
	0x10, 0x24, 0x2f, 0x27, 0x27, 0x2b, 0x1e, 0x22, 
	0x22, 0x2e, 0x22, 0x22, 0x22, 0x28, 0x25, 0x25, 
	0x25, 0x2b, 0x35, 0x26, 0x2b, 0x30, 0x27, 0x1e, 
	0x26, 0x2b, 0x23, 0x34, 0x2b, 0x03, 0x03, 0x03, 
	0x03, 0x10, 0x10, 0x2b, 0x2b, 0x2b, 0x2b, 0x28, 
	0x37, 0x2b, 0x28, 0x28, 0x28, 0x29, 0x25, 0x2a, 
	0x25, 0x2b, 0x26, 0x23, 0x22, 0x27, 0x2b, 0x22, 
	0x26, 0x2e, 0x28, 0x13, 0x13, 0x13, 0x13, 0x03, 
	0x03, 0x16, 0x13, 0x13, 0x13, 0x22, 0x2e, 0x28, 
	0x38, 0x39, 0x28, 0x23, 0x22, 0x28, 0x25, 0x25, 
	0x25, 0x2b, 0x22, 0x22, 0x22, 0x27, 0x22, 0x26, 
	0x26, 0x2e, 0x13, 0x13, 0x13, 0x13, 0x13, 0x03, 
	0x03, 0x16, 0x17, 0x03, 0x13, 0x13, 0x22, 0x28, 
	0x2d, 0x39, 0x28, 0x28, 0x28, 0x3a, 0x2a, 0x25, 
	0x2d, 0x2e, 0x22, 0x22, 0x22, 0x2f, 0x22, 0x26, 
	0x22, 0x13, 0x13, 0x13, 0x13, 0x13, 0x13, 0x03, 
	0x03, 0x13, 0x13, 0x03, 0x13, 0x13, 0x03, 0x3b, 
	0x3b, 0x28, 0x2d, 0x2d, 0x2d, 0x17, 0x17, 0x2a, 
	0x2d, 0x2b, 0x2e, 0x2b, 0x2e, 0x3c, 0x22, 0x26, 
	0x2e, 0x13, 0x13, 0x16, 0x13, 0x13, 0x13, 0x03, 
	0x03, 0x13, 0x13, 0x03, 0x03, 0x03, 0x03, 0x2a, 
	0x2a, 0x2a, 0x2a, 0x2a, 0x25, 0x25, 0x25, 0x2d, 
	0x2d, 0x34, 0x2b, 0x1e, 0x1e, 0x34, 0x2e, 0x2e, 
	0x13, 0x13, 0x13, 0x13, 0x13, 0x28, 0x13, 0x03, 
	0x03, 0x03, 0x25, 0x13, 0x13, 0x13, 0x03, 0x03, 
	0x3b, 0x2d, 0x23, 0x23, 0x23, 0x03, 0x03, 0x03, 
	0x03, 0x16, 0x13, 0x2b, 0x1e, 0x2b, 0x2b, 0x2e, 
	0x13, 0x13, 0x13, 0x13, 0x13, 0x37, 0x13, 0x03, 
	0x03, 0x16, 0x3d, 0x16, 0x16, 0x16, 0x13, 0x13, 
	0x2d, 0x34, 0x3c, 0x3e, 0x17, 0x17, 0x17, 0x17, 
	0x16, 0x16, 0x13, 0x13, 0x34, 0x34, 0x34, 0x34, 
	0x13, 0x13, 0x13, 0x13, 0x13, 0x13, 0x13, 0x03, 
	0x13, 0x16, 0x3f, 0x13, 0x16, 0x17, 0x03, 0x03, 
	0x2d, 0x3d, 0x2a, 0x13, 0x16, 0x16, 0x16, 0x17, 
	0x16, 0x16, 0x16, 0x13, 0x13, 0x3d, 0x34, 0x2b, 
	0x16, 0x13, 0x13, 0x13, 0x13, 0x13, 0x03, 0x03, 
	0x13, 0x16, 0x13, 0x13, 0x16, 0x03, 0x03, 0x03, 
	0x25, 0x16, 0x13, 0x13, 0x16, 0x16, 0x16, 0x16, 
	0x13, 0x13, 0x13, 0x16, 0x16, 0x13, 0x13, 0x39, 
	0x16, 0x13, 0x13, 0x13, 0x13, 0x13, 0x03, 0x03, 
	0x13, 0x16, 0x13, 0x13, 0x13, 0x13, 0x13, 0x03, 
	0x25, 0x16, 0x16, 0x16, 0x16, 0x16, 0x3d, 0x16, 
	0x13, 0x39, 0x16, 0x13, 0x13, 0x16, 0x13, 0x39, 
	0x13, 0x13, 0x13, 0x13, 0x13, 0x16, 0x03, 0x03, 
	0x03, 0x16, 0x13, 0x13, 0x13, 0x13, 0x13, 0x03, 
	0x03, 0x16, 0x3f, 0x13, 0x13, 0x16, 0x39, 0x16, 
	0x16, 0x40, 0x16, 0x16, 0x13, 0x16, 0x16, 0x16, 
	0x13, 0x13, 0x13, 0x13, 0x13, 0x03, 0x03, 0x03, 
	0x13, 0x16, 0x13, 0x13, 0x13, 0x13, 0x13, 0x03, 
	0x13, 0x16, 0x13, 0x03, 0x13, 0x13, 0x13, 0x13, 
	0x13, 0x13, 0x13, 0x13, 0x13, 0x13, 0x13, 0x13, 
	0x03, 0x13, 0x13, 0x13, 0x03, 0x03, 0x03, 0x03, 
	0x13, 0x16, 0x13, 0x13, 0x16, 0x13, 0x13, 0x13, 
	0x03, 0x13, 0x13, 0x13, 0x13, 0x13, 0x13, 0x13, 
	0x13, 0x13, 0x13, 0x03, 0x13, 0x03, 0x13, 0x03, 
	0x03, 0x13, 0x13, 0x13, 0x13, 0x13, 0x03, 0x03, 
	0x03, 0x16, 0x13, 0x13, 0x16, 0x13, 0x13, 0x13, 
	0x13, 0x13, 0x13, 0x13, 0x03, 0x03, 0x03, 0x13, 
	0x13, 0x13, 0x13, 0x13, 0x03, 0x03, 0x03, 0x03, 
	0x16, 0x16, 0x16, 0x16, 0x16, 0x16, 0x13, 0x13, 
	0x03, 0x16, 0x13, 0x13, 0x13, 0x13, 0x13, 0x13, 
	0x16, 0x16, 0x16, 0x16, 0x16, 0x16, 0x16, 0x13, 
	0x13, 0x16, 0x16, 0x16, 0x16, 0x16, 0x16, 0x16, 
	0x13, 0x13, 0x13, 0x13, 0x13, 0x16, 0x13, 0x13, 
	0x03, 0x16, 0x16, 0x13, 0x16, 0x13, 0x13, 0x13, 
	0x16, 0x16, 0x16, 0x16, 0x16, 0x16, 0x13, 0x13, 
	0x13, 0x16, 0x3f, 0x13, 0x13, 0x13, 0x13, 0x13, 
	0x13, 0x13, 0x13, 0x13, 0x13, 0x03, 0x03, 0x03, 
	0x03, 0x16, 0x16, 0x16, 0x16, 0x16, 0x16, 0x16, 
	0x16, 0x16, 0x16, 0x16, 0x13, 0x13, 0x13, 0x13, 
	0x13, 0x16, 0x13, 0x13, 0x13, 0x13, 0x13, 0x13, 
	0x13, 0x13, 0x13, 0x13, 0x13, 0x13, 0x13, 0x03, 
	0x03, 0x16, 0x16, 0x16, 0x13, 0x13, 0x13, 0x16, 
	0x16, 0x16, 0x13, 0x13, 0x13, 0x13, 0x13, 0x03, 
	0x13, 0x16, 0x13, 0x13, 0x13, 0x13, 0x13, 0x13, 
	0x13, 0x13, 0x13, 0x13, 0x13, 0x16, 0x03, 0x03, 
	0x03, 0x16, 0x3f, 0x13, 0x13, 0x13, 0x13, 0x13, 
	0x13, 0x13, 0x13, 0x13, 0x13, 0x16, 0x03, 0x03, 
	0x13, 0x16, 0x3f, 0x03, 0x13, 0x13, 0x13, 0x13, 
	0x03, 0x03, 0x13, 0x13, 0x13, 0x03, 0x03, 0x03, 
	0x03, 0x16, 0x13, 0x03, 0x13, 0x13, 0x13, 0x13, 
	0x13, 0x13, 0x13, 0x13, 0x03, 0x03, 0x03, 0x03, 
	0x13, 0x16, 0x03, 0x03, 0x03, 0x13, 0x03, 0x03, 
	0x03, 0x03, 0x03, 0x03, 0x03, 0x03, 0x03, 0x03, 
	0x03, 0x13, 0x13, 0x03, 0x03, 0x03, 0x03, 0x03, 
	0x03, 0x03, 0x03, 0x03, 0x03, 0x03, 0x03, 0x03, 
	0x13, 0x13, 0x13, 0x03, 0x03, 0x03, 0x03, 0x03, 
	0x13, 0x13, 0x03, 0x03, 0x03, 0x03, 0x00, 0x00, 
	0x03, 0x13, 0x03, 0x03, 0x03, 0x03, 0x03, 0x03, 
	0x03, 0x03, 0x03, 0x03, 0x03, 0x03, 0x03, 0x03, 
	0x03, 0x03, 0x03, 0x03, 0x03, 0x03, 0x03, 0x13, 
	
};

Gfx castle_inside_dl_inside_castle_textures_09000_rgba16_pal_rgba16_aligner[] = {gsSPEndDisplayList()};
u8 castle_inside_dl_inside_castle_textures_09000_rgba16_pal_rgba16[] = {
	0x00, 0x01, 0x08, 0x01, 0x08, 0x41, 0x00, 0x41, 
	0x18, 0x41, 0x10, 0x41, 0x10, 0xc1, 0x10, 0x81, 
	0x39, 0x01, 0x31, 0x01, 0x28, 0xc1, 0x20, 0xc1, 
	0x18, 0xc1, 0x18, 0x81, 0x30, 0xc1, 0x20, 0x81, 
	0x08, 0x81, 0x21, 0x01, 0x29, 0x01, 0x00, 0x81, 
	0x49, 0x01, 0x49, 0x41, 0x00, 0xc1, 0x08, 0xc1, 
	0x28, 0x81, 0x20, 0x41, 0x39, 0x41, 0x31, 0x41, 
	0x38, 0xc1, 0x31, 0x81, 0x29, 0x81, 0x41, 0xc1, 
	0x39, 0x81, 0x49, 0xc1, 0x21, 0x81, 0x19, 0x41, 
	0x42, 0x01, 0x11, 0x01, 0x21, 0x41, 0x31, 0xc1, 
	0x19, 0x81, 0x11, 0x81, 0x09, 0x01, 0x29, 0xc1, 
	0x19, 0x01, 0x11, 0x41, 0x21, 0xc1, 0x3a, 0x01, 
	0x39, 0xc1, 0x29, 0x41, 0x32, 0x01, 0x3a, 0x41, 
	0x2a, 0x01, 0x4a, 0x41, 0x4a, 0x81, 0x19, 0xc1, 
	0x11, 0xc1, 0x22, 0x01, 0x3a, 0x81, 0x09, 0x41, 
	0x32, 0x41, 0x2a, 0x41, 0x3a, 0xc1, 0x01, 0x01, 
	0x22, 0x41, 
};

Gfx castle_inside_dl_inside_castle_textures_0B000_rgba16_ci8_aligner[] = {gsSPEndDisplayList()};
u8 castle_inside_dl_inside_castle_textures_0B000_rgba16_ci8[] = {
	0x00, 0x01, 0x02, 0x01, 0x03, 0x04, 0x05, 0x06, 
	0x07, 0x08, 0x09, 0x00, 0x0a, 0x0b, 0x0c, 0x03, 
	0x0d, 0x0e, 0x0f, 0x10, 0x11, 0x12, 0x08, 0x03, 
	0x13, 0x14, 0x15, 0x16, 0x17, 0x18, 0x19, 0x09, 
	0x1a, 0x11, 0x1b, 0x1c, 0x03, 0x1d, 0x1e, 0x0a, 
	0x1f, 0x08, 0x11, 0x11, 0x20, 0x19, 0x01, 0x01, 
	0x21, 0x21, 0x22, 0x23, 0x23, 0x01, 0x1c, 0x24, 
	0x01, 0x25, 0x26, 0x25, 0x27, 0x1b, 0x19, 0x09, 
	0x28, 0x1a, 0x11, 0x1b, 0x24, 0x29, 0x2a, 0x2b, 
	0x2c, 0x28, 0x2d, 0x2e, 0x11, 0x2f, 0x30, 0x25, 
	0x31, 0x32, 0x33, 0x34, 0x35, 0x19, 0x0f, 0x2b, 
	0x1b, 0x30, 0x36, 0x37, 0x38, 0x11, 0x39, 0x3a, 
	0x0f, 0x27, 0x11, 0x09, 0x3b, 0x3c, 0x3d, 0x14, 
	0x1b, 0x20, 0x2d, 0x3e, 0x21, 0x03, 0x3f, 0x36, 
	0x40, 0x41, 0x42, 0x43, 0x0b, 0x00, 0x44, 0x45, 
	0x46, 0x47, 0x3f, 0x48, 0x38, 0x49, 0x4a, 0x4b, 
	0x08, 0x3a, 0x1b, 0x1c, 0x4c, 0x4d, 0x4e, 0x4f, 
	0x1e, 0x50, 0x1c, 0x4c, 0x41, 0x4e, 0x51, 0x52, 
	0x53, 0x54, 0x55, 0x25, 0x50, 0x24, 0x56, 0x46, 
	0x57, 0x3d, 0x02, 0x19, 0x3b, 0x58, 0x0e, 0x1c, 
	0x59, 0x10, 0x09, 0x21, 0x21, 0x5a, 0x5b, 0x02, 
	0x5c, 0x5c, 0x3d, 0x53, 0x53, 0x41, 0x5d, 0x01, 
	0x4b, 0x5e, 0x5f, 0x60, 0x61, 0x62, 0x57, 0x5e, 
	0x13, 0x3a, 0x12, 0x28, 0x1b, 0x4a, 0x4a, 0x23, 
	0x63, 0x23, 0x0a, 0x09, 0x21, 0x09, 0x10, 0x09, 
	0x35, 0x64, 0x65, 0x66, 0x03, 0x4c, 0x35, 0x01, 
	0x4a, 0x00, 0x67, 0x68, 0x55, 0x69, 0x40, 0x24, 
	0x1c, 0x38, 0x6a, 0x20, 0x1a, 0x6b, 0x45, 0x30, 
	0x2f, 0x23, 0x5a, 0x1f, 0x1f, 0x21, 0x00, 0x09, 
	0x2b, 0x1b, 0x4f, 0x4c, 0x08, 0x6b, 0x6b, 0x23, 
	0x09, 0x11, 0x08, 0x09, 0x6c, 0x6d, 0x6e, 0x09, 
	0x19, 0x18, 0x2f, 0x1b, 0x6b, 0x2b, 0x6f, 0x70, 
	0x63, 0x5a, 0x0a, 0x1f, 0x59, 0x21, 0x02, 0x71, 
	0x22, 0x23, 0x72, 0x0b, 0x08, 0x12, 0x73, 0x0e, 
	0x50, 0x09, 0x63, 0x74, 0x01, 0x72, 0x24, 0x10, 
	0x23, 0x0a, 0x2f, 0x00, 0x21, 0x0f, 0x49, 0x1b, 
	0x75, 0x10, 0x1c, 0x10, 0x3e, 0x76, 0x39, 0x19, 
	0x23, 0x2a, 0x3d, 0x4c, 0x63, 0x39, 0x2b, 0x10, 
	0x77, 0x4c, 0x78, 0x3b, 0x1e, 0x3c, 0x0c, 0x43, 
	0x43, 0x1f, 0x16, 0x1b, 0x2b, 0x79, 0x7a, 0x28, 
	0x0a, 0x6b, 0x6a, 0x27, 0x1a, 0x76, 0x2b, 0x09, 
	0x4b, 0x46, 0x7b, 0x0c, 0x5a, 0x23, 0x50, 0x23, 
	0x1f, 0x0a, 0x00, 0x7c, 0x46, 0x7d, 0x00, 0x21, 
	0x64, 0x50, 0x27, 0x44, 0x7e, 0x7f, 0x2b, 0x1b, 
	0x03, 0x3b, 0x30, 0x01, 0x0f, 0x0e, 0x0f, 0x5a, 
	0x4b, 0x5e, 0x80, 0x5d, 0x5a, 0x43, 0x4c, 0x24, 
	0x09, 0x10, 0x09, 0x39, 0x24, 0x47, 0x4b, 0x23, 
	0x0c, 0x25, 0x45, 0x81, 0x82, 0x83, 0x25, 0x84, 
	0x85, 0x86, 0x0c, 0x87, 0x22, 0x0e, 0x2b, 0x6e, 
	0x88, 0x15, 0x1e, 0x50, 0x0a, 0x10, 0x0a, 0x24, 
	0x24, 0x10, 0x10, 0x21, 0x81, 0x86, 0x41, 0x89, 
	0x8a, 0x50, 0x31, 0x1c, 0x6e, 0x86, 0x47, 0x52, 
	0x83, 0x83, 0x41, 0x40, 0x40, 0x41, 0x1e, 0x5c, 
	0x46, 0x66, 0x4c, 0x35, 0x4c, 0x1c, 0x10, 0x1c, 
	0x48, 0x19, 0x09, 0x21, 0x45, 0x8b, 0x24, 0x0c, 
	0x8a, 0x8a, 0x47, 0x5c, 0x3d, 0x47, 0x25, 0x67, 
	0x09, 0x39, 0x24, 0x13, 0x7d, 0x29, 0x8c, 0x48, 
	0x2f, 0x0a, 0x09, 0x10, 0x23, 0x1b, 0x08, 0x11, 
	0x08, 0x08, 0x09, 0x1b, 0x81, 0x39, 0x10, 0x1f, 
	0x50, 0x8d, 0x8e, 0x8f, 0x4d, 0x2a, 0x21, 0x39, 
	0x0f, 0x2b, 0x39, 0x00, 0x47, 0x1d, 0x8c, 0x01, 
	0x1b, 0x6b, 0x6b, 0x28, 0x6b, 0x27, 0x01, 0x24, 
	0x1b, 0x16, 0x1b, 0x19, 0x24, 0x24, 0x23, 0x10, 
	0x0a, 0x01, 0x90, 0x5d, 0x23, 0x23, 0x10, 0x10, 
	0x4a, 0x0e, 0x31, 0x2b, 0x24, 0x7b, 0x24, 0x1f, 
	0x08, 0x63, 0x0b, 0x16, 0x08, 0x16, 0x91, 0x50, 
	0x1c, 0x1c, 0x1c, 0x23, 0x87, 0x50, 0x4b, 0x3a, 
	0x1c, 0x50, 0x92, 0x19, 0x08, 0x0a, 0x1c, 0x01, 
	0x4b, 0x39, 0x3b, 0x4a, 0x93, 0x94, 0x03, 0x09, 
	0x19, 0x09, 0x0a, 0x16, 0x09, 0x11, 0x1f, 0x0b, 
	0x08, 0x6b, 0x2b, 0x6b, 0x1f, 0x10, 0x39, 0x25, 
	0x1c, 0x4b, 0x13, 0x1b, 0x09, 0x1c, 0x2b, 0x1b, 
	0x1c, 0x39, 0x25, 0x4b, 0x56, 0x95, 0x66, 0x3b, 
	0x50, 0x09, 0x6b, 0x11, 0x17, 0x28, 0x1f, 0x63, 
	0x96, 0x12, 0x6a, 0x11, 0x11, 0x1f, 0x10, 0x5a, 
	0x97, 0x50, 0x41, 0x50, 0x23, 0x00, 0x2b, 0x11, 
	0x98, 0x1b, 0x25, 0x24, 0x83, 0x99, 0x86, 0x4b, 
	0x0c, 0x4c, 0x23, 0x23, 0x09, 0x2b, 0x24, 0x02, 
	0x38, 0x27, 0x11, 0x09, 0x6b, 0x1f, 0x9a, 0x43, 
	0x0b, 0x9b, 0x9c, 0x5d, 0x5a, 0x0a, 0x78, 0x1c, 
	0x59, 0x59, 0x09, 0x39, 0x4b, 0x80, 0x55, 0x9d, 
	0x66, 0x03, 0x6e, 0x66, 0x47, 0x13, 0x80, 0x7d, 
	0x9e, 0x9f, 0xa0, 0x24, 0x0a, 0x0a, 0x0b, 0x24, 
	0x03, 0x5c, 0x5c, 0x02, 0x21, 0x10, 0x50, 0x64, 
	0x10, 0x59, 0x0f, 0x44, 0x19, 0x01, 0x02, 0xa1, 
	0x80, 0x02, 0x25, 0x6c, 0x55, 0x46, 0x25, 0x24, 
	0x03, 0xa1, 0x36, 0x3f, 0x90, 0x5d, 0x0c, 0x15, 
	0x55, 0x6e, 0x1c, 0x1c, 0x0f, 0x6b, 0x19, 0x9b, 
	0x0a, 0x6b, 0x2b, 0x45, 0x4b, 0x23, 0x50, 0x48, 
	0x92, 0xa2, 0x26, 0x53, 0x88, 0x45, 0x44, 0x82, 
	0x4c, 0x50, 0x02, 0x4e, 0xa3, 0xa3, 0x68, 0x46, 
	0x13, 0x50, 0x5a, 0x1c, 0x1c, 0x00, 0x2f, 0x0c, 
	0x97, 0x1f, 0x08, 0x3a, 0x39, 0x7e, 0x21, 0x38, 
	0x00, 0x13, 0x7b, 0x66, 0x25, 0x3a, 0x1b, 0x1c, 
	0x38, 0x08, 0x09, 0x39, 0x25, 0x36, 0x02, 0x00, 
	0x18, 0x91, 0x1f, 0x0f, 0x21, 0x1b, 0x20, 0x1f, 
	0xa4, 0x10, 0x1b, 0x38, 0x38, 0x4a, 0x31, 0x39, 
	0x1b, 0x00, 0x47, 0x1c, 0x08, 0x11, 0x1b, 0x01, 
	0x2f, 0x09, 0x1b, 0x1b, 0x70, 0x26, 0x2a, 0x21, 
	0x27, 0x27, 0x27, 0x0f, 0x6b, 0x11, 0x08, 0x74, 
	0x00, 0x1c, 0x0a, 0x08, 0x08, 0x09, 0x1c, 0x09, 
	0x09, 0x0b, 0x68, 0x1c, 0x10, 0x1f, 0x23, 0x1e, 
	0x8c, 0x71, 0x1b, 0x1b, 0x25, 0xa5, 0xa6, 0x10, 
	0x09, 0x4b, 0x4b, 0x39, 0x6b, 0x76, 0x44, 0x00, 
	0x09, 0x6b, 0x0a, 0x10, 0x0f, 0x09, 0x2f, 0x39, 
	0x00, 0x02, 0x15, 0x24, 0x10, 0x59, 0x17, 0x1c, 
	0x5d, 0x2f, 0x27, 0x2b, 0x03, 0x94, 0x66, 0x0e, 
	0x4a, 0x21, 0x27, 0x6f, 0x27, 0x0f, 0x0f, 0x1c, 
	0x17, 0x6b, 0x0a, 0x43, 0xa7, 0x6b, 0x08, 0x11, 
	0x38, 0x37, 0x15, 0x82, 0x21, 0x0f, 0x17, 0x6b, 
	0x01, 0x2f, 0x38, 0x12, 0x00, 0x57, 0x88, 0x42, 
	0x23, 0x63, 0x17, 0x11, 0x12, 0x28, 0x28, 0x1f, 
	0x5d, 0x18, 0x00, 0x1c, 0x6b, 0x1f, 0x0a, 0x00, 
	0x6c, 0x55, 0x88, 0x3b, 0x0a, 0x19, 0x50, 0x50, 
	0x71, 0x18, 0x5d, 0x1c, 0x25, 0x26, 0x29, 0x4d, 
	0x1e, 0x01, 0x10, 0x1b, 0x09, 0x39, 0x4b, 0x1e, 
	0x00, 0x30, 0xa8, 0x13, 0x39, 0x4c, 0x41, 0x5e, 
	0x53, 0x4d, 0x1e, 0x24, 0x38, 0x1b, 0x25, 0x02, 
	0x1f, 0x17, 0x10, 0x0f, 0x09, 0x14, 0x53, 0xa9, 
	0x3d, 0x5c, 0x2a, 0x1e, 0x47, 0x4f, 0x47, 0x47, 
	0x1a, 0x10, 0x02, 0x15, 0x55, 0x7b, 0xaa, 0x85, 
	0x86, 0x50, 0x24, 0x24, 0x1b, 0x2b, 0x4b, 0x25, 
	0x0a, 0x0f, 0x10, 0x22, 0xab, 0x2c, 0x31, 0x2a, 
	0x72, 0xac, 0xad, 0x3d, 0x80, 0x30, 0x18, 0x45, 
	0x0f, 0xa7, 0x0b, 0x25, 0x67, 0x7b, 0xae, 0x7c, 
	0x4b, 0x03, 0x14, 0x01, 0xaf, 0x5b, 0xb0, 0x02, 
	0x25, 0x81, 0x3b, 0x23, 0x6b, 0xb1, 0xb2, 0x2b, 
	0x37, 0x9e, 0xb3, 0x53, 0x46, 0x16, 0x19, 0x6c, 
	
};

Gfx castle_inside_dl_inside_castle_textures_0B000_rgba16_pal_rgba16_aligner[] = {gsSPEndDisplayList()};
u8 castle_inside_dl_inside_castle_textures_0B000_rgba16_pal_rgba16[] = {
	0xa5, 0x6b, 0xa5, 0x69, 0x9d, 0x27, 0x9c, 0xe7, 
	0x7b, 0x9b, 0x8c, 0x9f, 0x9d, 0x23, 0xa5, 0xa7, 
	0xb5, 0xed, 0xb5, 0xad, 0xb5, 0xab, 0xb5, 0xa9, 
	0xa5, 0x27, 0xad, 0x2f, 0xbd, 0x6f, 0xbd, 0xaf, 
	0xbd, 0xad, 0xb5, 0xef, 0xb5, 0xf1, 0x94, 0xe7, 
	0x94, 0xe9, 0x84, 0x63, 0xad, 0xed, 0xbe, 0x2f, 
	0xa5, 0xa9, 0xad, 0xab, 0xbd, 0xf1, 0xad, 0xad, 
	0xad, 0x6b, 0x83, 0xdd, 0x9c, 0xe5, 0xbd, 0xed, 
	0xb6, 0x2f, 0xb5, 0x6d, 0xbd, 0x6d, 0xb5, 0x6b, 
	0xa5, 0x29, 0x9d, 0x29, 0x7c, 0x21, 0xad, 0xaf, 
	0xbe, 0x31, 0x84, 0x1f, 0xa4, 0xe7, 0xb5, 0xaf, 
	0xc5, 0xf1, 0xbe, 0x71, 0xc6, 0x73, 0xa5, 0xab, 
	0x9d, 0x69, 0xb5, 0x2d, 0xbd, 0x2d, 0xbd, 0x2b, 
	0xbd, 0x29, 0xb5, 0x69, 0x7c, 0x61, 0x95, 0x27, 
	0xa5, 0xad, 0xad, 0x6d, 0xa5, 0x6d, 0xad, 0x2b, 
	0x83, 0xdf, 0x8c, 0x21, 0xc6, 0x31, 0x84, 0x61, 
	0x94, 0x63, 0x9c, 0xa5, 0xb5, 0x29, 0xbd, 0x6b, 
	0xad, 0x6f, 0xa5, 0x2d, 0x94, 0xa7, 0x94, 0xa5, 
	0x9d, 0x67, 0xb5, 0xb1, 0xb5, 0x6f, 0xa5, 0x2b, 
	0xad, 0x29, 0x9c, 0xa3, 0x8c, 0xa1, 0x8c, 0xa3, 
	0xad, 0x69, 0x84, 0xa1, 0x84, 0xa3, 0x8c, 0x23, 
	0x7b, 0x9f, 0x8c, 0x65, 0x9c, 0xa9, 0x7b, 0xe1, 
	0xb5, 0x2f, 0xc6, 0x2f, 0xbd, 0xab, 0xb5, 0xe9, 
	0x94, 0xa3, 0xa5, 0x67, 0x8c, 0xa5, 0x84, 0x65, 
	0x7c, 0x25, 0x84, 0x25, 0x7b, 0xe3, 0xb5, 0xeb, 
	0xad, 0x27, 0x8c, 0x1f, 0x9c, 0xa7, 0x95, 0x29, 
	0x94, 0xe5, 0x7b, 0xa1, 0xad, 0xef, 0xbd, 0xef, 
	0x9c, 0xe9, 0x84, 0x23, 0xa4, 0xe9, 0xa5, 0x6f, 
	0x9d, 0x6b, 0xad, 0xa9, 0x8c, 0x61, 0xbd, 0xf3, 
	0xbd, 0xeb, 0xbe, 0x2d, 0xbd, 0xb1, 0xb5, 0x67, 
	0xb5, 0x2b, 0xc5, 0xf3, 0xc6, 0x33, 0x83, 0xe1, 
	0x9d, 0x2b, 0x84, 0x21, 0xb5, 0x71, 0xbd, 0x71, 
	0x8c, 0x63, 0xad, 0x2d, 0xac, 0xeb, 0xa4, 0xeb, 
	0x8c, 0xe7, 0x94, 0x67, 0xa4, 0xa9, 0xad, 0x67, 
	0x94, 0x65, 0xa4, 0xe3, 0xa4, 0xe5, 0xa4, 0xed, 
	0x9d, 0x25, 0x9c, 0xe3, 0x84, 0x5f, 0x8c, 0x5f, 
	0x94, 0xe3, 0xad, 0xeb, 0x95, 0x25, 0x9c, 0xab, 
	0x73, 0x9f, 0x7b, 0x5f, 0xb6, 0x71, 0xc6, 0x2d, 
	0xb6, 0x2d, 0x8b, 0xe3, 0xc5, 0xab, 0xa5, 0x25, 
	0x94, 0xa1, 0x8c, 0xa7, 0x7c, 0x63, 0x84, 0x67, 
	0x94, 0xa9, 0x84, 0xa5, 0x8c, 0xe3, 0x7c, 0x5f, 
	0xc5, 0xed, 0x7b, 0xdf, 0xac, 0xe7, 0xc5, 0xaf, 
	0x8d, 0x27, 0x8b, 0xdf, 0x83, 0xa1, 0xc5, 0xef, 
	0x7b, 0xdd, 0x83, 0x9d, 0x8c, 0x27, 0x9d, 0xa9, 
	0xad, 0xe9, 0xce, 0x33, 0xcd, 0xf3, 0x73, 0x5b, 
	
};

Gfx castle_inside_dl_inside_castle_textures_03800_rgba16_rgba16_copy_aligner[] = {gsSPEndDisplayList()};
u8 castle_inside_dl_inside_castle_textures_03800_rgba16_rgba16_copy[] = {
	0x31, 0x01, 0x59, 0xc3, 0x59, 0xc3, 0x59, 0xc1, 
	0x59, 0xc1, 0x59, 0xc1, 0x61, 0xc3, 0x61, 0xc3, 
	0x62, 0x03, 0x59, 0xc1, 0x59, 0xc1, 0x62, 0x03, 
	0x59, 0xc1, 0x59, 0xc1, 0x59, 0xc1, 0x59, 0xc1, 
	0x61, 0xc3, 0x62, 0x03, 0x62, 0x03, 0x62, 0x03, 
	0x61, 0xc3, 0x59, 0xc3, 0x62, 0x03, 0x62, 0x03, 
	0x59, 0xc1, 0x61, 0xc3, 0x62, 0x03, 0x61, 0xc3, 
	0x59, 0xc1, 0x61, 0xc3, 0x62, 0x05, 0x51, 0xc5, 
	0x28, 0xc1, 0x61, 0xc3, 0x61, 0xc3, 0x59, 0xc5, 
	0x61, 0xc3, 0x61, 0xc3, 0x62, 0x05, 0x61, 0xc3, 
	0x62, 0x05, 0x61, 0xc3, 0x59, 0xc5, 0x62, 0x03, 
	0x62, 0x03, 0x61, 0xc3, 0x61, 0xc3, 0x61, 0xc3, 
	0x61, 0xc3, 0x61, 0xc3, 0x61, 0xc3, 0x61, 0xc3, 
	0x62, 0x03, 0x61, 0xc3, 0x61, 0xc3, 0x62, 0x05, 
	0x61, 0xc3, 0x62, 0x05, 0x59, 0xc5, 0x61, 0xc3, 
	0x61, 0xc3, 0x59, 0xc5, 0x59, 0xc5, 0x59, 0xc3, 
	0x29, 0x03, 0x59, 0xc5, 0x61, 0xc3, 0x61, 0xc3, 
	0x59, 0xc5, 0x61, 0xc3, 0x59, 0xc5, 0x62, 0x05, 
	0x59, 0xc5, 0x62, 0x05, 0x62, 0x05, 0x61, 0xc3, 
	0x59, 0xc5, 0x62, 0x03, 0x59, 0xc5, 0x59, 0xc5, 
	0x62, 0x05, 0x59, 0xc5, 0x61, 0xc3, 0x61, 0xc3, 
	0x61, 0xc3, 0x61, 0xc3, 0x59, 0xc5, 0x61, 0xc3, 
	0x61, 0xc3, 0x59, 0xc5, 0x61, 0xc3, 0x59, 0xc5, 
	0x61, 0xc3, 0x59, 0xc5, 0x5a, 0x03, 0x62, 0x05, 
	0x28, 0xc1, 0x61, 0xc3, 0x61, 0xc3, 0x61, 0xc3, 
	0x61, 0xc3, 0x61, 0xc3, 0x61, 0xc3, 0x59, 0xc5, 
	0x61, 0xc3, 0x61, 0xc3, 0x62, 0x05, 0x61, 0xc3, 
	0x61, 0xc3, 0x61, 0xc3, 0x59, 0xc5, 0x61, 0xc3, 
	0x61, 0xc3, 0x61, 0xc3, 0x59, 0xc5, 0x59, 0xc5, 
	0x62, 0x05, 0x61, 0xc3, 0x61, 0xc3, 0x59, 0xc5, 
	0x61, 0xc3, 0x61, 0xc3, 0x59, 0xc5, 0x61, 0xc3, 
	0x61, 0xc3, 0x61, 0xc3, 0x59, 0xc5, 0x59, 0xc3, 
	0x28, 0xc3, 0x61, 0xc3, 0x61, 0xc3, 0x59, 0xc1, 
	0x61, 0xc3, 0x59, 0xc5, 0x61, 0xc3, 0x59, 0xc5, 
	0x62, 0x05, 0x61, 0xc3, 0x59, 0xc5, 0x61, 0xc3, 
	0x61, 0xc3, 0x59, 0xc5, 0x61, 0xc3, 0x61, 0xc3, 
	0x61, 0xc3, 0x62, 0x05, 0x61, 0xc3, 0x61, 0xc3, 
	0x61, 0xc3, 0x62, 0x05, 0x62, 0x05, 0x62, 0x03, 
	0x62, 0x05, 0x62, 0x05, 0x61, 0xc3, 0x61, 0xc3, 
	0x61, 0xc3, 0x61, 0xc3, 0x62, 0x05, 0x62, 0x05, 
	0x28, 0xc3, 0x61, 0xc3, 0x61, 0xc3, 0x61, 0xc3, 
	0x61, 0xc3, 0x61, 0xc3, 0x59, 0xc5, 0x62, 0x05, 
	0x61, 0xc3, 0x59, 0xc5, 0x61, 0xc3, 0x61, 0xc3, 
	0x59, 0xc5, 0x61, 0xc3, 0x61, 0xc3, 0x61, 0xc3, 
	0x61, 0xc3, 0x59, 0xc5, 0x61, 0xc3, 0x61, 0xc3, 
	0x61, 0xc3, 0x61, 0xc3, 0x59, 0xc5, 0x61, 0xc3, 
	0x61, 0xc3, 0x61, 0xc3, 0x59, 0xc5, 0x61, 0xc3, 
	0x59, 0xc5, 0x61, 0xc3, 0x61, 0xc3, 0x59, 0xc3, 
	0x29, 0x03, 0x59, 0xc5, 0x61, 0xc3, 0x59, 0xc5, 
	0x59, 0xc5, 0x62, 0x05, 0x62, 0x05, 0x61, 0xc3, 
	0x62, 0x05, 0x59, 0xc5, 0x61, 0xc3, 0x61, 0xc3, 
	0x62, 0x05, 0x61, 0xc3, 0x62, 0x05, 0x61, 0xc3, 
	0x61, 0xc3, 0x61, 0xc3, 0x59, 0xc5, 0x61, 0xc3, 
	0x61, 0xc3, 0x59, 0xc5, 0x61, 0xc3, 0x59, 0xc5, 
	0x62, 0x05, 0x62, 0x05, 0x61, 0xc3, 0x61, 0xc3, 
	0x62, 0x05, 0x61, 0xc3, 0x59, 0xc5, 0x62, 0x05, 
	0x20, 0x81, 0x39, 0x03, 0x31, 0x01, 0x39, 0x03, 
	0x31, 0x01, 0x39, 0x43, 0x39, 0x03, 0x31, 0x01, 
	0x39, 0x43, 0x39, 0x43, 0x39, 0x43, 0x39, 0x03, 
	0x39, 0x03, 0x39, 0x43, 0x31, 0x01, 0x31, 0x01, 
	0x39, 0x43, 0x39, 0x03, 0x39, 0x43, 0x31, 0x01, 
	0x31, 0x01, 0x39, 0x03, 0x39, 0x43, 0x39, 0x43, 
	0x39, 0x43, 0x39, 0x43, 0x39, 0x43, 0x39, 0x03, 
	0x39, 0x43, 0x31, 0x01, 0x39, 0x03, 0x39, 0x01, 
	0x72, 0x89, 0x72, 0x89, 0x72, 0x89, 0x7a, 0xc9, 
	0x72, 0x89, 0x72, 0xcb, 0x7a, 0xc9, 0x72, 0x89, 
	0x7a, 0xc9, 0x72, 0xcb, 0x72, 0xcb, 0x72, 0x89, 
	0x72, 0x89, 0x72, 0x89, 0x72, 0x89, 0x6a, 0x89, 
	0x49, 0x85, 0x72, 0xcb, 0x72, 0x89, 0x72, 0xc9, 
	0x7a, 0xc9, 0x72, 0x89, 0x72, 0xcb, 0x72, 0x89, 
	0x72, 0x89, 0x72, 0x89, 0x7a, 0xc9, 0x72, 0x89, 
	0x7a, 0xc9, 0x7a, 0xc9, 0x72, 0x89, 0x7a, 0xc9, 
	0x72, 0x89, 0x7a, 0xc9, 0x7a, 0xc9, 0x72, 0xcb, 
	0x7a, 0xcb, 0x72, 0x89, 0x72, 0x87, 0x7a, 0xc9, 
	0x72, 0x87, 0x72, 0xcb, 0x7a, 0xcb, 0x72, 0x87, 
	0x72, 0x89, 0x72, 0x87, 0x72, 0x87, 0x7b, 0x0b, 
	0x39, 0x45, 0x72, 0xcb, 0x7a, 0xcb, 0x72, 0x89, 
	0x7a, 0xc9, 0x7a, 0xc9, 0x7a, 0xc9, 0x7a, 0xc9, 
	0x72, 0xcb, 0x7a, 0xc9, 0x72, 0x89, 0x7a, 0xcb, 
	0x72, 0xcb, 0x7a, 0xcb, 0x72, 0xcb, 0x7a, 0xcb, 
	0x7a, 0xcb, 0x72, 0x89, 0x7a, 0xc9, 0x72, 0xcb, 
	0x72, 0xcb, 0x7a, 0xc9, 0x7a, 0xcb, 0x7b, 0x0b, 
	0x72, 0x87, 0x7a, 0xcb, 0x7a, 0xcb, 0x72, 0x89, 
	0x7a, 0xc9, 0x72, 0x87, 0x72, 0x89, 0x7b, 0x0b, 
	0x41, 0x85, 0x7a, 0xc9, 0x7a, 0xcb, 0x83, 0x0b, 
	0x83, 0x0d, 0x7a, 0xcb, 0x7a, 0xc9, 0x72, 0x87, 
	0x72, 0xcb, 0x7a, 0xc9, 0x72, 0xcb, 0x72, 0xcb, 
	0x7a, 0xcb, 0x72, 0xcb, 0x72, 0xcb, 0x72, 0xcb, 
	0x7a, 0xcb, 0x72, 0x89, 0x7a, 0xc9, 0x7b, 0x0d, 
	0x72, 0x89, 0x72, 0xcb, 0x7a, 0xc9, 0x72, 0xcb, 
	0x72, 0x89, 0x7a, 0xc9, 0x72, 0xcb, 0x7a, 0xc9, 
	0x72, 0x89, 0x72, 0x89, 0x7a, 0xcb, 0x72, 0xc9, 
	0x41, 0x85, 0x7a, 0xcb, 0x72, 0x89, 0x72, 0x89, 
	0x7a, 0xc9, 0x72, 0xcb, 0x72, 0xc9, 0x7a, 0xcb, 
	0x72, 0x89, 0x7a, 0xc9, 0x72, 0xcb, 0x72, 0x89, 
	0x7a, 0xcb, 0x72, 0xcb, 0x72, 0xcb, 0x7a, 0xcb, 
	0x72, 0x89, 0x72, 0x87, 0x72, 0xcb, 0x83, 0x0d, 
	0x83, 0x0d, 0x72, 0x89, 0x7b, 0x0b, 0x72, 0xcb, 
	0x72, 0x89, 0x7a, 0xcb, 0x7a, 0xc9, 0x7a, 0xcb, 
	0x72, 0x89, 0x72, 0xcb, 0x72, 0x89, 0x72, 0xc9, 
	0x41, 0x85, 0x7a, 0xc9, 0x72, 0xcb, 0x72, 0xcb, 
	0x7a, 0xc9, 0x7a, 0xcb, 0x7a, 0xc9, 0x72, 0x89, 
	0x72, 0x89, 0x7a, 0xc9, 0x7a, 0xcb, 0x72, 0x89, 
	0x7a, 0xcb, 0x72, 0xcb, 0x72, 0x89, 0x7a, 0xcb, 
	0x7a, 0xcb, 0x7a, 0xcb, 0x72, 0xcb, 0x72, 0xcb, 
	0x72, 0xcb, 0x7a, 0xcb, 0x72, 0xcb, 0x72, 0xcb, 
	0x7a, 0xcb, 0x72, 0xcb, 0x7a, 0xc9, 0x72, 0x89, 
	0x72, 0xcb, 0x7a, 0xc9, 0x72, 0xcb, 0x72, 0x89, 
	0x39, 0x45, 0x72, 0xcb, 0x72, 0x89, 0x72, 0xc9, 
	0x7a, 0xcb, 0x72, 0xcb, 0x7a, 0xc9, 0x72, 0xcb, 
	0x7a, 0xc9, 0x7a, 0xcb, 0x72, 0x89, 0x7a, 0xcb, 
	0x72, 0xcb, 0x7a, 0xc9, 0x7a, 0xcb, 0x72, 0xcb, 
	0x72, 0xcb, 0x7a, 0xcb, 0x7a, 0xc9, 0x72, 0xcb, 
	0x72, 0x89, 0x72, 0xcb, 0x72, 0xcb, 0x72, 0x87, 
	0x72, 0xcb, 0x7a, 0xcb, 0x7a, 0xc9, 0x7a, 0xc9, 
	0x72, 0xcb, 0x72, 0x89, 0x72, 0xcb, 0x72, 0x89, 
	0x39, 0x45, 0x72, 0xc9, 0x72, 0x89, 0x6a, 0x47, 
	0x7a, 0xcb, 0x72, 0x89, 0x72, 0x89, 0x7a, 0xc9, 
	0x7a, 0xc9, 0x72, 0x89, 0x72, 0x89, 0x72, 0xcb, 
	0x72, 0xcb, 0x72, 0x89, 0x72, 0x89, 0x72, 0x87, 
	0x39, 0x45, 0x39, 0x45, 0x39, 0x45, 0x41, 0x85, 
	0x41, 0x87, 0x41, 0x85, 0x41, 0x85, 0x41, 0x87, 
	0x41, 0x85, 0x41, 0x85, 0x41, 0x85, 0x41, 0x87, 
	0x41, 0x87, 0x39, 0x85, 0x41, 0x85, 0x49, 0xc5, 
	0x28, 0xc3, 0x41, 0x85, 0x41, 0x85, 0x41, 0x85, 
	0x41, 0x85, 0x41, 0x85, 0x41, 0x85, 0x41, 0x85, 
	0x41, 0x45, 0x41, 0x87, 0x41, 0x87, 0x41, 0x85, 
	0x41, 0x85, 0x39, 0x45, 0x41, 0x87, 0x39, 0x45, 
	0x31, 0x01, 0x61, 0xc3, 0x59, 0xc1, 0x59, 0xc3, 
	0x61, 0xc3, 0x59, 0xc3, 0x59, 0xc1, 0x59, 0xc3, 
	0x59, 0xc3, 0x61, 0xc3, 0x62, 0x05, 0x62, 0x05, 
	0x61, 0xc3, 0x61, 0xc3, 0x59, 0xc3, 0x61, 0xc3, 
	0x59, 0xc3, 0x61, 0xc3, 0x61, 0xc3, 0x59, 0xc3, 
	0x59, 0xc3, 0x59, 0xc3, 0x51, 0xc3, 0x51, 0xc3, 
	0x59, 0xc3, 0x51, 0xc3, 0x51, 0xc3, 0x59, 0xc3, 
	0x59, 0xc3, 0x59, 0xc3, 0x59, 0xc3, 0x59, 0xc3, 
	0x28, 0xc1, 0x51, 0xc3, 0x59, 0xc5, 0x59, 0xc1, 
	0x59, 0xc1, 0x62, 0x05, 0x51, 0xc3, 0x59, 0xc1, 
	0x59, 0xc1, 0x62, 0x05, 0x59, 0xc5, 0x61, 0xc3, 
	0x51, 0xc3, 0x59, 0xc1, 0x61, 0xc3, 0x59, 0xc1, 
	0x61, 0xc3, 0x61, 0xc3, 0x61, 0xc3, 0x62, 0x03, 
	0x62, 0x05, 0x59, 0xc1, 0x61, 0xc3, 0x59, 0xc1, 
	0x59, 0xc1, 0x51, 0xc3, 0x59, 0xc1, 0x62, 0x05, 
	0x59, 0xc5, 0x62, 0x05, 0x59, 0xc5, 0x59, 0xc3, 
	0x28, 0xc1, 0x61, 0xc3, 0x61, 0xc3, 0x61, 0xc3, 
	0x62, 0x05, 0x59, 0xc1, 0x62, 0x05, 0x59, 0xc1, 
	0x62, 0x05, 0x62, 0x05, 0x59, 0xc1, 0x61, 0xc3, 
	0x61, 0xc3, 0x59, 0xc5, 0x59, 0xc5, 0x59, 0xc1, 
	0x62, 0x05, 0x62, 0x05, 0x51, 0xc3, 0x51, 0xc3, 
	0x61, 0xc3, 0x51, 0xc3, 0x6a, 0x05, 0x59, 0xc1, 
	0x61, 0xc3, 0x59, 0xc1, 0x51, 0xc3, 0x62, 0x05, 
	0x61, 0xc3, 0x62, 0x05, 0x62, 0x05, 0x62, 0x05, 
	0x31, 0x03, 0x61, 0xc3, 0x61, 0xc3, 0x62, 0x05, 
	0x59, 0xc5, 0x59, 0xc5, 0x59, 0xc1, 0x61, 0xc3, 
	0x59, 0xc1, 0x59, 0xc1, 0x59, 0xc5, 0x59, 0xc1, 
	0x61, 0xc3, 0x51, 0xc3, 0x61, 0xc3, 0x51, 0xc3, 
	0x61, 0xc3, 0x59, 0xc1, 0x62, 0x03, 0x61, 0xc3, 
	0x62, 0x05, 0x51, 0xc3, 0x62, 0x05, 0x61, 0xc3, 
	0x61, 0xc3, 0x61, 0xc3, 0x51, 0xc3, 0x61, 0xc3, 
	0x59, 0xc1, 0x51, 0xc3, 0x62, 0x05, 0x59, 0xc3, 
	0x28, 0xc3, 0x62, 0x05, 0x59, 0xc1, 0x59, 0xc1, 
	0x51, 0xc3, 0x59, 0xc1, 0x59, 0xc5, 0x62, 0x05, 
	0x62, 0x05, 0x59, 0xc1, 0x51, 0xc3, 0x61, 0xc3, 
	0x62, 0x05, 0x62, 0x05, 0x59, 0xc1, 0x59, 0xc1, 
	0x59, 0xc1, 0x59, 0xc1, 0x51, 0xc3, 0x62, 0x05, 
	0x59, 0xc1, 0x61, 0xc3, 0x59, 0xc1, 0x51, 0xc3, 
	0x51, 0xc3, 0x62, 0x05, 0x62, 0x05, 0x61, 0xc3, 
	0x51, 0xc3, 0x51, 0xc3, 0x51, 0xc3, 0x59, 0xc3, 
	0x28, 0xc3, 0x51, 0xc3, 0x59, 0xc1, 0x59, 0xc1, 
	0x62, 0x05, 0x59, 0xc1, 0x51, 0xc3, 0x59, 0xc1, 
	0x59, 0xc1, 0x61, 0xc3, 0x59, 0xc1, 0x62, 0x05, 
	0x62, 0x05, 0x59, 0xc1, 0x62, 0x05, 0x51, 0xc3, 
	0x59, 0xc1, 0x62, 0x05, 0x62, 0x05, 0x59, 0xc5, 
	0x59, 0xc5, 0x51, 0xc3, 0x62, 0x05, 0x59, 0xc1, 
	0x51, 0xc3, 0x51, 0xc3, 0x51, 0xc3, 0x62, 0x05, 
	0x62, 0x05, 0x62, 0x05, 0x5a, 0x03, 0x59, 0xc3, 
	0x28, 0xc1, 0x59, 0xc1, 0x61, 0xc3, 0x62, 0x05, 
	0x62, 0x05, 0x62, 0x05, 0x62, 0x03, 0x59, 0xc1, 
	0x59, 0xc1, 0x59, 0xc1, 0x62, 0x03, 0x59, 0xc5, 
	0x51, 0xc3, 0x59, 0xc1, 0x59, 0xc1, 0x59, 0xc1, 
	0x61, 0xc3, 0x59, 0xc5, 0x59, 0xc1, 0x51, 0xc3, 
	0x59, 0xc1, 0x62, 0x03, 0x61, 0xc3, 0x59, 0xc1, 
	0x62, 0x05, 0x51, 0xc3, 0x59, 0xc1, 0x59, 0xc1, 
	0x62, 0x05, 0x59, 0xc1, 0x62, 0x05, 0x59, 0xc3, 
	0x20, 0x81, 0x39, 0x03, 0x39, 0x03, 0x39, 0x01, 
	0x39, 0x01, 0x39, 0x01, 0x31, 0x01, 0x39, 0x01, 
	0x39, 0x03, 0x31, 0x01, 0x39, 0x03, 0x39, 0x03, 
	0x31, 0x01, 0x31, 0x01, 0x39, 0x01, 0x39, 0x03, 
	0x39, 0x43, 0x31, 0x01, 0x39, 0x03, 0x31, 0x01, 
	0x39, 0x01, 0x39, 0x03, 0x39, 0x03, 0x31, 0x01, 
	0x39, 0x03, 0x31, 0x01, 0x39, 0x03, 0x31, 0x01, 
	0x31, 0x01, 0x39, 0x03, 0x39, 0x01, 0x41, 0x43, 
	0x7b, 0x0b, 0x72, 0xc9, 0x6a, 0x89, 0x6a, 0x89, 
	0x7a, 0xc9, 0x7a, 0xc9, 0x72, 0x89, 0x72, 0xc9, 
	0x7a, 0xc9, 0x7a, 0xc9, 0x72, 0xc9, 0x72, 0x89, 
	0x72, 0x89, 0x72, 0xc9, 0x7a, 0xc9, 0x6a, 0x89, 
	0x39, 0x45, 0x72, 0xc9, 0x72, 0xc9, 0x6a, 0x49, 
	0x7a, 0xc9, 0x6a, 0x49, 0x72, 0xc9, 0x7a, 0xc9, 
	0x72, 0x89, 0x6a, 0x89, 0x7a, 0xc9, 0x72, 0xc9, 
	0x7a, 0xc9, 0x6a, 0x49, 0x7a, 0xc9, 0x7a, 0xc9, 
	0x7a, 0xc9, 0x7b, 0x0b, 0x7a, 0xc9, 0x72, 0x89, 
	0x72, 0xcb, 0x72, 0x89, 0x7a, 0xc9, 0x7a, 0xc9, 
	0x72, 0xcb, 0x7a, 0xc9, 0x7a, 0xc9, 0x7a, 0xc9, 
	0x7a, 0xc9, 0x72, 0x89, 0x72, 0xc9, 0x7a, 0xc9, 
	0x39, 0x43, 0x72, 0x89, 0x72, 0xc9, 0x7a, 0xc9, 
	0x7a, 0xc9, 0x7a, 0xc9, 0x7a, 0xc9, 0x7a, 0xc9, 
	0x72, 0x89, 0x72, 0x89, 0x72, 0x89, 0x72, 0x89, 
	0x7a, 0xc9, 0x72, 0x89, 0x72, 0x89, 0x72, 0xcb, 
	0x72, 0x89, 0x72, 0x89, 0x72, 0xc9, 0x7a, 0xc9, 
	0x72, 0xc9, 0x72, 0x89, 0x72, 0x89, 0x72, 0x89, 
	0x7a, 0xc9, 0x72, 0x89, 0x7a, 0xc9, 0x72, 0xc9, 
	0x72, 0xcb, 0x72, 0x89, 0x72, 0xc9, 0x72, 0xc9, 
	0x41, 0x85, 0x72, 0xc9, 0x7a, 0xc9, 0x7a, 0xc9, 
	0x72, 0x89, 0x7a, 0xc9, 0x72, 0x89, 0x72, 0x89, 
	0x72, 0xcb, 0x72, 0x89, 0x72, 0xcb, 0x7a, 0xc9, 
	0x7a, 0xc9, 0x72, 0x89, 0x72, 0x89, 0x72, 0xcb, 
	0x72, 0xc9, 0x72, 0x89, 0x72, 0x89, 0x72, 0x89, 
	0x7a, 0xc9, 0x72, 0xcb, 0x7a, 0xc9, 0x72, 0x89, 
	0x72, 0x89, 0x72, 0x89, 0x7a, 0xc9, 0x7a, 0xc9, 
	0x7a, 0xc9, 0x72, 0x89, 0x72, 0x89, 0x72, 0x89, 
	0x41, 0x85, 0x72, 0xcb, 0x72, 0xcb, 0x72, 0xcb, 
	0x72, 0x89, 0x7a, 0xc9, 0x7a, 0xc9, 0x7a, 0xc9, 
	0x72, 0x89, 0x7a, 0xc9, 0x7a, 0xc9, 0x72, 0xcb, 
	0x7a, 0xc9, 0x72, 0xcb, 0x72, 0xc9, 0x72, 0xcb, 
	0x7a, 0xc9, 0x72, 0x89, 0x7a, 0xc9, 0x72, 0x89, 
	0x72, 0x89, 0x72, 0x89, 0x72, 0x89, 0x72, 0x89, 
	0x72, 0x89, 0x72, 0x89, 0x72, 0x89, 0x72, 0xcb, 
	0x7a, 0xc9, 0x72, 0x89, 0x7a, 0xc9, 0x7a, 0xc9, 
	0x41, 0x85, 0x72, 0x89, 0x7a, 0xc9, 0x72, 0x89, 
	0x72, 0x89, 0x72, 0xcb, 0x72, 0x89, 0x72, 0x89, 
	0x72, 0x89, 0x72, 0xcb, 0x72, 0x89, 0x72, 0x89, 
	0x72, 0x89, 0x72, 0xc9, 0x72, 0xc9, 0x72, 0xc9, 
	0x72, 0xc9, 0x72, 0x89, 0x72, 0x89, 0x72, 0x89, 
	0x72, 0xcb, 0x72, 0xcb, 0x72, 0xc9, 0x72, 0x89, 
	0x7a, 0xc9, 0x7a, 0xc9, 0x7a, 0xc9, 0x7a, 0xc9, 
	0x72, 0x89, 0x7a, 0xc9, 0x72, 0x89, 0x7a, 0xcb, 
	0x41, 0x85, 0x7a, 0xc9, 0x7a, 0xc9, 0x7a, 0xc9, 
	0x72, 0xcb, 0x7a, 0xc9, 0x7a, 0xc9, 0x72, 0xc9, 
	0x72, 0x89, 0x72, 0xcb, 0x7a, 0xc9, 0x72, 0x89, 
	0x72, 0x89, 0x7a, 0xc9, 0x72, 0x89, 0x7a, 0xc9, 
	0x72, 0xcb, 0x72, 0x89, 0x72, 0x89, 0x72, 0x89, 
	0x72, 0xcb, 0x72, 0xcb, 0x72, 0x89, 0x72, 0xc9, 
	0x72, 0x89, 0x72, 0x89, 0x7a, 0xc9, 0x7a, 0xc9, 
	0x7a, 0xcb, 0x72, 0x89, 0x72, 0x89, 0x7a, 0xcb, 
	0x41, 0x45, 0x7a, 0xc9, 0x7a, 0xc9, 0x72, 0x89, 
	0x72, 0xcb, 0x72, 0xc9, 0x7a, 0xc9, 0x72, 0x89, 
	0x72, 0xcb, 0x72, 0xc9, 0x7a, 0xc9, 0x72, 0x89, 
	0x72, 0xc9, 0x72, 0xcb, 0x72, 0xc9, 0x7a, 0xc9, 
	0x41, 0x85, 0x41, 0x85, 0x41, 0x85, 0x41, 0x85, 
	0x41, 0x85, 0x41, 0x85, 0x41, 0x85, 0x41, 0x85, 
	0x41, 0x85, 0x41, 0x87, 0x41, 0x85, 0x41, 0x87, 
	0x41, 0x87, 0x41, 0x87, 0x41, 0x87, 0x49, 0xc7, 
	0x29, 0x03, 0x41, 0x85, 0x41, 0x87, 0x41, 0x85, 
	0x41, 0x85, 0x41, 0x85, 0x41, 0x87, 0x41, 0x85, 
	0x41, 0x87, 0x41, 0x85, 0x41, 0x85, 0x41, 0x85, 
	0x41, 0x85, 0x41, 0x85, 0x41, 0x85, 0x41, 0x85, 
	
};

Gfx castle_inside_dl__19_rgba16_rgba16_aligner[] = {gsSPEndDisplayList()};
u8 castle_inside_dl__19_rgba16_rgba16[] = {
	0x2a, 0xa3, 0x2a, 0xa3, 0x2a, 0xa3, 0x2a, 0xa3, 
	0x2a, 0xe9, 0x2a, 0xeb, 0x2a, 0xe9, 0x2a, 0xa5, 
	0x2a, 0xa5, 0x2a, 0xa3, 0x2a, 0xa3, 0x2a, 0xa3, 
	0x2a, 0xa3, 0x2a, 0xa3, 0x2a, 0xa3, 0x2a, 0xa3, 
	0x2a, 0x63, 0x2a, 0x61, 0x2a, 0x61, 0x2a, 0x61, 
	0x2a, 0x61, 0x2a, 0x61, 0x2a, 0x61, 0x2a, 0x61, 
	0x2a, 0x61, 0x2a, 0x61, 0x2a, 0x61, 0x2a, 0x61, 
	0x2a, 0x61, 0x2a, 0x61, 0x2a, 0x61, 0x2a, 0x61, 
	0x2a, 0x61, 0x2a, 0x61, 0x2a, 0x61, 0x2a, 0x61, 
	0x2a, 0x61, 0x2a, 0x61, 0x2a, 0x5f, 0x2a, 0x5f, 
	0x2a, 0x5f, 0x2a, 0x5f, 0x2a, 0x5f, 0x2a, 0x5f, 
	0x2a, 0x5f, 0x2a, 0x5f, 0x2a, 0x5f, 0x2a, 0x5f, 
	0x2a, 0x5f, 0x2a, 0x5f, 0x2a, 0x5f, 0x2a, 0x5f, 
	0x2a, 0x5f, 0x2a, 0x5f, 0x2a, 0x5f, 0x2a, 0x5f, 
	0x2a, 0x61, 0x22, 0xa5, 0x22, 0xa5, 0x22, 0xa5, 
	0x22, 0x61, 0x2a, 0x5f, 0x2a, 0x5f, 0x2a, 0x5f, 
	0x2a, 0xa3, 0x2a, 0xe9, 0x24, 0xff, 0x25, 0x7f, 
	0x24, 0xbf, 0x24, 0xbf, 0x24, 0xff, 0x24, 0xff, 
	0x25, 0x3f, 0x25, 0x3f, 0x25, 0x3f, 0x25, 0x3f, 
	0x25, 0x3f, 0x25, 0x3f, 0x24, 0xff, 0x24, 0xff, 
	0x24, 0xff, 0x24, 0xff, 0x24, 0xff, 0x24, 0xff, 
	0x24, 0xff, 0x24, 0xff, 0x24, 0xff, 0x24, 0xff, 
	0x24, 0xff, 0x24, 0xff, 0x24, 0xff, 0x24, 0xff, 
	0x24, 0xff, 0x24, 0xff, 0x24, 0xff, 0x24, 0xff, 
	0x24, 0xff, 0x24, 0xff, 0x24, 0xff, 0x24, 0xff, 
	0x24, 0xff, 0x24, 0xff, 0x24, 0xbf, 0x24, 0xbf, 
	0x24, 0xbf, 0x24, 0xbf, 0x24, 0xbf, 0x24, 0xbf, 
	0x24, 0xbf, 0x24, 0xff, 0x24, 0xbf, 0x24, 0xff, 
	0x24, 0xff, 0x24, 0xff, 0x24, 0xff, 0x24, 0xff, 
	0x25, 0x3f, 0x25, 0x3f, 0x24, 0xff, 0x24, 0xbf, 
	0x24, 0xbf, 0x24, 0xbf, 0x24, 0xbf, 0x1c, 0x3f, 
	0x1c, 0x7f, 0x1b, 0x33, 0x1a, 0x1d, 0x2a, 0x5f, 
	0x2a, 0xa3, 0x24, 0x3f, 0x34, 0xb7, 0x09, 0x9d, 
	0x09, 0xdf, 0x09, 0xdf, 0x09, 0xdf, 0x09, 0xdf, 
	0x09, 0xdf, 0x09, 0xdd, 0x09, 0xdd, 0x12, 0x21, 
	0x09, 0xdd, 0x12, 0x1f, 0x12, 0x1f, 0x12, 0x1f, 
	0x12, 0x1f, 0x12, 0x21, 0x12, 0x1f, 0x12, 0x1f, 
	0x12, 0x1f, 0x12, 0x1f, 0x12, 0x1f, 0x12, 0x1f, 
	0x12, 0x1f, 0x12, 0x1f, 0x12, 0x1f, 0x12, 0x1f, 
	0x12, 0x1f, 0x11, 0xdf, 0x11, 0xdf, 0x11, 0xdf, 
	0x11, 0xdf, 0x11, 0xdf, 0x11, 0xdf, 0x11, 0xdf, 
	0x12, 0x21, 0x12, 0x21, 0x11, 0xdd, 0x11, 0xdd, 
	0x11, 0xdd, 0x12, 0x21, 0x12, 0x21, 0x11, 0xdd, 
	0x11, 0xdd, 0x09, 0xdd, 0x11, 0xdd, 0x09, 0xdd, 
	0x09, 0xdd, 0x09, 0xdd, 0x09, 0xdd, 0x09, 0x9b, 
	0x09, 0x9b, 0x09, 0x9b, 0x09, 0x9b, 0x09, 0x9b, 
	0x09, 0x9b, 0x09, 0x9b, 0x09, 0x9b, 0x09, 0x9b, 
	0x09, 0x9d, 0x1c, 0x3f, 0x09, 0x11, 0x22, 0x1b, 
	0x2a, 0xa3, 0x24, 0x7f, 0x09, 0xdf, 0x12, 0xed, 
	0x12, 0x67, 0x1b, 0x2d, 0x1b, 0x2f, 0x1b, 0x71, 
	0x1b, 0x71, 0x1b, 0x71, 0x1b, 0x71, 0x1b, 0x71, 
	0x1b, 0x71, 0x1b, 0x71, 0x1b, 0x6f, 0x1b, 0x6f, 
	0x1b, 0x6f, 0x1b, 0x6f, 0x1b, 0x6f, 0x1b, 0x2f, 
	0x1b, 0x2f, 0x1b, 0x2f, 0x1b, 0x6f, 0x1b, 0x2f, 
	0x1b, 0x2f, 0x1b, 0x2d, 0x1b, 0x2f, 0x1b, 0x2d, 
	0x1b, 0x2f, 0x1b, 0x2d, 0x1b, 0x2d, 0x1a, 0xeb, 
	0x1b, 0x2d, 0x1b, 0x2d, 0x1a, 0xeb, 0x1b, 0x2d, 
	0x1b, 0x2d, 0x1a, 0xeb, 0x1b, 0x2d, 0x1b, 0x2d, 
	0x1b, 0x2d, 0x1b, 0x2d, 0x1b, 0x2d, 0x1a, 0xeb, 
	0x1b, 0x2d, 0x1b, 0x2d, 0x1a, 0xeb, 0x1a, 0xeb, 
	0x1a, 0xeb, 0x1b, 0x2d, 0x1b, 0x2d, 0x1b, 0x2d, 
	0x1b, 0x2d, 0x1b, 0x2d, 0x1b, 0x2d, 0x1a, 0xeb, 
	0x1a, 0xa7, 0x1a, 0xe7, 0x1a, 0xa5, 0x12, 0x67, 
	0x1b, 0x75, 0x1c, 0x3f, 0x09, 0x11, 0x19, 0x95, 
	0x2a, 0xa3, 0x1c, 0x3f, 0x0a, 0x21, 0x1b, 0x33, 
	0x09, 0x97, 0x11, 0x53, 0x11, 0x53, 0x11, 0x53, 
	0x11, 0x53, 0x11, 0x53, 0x11, 0x53, 0x11, 0x53, 
	0x11, 0x53, 0x11, 0x53, 0x11, 0x53, 0x11, 0x53, 
	0x11, 0x53, 0x11, 0x53, 0x11, 0x53, 0x11, 0x53, 
	0x11, 0x53, 0x11, 0x53, 0x11, 0x53, 0x11, 0x53, 
	0x11, 0x53, 0x11, 0x53, 0x11, 0x53, 0x11, 0x53, 
	0x11, 0x53, 0x11, 0x53, 0x11, 0x53, 0x11, 0x53, 
	0x11, 0x53, 0x11, 0x53, 0x11, 0x53, 0x11, 0x53, 
	0x11, 0x51, 0x11, 0x51, 0x11, 0x51, 0x11, 0x51, 
	0x11, 0x51, 0x11, 0x51, 0x11, 0x51, 0x11, 0x51, 
	0x11, 0x51, 0x11, 0x51, 0x11, 0x51, 0x11, 0x51, 
	0x11, 0x51, 0x11, 0x51, 0x11, 0x51, 0x11, 0x11, 
	0x11, 0x11, 0x11, 0x51, 0x11, 0x11, 0x11, 0x11, 
	0x11, 0x11, 0x11, 0x11, 0x11, 0x11, 0x12, 0x21, 
	0x1b, 0xff, 0x24, 0xbf, 0x09, 0x53, 0x19, 0x51, 
	0x2a, 0xa3, 0x1c, 0x3f, 0x0a, 0x23, 0x1b, 0xb9, 
	0x11, 0x97, 0xbf, 0x3f, 0xb7, 0x3f, 0xb6, 0xff, 
	0xb7, 0x3f, 0xb7, 0x3f, 0xbf, 0x3f, 0xbf, 0x3f, 
	0xbf, 0x3f, 0xb7, 0x3f, 0xb6, 0xff, 0xb7, 0x3f, 
	0xb7, 0x3f, 0xb6, 0xff, 0xbf, 0x3f, 0xd7, 0xbf, 
	0xc7, 0x7f, 0xb6, 0xff, 0x9e, 0xbf, 0x96, 0xbf, 
	0xbf, 0x3f, 0x8e, 0x3f, 0x86, 0x3f, 0x86, 0x3f, 
	0x7e, 0x3f, 0x7d, 0xff, 0x86, 0x3f, 0x86, 0x3f, 
	0x7e, 0x3f, 0x8e, 0x7f, 0xbf, 0x3f, 0xcf, 0xbf, 
	0x96, 0x7f, 0x86, 0x3f, 0xa6, 0xbf, 0x9e, 0xbf, 
	0x9e, 0x7f, 0x96, 0x7f, 0x8e, 0x3f, 0x7d, 0xff, 
	0x75, 0xff, 0x6d, 0xff, 0x75, 0xff, 0x8e, 0x3f, 
	0x96, 0x7f, 0x96, 0x7f, 0x9e, 0x7f, 0xa6, 0xbf, 
	0xb6, 0xff, 0xbf, 0x3f, 0xa6, 0xbf, 0xa6, 0xff, 
	0x9e, 0xbf, 0x8e, 0x3f, 0x7d, 0xff, 0x23, 0x73, 
	0x1b, 0xfd, 0x24, 0xbf, 0x09, 0x11, 0x11, 0x0f, 
	0x2a, 0xa3, 0x1c, 0x3f, 0x0a, 0x23, 0x1b, 0xfd, 
	0x11, 0x97, 0xae, 0xff, 0xae, 0xff, 0xb6, 0xff, 
	0xb6, 0xff, 0xb7, 0x3f, 0xb7, 0x3f, 0xbf, 0x3f, 
	0xbf, 0x3f, 0xb7, 0x3f, 0xb7, 0x3f, 0xd7, 0x7f, 
	0xe7, 0xbf, 0xae, 0xff, 0xae, 0xff, 0xb7, 0x3f, 
	0xb7, 0x3f, 0xae, 0xff, 0x9e, 0xbf, 0x96, 0x7f, 
	0xa6, 0xff, 0x86, 0x3f, 0x86, 0x3f, 0xa6, 0xff, 
	0x9e, 0xbf, 0x8e, 0x7f, 0xb7, 0x3f, 0x96, 0xbf, 
	0x75, 0xff, 0x8e, 0x7f, 0xae, 0xff, 0xbf, 0x3f, 
	0xa6, 0xbf, 0x9e, 0x7f, 0xc7, 0x7f, 0x9e, 0x7f, 
	0x8e, 0x7f, 0x8e, 0x3f, 0x86, 0x3f, 0x86, 0x3f, 
	0x86, 0x3f, 0x75, 0xff, 0x7e, 0x3f, 0x9e, 0xbf, 
	0x9e, 0xbf, 0x9e, 0x7f, 0x96, 0x7f, 0x9e, 0xbf, 
	0xa6, 0xbf, 0xa6, 0xbf, 0xa6, 0xbf, 0xa6, 0xbf, 
	0xa6, 0xbf, 0x8e, 0x7f, 0x86, 0x3f, 0x23, 0xb7, 
	0x1b, 0xbb, 0x24, 0xff, 0x08, 0xcb, 0x11, 0x0f, 
	0x2a, 0xa3, 0x1b, 0xff, 0x12, 0x65, 0x1b, 0xfd, 
	0x11, 0x97, 0xae, 0xff, 0xae, 0xff, 0xae, 0xff, 
	0xb6, 0xff, 0xb6, 0xff, 0xb7, 0x3f, 0xbf, 0x3f, 
	0xbf, 0x3f, 0xc7, 0x7f, 0xcf, 0x7f, 0xff, 0xff, 
	0xff, 0xff, 0xae, 0xbb, 0x9e, 0xbf, 0xa6, 0xff, 
	0xa6, 0xff, 0xa6, 0xff, 0x96, 0x7f, 0x8e, 0x7f, 
	0x86, 0x3f, 0x86, 0x3f, 0x86, 0x3f, 0xdf, 0xbf, 
	0xc7, 0x7f, 0xb7, 0x3f, 0x9e, 0xbf, 0x7d, 0xff, 
	0x86, 0x3f, 0xa6, 0xbf, 0xd7, 0xbf, 0xae, 0xff, 
	0xae, 0xff, 0x9e, 0x7f, 0x86, 0x3f, 0x7e, 0x3f, 
	0x86, 0x3f, 0x8e, 0x7f, 0x86, 0x3f, 0x86, 0x3f, 
	0x86, 0x3f, 0x7d, 0xff, 0x9e, 0xbf, 0xb6, 0xff, 
	0xae, 0xff, 0xa6, 0xbf, 0x9e, 0x7f, 0x9e, 0xbf, 
	0xa6, 0xbf, 0x9e, 0x7f, 0x9e, 0xbf, 0xa6, 0xbf, 
	0x9e, 0xbf, 0x96, 0x7f, 0x9e, 0xbf, 0x23, 0xb7, 
	0x1b, 0xb9, 0x24, 0xff, 0x08, 0x8b, 0x11, 0x0f, 
	0x2a, 0xa3, 0x1b, 0xff, 0x12, 0x67, 0x1b, 0xff, 
	0x11, 0x97, 0xae, 0xff, 0xc7, 0x7f, 0xc7, 0x7f, 
	0xae, 0xff, 0xb6, 0xff, 0xc7, 0x7f, 0xbf, 0x3f, 
	0xbf, 0x3f, 0xcf, 0xbf, 0xf7, 0xff, 0xff, 0xff, 
	0xff, 0xff, 0xae, 0x35, 0x8e, 0x3d, 0x96, 0xbf, 
	0xa6, 0xff, 0xbf, 0x7f, 0x8e, 0x7f, 0x8e, 0x7f, 
	0x8e, 0x7f, 0x86, 0x3f, 0x86, 0x3f, 0x9e, 0xbf, 
	0x9e, 0xbf, 0x86, 0x3f, 0x86, 0x3f, 0xa6, 0xbf, 
	0xae, 0xff, 0x9e, 0xbf, 0xa6, 0xbf, 0xcf, 0xbf, 
	0xbf, 0x7f, 0x9e, 0xbf, 0x96, 0x7f, 0x86, 0x3f, 
	0x9e, 0xbf, 0xdf, 0xff, 0x96, 0x7f, 0x7d, 0xff, 
	0x7d, 0xff, 0x8e, 0x7f, 0xa6, 0xbf, 0xb6, 0xff, 
	0xbf, 0x3f, 0xa6, 0xbf, 0x9e, 0xbf, 0xa6, 0xbf, 
	0x96, 0x7f, 0x8e, 0x3f, 0x96, 0x7f, 0x96, 0x7f, 
	0x96, 0x7f, 0x9e, 0xbf, 0xa6, 0xbf, 0x23, 0xbb, 
	0x1b, 0xb7, 0x24, 0xff, 0x08, 0x8b, 0x11, 0x0f, 
	0x2a, 0x63, 0x1b, 0xff, 0x12, 0xa9, 0x24, 0x3f, 
	0x11, 0x97, 0xa6, 0xbf, 0xdf, 0xff, 0xe7, 0xff, 
	0xae, 0xff, 0xa6, 0xff, 0xb7, 0x3f, 0xb7, 0x3f, 
	0xbf, 0x3f, 0xc7, 0x7f, 0xff, 0xff, 0xff, 0xff, 
	0xff, 0xff, 0xae, 0x33, 0x8d, 0xf9, 0xb7, 0x3f, 
	0x9e, 0xbf, 0x8e, 0x7f, 0x8e, 0x7f, 0x8e, 0x7f, 
	0x8e, 0x7f, 0x86, 0x3f, 0x86, 0x3f, 0x8e, 0x7f, 
	0x96, 0x7f, 0x86, 0x3f, 0x8e, 0x7f, 0x9e, 0xbf, 
	0xa6, 0xbf, 0xa6, 0xbf, 0x9e, 0xbf, 0x9e, 0xbf, 
	0x9e, 0xbf, 0xa6, 0xbf, 0xa6, 0xbf, 0x9e, 0x7f, 
	0x9e, 0xbf, 0xb7, 0x3f, 0x86, 0x3f, 0x7d, 0xff, 
	0x86, 0x3f, 0x8e, 0x7f, 0xa6, 0xff, 0xc7, 0x7f, 
	0xcf, 0xbf, 0xae, 0xff, 0xa6, 0xbf, 0x9e, 0xbf, 
	0x86, 0x3f, 0x86, 0x3f, 0x86, 0x3f, 0x8e, 0x3f, 
	0x96, 0x7f, 0x9e, 0xbf, 0xae, 0xff, 0x23, 0xbb, 
	0x1b, 0x75, 0x24, 0xff, 0x08, 0xcb, 0x11, 0x0f, 
	0x2a, 0x61, 0x1b, 0xfd, 0x12, 0xa9, 0x1b, 0xfd, 
	0x11, 0x97, 0x9e, 0xbf, 0xae, 0xff, 0xb7, 0x3f, 
	0x9e, 0xbf, 0x96, 0xbf, 0xa6, 0xbf, 0xae, 0xff, 
	0xc7, 0x7f, 0xef, 0xff, 0xff, 0xff, 0xff, 0xff, 
	0xff, 0xff, 0x9d, 0x6d, 0x85, 0x73, 0xbf, 0x7f, 
	0x9e, 0xbf, 0x8e, 0x7f, 0x96, 0x7f, 0x96, 0xbf, 
	0x96, 0x7f, 0x9e, 0xbf, 0x9e, 0xbf, 0xae, 0xff, 
	0xa6, 0xbf, 0x9e, 0xbf, 0xbf, 0x7f, 0xb7, 0x3f, 
	0xa6, 0xbf, 0x9e, 0xbf, 0xa6, 0xbf, 0xa6, 0xbf, 
	0xa6, 0xbf, 0xae, 0xff, 0xa6, 0xbf, 0xa6, 0xbf, 
	0xae, 0xff, 0x96, 0x7f, 0x86, 0x3f, 0x96, 0xbf, 
	0x96, 0x7f, 0x8e, 0x7f, 0xa6, 0xff, 0xb7, 0x3f, 
	0xbf, 0x7f, 0xc7, 0x7f, 0xa6, 0xbf, 0x96, 0x7f, 
	0x86, 0x3f, 0x86, 0x3f, 0x96, 0xbf, 0xd7, 0xbf, 
	0xcf, 0xbf, 0xa6, 0xbf, 0xae, 0xbf, 0x23, 0xbb, 
	0x1b, 0x75, 0x24, 0xbf, 0x08, 0x89, 0x11, 0x0f, 
	0x2a, 0x61, 0x1b, 0xbb, 0x12, 0xa9, 0x1b, 0xbb, 
	0x11, 0x97, 0x96, 0x7f, 0x8e, 0x7f, 0x96, 0x7f, 
	0x8e, 0x7f, 0x8e, 0x7f, 0x9e, 0xbf, 0xa6, 0xff, 
	0xcf, 0x7f, 0xff, 0xff, 0xff, 0xff, 0xff, 0xff, 
	0xff, 0xff, 0x8d, 0x2b, 0x74, 0xed, 0xc7, 0xbf, 
	0x9e, 0xbf, 0xb6, 0xff, 0xc7, 0x7f, 0x9e, 0xbf, 
	0x9e, 0xbf, 0xcf, 0xbf, 0xbf, 0x3f, 0xbf, 0x3f, 
	0xae, 0xff, 0xae, 0xff, 0xe7, 0xff, 0xc7, 0x7f, 
	0x9e, 0xbf, 0x96, 0x7f, 0x9e, 0xbf, 0xd7, 0xbf, 
	0xa6, 0xbf, 0xa6, 0xbf, 0xa6, 0xbf, 0xa6, 0xbf, 
	0xcf, 0xbf, 0xa6, 0xbf, 0x8e, 0x7f, 0xbf, 0x3f, 
	0x9e, 0xbf, 0x8e, 0x7f, 0x8e, 0x7f, 0x96, 0x7f, 
	0xb7, 0x3f, 0xbf, 0x3f, 0xa6, 0xbf, 0x96, 0x7f, 
	0x9e, 0xbf, 0xa6, 0xbf, 0xb7, 0x3f, 0xe7, 0xff, 
	0xcf, 0xbf, 0xa6, 0xbf, 0xae, 0xff, 0x23, 0xb9, 
	0x1b, 0x75, 0x24, 0xbf, 0x08, 0xcb, 0x11, 0x0f, 
	0x2a, 0x61, 0x1b, 0xbb, 0x12, 0xa9, 0x1b, 0xfd, 
	0x11, 0x57, 0x86, 0x3f, 0x86, 0x3f, 0x8e, 0x7f, 
	0x86, 0x7f, 0x8e, 0x7f, 0x9e, 0xbf, 0x9e, 0xbf, 
	0xdf, 0x7f, 0xff, 0xff, 0xff, 0xff, 0xff, 0xff, 
	0xdf, 0xbd, 0x8c, 0xe9, 0x6c, 0xab, 0xa6, 0xff, 
	0xef, 0xbf, 0xf7, 0xff, 0xae, 0x75, 0x95, 0xf7, 
	0xae, 0xff, 0xb6, 0xff, 0xd7, 0xbf, 0xc7, 0x7f, 
	0xae, 0xff, 0xa6, 0xbf, 0xb7, 0x3f, 0xae, 0xff, 
	0x96, 0xbf, 0x8e, 0x7f, 0x8e, 0x7f, 0xa6, 0xff, 
	0xae, 0xff, 0xbf, 0x3f, 0xae, 0xff, 0x8e, 0x7f, 
	0x9e, 0xbf, 0x96, 0x7f, 0x8e, 0x7f, 0x96, 0x7f, 
	0x8e, 0x7f, 0x8e, 0x3f, 0x8e, 0x3f, 0x86, 0x3f, 
	0x96, 0x7f, 0x96, 0x7f, 0xae, 0xff, 0xb6, 0xff, 
	0xae, 0xff, 0xae, 0xff, 0xae, 0xff, 0xae, 0xff, 
	0xa6, 0xbf, 0xa6, 0xbf, 0xae, 0xff, 0x23, 0xb9, 
	0x1b, 0x75, 0x24, 0x7f, 0x08, 0xcb, 0x11, 0x0f, 
	0x2a, 0x61, 0x1b, 0xbb, 0x12, 0xab, 0x1b, 0xbb, 
	0x11, 0x57, 0xb6, 0xff, 0x8e, 0x7f, 0x86, 0x7f, 
	0x86, 0x7f, 0x8e, 0x7f, 0x96, 0xbf, 0x9e, 0xbf, 
	0xef, 0xff, 0xff, 0xff, 0xff, 0xff, 0xff, 0xff, 
	0xf7, 0xff, 0xb6, 0x75, 0x95, 0x6f, 0xf7, 0xbf, 
	0xff, 0xff, 0xc7, 0x3b, 0x7c, 0xe9, 0x8d, 0xb3, 
	0xaf, 0x3f, 0xa6, 0xff, 0xb7, 0x3f, 0xb7, 0x3f, 
	0xae, 0xff, 0x96, 0xbf, 0x9e, 0xbf, 0x9e, 0xbf, 
	0x8e, 0x7f, 0x8e, 0x7f, 0x8e, 0x7f, 0x8e, 0x7f, 
	0xd7, 0xbf, 0xdf, 0xff, 0x96, 0xbf, 0x86, 0x3f, 
	0x8e, 0x7f, 0x8e, 0x3f, 0x86, 0x3f, 0x8e, 0x7f, 
	0x8e, 0x3f, 0x86, 0x3f, 0x86, 0x3f, 0x86, 0x3f, 
	0x86, 0x3f, 0x8e, 0x3f, 0xae, 0xff, 0xb6, 0xff, 
	0xa6, 0xff, 0xae, 0xbf, 0xae, 0xff, 0xae, 0xff, 
	0xae, 0xff, 0xae, 0xff, 0xb6, 0xff, 0x23, 0xb9, 
	0x1b, 0x75, 0x24, 0x7f, 0x08, 0x8b, 0x11, 0x0f, 
	0x2a, 0x61, 0x1b, 0xbb, 0x12, 0xab, 0x1b, 0xbb, 
	0x11, 0x57, 0xd7, 0x7d, 0xb6, 0xfb, 0x96, 0x7f, 
	0x86, 0x3f, 0x86, 0x7f, 0x86, 0x7f, 0xc7, 0x3f, 
	0xff, 0xff, 0xff, 0xff, 0xff, 0xff, 0xf7, 0xff, 
	0xef, 0xff, 0xf7, 0xff, 0xf7, 0xff, 0xff, 0xff, 
	0xcf, 0x7d, 0x95, 0xf3, 0x74, 0x65, 0x85, 0x71, 
	0xa6, 0xff, 0x96, 0xbf, 0x9e, 0xbf, 0xa6, 0xff, 
	0x9e, 0xbf, 0xa6, 0xff, 0x96, 0xbf, 0x8e, 0x7f, 
	0x86, 0x7f, 0x86, 0x7f, 0x8e, 0x7f, 0x8e, 0x7f, 
	0x9e, 0xbf, 0x9e, 0xbf, 0x8e, 0x7f, 0x8e, 0x3f, 
	0x8e, 0x3f, 0x86, 0x3f, 0x86, 0x3f, 0x86, 0x3f, 
	0x8e, 0x7f, 0xb7, 0x3f, 0x86, 0x7f, 0x86, 0x3f, 
	0x8d, 0xf9, 0x9e, 0x37, 0xae, 0xff, 0xa6, 0xbf, 
	0xa6, 0xbf, 0xae, 0xff, 0xb6, 0xff, 0xb6, 0xff, 
	0xb6, 0xff, 0xae, 0xff, 0xae, 0xff, 0x23, 0xb9, 
	0x1b, 0x75, 0x24, 0xbf, 0x08, 0x8b, 0x11, 0x0f, 
	0x2a, 0x61, 0x1b, 0xb9, 0x12, 0xab, 0x1b, 0xbb, 
	0x11, 0x57, 0xc7, 0x3b, 0xd7, 0x7d, 0xd7, 0x3d, 
	0xa6, 0xbd, 0x8e, 0x7f, 0x8e, 0xbf, 0xe7, 0xbf, 
	0xff, 0xff, 0xff, 0xff, 0xf7, 0xff, 0xef, 0xff, 
	0xf7, 0xff, 0xff, 0xff, 0xef, 0xff, 0xb6, 0xb7, 
	0x85, 0x2b, 0x74, 0xa7, 0x5b, 0x9f, 0x8d, 0xb5, 
	0xa6, 0xff, 0x9e, 0xbf, 0x9e, 0xbf, 0xa6, 0xff, 
	0x96, 0xbf, 0xb7, 0x3f, 0x96, 0xbf, 0x86, 0x7f, 
	0x96, 0x7f, 0x96, 0xbf, 0x96, 0x7f, 0x96, 0xbf, 
	0x9e, 0xbf, 0x9e, 0xbf, 0x96, 0x7f, 0x8e, 0x7f, 
	0x86, 0x3f, 0x86, 0x3f, 0x8e, 0x3f, 0x86, 0x3f, 
	0x8e, 0x7f, 0x9e, 0xbf, 0x8e, 0x7f, 0x8e, 0x7f, 
	0x9e, 0x7d, 0xa6, 0x7d, 0xa6, 0xbf, 0xa6, 0xbf, 
	0xa6, 0xbf, 0xae, 0xbf, 0xae, 0xff, 0xae, 0xff, 
	0xae, 0xff, 0xae, 0xff, 0xb6, 0xff, 0x23, 0xb9, 
	0x1b, 0x75, 0x24, 0x7f, 0x08, 0x8b, 0x11, 0x0f, 
	0x2a, 0x61, 0x1b, 0xb9, 0x12, 0xab, 0x1b, 0xbb, 
	0x11, 0x57, 0xdf, 0xbf, 0xff, 0xff, 0xff, 0xff, 
	0xff, 0xff, 0xe7, 0xbf, 0xe7, 0xff, 0xff, 0xff, 
	0xff, 0xff, 0xff, 0xff, 0xe7, 0xbf, 0xe7, 0xbf, 
	0xff, 0xff, 0xff, 0xff, 0xef, 0xff, 0xa6, 0x35, 
	0x64, 0x23, 0x63, 0xe1, 0x4b, 0x1b, 0x96, 0x7b, 
	0xa6, 0xff, 0xae, 0xff, 0xae, 0xff, 0xbf, 0x7f, 
	0xa6, 0xff, 0x96, 0xbf, 0x8e, 0x7f, 0x96, 0x7f, 
	0xae, 0xff, 0xae, 0xff, 0xae, 0xff, 0xae, 0xff, 
	0xae, 0xff, 0xa6, 0xbf, 0x9e, 0xbf, 0x8e, 0x7f, 
	0x86, 0x7f, 0x8e, 0x7f, 0x96, 0x7f, 0x8e, 0x7f, 
	0x8e, 0x7f, 0x8e, 0x7f, 0x96, 0x7f, 0x9e, 0x7f, 
	0x9e, 0xbf, 0xa6, 0xbf, 0xa6, 0xbf, 0xa6, 0xbf, 
	0x9e, 0x7f, 0xa6, 0xbf, 0xa6, 0xbf, 0xa6, 0xbf, 
	0xae, 0xbf, 0xae, 0xff, 0xb6, 0xff, 0x23, 0xb9, 
	0x1b, 0x75, 0x24, 0x7f, 0x08, 0xcb, 0x11, 0x0f, 
	0x2a, 0x61, 0x1b, 0xb9, 0x12, 0xa9, 0x1b, 0xbb, 
	0x11, 0x55, 0x96, 0x73, 0xd7, 0xbb, 0xdf, 0xff, 
	0xcf, 0x7b, 0xcf, 0x7b, 0xdf, 0xbf, 0xff, 0xff, 
	0xff, 0xff, 0xff, 0xff, 0xf7, 0xff, 0xff, 0xff, 
	0xe7, 0xff, 0xdf, 0xff, 0xdf, 0xff, 0xbf, 0x3b, 
	0x95, 0xb1, 0x74, 0x65, 0x5b, 0x9f, 0xa6, 0xbf, 
	0xae, 0xff, 0xa6, 0xff, 0xa6, 0xff, 0xa6, 0xff, 
	0xa6, 0xff, 0x9e, 0xbf, 0x9e, 0xbf, 0xa6, 0xff, 
	0xbf, 0x3f, 0xb7, 0x3f, 0xb6, 0xff, 0xae, 0xff, 
	0xa6, 0xff, 0xa6, 0xbf, 0x96, 0x7f, 0x86, 0x3f, 
	0x8e, 0x7f, 0x96, 0x7f, 0x96, 0x7f, 0x8e, 0x7f, 
	0x8e, 0x7f, 0x8e, 0x7f, 0x96, 0x7f, 0x9e, 0xbf, 
	0x9e, 0x7f, 0xa6, 0xbf, 0xa6, 0xbf, 0xa6, 0xbf, 
	0xbf, 0x3f, 0xae, 0xbf, 0xa6, 0xbf, 0xa6, 0xbf, 
	0xa6, 0xbf, 0xae, 0xff, 0xb6, 0xff, 0x23, 0xb9, 
	0x1b, 0x75, 0x24, 0x7f, 0x08, 0x8b, 0x11, 0x0f, 
	0x2a, 0x61, 0x1b, 0xb7, 0x12, 0xab, 0x1b, 0xbb, 
	0x11, 0x57, 0x03, 0x93, 0x14, 0x59, 0x25, 0xa1, 
	0x1d, 0x1f, 0x56, 0x6b, 0xb7, 0x7b, 0xe7, 0xff, 
	0xff, 0xff, 0xff, 0xff, 0xe7, 0xfd, 0x86, 0xf1, 
	0x35, 0xa3, 0x45, 0x65, 0x9e, 0xf5, 0xe7, 0xff, 
	0xef, 0xff, 0xae, 0x33, 0x74, 0xab, 0xa6, 0xff, 
	0x9e, 0xbf, 0x9e, 0xbf, 0x9e, 0xbf, 0x96, 0xbf, 
	0x96, 0xbf, 0x96, 0xbf, 0xa6, 0xbf, 0xb7, 0x3f, 
	0xbf, 0x3f, 0xb7, 0x3f, 0xb6, 0xff, 0xae, 0xff, 
	0xae, 0xff, 0xd7, 0xbf, 0xaf, 0x3f, 0x9e, 0xbf, 
	0x96, 0x7f, 0x96, 0x7f, 0x96, 0x7f, 0x8e, 0x7f, 
	0x8e, 0x7f, 0x8e, 0x7f, 0x96, 0x7f, 0xc7, 0x7f, 
	0x9e, 0xbf, 0x9e, 0x7f, 0xa6, 0xbf, 0xa6, 0xbf, 
	0xc7, 0x7f, 0xae, 0xbf, 0x9e, 0xbf, 0xa6, 0xbf, 
	0xa6, 0xbf, 0xae, 0xff, 0xb6, 0xff, 0x23, 0xb9, 
	0x1b, 0x75, 0x24, 0x7f, 0x08, 0x8b, 0x11, 0x0f, 
	0x2a, 0x61, 0x1b, 0xb7, 0x12, 0xab, 0x1b, 0xbb, 
	0x11, 0x57, 0x04, 0x15, 0x03, 0x93, 0x03, 0xd3, 
	0x14, 0x99, 0x4d, 0xe5, 0xaf, 0x77, 0xe7, 0xff, 
	0xe7, 0xff, 0x9f, 0x75, 0x16, 0x21, 0x04, 0xd7, 
	0x04, 0x13, 0x0b, 0x53, 0x8e, 0x6f, 0xf7, 0xff, 
	0xff, 0xff, 0xe7, 0x7d, 0xa6, 0xb9, 0x96, 0xbf, 
	0x96, 0xbf, 0x96, 0xbf, 0x96, 0xbf, 0x96, 0xbf, 
	0x96, 0xbf, 0x8e, 0xbf, 0xa6, 0xbf, 0xbf, 0x3f, 
	0xbf, 0x3f, 0xb7, 0x3f, 0xb6, 0xff, 0xa6, 0xbf, 
	0xaf, 0x3f, 0xdf, 0xff, 0xe7, 0xff, 0xf7, 0xff, 
	0xa6, 0xff, 0x86, 0x7f, 0x8e, 0x7f, 0x8e, 0x7f, 
	0x8e, 0x7f, 0x8e, 0x7f, 0x8e, 0x7f, 0xa6, 0xbf, 
	0xae, 0xff, 0x9e, 0x7f, 0x9e, 0x7f, 0x9e, 0x7f, 
	0x9e, 0x7f, 0x9e, 0xbf, 0xbf, 0x3f, 0xd7, 0xbf, 
	0xbf, 0x3f, 0xae, 0xff, 0xb7, 0x3f, 0x23, 0xb9, 
	0x1b, 0x75, 0x24, 0x7f, 0x08, 0xcb, 0x11, 0x0f, 
	0x2a, 0x61, 0x1b, 0xb7, 0x12, 0xa9, 0x1b, 0xb9, 
	0x11, 0x55, 0x03, 0xd5, 0x03, 0xd5, 0x3c, 0x9d, 
	0xe7, 0xbb, 0xff, 0xff, 0xef, 0xff, 0xf7, 0xff, 
	0xcf, 0x7b, 0x36, 0x25, 0x05, 0x5b, 0x03, 0xd3, 
	0x02, 0xcf, 0x03, 0x11, 0x7e, 0x2f, 0xef, 0xff, 
	0xff, 0xff, 0xe7, 0xbd, 0xc7, 0xbf, 0x96, 0xbf, 
	0x96, 0xbf, 0x96, 0xbf, 0x96, 0xbf, 0x96, 0xbf, 
	0x96, 0xbf, 0x8e, 0xbf, 0x9e, 0xbf, 0xae, 0xff, 
	0xb6, 0xff, 0xb6, 0xff, 0xb6, 0xff, 0xa6, 0xff, 
	0x96, 0xbf, 0x8e, 0x7f, 0xb7, 0x3f, 0xdf, 0xbf, 
	0xc7, 0x3f, 0xc7, 0x3f, 0xcf, 0x7f, 0xcf, 0x7f, 
	0xae, 0xff, 0x96, 0x7f, 0x8e, 0x7f, 0xa6, 0xbf, 
	0xae, 0xff, 0x96, 0x7f, 0x9e, 0x7f, 0x9e, 0xbf, 
	0x96, 0x7f, 0xb7, 0x3f, 0xf7, 0xff, 0xff, 0xff, 
	0xe7, 0xff, 0xb7, 0x3f, 0xb6, 0xff, 0x23, 0xb9, 
	0x1b, 0x75, 0x24, 0x7f, 0x08, 0xcb, 0x11, 0x0f, 
	0x2a, 0x61, 0x1b, 0xb7, 0x12, 0xab, 0x1b, 0xbb, 
	0x11, 0x55, 0x02, 0x8b, 0x24, 0x19, 0xbe, 0xb5, 
	0xc6, 0xf9, 0x95, 0xef, 0x74, 0x65, 0x84, 0xeb, 
	0x8d, 0x2b, 0x8d, 0x6b, 0x5c, 0xe3, 0x0c, 0x15, 
	0x03, 0x51, 0x03, 0x0f, 0x34, 0x1b, 0x8e, 0x6f, 
	0xa6, 0xb5, 0xbe, 0xb5, 0xff, 0xff, 0xf7, 0xff, 
	0xd7, 0x7d, 0x9e, 0xbd, 0x8e, 0xbf, 0x96, 0xbf, 
	0x96, 0xbf, 0x96, 0xbf, 0x9e, 0xbf, 0x9e, 0xbf, 
	0xa6, 0xbf, 0xae, 0xff, 0xae, 0xff, 0x9e, 0xbf, 
	0x8e, 0x7f, 0xa6, 0xbf, 0xe7, 0xbf, 0xff, 0xff, 
	0xff, 0xff, 0xff, 0xff, 0xdf, 0x7d, 0xdf, 0x3d, 
	0xff, 0xff, 0xf7, 0xff, 0xcf, 0x7f, 0xa6, 0xff, 
	0xa6, 0xff, 0xa6, 0xbf, 0xa6, 0xff, 0xa6, 0xff, 
	0x96, 0x7f, 0xb7, 0x3f, 0xff, 0xff, 0xff, 0xff, 
	0xdf, 0xff, 0xbf, 0x3f, 0xbf, 0x3f, 0x23, 0xb9, 
	0x1b, 0x75, 0x24, 0x7f, 0x08, 0xcb, 0x11, 0x0f, 
	0x2a, 0x61, 0x1b, 0xb7, 0x12, 0xab, 0x1b, 0xbb, 
	0x11, 0x55, 0x02, 0x4d, 0x23, 0x97, 0x85, 0x2b, 
	0x6c, 0x65, 0x1a, 0xd3, 0x12, 0x0d, 0x4b, 0x1b, 
	0x63, 0xe1, 0x6c, 0x25, 0x84, 0x67, 0x5c, 0xa3, 
	0x03, 0xd5, 0x03, 0x51, 0x0a, 0xd1, 0x33, 0xdb, 
	0x3b, 0x99, 0x95, 0xad, 0xbe, 0xb7, 0xae, 0x33, 
	0x84, 0xe9, 0x74, 0xeb, 0x9e, 0xbf, 0x9e, 0xbf, 
	0xa6, 0xff, 0x9e, 0xbf, 0x96, 0xbf, 0x9e, 0xbf, 
	0x9e, 0xbf, 0x9e, 0xbf, 0x9e, 0xbf, 0x96, 0xbf, 
	0xc7, 0x3f, 0xff, 0xff, 0xff, 0xff, 0xff, 0xff, 
	0xff, 0xff, 0xae, 0x35, 0x33, 0xef, 0x2b, 0x29, 
	0xde, 0xf9, 0xff, 0xff, 0x95, 0xf9, 0x54, 0xb5, 
	0x85, 0xfb, 0x9e, 0xbf, 0x9e, 0xbf, 0xa6, 0xbf, 
	0x9e, 0xbf, 0xa6, 0xbf, 0xbf, 0x3f, 0xd7, 0xbf, 
	0xc7, 0x7f, 0xb7, 0x3f, 0xbf, 0x3f, 0x23, 0xb9, 
	0x1b, 0x75, 0x24, 0x7f, 0x08, 0xcb, 0x11, 0x0f, 
	0x2a, 0x61, 0x1b, 0xb7, 0x12, 0xa9, 0x1b, 0xb9, 
	0x11, 0x55, 0x44, 0x23, 0x02, 0x8d, 0x43, 0x9b, 
	0x6c, 0x23, 0x22, 0xd3, 0x01, 0x87, 0x09, 0xcb, 
	0x3a, 0xd7, 0x5b, 0x5f, 0x63, 0xe3, 0x7c, 0x67, 
	0x3c, 0x1d, 0x1c, 0x19, 0x75, 0xab, 0xb6, 0xf7, 
	0xae, 0xb5, 0xa6, 0x33, 0x6c, 0x65, 0x53, 0x5d, 
	0x4a, 0xd9, 0x95, 0xf7, 0xae, 0xff, 0xae, 0xff, 
	0xae, 0xff, 0x9e, 0xbf, 0x96, 0xbf, 0x96, 0xbf, 
	0x96, 0xbf, 0x9e, 0xbf, 0x96, 0xbf, 0xc7, 0x3f, 
	0xff, 0xff, 0xff, 0xff, 0xff, 0xff, 0xff, 0xff, 
	0xff, 0xff, 0x6b, 0xe5, 0x00, 0x4f, 0x00, 0x8f, 
	0x9d, 0x6d, 0xff, 0xff, 0x5c, 0x6f, 0x00, 0xd5, 
	0x53, 0xe7, 0x9e, 0xff, 0x8e, 0x7f, 0x8e, 0x7f, 
	0x96, 0x7f, 0x96, 0x7f, 0xc7, 0x7f, 0xf7, 0xff, 
	0xf7, 0xff, 0xcf, 0x7f, 0xb6, 0xff, 0x23, 0xb9, 
	0x1b, 0x75, 0x24, 0x7f, 0x08, 0xcb, 0x11, 0x0f, 
	0x2a, 0x61, 0x1b, 0xb7, 0x12, 0xa9, 0x1b, 0xbb, 
	0x11, 0x55, 0xcf, 0x39, 0x3b, 0xd9, 0x02, 0x4b, 
	0x23, 0x13, 0x1a, 0x91, 0x01, 0xc9, 0x01, 0xc7, 
	0x0a, 0x0b, 0x22, 0x93, 0x43, 0x19, 0x53, 0x5d, 
	0x7c, 0xa7, 0xc7, 0x39, 0xf7, 0xff, 0xff, 0xff, 
	0xff, 0xff, 0xdf, 0x7d, 0x7c, 0xe9, 0x53, 0x5d, 
	0x74, 0xab, 0xae, 0xff, 0xae, 0xff, 0xae, 0xff, 
	0xa6, 0xff, 0x9e, 0xbf, 0x9e, 0xbf, 0x9e, 0xbf, 
	0x9e, 0xff, 0xc7, 0x7f, 0xb7, 0x3f, 0xf7, 0xff, 
	0xff, 0xff, 0xff, 0xff, 0xff, 0xff, 0xff, 0xff, 
	0xff, 0xff, 0xdf, 0x39, 0x4a, 0xdb, 0x21, 0xd5, 
	0xa5, 0xaf, 0xff, 0xff, 0xd7, 0x3b, 0x42, 0xdd, 
	0x6c, 0x25, 0xa6, 0x7b, 0x8e, 0x7f, 0x8e, 0x7f, 
	0x8e, 0x7f, 0x96, 0xbf, 0xd7, 0xbf, 0xff, 0xff, 
	0xff, 0xff, 0xc7, 0x7f, 0xa6, 0xbf, 0x23, 0xb9, 
	0x1b, 0x75, 0x24, 0x7f, 0x08, 0xcb, 0x11, 0x0f, 
	0x2a, 0x61, 0x1b, 0x77, 0x12, 0xa9, 0x1b, 0xbb, 
	0x11, 0x55, 0xff, 0xff, 0xbe, 0xb3, 0x02, 0x09, 
	0x01, 0xc7, 0x01, 0xc9, 0x02, 0x09, 0x02, 0x0b, 
	0x02, 0x0b, 0x01, 0xc7, 0x01, 0x89, 0x74, 0xa5, 
	0xf7, 0xff, 0xff, 0xff, 0xff, 0xff, 0xff, 0xff, 
	0xff, 0xff, 0xef, 0xff, 0x9d, 0xf1, 0x8d, 0x6f, 
	0x85, 0x2d, 0x74, 0xed, 0x9e, 0xbf, 0xa6, 0xff, 
	0x9e, 0xff, 0x9e, 0xff, 0xa6, 0xff, 0xa6, 0xff, 
	0xae, 0xff, 0xbf, 0x3f, 0xc7, 0x3d, 0xf7, 0xff, 
	0xf7, 0xff, 0xef, 0xff, 0xe7, 0xff, 0xff, 0xff, 
	0xff, 0xff, 0xff, 0xff, 0xef, 0xbd, 0xce, 0xf7, 
	0xc6, 0xfb, 0x95, 0xf9, 0x7d, 0x75, 0xbe, 0xfb, 
	0xb6, 0x75, 0xa5, 0xf3, 0x8e, 0x7f, 0x8e, 0x7f, 
	0x96, 0x7f, 0x8e, 0x7f, 0xa6, 0xff, 0xc7, 0xbf, 
	0xbf, 0x7f, 0x9e, 0xbf, 0x96, 0xbf, 0x23, 0xb9, 
	0x1b, 0x75, 0x24, 0x7f, 0x08, 0xcb, 0x11, 0x0f, 
	0x2a, 0x61, 0x1b, 0x77, 0x12, 0xa9, 0x1b, 0xbb, 
	0x11, 0x55, 0xd6, 0xf9, 0xb6, 0x33, 0x4c, 0x1d, 
	0x01, 0xc9, 0x01, 0xc9, 0x01, 0xc9, 0x02, 0x0b, 
	0x02, 0x09, 0x0a, 0x4d, 0x5b, 0xe1, 0xef, 0xbd, 
	0xff, 0xff, 0xff, 0xff, 0xff, 0xff, 0xff, 0xff, 
	0xef, 0xfd, 0x96, 0x73, 0x75, 0x6b, 0x7c, 0xe9, 
	0x85, 0x2b, 0x6c, 0x23, 0x74, 0xeb, 0x9e, 0xbf, 
	0xae, 0xff, 0xb7, 0x3f, 0xae, 0xff, 0xae, 0xff, 
	0xae, 0xff, 0xb6, 0xff, 0xdf, 0xbf, 0xe7, 0xff, 
	0xe7, 0xff, 0xef, 0xff, 0xf7, 0xff, 0xdf, 0x7d, 
	0xc6, 0xf9, 0xd7, 0x7d, 0xef, 0xff, 0xbe, 0xb7, 
	0x33, 0x27, 0x01, 0x9d, 0x01, 0x17, 0x19, 0xd9, 
	0x84, 0xeb, 0x9d, 0xaf, 0x85, 0xb7, 0x96, 0xbf, 
	0x8e, 0x7f, 0x96, 0xbf, 0xb7, 0x3f, 0x9e, 0xff, 
	0x8e, 0xbf, 0x96, 0xbf, 0x96, 0xbf, 0x23, 0xb9, 
	0x1b, 0x75, 0x24, 0x7f, 0x08, 0xcb, 0x11, 0x0f, 
	0x2a, 0x61, 0x1b, 0x77, 0x12, 0xa9, 0x1b, 0xb9, 
	0x11, 0x55, 0xb6, 0x33, 0xa5, 0xf1, 0xbe, 0xf9, 
	0x3b, 0x59, 0x01, 0xc9, 0x01, 0x47, 0x01, 0x45, 
	0x1a, 0x4f, 0x6c, 0xa7, 0xd7, 0x3b, 0xef, 0xbd, 
	0xd7, 0x3b, 0xff, 0xff, 0xff, 0xff, 0xff, 0xff, 
	0xf7, 0xff, 0x6d, 0x65, 0x03, 0x0f, 0x0b, 0x11, 
	0x3b, 0xdb, 0x5b, 0xdf, 0x5b, 0xa1, 0x9e, 0xbd, 
	0xb7, 0x3f, 0xb7, 0x3f, 0xae, 0xff, 0xae, 0xff, 
	0xc7, 0x3f, 0xb6, 0xfd, 0xae, 0x33, 0xd7, 0x7d, 
	0xcf, 0x3d, 0xc6, 0xf9, 0xc6, 0xf9, 0xcf, 0x3b, 
	0xef, 0xff, 0xf7, 0xff, 0xe7, 0xff, 0xa6, 0x35, 
	0x11, 0x51, 0x00, 0x8b, 0x00, 0xcd, 0x11, 0x4f, 
	0x6c, 0x23, 0x74, 0x65, 0x75, 0x31, 0x96, 0xbf, 
	0x8e, 0xbf, 0x9e, 0xff, 0xdf, 0xff, 0xb7, 0x3f, 
	0x8e, 0xbf, 0x96, 0xbf, 0x96, 0xbf, 0x23, 0xb9, 
	0x1b, 0x75, 0x24, 0x7f, 0x08, 0xcb, 0x11, 0x0f, 
	0x2a, 0x5f, 0x1b, 0x77, 0x12, 0xa9, 0x1b, 0xb9, 
	0x11, 0x55, 0xc7, 0x3b, 0xef, 0xff, 0xff, 0xff, 
	0xcf, 0x3b, 0x53, 0xdf, 0x1a, 0x0f, 0x22, 0x93, 
	0x5b, 0xe1, 0x7c, 0xe9, 0xef, 0x7d, 0xff, 0xff, 
	0xff, 0xff, 0xff, 0xff, 0xf7, 0xff, 0x9f, 0x35, 
	0x66, 0xed, 0x76, 0xaf, 0x3c, 0x1b, 0x02, 0x09, 
	0x02, 0x07, 0x22, 0x93, 0x85, 0xf5, 0xae, 0xff, 
	0xb6, 0xff, 0xb6, 0xff, 0xae, 0xff, 0xb6, 0xff, 
	0xc7, 0x7f, 0xb6, 0xbb, 0x95, 0x6f, 0xc6, 0xfb, 
	0xc7, 0x3b, 0xa5, 0xf1, 0xc6, 0xf9, 0xc6, 0xf9, 
	0xa5, 0xf1, 0x8d, 0x6d, 0x95, 0xaf, 0xa6, 0x33, 
	0x74, 0xa7, 0x63, 0xe1, 0x63, 0xe1, 0x63, 0xe3, 
	0x5b, 0x9f, 0x4b, 0x1b, 0x75, 0x31, 0x9e, 0xff, 
	0xa6, 0xbf, 0xbe, 0x7b, 0xae, 0xfd, 0xbf, 0x37, 
	0xae, 0xb5, 0x9e, 0xbd, 0xae, 0xbf, 0x23, 0xb9, 
	0x1b, 0x75, 0x24, 0x7f, 0x08, 0xcb, 0x11, 0x0f, 
	0x2a, 0x5f, 0x1b, 0x77, 0x12, 0xa9, 0x1b, 0xb9, 
	0x11, 0x55, 0x9e, 0x73, 0xf7, 0xff, 0xff, 0xff, 
	0xef, 0xff, 0x95, 0x6f, 0x7c, 0xeb, 0x7c, 0xeb, 
	0x53, 0x5d, 0x64, 0x23, 0xae, 0xb3, 0xdf, 0xfd, 
	0xef, 0xff, 0xff, 0xff, 0xe7, 0xff, 0x3d, 0x63, 
	0x04, 0x57, 0x05, 0x5d, 0x15, 0x1f, 0x0a, 0x0b, 
	0x22, 0xd5, 0x7d, 0xb3, 0xaf, 0x3f, 0xa6, 0xff, 
	0xa6, 0xff, 0xae, 0xff, 0xa6, 0xff, 0xae, 0xff, 
	0xa6, 0xff, 0xa6, 0x7b, 0x84, 0xa7, 0xa5, 0xf1, 
	0xae, 0x35, 0xa5, 0xf3, 0x95, 0xaf, 0x85, 0x2b, 
	0x7c, 0xa7, 0x84, 0xe9, 0x84, 0xe9, 0x6c, 0x25, 
	0x6c, 0x25, 0x6c, 0x23, 0x6c, 0x25, 0x6c, 0x23, 
	0x5b, 0x9f, 0x53, 0x5d, 0x7d, 0x73, 0x9e, 0xff, 
	0xce, 0x37, 0xf5, 0x6b, 0xee, 0xed, 0xf7, 0xe7, 
	0xbe, 0x9d, 0xb6, 0x67, 0xbe, 0xfd, 0x23, 0xb9, 
	0x1b, 0x75, 0x24, 0x7f, 0x08, 0xcb, 0x11, 0x0f, 
	0x2a, 0x5f, 0x1b, 0x77, 0x12, 0xa9, 0x1b, 0xb9, 
	0x11, 0x55, 0x4c, 0xa1, 0xbf, 0x39, 0xd7, 0xbd, 
	0xdf, 0x7d, 0xef, 0xbf, 0xc6, 0xb7, 0x8d, 0xaf, 
	0x4b, 0x9d, 0x02, 0x0d, 0x02, 0x8f, 0x13, 0x97, 
	0x4d, 0x65, 0xa6, 0xf5, 0x7d, 0xed, 0x13, 0x13, 
	0x02, 0xcf, 0x03, 0xd5, 0x02, 0xcf, 0x54, 0x23, 
	0xaf, 0x7f, 0xaf, 0x3f, 0xa6, 0xff, 0xa6, 0xff, 
	0xa6, 0xff, 0xa6, 0xff, 0xa6, 0xff, 0x9e, 0x7d, 
	0x8d, 0xfb, 0x95, 0xf9, 0x74, 0x65, 0x6c, 0x23, 
	0x9d, 0xaf, 0x95, 0x6d, 0x95, 0x6f, 0xb6, 0xb7, 
	0xbe, 0xb9, 0xa6, 0x33, 0x84, 0xeb, 0x74, 0xa7, 
	0x6c, 0x23, 0x5b, 0xe1, 0x5b, 0x9f, 0x53, 0x1b, 
	0x4a, 0xd9, 0x4a, 0xd9, 0x8d, 0xf9, 0x96, 0x7f, 
	0xb4, 0x67, 0xb3, 0x9f, 0xd5, 0x69, 0xff, 0x6d, 
	0xdf, 0xa3, 0xc6, 0xdd, 0xbe, 0xa5, 0x23, 0xb9, 
	0x1b, 0x75, 0x24, 0x7f, 0x08, 0xcb, 0x11, 0x0f, 
	0x2a, 0x5f, 0x1b, 0x77, 0x12, 0xa9, 0x1b, 0xb9, 
	0x11, 0x55, 0x01, 0xcb, 0x23, 0x15, 0x75, 0x27, 
	0xff, 0xff, 0xff, 0xff, 0xff, 0xff, 0xe7, 0x7d, 
	0x8d, 0x6d, 0x2a, 0xd7, 0x01, 0xc9, 0x01, 0xcb, 
	0x02, 0x0b, 0x0a, 0x91, 0x02, 0x0d, 0x01, 0x89, 
	0x01, 0xcb, 0x01, 0xcb, 0x01, 0x89, 0x6c, 0xeb, 
	0xb7, 0x7f, 0xaf, 0x3f, 0xa7, 0x3f, 0xa7, 0x3f, 
	0xa6, 0xff, 0xa6, 0xff, 0x96, 0x3d, 0x7d, 0x77, 
	0x8d, 0xb7, 0xbe, 0xff, 0x84, 0xed, 0x5b, 0x5d, 
	0x7c, 0xa7, 0x74, 0x65, 0x7c, 0xe9, 0x74, 0x67, 
	0x5b, 0xe1, 0x5b, 0x9f, 0x63, 0xe3, 0x74, 0x67, 
	0x5b, 0xa1, 0x53, 0x9f, 0x4b, 0x1b, 0x4a, 0xd9, 
	0x42, 0x97, 0x5b, 0xa1, 0x9e, 0x7d, 0x96, 0x3d, 
	0x8c, 0x27, 0xbc, 0x23, 0xfd, 0x6f, 0xfd, 0x6d, 
	0xf6, 0x69, 0xd7, 0x23, 0xae, 0x1d, 0x23, 0xb9, 
	0x1b, 0x75, 0x24, 0x7f, 0x08, 0xcb, 0x11, 0x0f, 
	
};

Gfx castle_inside_dl__20_rgba16_rgba16_aligner[] = {gsSPEndDisplayList()};
u8 castle_inside_dl__20_rgba16_rgba16[] = {
	0x2a, 0x5f, 0x1b, 0x77, 0x12, 0xa9, 0x1b, 0xb9, 
	0x11, 0x55, 0x01, 0xcb, 0x23, 0x15, 0x75, 0x27, 
	0xff, 0xff, 0xff, 0xff, 0xff, 0xff, 0xe7, 0x7d, 
	0x8d, 0x6d, 0x2a, 0xd7, 0x01, 0xc9, 0x01, 0xcb, 
	0x02, 0x0b, 0x0a, 0x91, 0x02, 0x0d, 0x01, 0x89, 
	0x01, 0xcb, 0x01, 0xcb, 0x01, 0x89, 0x6c, 0xeb, 
	0xb7, 0x7f, 0xaf, 0x3f, 0xa7, 0x3f, 0xa7, 0x3f, 
	0xa6, 0xff, 0xa6, 0xff, 0x96, 0x3d, 0x7d, 0x77, 
	0x8d, 0xb7, 0xbe, 0xff, 0x84, 0xed, 0x5b, 0x5d, 
	0x7c, 0xa7, 0x74, 0x65, 0x7c, 0xe9, 0x74, 0x67, 
	0x5b, 0xe1, 0x5b, 0x9f, 0x63, 0xe3, 0x74, 0x67, 
	0x5b, 0xa1, 0x53, 0x9f, 0x4b, 0x1b, 0x4a, 0xd9, 
	0x42, 0x97, 0x5b, 0xa1, 0x9e, 0x7d, 0x96, 0x3d, 
	0x8c, 0x27, 0xbc, 0x23, 0xfd, 0x6f, 0xfd, 0x6d, 
	0xf6, 0x69, 0xd7, 0x23, 0xae, 0x1d, 0x23, 0xb9, 
	0x1b, 0x75, 0x24, 0x7f, 0x08, 0xcb, 0x11, 0x0f, 
	0x2a, 0x5f, 0x1b, 0x77, 0x12, 0xa9, 0x1b, 0x77, 
	0x11, 0x55, 0x3b, 0x59, 0x6c, 0xa3, 0xd6, 0xf7, 
	0xff, 0xff, 0xff, 0xff, 0xff, 0xff, 0xff, 0xff, 
	0xdf, 0x7d, 0x8d, 0x6d, 0x1a, 0x0f, 0x01, 0x89, 
	0x02, 0x0b, 0x01, 0x89, 0x01, 0x47, 0x00, 0xc5, 
	0x01, 0x07, 0x01, 0x07, 0x2a, 0x53, 0x64, 0x23, 
	0xa6, 0x79, 0xb7, 0x7f, 0xaf, 0x3f, 0xcf, 0xbf, 
	0xae, 0xff, 0x8d, 0xfb, 0x85, 0xb9, 0x7d, 0x35, 
	0xbe, 0xfd, 0xc7, 0x3f, 0xa6, 0x3b, 0x53, 0x1b, 
	0x42, 0x97, 0x5b, 0x9f, 0x6c, 0x23, 0x9d, 0x6b, 
	0xc6, 0x73, 0xce, 0xb5, 0xce, 0xb5, 0xce, 0x75, 
	0xce, 0xb5, 0xc6, 0x75, 0xa5, 0xaf, 0x5b, 0x9f, 
	0x42, 0xd9, 0x74, 0xf1, 0x75, 0x37, 0x95, 0xf7, 
	0xdf, 0x31, 0xff, 0x73, 0xfd, 0xaf, 0xf4, 0xeb, 
	0xe4, 0xa9, 0xcd, 0x21, 0x8d, 0x1b, 0x23, 0xb9, 
	0x1b, 0x75, 0x24, 0x7f, 0x08, 0xcb, 0x11, 0x0d, 
	0x2a, 0x5f, 0x1b, 0x77, 0x12, 0xa9, 0x1b, 0x77, 
	0x11, 0x55, 0xc7, 0x39, 0xf7, 0xff, 0xff, 0xff, 
	0xff, 0xff, 0xff, 0xff, 0xef, 0xff, 0xd7, 0xbf, 
	0xcf, 0x7d, 0xa6, 0x33, 0x6c, 0x65, 0x22, 0x93, 
	0x01, 0x89, 0x01, 0x47, 0x09, 0x8b, 0x22, 0x0f, 
	0x32, 0x55, 0x1a, 0x0f, 0x0a, 0x0d, 0x12, 0x0f, 
	0x53, 0x9f, 0xbe, 0xff, 0xb6, 0xff, 0xcf, 0x7f, 
	0xa6, 0x7d, 0x85, 0x79, 0x8d, 0xbb, 0x95, 0xf9, 
	0xc7, 0x3f, 0xcf, 0x7f, 0xc7, 0x3f, 0x95, 0xb1, 
	0x8c, 0xa7, 0xd6, 0xb7, 0xf7, 0xff, 0xff, 0xff, 
	0xff, 0xff, 0xff, 0xff, 0xff, 0xff, 0xff, 0xff, 
	0xff, 0xff, 0xff, 0xff, 0xff, 0xff, 0xf7, 0xbd, 
	0xd6, 0xf9, 0xa6, 0x3b, 0x75, 0x39, 0x95, 0xb3, 
	0x9d, 0x9d, 0xce, 0xe3, 0xf7, 0x69, 0xdd, 0x27, 
	0xc3, 0xe1, 0x9b, 0x5b, 0x7c, 0xa9, 0x23, 0xb9, 
	0x1b, 0x75, 0x24, 0x7f, 0x08, 0xcb, 0x11, 0x0d, 
	0x2a, 0x5f, 0x1b, 0x77, 0x12, 0xa9, 0x1b, 0xb9, 
	0x11, 0x55, 0xff, 0xff, 0xff, 0xff, 0xff, 0xff, 
	0xff, 0xff, 0xf7, 0xff, 0xc6, 0xf9, 0xb6, 0x75, 
	0x95, 0x6f, 0x7c, 0xa7, 0x63, 0xe1, 0x5b, 0x9f, 
	0x64, 0x23, 0x5b, 0x9f, 0x7c, 0xa9, 0x7c, 0xa9, 
	0x6c, 0x25, 0x3a, 0xd7, 0x01, 0x47, 0x01, 0x47, 
	0x01, 0x87, 0x6c, 0xa5, 0x95, 0xfb, 0xae, 0x7d, 
	0x8d, 0xb9, 0x8d, 0x77, 0xa6, 0x3b, 0xae, 0x7d, 
	0xd7, 0x7f, 0xf7, 0xff, 0xef, 0xff, 0xf7, 0xff, 
	0xff, 0xff, 0xff, 0xff, 0xff, 0xff, 0xff, 0xff, 
	0xff, 0xff, 0xff, 0xff, 0xff, 0xff, 0xff, 0xff, 
	0xff, 0xff, 0xff, 0xff, 0xff, 0xff, 0xff, 0xff, 
	0xff, 0xff, 0xff, 0xff, 0xdf, 0xbf, 0xbe, 0xff, 
	0x73, 0xdf, 0x51, 0xc7, 0x8d, 0x17, 0xb5, 0xdf, 
	0x62, 0x99, 0x63, 0xe9, 0x75, 0x37, 0x23, 0xb9, 
	0x1b, 0x75, 0x24, 0x7f, 0x08, 0xcb, 0x11, 0x0d, 
	0x2a, 0x5f, 0x1b, 0x77, 0x12, 0xa9, 0x1b, 0xb9, 
	0x11, 0x55, 0xbe, 0xb7, 0xef, 0xbf, 0xff, 0xff, 
	0xff, 0xff, 0xef, 0xff, 0xc6, 0xf9, 0x95, 0x6d, 
	0x74, 0x25, 0x63, 0xa1, 0x53, 0x1b, 0x5b, 0x5d, 
	0x95, 0xf1, 0x85, 0x6d, 0x95, 0xf3, 0x95, 0xb1, 
	0x7c, 0xe9, 0x63, 0xe1, 0x01, 0x49, 0x01, 0x07, 
	0x01, 0x47, 0x12, 0x0d, 0x8d, 0xb9, 0xa6, 0x7d, 
	0x9e, 0x39, 0x85, 0x77, 0x9d, 0xfb, 0xae, 0x7b, 
	0xd7, 0x7f, 0xf7, 0xff, 0xff, 0xff, 0xff, 0xff, 
	0xff, 0xff, 0xff, 0xff, 0xff, 0xff, 0xff, 0xff, 
	0xff, 0xff, 0xff, 0xff, 0xff, 0xff, 0xff, 0xff, 
	0xff, 0xff, 0xff, 0xff, 0xff, 0xff, 0xff, 0xff, 
	0xff, 0xff, 0xff, 0xff, 0xef, 0xff, 0xe7, 0xbd, 
	0x9c, 0x1d, 0x5a, 0x95, 0x6c, 0x5d, 0x6c, 0x17, 
	0x5c, 0x6f, 0x64, 0xb5, 0x6c, 0xf5, 0x23, 0xb9, 
	0x1b, 0x75, 0x24, 0x7f, 0x08, 0xcb, 0x11, 0x0d, 
	0x2a, 0x5f, 0x1b, 0x77, 0x12, 0xa9, 0x1b, 0xb9, 
	0x11, 0x55, 0x63, 0xe1, 0xbe, 0x75, 0xff, 0xff, 
	0xff, 0xff, 0xef, 0xff, 0xbf, 0x39, 0x54, 0x21, 
	0x2a, 0xd5, 0x22, 0x0f, 0x31, 0xd1, 0x6c, 0x23, 
	0x9e, 0x35, 0x85, 0x6d, 0x84, 0xeb, 0x8d, 0x6f, 
	0x8d, 0xb1, 0x85, 0x2d, 0x2a, 0x11, 0x01, 0x47, 
	0x01, 0x89, 0x22, 0x95, 0x7d, 0x37, 0x85, 0x77, 
	0xbe, 0xbd, 0x95, 0xf9, 0x95, 0xb9, 0x95, 0xb9, 
	0xc7, 0x3f, 0xef, 0xff, 0xff, 0xff, 0xff, 0xff, 
	0xff, 0xff, 0xff, 0xff, 0xff, 0xff, 0xff, 0xff, 
	0xff, 0xff, 0xff, 0xff, 0xff, 0xff, 0xff, 0xff, 
	0xff, 0xff, 0xff, 0xff, 0xff, 0xff, 0xff, 0xff, 
	0xff, 0xff, 0xff, 0xff, 0xff, 0xff, 0xff, 0xff, 
	0xe7, 0x7b, 0xa5, 0xf5, 0x9e, 0x3b, 0x7d, 0x33, 
	0x64, 0xb3, 0x5c, 0x71, 0x53, 0xef, 0x23, 0xb9, 
	0x1b, 0x75, 0x24, 0x7f, 0x08, 0xcb, 0x11, 0x0d, 
	0x2a, 0x5f, 0x1b, 0x75, 0x12, 0x69, 0x1b, 0xb9, 
	0x11, 0x55, 0x53, 0x9f, 0x8e, 0x2f, 0x86, 0xef, 
	0x86, 0x6d, 0x5d, 0xa5, 0x13, 0xd5, 0x02, 0x8d, 
	0x02, 0x0b, 0x01, 0x47, 0x19, 0x8d, 0x32, 0xd5, 
	0x6c, 0x65, 0x8d, 0xaf, 0x64, 0x65, 0x5c, 0x21, 
	0x64, 0x23, 0x6c, 0x63, 0x5b, 0xe3, 0x6c, 0xad, 
	0x95, 0xb5, 0x9d, 0xf9, 0x74, 0xf5, 0x7d, 0x75, 
	0xa6, 0x39, 0x6c, 0xb3, 0x74, 0xf5, 0x95, 0xb9, 
	0xdf, 0x7f, 0xff, 0xff, 0xff, 0xff, 0xff, 0xff, 
	0xff, 0xff, 0xff, 0xff, 0xff, 0xff, 0xff, 0xff, 
	0xff, 0xff, 0xff, 0xff, 0xff, 0xff, 0xff, 0xff, 
	0xff, 0xff, 0xff, 0xff, 0xff, 0xff, 0xff, 0xff, 
	0xff, 0xff, 0xff, 0xff, 0xd7, 0x7b, 0xcf, 0x3b, 
	0xef, 0xff, 0xb6, 0x77, 0x8d, 0xb7, 0x8d, 0xb9, 
	0x53, 0xef, 0x53, 0xed, 0x53, 0xed, 0x23, 0xb7, 
	0x1b, 0x75, 0x24, 0x7f, 0x08, 0xcb, 0x11, 0x0d, 
	0x2a, 0x5f, 0x1b, 0x75, 0x12, 0x69, 0x1b, 0xb9, 
	0x11, 0x55, 0x0a, 0x8f, 0x13, 0xd5, 0x04, 0x97, 
	0x03, 0xd3, 0x02, 0xcf, 0x02, 0x0b, 0x01, 0xc9, 
	0x01, 0x47, 0x21, 0x87, 0x3a, 0x95, 0x0a, 0x4d, 
	0x0a, 0x0d, 0x23, 0x55, 0x03, 0x53, 0x03, 0x53, 
	0x13, 0x13, 0x02, 0x4d, 0x12, 0x91, 0x9d, 0xf9, 
	0xb6, 0x7d, 0xb6, 0x7d, 0xae, 0x7d, 0x95, 0xf9, 
	0x85, 0x77, 0x85, 0x77, 0x8d, 0xb9, 0x9d, 0xfb, 
	0xf7, 0xff, 0xff, 0xff, 0xff, 0xff, 0xff, 0xff, 
	0xff, 0xff, 0xff, 0xff, 0xff, 0xff, 0xff, 0xff, 
	0xff, 0xff, 0xff, 0xff, 0xff, 0xff, 0xff, 0xff, 
	0xff, 0xff, 0xff, 0xff, 0xff, 0xff, 0xff, 0xff, 
	0xff, 0xff, 0xf7, 0xff, 0xbe, 0xb7, 0xae, 0x35, 
	0xe7, 0xff, 0xd7, 0x7b, 0x8d, 0x71, 0x74, 0xf5, 
	0x5c, 0x2f, 0x5c, 0x2d, 0x5c, 0x2f, 0x23, 0xb7, 
	0x1b, 0x75, 0x24, 0x7f, 0x08, 0xcb, 0x11, 0x0d, 
	0x2a, 0x5f, 0x1b, 0x75, 0x12, 0x69, 0x1b, 0x77, 
	0x11, 0x55, 0x02, 0x8d, 0x02, 0x4b, 0x03, 0x0f, 
	0x02, 0x4b, 0x01, 0x47, 0x01, 0x47, 0x11, 0x89, 
	0x3a, 0x49, 0x32, 0x09, 0x32, 0x51, 0x0a, 0x0d, 
	0x01, 0x89, 0x01, 0x89, 0x02, 0x4b, 0x02, 0x8d, 
	0x02, 0x09, 0x1a, 0x8f, 0x7d, 0x27, 0xef, 0xbd, 
	0xf7, 0xbf, 0xdf, 0x7d, 0xbe, 0xbb, 0xae, 0x7d, 
	0xbe, 0xff, 0xb6, 0xbd, 0xb6, 0xbd, 0xcf, 0x3d, 
	0xff, 0xff, 0xff, 0xff, 0xff, 0xff, 0xff, 0xff, 
	0xff, 0xff, 0xff, 0xff, 0xff, 0xff, 0xff, 0xff, 
	0xff, 0xff, 0xff, 0xff, 0xff, 0xff, 0xff, 0xff, 
	0xff, 0xff, 0xff, 0xff, 0xff, 0xff, 0xef, 0xff, 
	0xe7, 0xff, 0xdf, 0xff, 0xbe, 0xb9, 0x9d, 0xb1, 
	0xc6, 0xf9, 0xef, 0xff, 0xbe, 0xb7, 0x64, 0x6f, 
	0x53, 0xef, 0x4b, 0xad, 0x4b, 0xab, 0x23, 0xb7, 
	0x1b, 0x75, 0x24, 0x7f, 0x08, 0xcb, 0x11, 0x0d, 
	0x2a, 0x5f, 0x1b, 0x75, 0x12, 0xa9, 0x1b, 0xb9, 
	0x11, 0x55, 0x01, 0xc9, 0x12, 0x11, 0x22, 0x97, 
	0x12, 0x0f, 0x22, 0x55, 0x53, 0x61, 0x42, 0x4d, 
	0x42, 0x89, 0x32, 0x09, 0x09, 0x87, 0x01, 0x89, 
	0x01, 0xc9, 0x5c, 0x27, 0x33, 0x1b, 0x02, 0x0b, 
	0x1a, 0xd1, 0xce, 0xf7, 0xff, 0xff, 0xff, 0xff, 
	0xff, 0xff, 0xff, 0xff, 0xef, 0xff, 0xbe, 0xb9, 
	0xae, 0x7b, 0xb6, 0xbd, 0xa6, 0x3b, 0xce, 0xfb, 
	0xff, 0xff, 0xff, 0xff, 0xff, 0xff, 0xff, 0xff, 
	0xff, 0xff, 0xff, 0xff, 0xff, 0xff, 0xff, 0xff, 
	0xff, 0xff, 0xff, 0xff, 0xff, 0xff, 0xff, 0xff, 
	0xff, 0xff, 0xff, 0xff, 0xef, 0xff, 0xef, 0xff, 
	0xf7, 0xff, 0xf7, 0xff, 0xdf, 0xbf, 0xc6, 0xf9, 
	0xcf, 0x3b, 0xef, 0xff, 0xe7, 0xff, 0x85, 0x2f, 
	0x43, 0x6b, 0x4b, 0xad, 0x4b, 0xab, 0x23, 0xb7, 
	0x1b, 0x75, 0x24, 0x7f, 0x08, 0xcb, 0x11, 0x0d, 
	0x2a, 0x5f, 0x1b, 0x75, 0x12, 0x67, 0x1b, 0x75, 
	0x11, 0x55, 0x5b, 0xe7, 0x74, 0xb1, 0x7c, 0xf5, 
	0x8d, 0x77, 0x9d, 0xfb, 0x8d, 0x33, 0x3a, 0x4b, 
	0x42, 0x8b, 0x29, 0xc9, 0x01, 0x87, 0x00, 0xc3, 
	0x32, 0xd7, 0x95, 0xfb, 0x7d, 0x35, 0x64, 0x6b, 
	0xce, 0xb5, 0xff, 0xff, 0xf7, 0xff, 0xff, 0xff, 
	0xff, 0xff, 0xff, 0xff, 0xcf, 0x3b, 0xae, 0x33, 
	0x84, 0xed, 0x9d, 0xf9, 0x95, 0xb7, 0xc6, 0xf9, 
	0xf7, 0xff, 0xff, 0xff, 0xff, 0xff, 0xf7, 0xff, 
	0xef, 0xff, 0xe7, 0xff, 0xe7, 0xff, 0xe7, 0xff, 
	0xdf, 0xff, 0xdf, 0xff, 0xe7, 0xff, 0xf7, 0xff, 
	0xff, 0xff, 0xff, 0xff, 0xef, 0xff, 0xff, 0xff, 
	0xff, 0xff, 0xff, 0xff, 0xff, 0xff, 0xef, 0xff, 
	0xef, 0xff, 0xef, 0xff, 0xd7, 0x7d, 0x8d, 0x2d, 
	0x43, 0x69, 0x43, 0xab, 0x43, 0xab, 0x23, 0xb7, 
	0x1b, 0x75, 0x24, 0x3f, 0x08, 0xcb, 0x11, 0x0d, 
	0x2a, 0x5f, 0x1b, 0x75, 0x12, 0x67, 0x1b, 0xb7, 
	0x11, 0x55, 0x9d, 0xfb, 0x95, 0xb9, 0x95, 0xb9, 
	0xa6, 0x7b, 0xa6, 0x7d, 0x7c, 0xed, 0x53, 0x0d, 
	0x3a, 0x49, 0x3a, 0x4f, 0x4b, 0xe3, 0x43, 0x5f, 
	0x7c, 0xf1, 0x8d, 0x77, 0x7c, 0xf3, 0xa5, 0xf9, 
	0xff, 0xff, 0xd7, 0x3b, 0x22, 0xe5, 0xbe, 0x75, 
	0xc6, 0xfb, 0x3b, 0x67, 0x95, 0x6f, 0xb6, 0xb7, 
	0x74, 0x67, 0x9d, 0xf9, 0xa6, 0x39, 0xc6, 0xf9, 
	0xc6, 0xfb, 0xd7, 0x7d, 0xef, 0xff, 0xff, 0xff, 
	0xff, 0xff, 0xff, 0xff, 0xff, 0xff, 0xff, 0xff, 
	0xf7, 0xff, 0xf7, 0xff, 0xff, 0xff, 0xff, 0xff, 
	0xff, 0xff, 0xf7, 0xff, 0xdf, 0xff, 0xdf, 0xbf, 
	0xdf, 0xbf, 0xdf, 0xbf, 0xd7, 0x7d, 0xc7, 0x3b, 
	0xbe, 0xf9, 0xae, 0x75, 0xae, 0x33, 0x95, 0x6d, 
	0x4b, 0x67, 0x4b, 0xed, 0x53, 0xed, 0x23, 0xb7, 
	0x1b, 0x75, 0x24, 0x7f, 0x08, 0xcb, 0x11, 0x0d, 
	0x2a, 0x5f, 0x1b, 0x75, 0x12, 0x67, 0x1b, 0xb7, 
	0x11, 0x55, 0xa5, 0xfb, 0x9d, 0xf9, 0x95, 0xb9, 
	0x7d, 0x35, 0x74, 0xf5, 0x64, 0x25, 0x42, 0x8b, 
	0x29, 0xc5, 0x63, 0x57, 0xae, 0x3b, 0x85, 0x77, 
	0x85, 0x35, 0x74, 0xb1, 0x7c, 0xf3, 0xa6, 0x39, 
	0xef, 0xff, 0xe7, 0x7b, 0x5b, 0xa1, 0xc6, 0x75, 
	0xce, 0xfb, 0x43, 0x1f, 0xa5, 0xf3, 0x95, 0xaf, 
	0x53, 0x1d, 0x9d, 0xf9, 0xa6, 0x39, 0xbe, 0xb9, 
	0xc6, 0xfb, 0xc6, 0xfb, 0xd7, 0x7d, 0xff, 0xff, 
	0xff, 0xff, 0xff, 0xff, 0xff, 0xff, 0xff, 0xff, 
	0xff, 0xff, 0xff, 0xff, 0xff, 0xff, 0xff, 0xff, 
	0xf7, 0xff, 0xef, 0xff, 0xd7, 0xbf, 0xcf, 0x7d, 
	0xcf, 0x7f, 0xcf, 0x7f, 0xcf, 0x7d, 0xc6, 0xfb, 
	0xbe, 0xb7, 0xb6, 0x75, 0xae, 0x35, 0x8d, 0x2b, 
	0x5b, 0xe7, 0x64, 0xb3, 0x6c, 0xb1, 0x23, 0xb7, 
	0x1b, 0x75, 0x24, 0x7f, 0x08, 0xcb, 0x11, 0x0d, 
	0x2a, 0x5f, 0x1b, 0x77, 0x12, 0xa9, 0x1b, 0xb7, 
	0x11, 0x55, 0x8d, 0xb7, 0x85, 0x33, 0x74, 0xf3, 
	0x7d, 0x35, 0x7d, 0x37, 0x64, 0x23, 0x32, 0x07, 
	0x29, 0xc5, 0x74, 0x1d, 0xae, 0x7b, 0x85, 0x75, 
	0x85, 0x35, 0x8d, 0xb7, 0x8d, 0x77, 0x85, 0x31, 
	0xbe, 0xb7, 0xdf, 0xbd, 0xb6, 0xb9, 0x6c, 0xf1, 
	0x74, 0xef, 0xa5, 0xf1, 0x95, 0xaf, 0x5b, 0x9f, 
	0x4b, 0x1b, 0x85, 0x33, 0x85, 0x31, 0x9d, 0xb1, 
	0xd7, 0x7d, 0xf7, 0xff, 0xe7, 0xff, 0xdf, 0xbf, 
	0xf7, 0xff, 0xff, 0xff, 0xff, 0xff, 0xff, 0xff, 
	0xff, 0xff, 0xff, 0xff, 0xf7, 0xff, 0xf7, 0xff, 
	0xf7, 0xff, 0xef, 0xff, 0xdf, 0xbf, 0xd7, 0xbf, 
	0xdf, 0xff, 0xdf, 0xff, 0xdf, 0xff, 0xd7, 0xbf, 
	0xd7, 0xbf, 0xcf, 0x3d, 0xae, 0x35, 0x63, 0xdf, 
	0x5b, 0xe7, 0x64, 0x71, 0x5c, 0x2d, 0x23, 0xb7, 
	0x1b, 0x75, 0x24, 0x3f, 0x08, 0xcb, 0x11, 0x0d, 
	0x2a, 0x5f, 0x1b, 0xb9, 0x12, 0x67, 0x1b, 0x77, 
	0x11, 0x55, 0x64, 0x6f, 0x74, 0xf3, 0x8d, 0xb7, 
	0x95, 0xb7, 0x9e, 0x3b, 0x7c, 0xe3, 0x42, 0x87, 
	0x29, 0xc5, 0x84, 0xa1, 0xb6, 0xbf, 0x9d, 0xf9, 
	0x95, 0xb7, 0x95, 0xf7, 0x7c, 0xf1, 0x64, 0x2b, 
	0x84, 0xe9, 0x8d, 0x2b, 0x74, 0xa9, 0x2a, 0x9b, 
	0x32, 0x59, 0x63, 0xe1, 0x5b, 0x5d, 0x42, 0x97, 
	0x4b, 0x1f, 0x64, 0x6f, 0x7c, 0xf1, 0x95, 0x6f, 
	0x84, 0xe9, 0xa5, 0xf3, 0xa5, 0xf1, 0x95, 0x6f, 
	0x9d, 0xf1, 0xc6, 0xf9, 0xef, 0xff, 0xff, 0xff, 
	0xff, 0xff, 0xff, 0xff, 0xff, 0xff, 0xff, 0xff, 
	0xff, 0xff, 0xef, 0xff, 0xe7, 0xff, 0xe7, 0xff, 
	0xdf, 0xff, 0xcf, 0x7d, 0xbe, 0xb9, 0xbe, 0xb9, 
	0xc6, 0xfb, 0xa5, 0xf1, 0x63, 0xe1, 0x4a, 0xd9, 
	0x5b, 0xa5, 0x64, 0xb1, 0x64, 0x6f, 0x23, 0xb7, 
	0x1b, 0x75, 0x24, 0x7f, 0x08, 0xcb, 0x11, 0x0d, 
	0x2a, 0x5f, 0x1b, 0xb7, 0x12, 0x67, 0x1b, 0x77, 
	0x11, 0x55, 0x7d, 0x35, 0x7d, 0x35, 0x74, 0xf3, 
	0x8d, 0xb7, 0x95, 0xb9, 0x9d, 0x61, 0x6b, 0xcf, 
	0x29, 0xc5, 0x6c, 0x21, 0xa6, 0x3d, 0xa6, 0x3b, 
	0x95, 0xb9, 0x74, 0xf1, 0x85, 0x2f, 0x74, 0xf1, 
	0x64, 0x25, 0x74, 0x23, 0x6c, 0x23, 0x63, 0xe1, 
	0x5b, 0x9f, 0x4b, 0x1b, 0x42, 0xd7, 0x42, 0xdb, 
	0x64, 0x6d, 0x74, 0xf3, 0x74, 0xf1, 0x84, 0xeb, 
	0x7c, 0x65, 0x9d, 0xaf, 0xae, 0x75, 0xb6, 0x75, 
	0xb6, 0x75, 0xb6, 0xb7, 0xcf, 0x3d, 0xdf, 0xbd, 
	0xdf, 0xbd, 0xe7, 0xbd, 0xe7, 0xbf, 0xef, 0xff, 
	0xe7, 0xff, 0xdf, 0xff, 0xd7, 0xbf, 0xcf, 0x7d, 
	0xbe, 0xf9, 0xae, 0x33, 0xa6, 0x33, 0xb6, 0xb7, 
	0xbe, 0xb9, 0x7c, 0xa7, 0x4a, 0xd9, 0x5b, 0x9f, 
	0x64, 0x27, 0x7d, 0x35, 0x64, 0x6f, 0x23, 0xb7, 
	0x1b, 0x75, 0x24, 0x7f, 0x08, 0xcd, 0x11, 0x0d, 
	0x2a, 0x5f, 0x1b, 0xb9, 0x12, 0x67, 0x1b, 0xb7, 
	0x11, 0x55, 0x9e, 0x39, 0x95, 0xb5, 0x8d, 0x75, 
	0xbe, 0xbd, 0xbe, 0xb7, 0xb6, 0x19, 0xa5, 0x95, 
	0x3a, 0x49, 0x84, 0xa3, 0xbe, 0xb7, 0xbe, 0xb7, 
	0xc6, 0xb7, 0xb6, 0x35, 0xb6, 0x75, 0xd7, 0x3b, 
	0xd6, 0xf9, 0xe7, 0x39, 0xef, 0x7d, 0xce, 0xb7, 
	0xad, 0xaf, 0xa5, 0xaf, 0xb5, 0xf1, 0x8d, 0x2b, 
	0x74, 0xaf, 0x6c, 0x6d, 0x64, 0x2d, 0x5b, 0xa3, 
	0x7c, 0x65, 0xb6, 0x75, 0xd7, 0xbf, 0xef, 0xff, 
	0xf7, 0xff, 0xe7, 0xff, 0xcf, 0x3d, 0xb6, 0xb7, 
	0xa6, 0x33, 0x9d, 0xf1, 0xa5, 0xf3, 0xae, 0x75, 
	0xbe, 0xf9, 0xbe, 0xf9, 0xb6, 0x77, 0x9d, 0xf1, 
	0x95, 0xaf, 0x95, 0xaf, 0xae, 0x35, 0xbe, 0xf9, 
	0xae, 0x75, 0x63, 0xe1, 0x53, 0x5d, 0x74, 0x65, 
	0x6c, 0x6b, 0x7d, 0x35, 0x64, 0x6d, 0x23, 0xb7, 
	0x1b, 0x75, 0x24, 0xbf, 0x08, 0xcd, 0x11, 0x0d, 
	0x2a, 0x5f, 0x1b, 0xb9, 0x12, 0x65, 0x1b, 0x77, 
	0x11, 0x55, 0xf7, 0xff, 0xff, 0xff, 0xff, 0xff, 
	0xff, 0xff, 0xf7, 0xb5, 0xce, 0x9b, 0xad, 0xd7, 
	0x63, 0x8d, 0x4a, 0xd5, 0x5b, 0x9f, 0x5b, 0x5d, 
	0x5b, 0x5d, 0x53, 0x5d, 0x7c, 0xa5, 0xef, 0xbd, 
	0xff, 0xff, 0xff, 0xff, 0xff, 0xff, 0xff, 0xff, 
	0xff, 0xff, 0xff, 0xff, 0xff, 0xff, 0xf7, 0xff, 
	0xb6, 0x33, 0x5b, 0x9f, 0x5b, 0x9f, 0x6b, 0xe3, 
	0x6c, 0x23, 0x7c, 0xa7, 0x84, 0xe9, 0x8d, 0x2b, 
	0xa5, 0xf1, 0xbe, 0xb9, 0xcf, 0x3d, 0xcf, 0x7d, 
	0xcf, 0x3d, 0xc7, 0x3b, 0xb6, 0xb7, 0xa5, 0xf1, 
	0x84, 0xe9, 0x74, 0x67, 0x74, 0xa7, 0x8d, 0x2b, 
	0x95, 0x6f, 0x9d, 0xaf, 0x95, 0x6f, 0x8d, 0x2d, 
	0x74, 0x65, 0x53, 0x5d, 0x53, 0x5d, 0x5b, 0x5d, 
	0x84, 0xef, 0x6c, 0xb1, 0x53, 0xeb, 0x23, 0xb7, 
	0x1b, 0x75, 0x24, 0xbf, 0x08, 0xcd, 0x11, 0x0d, 
	0x2a, 0x5f, 0x1b, 0xb9, 0x12, 0x65, 0x1b, 0x77, 
	0x11, 0x55, 0xef, 0xff, 0xf7, 0xff, 0xdf, 0x7b, 
	0xad, 0xb1, 0xa5, 0xa3, 0x95, 0x13, 0x74, 0x11, 
	0x6b, 0x8f, 0x42, 0x91, 0x5b, 0x9f, 0x5b, 0x5f, 
	0x53, 0x5d, 0x53, 0x5d, 0xc6, 0x73, 0xff, 0xff, 
	0xff, 0xff, 0xff, 0xff, 0xff, 0xff, 0xff, 0xff, 
	0xff, 0xff, 0xff, 0xff, 0xe7, 0xff, 0xef, 0xff, 
	0xb6, 0x75, 0x74, 0x23, 0x95, 0x29, 0xef, 0x7d, 
	0x7c, 0x63, 0x5b, 0x9f, 0x63, 0xe1, 0x53, 0x5d, 
	0x53, 0x5d, 0x63, 0xe1, 0x8d, 0x2b, 0xae, 0x75, 
	0xc6, 0xfb, 0xc7, 0x3b, 0xbe, 0xb9, 0x9d, 0xf1, 
	0x7c, 0xa7, 0x6c, 0x23, 0x74, 0x65, 0x7c, 0xa7, 
	0x7c, 0xa7, 0x6c, 0x25, 0x63, 0xe1, 0x5b, 0x9f, 
	0x53, 0x5d, 0x53, 0x1b, 0x42, 0xd9, 0x5b, 0x5d, 
	0xce, 0xb7, 0xc6, 0xb7, 0x95, 0x6f, 0x23, 0xb7, 
	0x1b, 0x75, 0x24, 0xbf, 0x08, 0xcf, 0x11, 0x0d, 
	0x2a, 0x5f, 0x1b, 0xb9, 0x12, 0x65, 0x1b, 0x75, 
	0x11, 0x55, 0xff, 0xff, 0xd6, 0xf7, 0x95, 0x2b, 
	0x7c, 0x63, 0xad, 0xd9, 0x8d, 0x11, 0x8c, 0xd3, 
	0x7c, 0x4f, 0x42, 0x8d, 0x5b, 0xa1, 0x5b, 0xe1, 
	0x53, 0x5f, 0x9d, 0x6d, 0xff, 0xff, 0xff, 0xff, 
	0xff, 0xff, 0xff, 0xff, 0xff, 0xff, 0xff, 0xff, 
	0xff, 0xff, 0xf7, 0xff, 0xef, 0xff, 0xe7, 0xff, 
	0xbe, 0xf9, 0x74, 0x25, 0xad, 0xad, 0xff, 0xff, 
	0xc6, 0x33, 0x5b, 0x9f, 0x8d, 0x2b, 0x95, 0x6d, 
	0x74, 0x67, 0x5b, 0x9f, 0x53, 0x5d, 0x63, 0xe1, 
	0x84, 0xe9, 0x95, 0xaf, 0x9d, 0xf1, 0x9d, 0xb1, 
	0x9d, 0xaf, 0x95, 0xaf, 0x84, 0xeb, 0x63, 0xe3, 
	0x5b, 0x5f, 0x53, 0x5d, 0x53, 0x5d, 0x53, 0x5d, 
	0x53, 0x1b, 0x4a, 0xd9, 0x4a, 0xd9, 0x4b, 0x1b, 
	0x6c, 0x23, 0xad, 0xf1, 0xf7, 0xbd, 0x23, 0xb7, 
	0x1b, 0x75, 0x24, 0xbf, 0x08, 0xcd, 0x11, 0x0d, 
	0x2a, 0x5f, 0x1b, 0xbd, 0x12, 0x65, 0x1b, 0x75, 
	0x11, 0x53, 0xff, 0xff, 0xf7, 0xbd, 0xf7, 0xbd, 
	0xf7, 0xb5, 0xf7, 0xeb, 0xbe, 0x61, 0xc6, 0xa1, 
	0xd6, 0xe3, 0x9d, 0x21, 0x84, 0xe9, 0x9d, 0x6d, 
	0xad, 0xef, 0xe7, 0x7b, 0xff, 0xff, 0xff, 0xff, 
	0xff, 0xff, 0xff, 0xff, 0xff, 0xff, 0xff, 0xff, 
	0xff, 0xff, 0xf7, 0xff, 0xe7, 0xff, 0xe7, 0xff, 
	0xb6, 0xb7, 0x5b, 0x9f, 0xad, 0xaf, 0xff, 0xff, 
	0xe7, 0xbd, 0x74, 0x65, 0x63, 0xe1, 0x7c, 0xe9, 
	0x8d, 0x6d, 0x9d, 0xaf, 0x7c, 0xa7, 0x5b, 0x9f, 
	0x53, 0x5d, 0x63, 0xe1, 0x74, 0xa7, 0x84, 0xeb, 
	0x84, 0xeb, 0x85, 0x2b, 0x8d, 0x6d, 0x85, 0x2b, 
	0x6c, 0x65, 0x5b, 0xe1, 0x5b, 0xe1, 0x63, 0xe1, 
	0x5b, 0x5d, 0x5b, 0x5d, 0x63, 0x9f, 0x7c, 0x65, 
	0x95, 0x2b, 0xd6, 0xf7, 0xff, 0xff, 0x23, 0xb7, 
	0x1b, 0x77, 0x24, 0xbf, 0x08, 0xcf, 0x11, 0x0d, 
	0x2a, 0x5f, 0x1b, 0xbd, 0x12, 0x65, 0x1b, 0xb7, 
	0x09, 0x53, 0xef, 0xbf, 0xef, 0xff, 0xff, 0xff, 
	0xff, 0xff, 0xff, 0xff, 0xff, 0xff, 0xff, 0xff, 
	0xff, 0xff, 0xff, 0xff, 0xff, 0xff, 0xff, 0xff, 
	0xef, 0xff, 0xd7, 0x7b, 0xef, 0xbd, 0xff, 0xff, 
	0xff, 0xff, 0xff, 0xff, 0xff, 0xff, 0xff, 0xff, 
	0xff, 0xff, 0xef, 0xff, 0xc6, 0xfb, 0xc6, 0xfb, 
	0x84, 0xe9, 0x7c, 0xa7, 0x6b, 0xe1, 0x7c, 0xa7, 
	0x8d, 0x2b, 0xe7, 0x7b, 0xc6, 0x73, 0x9d, 0x2b, 
	0x8c, 0xa7, 0x8c, 0xe9, 0x74, 0x65, 0x6b, 0xe3, 
	0x63, 0xe1, 0x63, 0x9f, 0x63, 0xe1, 0x74, 0x65, 
	0x84, 0xe9, 0x95, 0x6b, 0xa5, 0xaf, 0xbe, 0x33, 
	0xc6, 0x75, 0xc6, 0x73, 0xc6, 0xb5, 0xce, 0xb7, 
	0xd6, 0xf7, 0xe7, 0x7b, 0xf7, 0xbd, 0xff, 0xff, 
	0xff, 0xff, 0xff, 0xff, 0xff, 0xff, 0x23, 0xb7, 
	0x1b, 0x77, 0x24, 0xbf, 0x09, 0x11, 0x11, 0x0d, 
	0x2a, 0x5f, 0x1b, 0xfd, 0x12, 0x23, 0x1b, 0x73, 
	0x09, 0x53, 0xff, 0xff, 0xff, 0xff, 0xff, 0xff, 
	0xff, 0xff, 0xff, 0xff, 0xff, 0xff, 0xff, 0xff, 
	0xff, 0xff, 0xff, 0xff, 0xff, 0xff, 0xef, 0xff, 
	0xe7, 0x7d, 0xdf, 0x7d, 0xdf, 0xbd, 0xff, 0xff, 
	0xff, 0xff, 0xf7, 0xff, 0xf7, 0xff, 0xff, 0xff, 
	0xf7, 0xff, 0xcf, 0x7d, 0xae, 0x75, 0x95, 0x6d, 
	0x9d, 0xb1, 0x84, 0xe9, 0x3a, 0x97, 0x7c, 0xa7, 
	0xce, 0xb5, 0xff, 0xff, 0xff, 0xff, 0xff, 0xff, 
	0xff, 0xff, 0xff, 0xff, 0xf7, 0xbd, 0xef, 0xbd, 
	0xef, 0xbd, 0xef, 0xbd, 0xf7, 0xbd, 0xf7, 0xbf, 
	0xff, 0xff, 0xff, 0xff, 0xff, 0xff, 0xff, 0xff, 
	0xff, 0xff, 0xff, 0xff, 0xff, 0xff, 0xff, 0xff, 
	0xff, 0xff, 0xff, 0xff, 0xff, 0xff, 0xff, 0xff, 
	0xff, 0xff, 0xff, 0xff, 0xff, 0xff, 0x23, 0xb7, 
	0x1b, 0xb9, 0x24, 0xbf, 0x09, 0x0f, 0x11, 0x0d, 
	0x2a, 0x5f, 0x1b, 0xfd, 0x12, 0x21, 0x1b, 0x75, 
	0x09, 0x53, 0xf7, 0xff, 0xf7, 0xff, 0xf7, 0xff, 
	0xf7, 0xff, 0xf7, 0xff, 0xf7, 0xff, 0xf7, 0xff, 
	0xf7, 0xff, 0xff, 0xff, 0xff, 0xff, 0xff, 0xff, 
	0xff, 0xff, 0xef, 0xbd, 0xe7, 0xff, 0xff, 0xff, 
	0xff, 0xff, 0xf7, 0xff, 0xff, 0xff, 0xef, 0xff, 
	0xbe, 0xf9, 0xa6, 0x33, 0xa5, 0xf3, 0x7c, 0xe9, 
	0x8d, 0x2b, 0x42, 0x97, 0x84, 0x65, 0xef, 0xbd, 
	0xff, 0xff, 0xff, 0xff, 0xff, 0xff, 0xff, 0xff, 
	0xff, 0xff, 0xff, 0xff, 0xff, 0xff, 0xff, 0xff, 
	0xff, 0xff, 0xff, 0xff, 0xff, 0xff, 0xff, 0xff, 
	0xff, 0xff, 0xff, 0xff, 0xff, 0xff, 0xff, 0xff, 
	0xff, 0xff, 0xff, 0xff, 0xff, 0xff, 0xff, 0xff, 
	0xff, 0xff, 0xff, 0xff, 0xff, 0xff, 0xff, 0xff, 
	0xff, 0xff, 0xff, 0xff, 0xff, 0xff, 0x23, 0xb7, 
	0x1b, 0xb9, 0x24, 0xff, 0x09, 0x0f, 0x11, 0x0d, 
	0x2a, 0x5f, 0x1b, 0xff, 0x09, 0xdf, 0x1b, 0x77, 
	0x09, 0x53, 0xef, 0xff, 0xef, 0xff, 0xef, 0xff, 
	0xef, 0xff, 0xf7, 0xff, 0xf7, 0xff, 0xff, 0xff, 
	0xff, 0xff, 0xff, 0xff, 0xff, 0xff, 0xff, 0xff, 
	0xff, 0xff, 0xce, 0xb7, 0xc6, 0xf9, 0xdf, 0xbd, 
	0xe7, 0xbf, 0xe7, 0xff, 0xd7, 0x7d, 0x9d, 0xf1, 
	0xae, 0x35, 0xb6, 0x75, 0x8d, 0x2b, 0x9d, 0xaf, 
	0xad, 0xaf, 0xce, 0xb5, 0xff, 0xff, 0xff, 0xff, 
	0xff, 0xff, 0xff, 0xff, 0xff, 0xff, 0xff, 0xff, 
	0xff, 0xff, 0xff, 0xff, 0xff, 0xff, 0xff, 0xff, 
	0xff, 0xff, 0xff, 0xff, 0xff, 0xff, 0xff, 0xff, 
	0xf7, 0xff, 0xf7, 0xff, 0xf7, 0xff, 0xf7, 0xff, 
	0xf7, 0xff, 0xf7, 0xff, 0xf7, 0xff, 0xf7, 0xff, 
	0xf7, 0xff, 0xf7, 0xff, 0xf7, 0xff, 0xf7, 0xff, 
	0xf7, 0xff, 0xf7, 0xff, 0xef, 0xff, 0x23, 0x73, 
	0x1b, 0xb9, 0x24, 0xbf, 0x09, 0x11, 0x11, 0x0d, 
	0x2a, 0x5f, 0x24, 0x3f, 0x09, 0xdd, 0x1b, 0x75, 
	0x09, 0x53, 0xe7, 0xff, 0xe7, 0xff, 0xe7, 0xff, 
	0xef, 0xff, 0xef, 0xff, 0xef, 0xff, 0xef, 0xff, 
	0xf7, 0xff, 0xf7, 0xff, 0xf7, 0xff, 0xff, 0xff, 
	0xff, 0xff, 0xdf, 0x7b, 0xa5, 0xf1, 0xb6, 0x75, 
	0xd7, 0x7d, 0xdf, 0xbf, 0xc6, 0xf9, 0xc6, 0xf9, 
	0xdf, 0xbf, 0xdf, 0x7d, 0xe7, 0xbd, 0xef, 0xff, 
	0xf7, 0xff, 0xf7, 0xff, 0xef, 0xff, 0xe7, 0xff, 
	0xe7, 0xff, 0xef, 0xff, 0xef, 0xff, 0xef, 0xff, 
	0xef, 0xff, 0xef, 0xff, 0xef, 0xff, 0xef, 0xff, 
	0xef, 0xff, 0xe7, 0xff, 0xe7, 0xff, 0xe7, 0xff, 
	0xe7, 0xff, 0xe7, 0xff, 0xe7, 0xff, 0xe7, 0xff, 
	0xe7, 0xff, 0xe7, 0xff, 0xe7, 0xff, 0xe7, 0xff, 
	0xe7, 0xff, 0xe7, 0xff, 0xe7, 0xff, 0xe7, 0xff, 
	0xe7, 0xff, 0xe7, 0xff, 0xe7, 0xff, 0x23, 0x73, 
	0x1b, 0xb9, 0x24, 0xbf, 0x09, 0x53, 0x11, 0x0d, 
	0x2a, 0x5f, 0x1b, 0xff, 0x09, 0x9b, 0x1b, 0x73, 
	0x09, 0x53, 0xdf, 0x7d, 0xdf, 0x7d, 0xdf, 0x7d, 
	0xdf, 0x7d, 0xdf, 0x7d, 0xdf, 0x7d, 0xdf, 0xbf, 
	0xdf, 0xbf, 0xdf, 0xbf, 0xe7, 0xff, 0xe7, 0xff, 
	0xe7, 0xff, 0xe7, 0xff, 0xdf, 0xbf, 0xdf, 0xbf, 
	0xdf, 0xbf, 0xdf, 0xbd, 0xdf, 0x7d, 0xdf, 0xbf, 
	0xdf, 0x7d, 0xdf, 0x7d, 0xd7, 0x7d, 0xd7, 0x3b, 
	0xcf, 0x3b, 0xcf, 0x3b, 0xcf, 0x3b, 0xce, 0xfb, 
	0xcf, 0x3b, 0xcf, 0x3b, 0xcf, 0x3b, 0xd7, 0x3b, 
	0xd7, 0x3b, 0xd7, 0x7d, 0xd7, 0x7d, 0xd7, 0x7d, 
	0xd7, 0x7d, 0xd7, 0x7d, 0xd7, 0x3d, 0xd7, 0x3d, 
	0xd7, 0x7d, 0xd7, 0x7d, 0xd7, 0x7d, 0xd7, 0x7d, 
	0xd7, 0x7d, 0xd7, 0x7d, 0xd7, 0x7d, 0xdf, 0x7d, 
	0xdf, 0x7d, 0xdf, 0x7f, 0xdf, 0xbf, 0xdf, 0xbf, 
	0xdf, 0xbf, 0xdf, 0xbf, 0xe7, 0xbf, 0x23, 0x73, 
	0x1b, 0xbd, 0x24, 0xbf, 0x09, 0x55, 0x11, 0x0d, 
	0x2a, 0x5f, 0x1b, 0xfd, 0x09, 0x9b, 0x1b, 0x75, 
	0x1b, 0x2f, 0x23, 0xf7, 0x24, 0x39, 0x24, 0x3d, 
	0x24, 0x7f, 0x24, 0x3d, 0x24, 0x7f, 0x24, 0x7f, 
	0x24, 0x7f, 0x24, 0x7f, 0x24, 0x7f, 0x24, 0x7f, 
	0x24, 0x7f, 0x24, 0x7f, 0x24, 0x7f, 0x24, 0x7f, 
	0x24, 0x7f, 0x24, 0x7f, 0x24, 0x7f, 0x24, 0x7f, 
	0x24, 0x7f, 0x24, 0x7f, 0x24, 0x7f, 0x24, 0x7f, 
	0x24, 0x7f, 0x24, 0x7f, 0x24, 0x7f, 0x24, 0x3d, 
	0x24, 0x7f, 0x24, 0x7f, 0x24, 0x7f, 0x24, 0x7f, 
	0x24, 0x7f, 0x24, 0x3d, 0x24, 0x3d, 0x24, 0x3d, 
	0x24, 0x3d, 0x24, 0x3d, 0x1c, 0x3d, 0x1c, 0x3d, 
	0x1c, 0x3d, 0x1c, 0x3d, 0x1c, 0x3d, 0x1c, 0x3d, 
	0x1c, 0x3d, 0x1c, 0x3d, 0x1c, 0x3b, 0x1c, 0x3b, 
	0x1c, 0x3b, 0x1c, 0x3b, 0x1c, 0x3b, 0x1c, 0x3b, 
	0x1b, 0xfb, 0x1b, 0xf9, 0x1b, 0xf9, 0x24, 0xff, 
	0x24, 0x3f, 0x25, 0x3f, 0x09, 0x55, 0x11, 0x0d, 
	0x2a, 0x5f, 0x1b, 0xfd, 0x12, 0x65, 0x1b, 0xb9, 
	0x24, 0x3b, 0x23, 0xf7, 0x23, 0xb3, 0x1b, 0xb3, 
	0x1b, 0x71, 0x1b, 0x71, 0x1b, 0x2f, 0x1b, 0x71, 
	0x1b, 0x2f, 0x1b, 0x2f, 0x1b, 0x2f, 0x1b, 0x2f, 
	0x1b, 0x71, 0x1b, 0x2f, 0x1b, 0x2f, 0x1b, 0x71, 
	0x1b, 0x71, 0x1b, 0x2f, 0x1b, 0x71, 0x1b, 0x2f, 
	0x1b, 0x2f, 0x1b, 0x2f, 0x1b, 0x2f, 0x1b, 0x2f, 
	0x1b, 0x2f, 0x1b, 0x2f, 0x1b, 0x71, 0x1b, 0x2f, 
	0x1b, 0x71, 0x1b, 0x2f, 0x1b, 0x2f, 0x1b, 0x2f, 
	0x1b, 0x6f, 0x1b, 0x2f, 0x1b, 0x2f, 0x1b, 0x2f, 
	0x1b, 0x2f, 0x1b, 0x2f, 0x1b, 0x2f, 0x1b, 0x2f, 
	0x1b, 0x2f, 0x1b, 0x31, 0x1b, 0x31, 0x1b, 0x2f, 
	0x1b, 0x31, 0x1b, 0x31, 0x1b, 0x71, 0x1b, 0x71, 
	0x1b, 0x2f, 0x1b, 0x71, 0x1b, 0x71, 0x1b, 0x71, 
	0x1b, 0xb5, 0x1b, 0xb7, 0x1b, 0xb7, 0x24, 0x39, 
	0x2b, 0xf5, 0x35, 0xff, 0x08, 0xcb, 0x11, 0x0d, 
	0x2a, 0x5f, 0x1b, 0x2f, 0x25, 0x3f, 0x25, 0x3f, 
	0x2d, 0xbf, 0x35, 0xff, 0x2d, 0xbf, 0x2d, 0x7f, 
	0x2d, 0x3f, 0x2d, 0x3f, 0x2c, 0xff, 0x2c, 0xff, 
	0x2c, 0xff, 0x2c, 0xff, 0x24, 0xbf, 0x2c, 0xff, 
	0x24, 0xbf, 0x2c, 0xbf, 0x2c, 0xbf, 0x24, 0x7f, 
	0x2c, 0xbf, 0x24, 0x7f, 0x24, 0xbf, 0x2c, 0xbf, 
	0x24, 0x7f, 0x24, 0xbf, 0x24, 0x7f, 0x24, 0xbf, 
	0x24, 0x7f, 0x24, 0x7f, 0x24, 0x7f, 0x2c, 0xbf, 
	0x2c, 0xbf, 0x2c, 0xbf, 0x24, 0x7f, 0x2c, 0xbf, 
	0x24, 0xbf, 0x2c, 0xbf, 0x2c, 0xbf, 0x2c, 0xbf, 
	0x2c, 0xbf, 0x24, 0xbf, 0x2c, 0xff, 0x2c, 0xff, 
	0x24, 0xbf, 0x2c, 0xff, 0x2c, 0xff, 0x2c, 0xff, 
	0x2c, 0xff, 0x2c, 0xff, 0x2c, 0xff, 0x2c, 0xff, 
	0x2c, 0xff, 0x2c, 0xff, 0x2c, 0xff, 0x2d, 0x3f, 
	0x2d, 0x7f, 0x2d, 0x7f, 0x2d, 0x7f, 0x35, 0xbf, 
	0x46, 0xbf, 0x24, 0x33, 0x08, 0x89, 0x11, 0x0d, 
	0x2a, 0x5f, 0x22, 0x1d, 0x11, 0x0f, 0x08, 0x89, 
	0x08, 0xcb, 0x08, 0x8b, 0x08, 0x89, 0x08, 0xc9, 
	0x08, 0xc9, 0x08, 0xcb, 0x08, 0xc9, 0x08, 0xc9, 
	0x08, 0xcb, 0x08, 0xc9, 0x08, 0xc9, 0x08, 0xc9, 
	0x08, 0xcb, 0x08, 0xc9, 0x08, 0xcb, 0x08, 0xc9, 
	0x08, 0xc9, 0x08, 0xc9, 0x08, 0xcb, 0x08, 0xcb, 
	0x08, 0xcb, 0x08, 0xcb, 0x08, 0xcb, 0x08, 0xcb, 
	0x08, 0xcb, 0x08, 0xcb, 0x08, 0xcb, 0x08, 0xcb, 
	0x08, 0xcb, 0x08, 0xcb, 0x08, 0xcb, 0x08, 0xcb, 
	0x08, 0xcb, 0x08, 0xcb, 0x08, 0xcb, 0x08, 0xcb, 
	0x08, 0xcb, 0x08, 0xcb, 0x08, 0xcb, 0x08, 0xcb, 
	0x08, 0xcb, 0x08, 0xcb, 0x08, 0xcb, 0x08, 0xcb, 
	0x08, 0xcb, 0x08, 0xcb, 0x08, 0x8b, 0x08, 0x8b, 
	0x08, 0x8b, 0x08, 0x8b, 0x08, 0xcb, 0x08, 0xcb, 
	0x08, 0xcb, 0x08, 0xcb, 0x08, 0xcd, 0x08, 0xcf, 
	0x08, 0xcb, 0x08, 0x89, 0x11, 0x0d, 0x11, 0x0d, 
	0x2a, 0x5f, 0x22, 0x1d, 0x11, 0x0f, 0x08, 0x89, 
	0x08, 0xcb, 0x08, 0x8b, 0x08, 0x89, 0x08, 0xc9, 
	0x08, 0xc9, 0x08, 0xcb, 0x08, 0xc9, 0x08, 0xc9, 
	0x08, 0xcb, 0x08, 0xc9, 0x08, 0xc9, 0x08, 0xc9, 
	0x08, 0xcb, 0x08, 0xc9, 0x08, 0xcb, 0x08, 0xc9, 
	0x08, 0xc9, 0x08, 0xc9, 0x08, 0xcb, 0x08, 0xcb, 
	0x08, 0xcb, 0x08, 0xcb, 0x08, 0xcb, 0x08, 0xcb, 
	0x08, 0xcb, 0x08, 0xcb, 0x08, 0xcb, 0x08, 0xcb, 
	0x08, 0xcb, 0x08, 0xcb, 0x08, 0xcb, 0x08, 0xcb, 
	0x08, 0xcb, 0x08, 0xcb, 0x08, 0xcb, 0x08, 0xcb, 
	0x08, 0xcb, 0x08, 0xcb, 0x08, 0xcb, 0x08, 0xcb, 
	0x08, 0xcb, 0x08, 0xcb, 0x08, 0xcb, 0x08, 0xcb, 
	0x08, 0xcb, 0x08, 0xcb, 0x08, 0x8b, 0x08, 0x8b, 
	0x08, 0x8b, 0x08, 0x8b, 0x08, 0xcb, 0x08, 0xcb, 
	0x08, 0xcb, 0x08, 0xcb, 0x08, 0xcd, 0x08, 0xcf, 
	0x08, 0xcb, 0x08, 0x89, 0x11, 0x0d, 0x11, 0x0d, 
	
};

Gfx castle_inside_dl_segment2_11C58_rgba16_ci8_aligner[] = {gsSPEndDisplayList()};
u8 castle_inside_dl_segment2_11C58_rgba16_ci8[] = {
	0x00, 0x01, 0x00, 0x02, 0x03, 0x00, 0x00, 0x00, 
	0x04, 0x05, 0x06, 0x07, 0x07, 0x08, 0x09, 0x0a, 
	0x0b, 0x0c, 0x01, 0x00, 0x04, 0x0d, 0x0e, 0x0e, 
	0x0e, 0x0e, 0x0f, 0x0c, 0x0c, 0x0c, 0x04, 0x04, 
	0x01, 0x01, 0x10, 0x04, 0x11, 0x12, 0x0a, 0x08, 
	0x02, 0x13, 0x14, 0x15, 0x16, 0x16, 0x03, 0x04, 
	0x02, 0x01, 0x17, 0x17, 0x17, 0x01, 0x18, 0x18, 
	0x19, 0x19, 0x1a, 0x19, 0x19, 0x19, 0x18, 0x00, 
	0x01, 0x17, 0x1b, 0x1c, 0x0b, 0x1d, 0x1e, 0x1f, 
	0x1f, 0x20, 0x16, 0x21, 0x04, 0x22, 0x23, 0x02, 
	0x22, 0x22, 0x01, 0x19, 0x17, 0x19, 0x24, 0x25, 
	0x25, 0x25, 0x25, 0x26, 0x26, 0x24, 0x19, 0x19, 
	0x19, 0x19, 0x27, 0x28, 0x29, 0x1c, 0x21, 0x2a, 
	0x1f, 0x2a, 0x09, 0x0a, 0x00, 0x09, 0x04, 0x04, 
	0x0c, 0x00, 0x01, 0x19, 0x19, 0x24, 0x25, 0x25, 
	0x25, 0x26, 0x26, 0x26, 0x26, 0x26, 0x24, 0x19, 
	0x2b, 0x24, 0x24, 0x18, 0x2c, 0x21, 0x0d, 0x15, 
	0x16, 0x0d, 0x04, 0x00, 0x00, 0x04, 0x04, 0x0c, 
	0x00, 0x0e, 0x17, 0x19, 0x24, 0x25, 0x25, 0x25, 
	0x26, 0x26, 0x26, 0x26, 0x26, 0x26, 0x25, 0x24, 
	0x26, 0x26, 0x25, 0x18, 0x2d, 0x2c, 0x09, 0x0d, 
	0x09, 0x0c, 0x00, 0x01, 0x17, 0x17, 0x0e, 0x17, 
	0x17, 0x19, 0x24, 0x24, 0x24, 0x25, 0x25, 0x25, 
	0x26, 0x26, 0x26, 0x26, 0x26, 0x26, 0x2b, 0x2b, 
	0x25, 0x26, 0x26, 0x24, 0x18, 0x0f, 0x04, 0x03, 
	0x0c, 0x00, 0x17, 0x19, 0x19, 0x19, 0x19, 0x19, 
	0x24, 0x24, 0x24, 0x24, 0x25, 0x25, 0x25, 0x25, 
	0x25, 0x24, 0x24, 0x24, 0x26, 0x26, 0x24, 0x24, 
	0x25, 0x25, 0x24, 0x24, 0x24, 0x18, 0x0e, 0x18, 
	0x19, 0x18, 0x17, 0x19, 0x19, 0x19, 0x24, 0x24, 
	0x24, 0x24, 0x24, 0x24, 0x25, 0x25, 0x25, 0x25, 
	0x24, 0x19, 0x19, 0x19, 0x24, 0x25, 0x24, 0x24, 
	0x24, 0x25, 0x24, 0x24, 0x19, 0x19, 0x00, 0x0f, 
	0x18, 0x0e, 0x19, 0x17, 0x19, 0x24, 0x24, 0x24, 
	0x24, 0x24, 0x24, 0x24, 0x25, 0x25, 0x25, 0x25, 
	0x24, 0x0e, 0x0e, 0x19, 0x19, 0x24, 0x24, 0x24, 
	0x24, 0x24, 0x24, 0x19, 0x18, 0x18, 0x0c, 0x0c, 
	0x0f, 0x22, 0x18, 0x19, 0x24, 0x24, 0x24, 0x24, 
	0x24, 0x24, 0x24, 0x24, 0x25, 0x25, 0x25, 0x25, 
	0x24, 0x0e, 0x0e, 0x0e, 0x19, 0x24, 0x24, 0x24, 
	0x19, 0x18, 0x19, 0x27, 0x0f, 0x0f, 0x2c, 0x2c, 
	0x0c, 0x0c, 0x0e, 0x18, 0x19, 0x24, 0x24, 0x24, 
	0x24, 0x24, 0x24, 0x24, 0x24, 0x24, 0x24, 0x19, 
	0x1a, 0x0e, 0x0c, 0x0e, 0x19, 0x24, 0x24, 0x24, 
	0x0e, 0x2c, 0x0f, 0x12, 0x0c, 0x0c, 0x03, 0x2c, 
	0x04, 0x23, 0x04, 0x0c, 0x18, 0x19, 0x24, 0x24, 
	0x24, 0x24, 0x24, 0x24, 0x24, 0x19, 0x18, 0x0f, 
	0x0c, 0x0c, 0x0c, 0x0e, 0x24, 0x24, 0x24, 0x19, 
	0x0c, 0x2e, 0x1b, 0x21, 0x03, 0x03, 0x03, 0x03, 
	0x02, 0x2f, 0x2f, 0x23, 0x00, 0x18, 0x19, 0x17, 
	0x19, 0x19, 0x19, 0x19, 0x19, 0x0c, 0x2d, 0x2c, 
	0x2c, 0x2c, 0x04, 0x0f, 0x19, 0x24, 0x19, 0x18, 
	0x03, 0x2e, 0x1b, 0x0d, 0x0d, 0x09, 0x03, 0x02, 
	0x2f, 0x2f, 0x2f, 0x23, 0x04, 0x00, 0x0f, 0x0e, 
	0x18, 0x18, 0x18, 0x0e, 0x0f, 0x0e, 0x0c, 0x03, 
	0x12, 0x0c, 0x0c, 0x00, 0x19, 0x18, 0x18, 0x0f, 
	0x03, 0x0a, 0x03, 0x03, 0x03, 0x0c, 0x22, 0x2f, 
	0x2f, 0x2f, 0x30, 0x02, 0x02, 0x04, 0x0e, 0x27, 
	0x12, 0x2c, 0x2d, 0x0f, 0x00, 0x0e, 0x0f, 0x0f, 
	0x03, 0x0a, 0x0c, 0x0c, 0x0e, 0x17, 0x00, 0x0c, 
	0x2c, 0x03, 0x2c, 0x27, 0x18, 0x18, 0x0e, 0x10, 
	0x31, 0x0c, 0x09, 0x09, 0x09, 0x22, 0x0c, 0x12, 
	0x2e, 0x1c, 0x12, 0x2c, 0x0c, 0x00, 0x0c, 0x2c, 
	0x0a, 0x03, 0x0c, 0x22, 0x17, 0x24, 0x18, 0x22, 
	0x04, 0x00, 0x18, 0x18, 0x19, 0x19, 0x19, 0x17, 
	0x0e, 0x0c, 0x0d, 0x03, 0x22, 0x22, 0x2c, 0x2c, 
	0x12, 0x32, 0x0a, 0x04, 0x00, 0x0e, 0x03, 0x00, 
	0x01, 0x22, 0x00, 0x33, 0x17, 0x0e, 0x17, 0x00, 
	0x0e, 0x19, 0x24, 0x19, 0x19, 0x19, 0x19, 0x19, 
	0x19, 0x18, 0x04, 0x23, 0x23, 0x04, 0x03, 0x03, 
	0x11, 0x34, 0x04, 0x0e, 0x01, 0x17, 0x00, 0x17, 
	0x19, 0x17, 0x01, 0x17, 0x0e, 0x0e, 0x00, 0x19, 
	0x24, 0x24, 0x19, 0x19, 0x19, 0x19, 0x19, 0x19, 
	0x19, 0x1a, 0x0f, 0x00, 0x22, 0x04, 0x02, 0x2f, 
	0x30, 0x03, 0x22, 0x17, 0x17, 0x35, 0x36, 0x19, 
	0x24, 0x24, 0x19, 0x17, 0x0e, 0x01, 0x19, 0x24, 
	0x0e, 0x24, 0x24, 0x24, 0x24, 0x19, 0x19, 0x19, 
	0x19, 0x1a, 0x0e, 0x0e, 0x22, 0x22, 0x2f, 0x2f, 
	0x2f, 0x31, 0x01, 0x17, 0x19, 0x19, 0x19, 0x24, 
	0x24, 0x2b, 0x26, 0x19, 0x17, 0x17, 0x0e, 0x0e, 
	0x19, 0x19, 0x1a, 0x24, 0x24, 0x19, 0x19, 0x19, 
	0x19, 0x19, 0x1a, 0x18, 0x18, 0x00, 0x00, 0x00, 
	0x31, 0x0e, 0x17, 0x19, 0x19, 0x19, 0x19, 0x24, 
	0x2b, 0x2b, 0x2b, 0x2b, 0x2b, 0x19, 0x0e, 0x00, 
	0x04, 0x18, 0x24, 0x19, 0x19, 0x19, 0x19, 0x19, 
	0x19, 0x19, 0x1a, 0x1a, 0x18, 0x18, 0x0e, 0x17, 
	0x19, 0x17, 0x19, 0x24, 0x24, 0x19, 0x24, 0x24, 
	0x24, 0x24, 0x2b, 0x2b, 0x2b, 0x33, 0x19, 0x17, 
	0x0c, 0x10, 0x0f, 0x27, 0x18, 0x1a, 0x19, 0x19, 
	0x19, 0x19, 0x1a, 0x18, 0x0e, 0x18, 0x0e, 0x0e, 
	0x17, 0x19, 0x19, 0x19, 0x19, 0x24, 0x24, 0x24, 
	0x2b, 0x24, 0x19, 0x36, 0x17, 0x27, 0x2d, 0x0c, 
	0x0f, 0x36, 0x2d, 0x2d, 0x0f, 0x27, 0x18, 0x18, 
	0x1a, 0x18, 0x18, 0x0e, 0x18, 0x0f, 0x0e, 0x0e, 
	0x17, 0x19, 0x19, 0x19, 0x2b, 0x2b, 0x24, 0x24, 
	0x24, 0x24, 0x19, 0x17, 0x27, 0x0f, 0x29, 0x28, 
	0x17, 0x0e, 0x0c, 0x2d, 0x2e, 0x1b, 0x2d, 0x0f, 
	0x27, 0x0f, 0x18, 0x17, 0x0e, 0x01, 0x17, 0x0e, 
	0x0e, 0x17, 0x0e, 0x17, 0x19, 0x24, 0x2b, 0x24, 
	0x2b, 0x17, 0x0f, 0x17, 0x0f, 0x37, 0x2d, 0x28, 
	0x0e, 0x17, 0x17, 0x0e, 0x0f, 0x0f, 0x12, 0x2c, 
	0x2c, 0x2d, 0x0f, 0x18, 0x17, 0x0e, 0x0e, 0x01, 
	0x00, 0x00, 0x00, 0x00, 0x00, 0x17, 0x36, 0x19, 
	0x31, 0x0c, 0x0c, 0x0f, 0x38, 0x2e, 0x2e, 0x0f, 
	0x18, 0x17, 0x18, 0x18, 0x0e, 0x0e, 0x2c, 0x2d, 
	0x2d, 0x2d, 0x0f, 0x0e, 0x18, 0x01, 0x0e, 0x00, 
	0x0e, 0x00, 0x00, 0x03, 0x0d, 0x23, 0x07, 0x23, 
	0x23, 0x39, 0x02, 0x2d, 0x2e, 0x3a, 0x2d, 0x18, 
	0x0e, 0x18, 0x18, 0x17, 0x18, 0x18, 0x18, 0x0f, 
	0x0c, 0x0f, 0x27, 0x18, 0x18, 0x01, 0x0e, 0x0e, 
	0x0e, 0x0e, 0x22, 0x22, 0x16, 0x07, 0x08, 0x02, 
	0x23, 0x3b, 0x3c, 0x04, 0x2c, 0x04, 0x0c, 0x0f, 
	0x18, 0x19, 0x18, 0x17, 0x17, 0x18, 0x18, 0x18, 
	0x0e, 0x0e, 0x18, 0x17, 0x17, 0x18, 0x18, 0x18, 
	0x18, 0x0e, 0x22, 0x04, 0x2f, 0x2f, 0x14, 0x30, 
	0x21, 0x0a, 0x3d, 0x0a, 0x0a, 0x03, 0x2d, 0x0c, 
	0x19, 0x19, 0x17, 0x17, 0x17, 0x17, 0x17, 0x18, 
	0x0e, 0x0e, 0x00, 0x01, 0x17, 0x17, 0x01, 0x0e, 
	0x0e, 0x0e, 0x04, 0x2f, 0x2f, 0x30, 0x30, 0x30, 
	0x1e, 0x1d, 0x11, 0x16, 0x3e, 0x07, 0x00, 0x17, 
	0x19, 0x17, 0x17, 0x17, 0x17, 0x17, 0x17, 0x18, 
	0x0e, 0x00, 0x00, 0x0e, 0x0e, 0x0e, 0x0e, 0x00, 
	0x2c, 0x06, 0x39, 0x2f, 0x2f, 0x2f, 0x1f, 0x08, 
	0x2a, 0x1e, 0x2a, 0x2a, 0x1f, 0x09, 0x00, 0x19, 
	0x17, 0x0e, 0x0e, 0x0e, 0x18, 0x17, 0x17, 0x18, 
	0x0e, 0x0c, 0x04, 0x00, 0x22, 0x04, 0x04, 0x37, 
	0x34, 0x0a, 0x02, 0x08, 0x07, 0x2f, 0x08, 0x12, 
	0x0c, 0x0a, 0x0d, 0x09, 0x09, 0x09, 0x09, 0x00, 
	
};

Gfx castle_inside_dl_segment2_11C58_rgba16_pal_rgba16_aligner[] = {gsSPEndDisplayList()};
u8 castle_inside_dl_segment2_11C58_rgba16_pal_rgba16[] = {
	0x2b, 0xbf, 0x23, 0x7f, 0x34, 0x7f, 0x3c, 0x7f, 
	0x34, 0x3f, 0x35, 0x3f, 0x2c, 0xff, 0x2c, 0x7f, 
	0x34, 0xbf, 0x3c, 0xbf, 0x44, 0xbf, 0x5c, 0xff, 
	0x33, 0xff, 0x44, 0xff, 0x2b, 0x7f, 0x33, 0xbf, 
	0x23, 0xbf, 0x54, 0xff, 0x44, 0x7f, 0x4d, 0xff, 
	0x34, 0xff, 0x45, 0x3f, 0x3c, 0xff, 0x23, 0x3f, 
	0x2b, 0x3f, 0x22, 0xff, 0x2a, 0xff, 0x4c, 0xbf, 
	0x54, 0xbf, 0x55, 0x3f, 0x4d, 0x3f, 0x45, 0x7f, 
	0x4d, 0xbf, 0x4c, 0xff, 0x2b, 0xff, 0x2c, 0x3f, 
	0x22, 0xbf, 0x22, 0x7f, 0x1a, 0x7f, 0x33, 0x7f, 
	0x43, 0xff, 0x54, 0x7f, 0x4d, 0x7f, 0x1a, 0xbf, 
	0x3c, 0x3f, 0x3b, 0xff, 0x44, 0x3f, 0x24, 0x3f, 
	0x1c, 0x3f, 0x23, 0xff, 0x65, 0x7f, 0x1b, 0x7f, 
	0x5d, 0x3f, 0x1b, 0x3f, 0x1a, 0xff, 0x4c, 0x7f, 
	0x3b, 0xbf, 0x3d, 0x3f, 0x4c, 0x3f, 0x24, 0xbf, 
	0x55, 0x7f, 0x65, 0x3f, 0x2d, 0x3f, 
};

Gfx castle_inside_dl_rainbottom_ci8_aligner[] = {gsSPEndDisplayList()};
u8 castle_inside_dl_rainbottom_ci8[] = {
	0x00, 0x01, 0x01, 0x01, 0x01, 0x01, 0x01, 0x01, 
	0x02, 0x01, 0x01, 0x01, 0x01, 0x01, 0x01, 0x01, 
	0x01, 0x01, 0x01, 0x01, 0x01, 0x01, 0x03, 0x04, 
	0x05, 0x06, 0x07, 0x08, 0x03, 0x09, 0x06, 0x06, 
	0x0a, 0x08, 0x01, 0x01, 0x01, 0x01, 0x01, 0x01, 
	0x02, 0x01, 0x01, 0x01, 0x0b, 0x0a, 0x06, 0x06, 
	0x06, 0x06, 0x06, 0x06, 0x06, 0x06, 0x06, 0x06, 
	0x05, 0x06, 0x06, 0x06, 0x08, 0x01, 0x01, 0x01, 
	0x0c, 0x0d, 0x0d, 0x0d, 0x0d, 0x0c, 0x0d, 0x0d, 
	0x0c, 0x0d, 0x0d, 0x0d, 0x0c, 0x0c, 0x02, 0x02, 
	0x0d, 0x0d, 0x0c, 0x0d, 0x0e, 0x0f, 0x0f, 0x0f, 
	0x0f, 0x0f, 0x0f, 0x0f, 0x0f, 0x0f, 0x05, 0x10, 
	0x0f, 0x0f, 0x0f, 0x11, 0x0c, 0x0d, 0x0c, 0x0c, 
	0x0d, 0x02, 0x0d, 0x0d, 0x0d, 0x12, 0x07, 0x06, 
	0x0f, 0x0f, 0x0f, 0x0f, 0x0f, 0x0f, 0x0f, 0x0f, 
	0x0f, 0x13, 0x14, 0x15, 0x0c, 0x0c, 0x02, 0x01, 
	0x0c, 0x0d, 0x0c, 0x0d, 0x0d, 0x0d, 0x02, 0x0d, 
	0x0c, 0x0c, 0x0d, 0x0d, 0x0c, 0x0d, 0x02, 0x02, 
	0x0d, 0x0d, 0x0d, 0x0c, 0x16, 0x0f, 0x0f, 0x0f, 
	0x0f, 0x0f, 0x0f, 0x0f, 0x0f, 0x0f, 0x05, 0x17, 
	0x0f, 0x0f, 0x0f, 0x18, 0x19, 0x0d, 0x0d, 0x0d, 
	0x0d, 0x0d, 0x0d, 0x0d, 0x0c, 0x0c, 0x0c, 0x1a, 
	0x13, 0x0f, 0x0f, 0x16, 0x12, 0x1b, 0x05, 0x0f, 
	0x0f, 0x18, 0x19, 0x0d, 0x0d, 0x0c, 0x02, 0x02, 
	0x0c, 0x0d, 0x0d, 0x0d, 0x0d, 0x0d, 0x02, 0x0d, 
	0x0d, 0x0c, 0x0c, 0x0c, 0x0c, 0x0d, 0x02, 0x02, 
	0x1c, 0x0c, 0x0d, 0x0c, 0x18, 0x0f, 0x0f, 0x0f, 
	0x0f, 0x0f, 0x0f, 0x0f, 0x0f, 0x0f, 0x05, 0x17, 
	0x0f, 0x0f, 0x0f, 0x18, 0x1c, 0x0c, 0x0c, 0x0c, 
	0x0c, 0x02, 0x0c, 0x0d, 0x0c, 0x0d, 0x02, 0x02, 
	0x1d, 0x07, 0x1e, 0x1f, 0x0d, 0x0c, 0x1a, 0x14, 
	0x11, 0x20, 0x0c, 0x0c, 0x0c, 0x0c, 0x0d, 0x0d, 
	0x1c, 0x0d, 0x01, 0x00, 0x21, 0x21, 0x00, 0x01, 
	0x02, 0x0d, 0x0c, 0x1c, 0x0c, 0x0c, 0x0c, 0x0d, 
	0x0c, 0x0c, 0x0c, 0x0c, 0x1d, 0x05, 0x0f, 0x0f, 
	0x0f, 0x0f, 0x0f, 0x0f, 0x0f, 0x0f, 0x05, 0x17, 
	0x0f, 0x0f, 0x18, 0x22, 0x0c, 0x0c, 0x0c, 0x0c, 
	0x0c, 0x0c, 0x0c, 0x0c, 0x0c, 0x0c, 0x0d, 0x02, 
	0x1c, 0x1c, 0x0c, 0x0d, 0x0d, 0x0d, 0x0d, 0x0c, 
	0x0c, 0x23, 0x24, 0x24, 0x24, 0x24, 0x23, 0x25, 
	0x26, 0x27, 0x28, 0x28, 0x28, 0x28, 0x28, 0x28, 
	0x27, 0x01, 0x0d, 0x0d, 0x0c, 0x0c, 0x0d, 0x0d, 
	0x1c, 0x1c, 0x1c, 0x1c, 0x1c, 0x1d, 0x18, 0x0f, 
	0x0f, 0x0f, 0x0f, 0x05, 0x05, 0x05, 0x05, 0x17, 
	0x0f, 0x07, 0x20, 0x0c, 0x0c, 0x0c, 0x0c, 0x0c, 
	0x0c, 0x0c, 0x0c, 0x0c, 0x0c, 0x0c, 0x0d, 0x02, 
	0x1c, 0x0c, 0x0c, 0x0c, 0x0d, 0x0c, 0x0c, 0x23, 
	0x29, 0x2a, 0x2b, 0x2b, 0x2b, 0x2a, 0x2a, 0x2a, 
	0x2a, 0x2c, 0x28, 0x28, 0x28, 0x28, 0x28, 0x28, 
	0x28, 0x28, 0x21, 0x01, 0x0d, 0x02, 0x02, 0x0d, 
	0x1c, 0x02, 0x02, 0x0d, 0x02, 0x02, 0x19, 0x09, 
	0x18, 0x10, 0x07, 0x2d, 0x1f, 0x1e, 0x06, 0x18, 
	0x05, 0x1f, 0x02, 0x02, 0x02, 0x02, 0x02, 0x02, 
	0x02, 0x02, 0x02, 0x02, 0x02, 0x02, 0x02, 0x0d, 
	0x1c, 0x02, 0x02, 0x02, 0x02, 0x25, 0x2e, 0x2a, 
	0x2a, 0x2a, 0x2a, 0x2a, 0x2a, 0x2a, 0x2a, 0x2a, 
	0x2a, 0x2f, 0x30, 0x28, 0x28, 0x28, 0x28, 0x28, 
	0x28, 0x28, 0x28, 0x21, 0x02, 0x02, 0x02, 0x02, 
	0x02, 0x02, 0x02, 0x02, 0x02, 0x02, 0x02, 0x0b, 
	0x08, 0x1a, 0x31, 0x02, 0x02, 0x25, 0x32, 0x08, 
	0x19, 0x02, 0x02, 0x02, 0x02, 0x02, 0x02, 0x02, 
	0x02, 0x02, 0x02, 0x02, 0x02, 0x02, 0x02, 0x02, 
	0x02, 0x02, 0x02, 0x02, 0x02, 0x33, 0x34, 0x35, 
	0x2f, 0x35, 0x35, 0x35, 0x35, 0x35, 0x35, 0x2a, 
	0x36, 0x36, 0x2a, 0x37, 0x28, 0x28, 0x28, 0x28, 
	0x28, 0x28, 0x28, 0x38, 0x0c, 0x39, 0x1c, 0x1c, 
	0x39, 0x39, 0x39, 0x39, 0x39, 0x1c, 0x39, 0x0c, 
	0x1c, 0x39, 0x39, 0x39, 0x39, 0x39, 0x39, 0x1c, 
	0x39, 0x39, 0x39, 0x39, 0x39, 0x39, 0x39, 0x0c, 
	0x1c, 0x39, 0x1c, 0x39, 0x39, 0x39, 0x39, 0x39, 
	0x39, 0x39, 0x1c, 0x39, 0x3a, 0x36, 0x36, 0x2a, 
	0x36, 0x36, 0x36, 0x36, 0x36, 0x36, 0x36, 0x36, 
	0x36, 0x2b, 0x2b, 0x2c, 0x28, 0x28, 0x28, 0x28, 
	0x28, 0x28, 0x28, 0x28, 0x21, 0x1c, 0x1c, 0x1c, 
	0x1c, 0x1c, 0x1c, 0x1c, 0x1c, 0x1c, 0x0c, 0x0c, 
	0x39, 0x0c, 0x3a, 0x3b, 0x3b, 0x3a, 0x3a, 0x1c, 
	0x1c, 0x1c, 0x1c, 0x0c, 0x02, 0x02, 0x02, 0x02, 
	0x1c, 0x1c, 0x1c, 0x1c, 0x1c, 0x1c, 0x1c, 0x39, 
	0x1c, 0x1c, 0x1c, 0x1c, 0x24, 0x36, 0x2a, 0x2a, 
	0x36, 0x2b, 0x36, 0x2b, 0x2b, 0x36, 0x36, 0x36, 
	0x2b, 0x2b, 0x2b, 0x2f, 0x28, 0x28, 0x28, 0x28, 
	0x28, 0x28, 0x28, 0x28, 0x38, 0x0c, 0x1c, 0x1c, 
	0x1c, 0x1c, 0x1c, 0x1c, 0x1c, 0x1c, 0x0c, 0x25, 
	0x3c, 0x29, 0x29, 0x36, 0x36, 0x36, 0x29, 0x24, 
	0x3a, 0x01, 0x21, 0x38, 0x28, 0x28, 0x28, 0x27, 
	0x01, 0x0c, 0x0c, 0x1c, 0x1c, 0x1c, 0x1c, 0x1c, 
	0x1c, 0x1c, 0x1c, 0x3d, 0x29, 0x2b, 0x2a, 0x2a, 
	0x36, 0x2b, 0x2b, 0x2b, 0x2b, 0x2b, 0x2b, 0x2b, 
	0x2b, 0x2b, 0x2b, 0x2a, 0x28, 0x28, 0x28, 0x28, 
	0x28, 0x28, 0x28, 0x28, 0x38, 0x0d, 0x1c, 0x1c, 
	0x1c, 0x1c, 0x1c, 0x1c, 0x39, 0x39, 0x3a, 0x29, 
	0x36, 0x2b, 0x2b, 0x2b, 0x2b, 0x2b, 0x2b, 0x2b, 
	0x29, 0x3e, 0x28, 0x28, 0x28, 0x28, 0x28, 0x28, 
	0x28, 0x21, 0x02, 0x1c, 0x1c, 0x1c, 0x1c, 0x1c, 
	0x1c, 0x1c, 0x1c, 0x3a, 0x29, 0x2b, 0x2a, 0x2a, 
	0x36, 0x2b, 0x2b, 0x2b, 0x2b, 0x2b, 0x2b, 0x2b, 
	0x2b, 0x2b, 0x2b, 0x2a, 0x28, 0x28, 0x28, 0x28, 
	0x28, 0x28, 0x28, 0x28, 0x28, 0x02, 0x1c, 0x39, 
	0x39, 0x1c, 0x1c, 0x1c, 0x39, 0x3d, 0x29, 0x2a, 
	0x2b, 0x2b, 0x2b, 0x2b, 0x2b, 0x2b, 0x2b, 0x2b, 
	0x2b, 0x2a, 0x2c, 0x28, 0x28, 0x28, 0x28, 0x28, 
	0x28, 0x28, 0x27, 0x0c, 0x1c, 0x1c, 0x1c, 0x1c, 
	0x1c, 0x1c, 0x02, 0x3e, 0x2a, 0x2b, 0x2a, 0x2a, 
	0x2b, 0x2b, 0x2b, 0x2b, 0x2a, 0x2b, 0x2b, 0x2b, 
	0x2b, 0x2b, 0x2b, 0x2a, 0x28, 0x28, 0x28, 0x28, 
	0x28, 0x28, 0x28, 0x28, 0x28, 0x02, 0x1c, 0x1c, 
	0x1c, 0x39, 0x39, 0x1c, 0x1c, 0x3c, 0x2a, 0x2a, 
	0x2b, 0x2b, 0x2b, 0x2b, 0x2b, 0x2b, 0x2b, 0x2b, 
	0x2b, 0x2b, 0x2a, 0x37, 0x28, 0x28, 0x28, 0x28, 
	0x28, 0x28, 0x28, 0x00, 0x1c, 0x39, 0x39, 0x1c, 
	0x1c, 0x02, 0x38, 0x2c, 0x2a, 0x2b, 0x2a, 0x2a, 
	0x2b, 0x2b, 0x2b, 0x2b, 0x2b, 0x2b, 0x2b, 0x2b, 
	0x2a, 0x2a, 0x2a, 0x2f, 0x28, 0x28, 0x28, 0x28, 
	0x28, 0x28, 0x28, 0x28, 0x28, 0x01, 0x0c, 0x0c, 
	0x0d, 0x0c, 0x0c, 0x0c, 0x0c, 0x2a, 0x2a, 0x2a, 
	0x36, 0x2a, 0x2a, 0x2a, 0x2a, 0x2a, 0x2a, 0x2a, 
	0x2a, 0x2a, 0x2a, 0x2c, 0x28, 0x28, 0x28, 0x28, 
	0x28, 0x28, 0x28, 0x38, 0x02, 0x0c, 0x1c, 0x0c, 
	0x02, 0x38, 0x28, 0x2c, 0x2a, 0x2a, 0x2a, 0x2a, 
	0x36, 0x2a, 0x2a, 0x2a, 0x2a, 0x2a, 0x2a, 0x2a, 
	0x35, 0x35, 0x35, 0x2f, 0x28, 0x28, 0x28, 0x28, 
	0x28, 0x28, 0x28, 0x28, 0x28, 0x01, 0x0c, 0x0c, 
	0x0c, 0x02, 0x01, 0x00, 0x3f, 0x2a, 0x2a, 0x2a, 
	0x2a, 0x35, 0x35, 0x35, 0x35, 0x2a, 0x2a, 0x35, 
	0x35, 0x35, 0x35, 0x2c, 0x28, 0x28, 0x28, 0x28, 
	0x30, 0x2c, 0x2f, 0x2f, 0x33, 0x2e, 0x25, 0x25, 
	0x00, 0x28, 0x28, 0x30, 0x35, 0x35, 0x35, 0x2a, 
	0x2a, 0x2a, 0x35, 0x35, 0x35, 0x35, 0x35, 0x35, 
	0x36, 0x36, 0x36, 0x2a, 0x28, 0x28, 0x28, 0x28, 
	0x28, 0x28, 0x28, 0x28, 0x28, 0x0c, 0x40, 0x39, 
	0x0c, 0x00, 0x38, 0x28, 0x2f, 0x36, 0x36, 0x36, 
	0x36, 0x36, 0x36, 0x36, 0x36, 0x36, 0x36, 0x2b, 
	0x36, 0x36, 0x36, 0x2f, 0x28, 0x28, 0x3e, 0x2a, 
	0x36, 0x36, 0x36, 0x36, 0x36, 0x36, 0x36, 0x29, 
	0x34, 0x30, 0x28, 0x2f, 0x36, 0x36, 0x36, 0x36, 
	0x36, 0x36, 0x36, 0x36, 0x36, 0x36, 0x36, 0x2b, 
	0x36, 0x36, 0x36, 0x2a, 0x28, 0x28, 0x28, 0x28, 
	0x28, 0x28, 0x28, 0x28, 0x28, 0x0d, 0x1c, 0x01, 
	0x38, 0x28, 0x28, 0x28, 0x2c, 0x36, 0x36, 0x36, 
	0x36, 0x2b, 0x36, 0x2b, 0x36, 0x36, 0x2b, 0x2a, 
	0x36, 0x36, 0x36, 0x2f, 0x28, 0x2f, 0x2b, 0x36, 
	0x36, 0x2b, 0x36, 0x2b, 0x36, 0x36, 0x2b, 0x2a, 
	0x2b, 0x2a, 0x30, 0x2f, 0x2b, 0x36, 0x2b, 0x36, 
	0x36, 0x36, 0x36, 0x2b, 0x36, 0x2b, 0x36, 0x2a, 
	0x36, 0x2b, 0x2b, 0x2a, 0x28, 0x28, 0x28, 0x28, 
	0x28, 0x28, 0x37, 0x30, 0x30, 0x25, 0x01, 0x28, 
	0x28, 0x28, 0x28, 0x28, 0x3e, 0x2b, 0x2b, 0x2b, 
	0x2b, 0x2b, 0x2b, 0x2b, 0x2b, 0x2b, 0x2a, 0x2a, 
	0x2b, 0x36, 0x2b, 0x2f, 0x2f, 0x2a, 0x2b, 0x2b, 
	0x2a, 0x2b, 0x2b, 0x2b, 0x36, 0x2b, 0x2a, 0x2a, 
	0x2b, 0x2b, 0x2a, 0x2f, 0x2b, 0x2b, 0x2b, 0x2b, 
	0x2b, 0x2b, 0x2b, 0x2b, 0x2b, 0x2b, 0x2b, 0x2a, 
	0x36, 0x36, 0x2b, 0x2a, 0x28, 0x28, 0x28, 0x37, 
	0x2f, 0x2a, 0x2a, 0x2a, 0x2a, 0x29, 0x2a, 0x3e, 
	0x30, 0x28, 0x28, 0x28, 0x2f, 0x2b, 0x2b, 0x2b, 
	0x2b, 0x2b, 0x2a, 0x2b, 0x2b, 0x2b, 0x2b, 0x2a, 
	0x36, 0x36, 0x2b, 0x2a, 0x2a, 0x2b, 0x2b, 0x2b, 
	0x36, 0x2b, 0x2b, 0x2b, 0x2b, 0x2b, 0x2b, 0x2a, 
	0x36, 0x36, 0x2b, 0x2a, 0x2a, 0x2b, 0x2b, 0x2b, 
	0x2b, 0x2b, 0x2b, 0x2b, 0x2b, 0x2b, 0x2a, 0x2a, 
	0x36, 0x36, 0x2b, 0x2a, 0x37, 0x28, 0x2c, 0x2a, 
	0x2b, 0x2b, 0x2b, 0x2b, 0x2b, 0x2b, 0x2b, 0x2a, 
	0x2a, 0x2f, 0x28, 0x28, 0x2f, 0x2b, 0x2b, 0x2b, 
	0x2b, 0x2b, 0x2b, 0x2b, 0x2b, 0x2b, 0x2b, 0x2a, 
	0x2b, 0x36, 0x2a, 0x2a, 0x2b, 0x2b, 0x2b, 0x2b, 
	0x2b, 0x2b, 0x2b, 0x2b, 0x2a, 0x2a, 0x2b, 0x2a, 
	0x36, 0x36, 0x2b, 0x2b, 0x2b, 0x2b, 0x2b, 0x2b, 
	0x2b, 0x2b, 0x2b, 0x2b, 0x2b, 0x2b, 0x2b, 0x2a, 
	0x2b, 0x36, 0x2b, 0x2a, 0x37, 0x2f, 0x2a, 0x2b, 
	0x2a, 0x2b, 0x2b, 0x2b, 0x2b, 0x2b, 0x2a, 0x2a, 
	0x2b, 0x2b, 0x35, 0x37, 0x2f, 0x2a, 0x2b, 0x2b, 
	0x2b, 0x2b, 0x2b, 0x2b, 0x2b, 0x2b, 0x2b, 0x2a, 
	0x2b, 0x36, 0x2b, 0x2b, 0x2b, 0x2b, 0x2b, 0x2b, 
	0x2b, 0x2b, 0x2b, 0x2b, 0x2b, 0x2b, 0x2b, 0x2a, 
	0x2b, 0x36, 0x2b, 0x2b, 0x2b, 0x2b, 0x2b, 0x2b, 
	0x2b, 0x2b, 0x2b, 0x2b, 0x2b, 0x2b, 0x2a, 0x2a, 
	0x2b, 0x2a, 0x2a, 0x35, 0x2c, 0x2a, 0x2a, 0x2a, 
	0x2a, 0x2a, 0x2a, 0x2a, 0x2a, 0x2a, 0x2a, 0x2a, 
	0x2b, 0x2a, 0x2a, 0x2f, 0x2c, 0x2a, 0x2a, 0x2a, 
	0x2a, 0x2a, 0x2a, 0x2a, 0x2a, 0x2a, 0x2a, 0x2a, 
	0x2b, 0x2a, 0x2a, 0x2a, 0x2a, 0x2a, 0x2a, 0x2a, 
	0x2a, 0x2a, 0x2a, 0x2a, 0x2a, 0x2a, 0x2a, 0x2a, 
	0x2b, 0x2a, 0x2a, 0x2a, 0x2a, 0x2a, 0x2a, 0x2a, 
	0x2a, 0x2a, 0x2a, 0x2a, 0x2a, 0x2a, 0x2a, 0x2a, 
	0x2a, 0x2a, 0x35, 0x2f, 0x2f, 0x35, 0x2a, 0x35, 
	0x35, 0x35, 0x35, 0x35, 0x2a, 0x35, 0x2a, 0x2a, 
	0x2a, 0x2a, 0x35, 0x2f, 0x2f, 0x2f, 0x35, 0x35, 
	0x35, 0x35, 0x35, 0x2a, 0x35, 0x35, 0x2f, 0x2a, 
	0x2a, 0x2a, 0x35, 0x35, 0x2a, 0x2a, 0x2a, 0x2a, 
	0x35, 0x35, 0x2a, 0x35, 0x2a, 0x35, 0x35, 0x35, 
	0x2a, 0x35, 0x35, 0x2a, 0x35, 0x35, 0x2a, 0x35, 
	0x35, 0x2f, 0x35, 0x35, 0x2a, 0x35, 0x35, 0x35, 
	0x36, 0x36, 0x36, 0x36, 0x36, 0x36, 0x36, 0x2b, 
	0x36, 0x36, 0x36, 0x36, 0x36, 0x36, 0x36, 0x36, 
	0x36, 0x36, 0x36, 0x36, 0x36, 0x36, 0x36, 0x2b, 
	0x36, 0x36, 0x36, 0x36, 0x36, 0x36, 0x36, 0x36, 
	0x36, 0x36, 0x36, 0x36, 0x36, 0x36, 0x36, 0x36, 
	0x36, 0x36, 0x36, 0x36, 0x36, 0x36, 0x36, 0x36, 
	0x36, 0x36, 0x36, 0x36, 0x36, 0x36, 0x36, 0x2b, 
	0x36, 0x36, 0x36, 0x36, 0x36, 0x36, 0x36, 0x36, 
	0x36, 0x2b, 0x36, 0x36, 0x36, 0x36, 0x2b, 0x2a, 
	0x36, 0x36, 0x36, 0x2b, 0x2b, 0x36, 0x36, 0x2b, 
	0x2b, 0x2b, 0x36, 0x36, 0x36, 0x2b, 0x2b, 0x2a, 
	0x36, 0x36, 0x36, 0x36, 0x2b, 0x36, 0x36, 0x2b, 
	0x2a, 0x2f, 0x2f, 0x2f, 0x2a, 0x2a, 0x2b, 0x2a, 
	0x2b, 0x36, 0x36, 0x2b, 0x36, 0x36, 0x36, 0x36, 
	0x36, 0x2b, 0x36, 0x2b, 0x2b, 0x2b, 0x2b, 0x2a, 
	0x36, 0x36, 0x36, 0x36, 0x2b, 0x36, 0x36, 0x36, 
	0x2b, 0x2b, 0x2b, 0x2b, 0x2b, 0x2b, 0x2a, 0x2a, 
	0x36, 0x2b, 0x2b, 0x2b, 0x2b, 0x2b, 0x2b, 0x2b, 
	0x2b, 0x2b, 0x2b, 0x2b, 0x2b, 0x2b, 0x2a, 0x2a, 
	0x36, 0x36, 0x2b, 0x2b, 0x2b, 0x2a, 0x2a, 0x2c, 
	0x28, 0x28, 0x28, 0x28, 0x28, 0x37, 0x2c, 0x2f, 
	0x2b, 0x36, 0x2b, 0x2b, 0x2b, 0x2b, 0x2b, 0x2b, 
	0x2b, 0x2b, 0x2b, 0x2b, 0x2b, 0x2b, 0x2a, 0x2a, 
	0x36, 0x2b, 0x2b, 0x2b, 0x2b, 0x2b, 0x2b, 0x2b, 
	0x2b, 0x2b, 0x2b, 0x2a, 0x2b, 0x2b, 0x2b, 0x2a, 
	0x36, 0x36, 0x2b, 0x2a, 0x2b, 0x2b, 0x2b, 0x2b, 
	0x2b, 0x2b, 0x2b, 0x2b, 0x2b, 0x2b, 0x2a, 0x2a, 
	0x36, 0x36, 0x2b, 0x2a, 0x35, 0x2c, 0x28, 0x28, 
	0x28, 0x28, 0x28, 0x28, 0x28, 0x28, 0x28, 0x28, 
	0x3e, 0x2a, 0x2b, 0x2b, 0x2b, 0x2b, 0x2b, 0x2b, 
	0x2b, 0x2b, 0x2b, 0x2b, 0x2b, 0x2b, 0x2a, 0x2f, 
	0x2a, 0x2f, 0x2f, 0x2a, 0x2a, 0x2b, 0x2b, 0x2b, 
	0x2b, 0x2b, 0x2b, 0x2b, 0x2b, 0x2b, 0x2a, 0x2a, 
	0x2a, 0x2a, 0x2f, 0x2f, 0x2f, 0x2f, 0x2f, 0x2a, 
	0x2a, 0x2a, 0x2b, 0x2b, 0x2b, 0x2b, 0x2a, 0x2a, 
	0x36, 0x2b, 0x2a, 0x2c, 0x28, 0x28, 0x28, 0x28, 
	0x28, 0x28, 0x28, 0x28, 0x28, 0x28, 0x28, 0x28, 
	0x28, 0x37, 0x2f, 0x2a, 0x2a, 0x2b, 0x2b, 0x2b, 
	0x2b, 0x2b, 0x2b, 0x2a, 0x2a, 0x2f, 0x30, 0x28, 
	0x28, 0x28, 0x28, 0x28, 0x30, 0x35, 0x2b, 0x2b, 
	0x2b, 0x2b, 0x2b, 0x2b, 0x2a, 0x2a, 0x2f, 0x30, 
	0x37, 0x28, 0x28, 0x28, 0x28, 0x28, 0x28, 0x28, 
	0x37, 0x2c, 0x2f, 0x2a, 0x2b, 0x2b, 0x2b, 0x2a, 
	0x2a, 0x2c, 0x28, 0x28, 0x28, 0x28, 0x28, 0x28, 
	0x28, 0x28, 0x28, 0x28, 0x28, 0x28, 0x28, 0x28, 
	0x28, 0x28, 0x28, 0x37, 0x2f, 0x2a, 0x2a, 0x2b, 
	0x2b, 0x2a, 0x2f, 0x2c, 0x28, 0x28, 0x28, 0x28, 
	0x28, 0x28, 0x28, 0x28, 0x28, 0x37, 0x2f, 0x2a, 
	0x2a, 0x2a, 0x35, 0x2f, 0x30, 0x28, 0x28, 0x28, 
	0x28, 0x28, 0x28, 0x28, 0x28, 0x28, 0x28, 0x28, 
	0x28, 0x28, 0x28, 0x37, 0x2f, 0x2a, 0x2f, 0x2c, 
	0x37, 0x28, 0x28, 0x28, 0x28, 0x28, 0x28, 0x28, 
	0x28, 0x28, 0x28, 0x28, 0x28, 0x28, 0x28, 0x28, 
	0x28, 0x28, 0x28, 0x28, 0x28, 0x28, 0x30, 0x3e, 
	0x2f, 0x30, 0x28, 0x28, 0x28, 0x28, 0x28, 0x28, 
	0x28, 0x28, 0x28, 0x28, 0x28, 0x28, 0x28, 0x2c, 
	0x2f, 0x2f, 0x30, 0x28, 0x28, 0x28, 0x28, 0x28, 
	0x28, 0x28, 0x28, 0x28, 0x28, 0x28, 0x28, 0x28, 
	0x28, 0x28, 0x28, 0x28, 0x28, 0x2c, 0x37, 0x28, 
	0x28, 0x28, 0x28, 0x28, 0x28, 0x28, 0x28, 0x28, 
	0x28, 0x28, 0x28, 0x28, 0x28, 0x28, 0x28, 0x28, 
	0x28, 0x28, 0x28, 0x28, 0x28, 0x28, 0x28, 0x28, 
	0x28, 0x28, 0x28, 0x28, 0x28, 0x28, 0x28, 0x28, 
	0x28, 0x28, 0x28, 0x28, 0x28, 0x28, 0x28, 0x28, 
	
};

Gfx castle_inside_dl_rainbottom_pal_rgba16_aligner[] = {gsSPEndDisplayList()};
u8 castle_inside_dl_rainbottom_pal_rgba16[] = {
	0x08, 0x09, 0x08, 0x0b, 0x08, 0x0d, 0x18, 0x8d, 
	0x39, 0x53, 0x49, 0xd9, 0x41, 0x95, 0x39, 0x55, 
	0x20, 0xcf, 0x31, 0x53, 0x39, 0x95, 0x10, 0x4d, 
	0x10, 0x0f, 0x08, 0x0f, 0x29, 0x13, 0x52, 0x1b, 
	0x41, 0xd7, 0x31, 0x15, 0x20, 0x91, 0x4a, 0x1b, 
	0x31, 0x55, 0x18, 0x91, 0x39, 0x97, 0x49, 0xd7, 
	0x41, 0x97, 0x10, 0x4f, 0x20, 0xd1, 0x28, 0xd1, 
	0x10, 0x11, 0x28, 0xd3, 0x31, 0x13, 0x18, 0x4f, 
	0x18, 0x51, 0x00, 0x07, 0x20, 0xd3, 0x18, 0x0d, 
	0x20, 0x0b, 0x10, 0x0d, 0x10, 0x0b, 0x00, 0x05, 
	0x00, 0x01, 0x20, 0x09, 0x20, 0x07, 0x28, 0x07, 
	0x10, 0x03, 0x18, 0x8f, 0x18, 0x0b, 0x18, 0x05, 
	0x08, 0x03, 0x18, 0x4d, 0x20, 0x8f, 0x18, 0x09, 
	0x18, 0x07, 0x20, 0x05, 0x28, 0x09, 0x08, 0x01, 
	0x00, 0x03, 0x10, 0x13, 0x18, 0x0f, 0x20, 0x0f, 
	0x20, 0x0d, 0x18, 0x11, 0x10, 0x05, 0x10, 0x09, 
	0x18, 0x15, 
};

Gfx castle_inside_dl_raintop_rgba16_aligner[] = {gsSPEndDisplayList()};
u8 castle_inside_dl_raintop_rgba16[] = {
	0x7b, 0xe5, 0x83, 0xe5, 0x83, 0xe5, 0x83, 0xe5, 
	0x83, 0xe5, 0x83, 0xe5, 0x83, 0xe5, 0x83, 0xe5, 
	0x83, 0xe5, 0x83, 0xe5, 0x83, 0xe5, 0x83, 0xe5, 
	0x83, 0xe5, 0x83, 0xe5, 0x83, 0xe5, 0x6b, 0x1f, 
	0x7b, 0xe5, 0x83, 0xe5, 0x83, 0xe5, 0x83, 0xe5, 
	0x83, 0xe5, 0x83, 0xe5, 0x83, 0xe5, 0x83, 0xe5, 
	0x83, 0xe5, 0x83, 0xe5, 0x83, 0xe5, 0x83, 0xe5, 
	0x83, 0xe5, 0x83, 0xe5, 0x83, 0xe5, 0x6b, 0x1f, 
	0x7b, 0xe5, 0x83, 0xe5, 0x83, 0xe5, 0x83, 0xe5, 
	0x83, 0xe5, 0x83, 0xe5, 0x83, 0xe5, 0x83, 0xe5, 
	0x83, 0xe5, 0x83, 0xe5, 0x83, 0xe5, 0x83, 0xe5, 
	0x83, 0xe5, 0x83, 0xe5, 0x83, 0xe5, 0x6b, 0x1f, 
	0x7b, 0xe5, 0x83, 0xe5, 0x83, 0xe5, 0x83, 0xe5, 
	0x83, 0xe5, 0x83, 0xe5, 0x83, 0xe5, 0x83, 0xe5, 
	0x83, 0xe5, 0x83, 0xe5, 0x83, 0xe5, 0x83, 0xe5, 
	0x83, 0xe5, 0x83, 0xe5, 0x83, 0xe5, 0x6b, 0x1f, 
	0x7b, 0xa3, 0x7b, 0xa3, 0x73, 0xa3, 0x73, 0xa3, 
	0x7b, 0xa3, 0x73, 0xa3, 0x7b, 0xa3, 0x7b, 0xa3, 
	0x73, 0xa3, 0x73, 0xa1, 0x7b, 0xa3, 0x7b, 0xa3, 
	0x73, 0xa3, 0x7b, 0xa3, 0x6b, 0x5f, 0x63, 0x1d, 
	0x7b, 0xa3, 0x7b, 0xa3, 0x7b, 0xa3, 0x73, 0xa1, 
	0x73, 0xa3, 0x73, 0xa3, 0x7b, 0xa3, 0x73, 0xa3, 
	0x7b, 0xa3, 0x73, 0xa1, 0x73, 0xa3, 0x7b, 0xa3, 
	0x73, 0xa3, 0x7b, 0xa3, 0x6b, 0x5f, 0x63, 0x1d, 
	0x73, 0xa3, 0x7b, 0xa3, 0x73, 0xa1, 0x73, 0xa1, 
	0x73, 0xa3, 0x73, 0xa3, 0x7b, 0xa3, 0x7b, 0xa3, 
	0x7b, 0xa3, 0x73, 0xa1, 0x73, 0xa3, 0x7b, 0xa3, 
	0x73, 0xa3, 0x7b, 0xa3, 0x6b, 0x5f, 0x63, 0x1d, 
	0x73, 0xa3, 0x7b, 0xa3, 0x73, 0xa3, 0x73, 0xa1, 
	0x7b, 0xa3, 0x73, 0xa3, 0x7b, 0xa3, 0x7b, 0xa3, 
	0x7b, 0xa3, 0x73, 0xa3, 0x73, 0xa3, 0x7b, 0xa3, 
	0x73, 0xa3, 0x7b, 0xa3, 0x6b, 0x5f, 0x63, 0x1d, 
	0x7b, 0xa3, 0x73, 0xa1, 0x73, 0x61, 0x73, 0x61, 
	0x73, 0xa1, 0x73, 0x61, 0x73, 0xa1, 0x73, 0x61, 
	0x73, 0xa1, 0x73, 0x61, 0x73, 0x61, 0x73, 0x61, 
	0x73, 0x61, 0x73, 0x61, 0x6b, 0x5f, 0x63, 0x1d, 
	0x73, 0xa3, 0x73, 0xa1, 0x73, 0x61, 0x73, 0xa1, 
	0x73, 0xa1, 0x73, 0x61, 0x73, 0xa1, 0x73, 0x61, 
	0x73, 0xa1, 0x73, 0x61, 0x73, 0xa1, 0x73, 0x61, 
	0x73, 0x61, 0x73, 0x61, 0x6b, 0x1f, 0x63, 0x1d, 
	0x73, 0xa3, 0x73, 0xa1, 0x73, 0x61, 0x73, 0x61, 
	0x73, 0xa1, 0x73, 0x61, 0x73, 0xa1, 0x73, 0x61, 
	0x73, 0xa1, 0x73, 0x61, 0x73, 0x61, 0x73, 0x61, 
	0x73, 0x61, 0x73, 0x61, 0x6b, 0x1f, 0x62, 0xdd, 
	0x73, 0xa3, 0x73, 0x61, 0x73, 0x61, 0x73, 0xa1, 
	0x73, 0xa1, 0x73, 0x61, 0x73, 0xa1, 0x73, 0xa1, 
	0x73, 0xa1, 0x73, 0x61, 0x73, 0x61, 0x73, 0x61, 
	0x73, 0xa1, 0x73, 0x61, 0x6b, 0x1f, 0x63, 0x1d, 
	0x7b, 0xa3, 0x73, 0xa1, 0x73, 0x61, 0x73, 0xa1, 
	0x73, 0x61, 0x73, 0x61, 0x73, 0xa1, 0x73, 0x61, 
	0x73, 0xa1, 0x73, 0x61, 0x73, 0x61, 0x73, 0x61, 
	0x73, 0x61, 0x73, 0xa1, 0x6b, 0x5f, 0x63, 0x1d, 
	0x7b, 0xa3, 0x73, 0xa1, 0x73, 0x61, 0x73, 0x61, 
	0x73, 0xa1, 0x73, 0x61, 0x73, 0x61, 0x6b, 0x61, 
	0x73, 0x61, 0x73, 0xa1, 0x73, 0xa1, 0x73, 0x61, 
	0x73, 0x61, 0x73, 0xa1, 0x6b, 0x5f, 0x63, 0x1d, 
	0x7b, 0xa3, 0x73, 0xa1, 0x73, 0x61, 0x73, 0x61, 
	0x73, 0xa1, 0x73, 0x61, 0x73, 0x61, 0x73, 0x61, 
	0x73, 0xa1, 0x73, 0x61, 0x73, 0x61, 0x73, 0x61, 
	0x73, 0x61, 0x6b, 0x5f, 0x42, 0x15, 0x42, 0x15, 
	0x73, 0xa1, 0x73, 0x61, 0x73, 0x61, 0x73, 0x61, 
	0x73, 0x61, 0x73, 0x61, 0x73, 0x61, 0x73, 0x61, 
	0x73, 0xa1, 0x73, 0x61, 0x73, 0xa1, 0x73, 0x61, 
	0x73, 0x61, 0x73, 0xa1, 0x6b, 0x5f, 0x63, 0x1d, 
	0x7b, 0xa3, 0x73, 0xa1, 0x73, 0x61, 0x73, 0xa1, 
	0x73, 0x61, 0x73, 0x61, 0x73, 0x61, 0x73, 0x61, 
	0x73, 0x61, 0x73, 0x61, 0x73, 0x61, 0x73, 0x61, 
	0x73, 0x61, 0x73, 0x61, 0x6b, 0x5f, 0x63, 0x1d, 
	0x7b, 0xa3, 0x73, 0xa1, 0x73, 0x61, 0x73, 0xa1, 
	0x73, 0x61, 0x73, 0x61, 0x73, 0x61, 0x5a, 0xdb, 
	0x4a, 0x15, 0x63, 0x1d, 0x73, 0x61, 0x73, 0x61, 
	0x73, 0x61, 0x73, 0x61, 0x6b, 0x5f, 0x63, 0x1d, 
	0x7b, 0xa3, 0x73, 0xa1, 0x73, 0x61, 0x73, 0xa1, 
	0x73, 0x61, 0x73, 0x61, 0x73, 0x61, 0x73, 0x61, 
	0x73, 0x61, 0x73, 0x61, 0x73, 0x61, 0x6b, 0x5f, 
	0x5a, 0x9b, 0x31, 0x91, 0x08, 0x49, 0x10, 0x8b, 
	0x5a, 0xdb, 0x73, 0x61, 0x73, 0x61, 0x73, 0xa1, 
	0x73, 0x61, 0x73, 0x61, 0x73, 0x61, 0x73, 0x61, 
	0x73, 0x61, 0x73, 0x61, 0x73, 0x61, 0x73, 0x61, 
	0x73, 0x61, 0x73, 0x61, 0x6b, 0x5f, 0x63, 0x1d, 
	0x7b, 0xa3, 0x73, 0xa1, 0x73, 0x61, 0x73, 0x61, 
	0x73, 0x61, 0x73, 0xa1, 0x73, 0x61, 0x73, 0x61, 
	0x73, 0x61, 0x73, 0x61, 0x73, 0x61, 0x73, 0x61, 
	0x73, 0x61, 0x73, 0x61, 0x6b, 0x1f, 0x63, 0x1d, 
	0x7b, 0xa3, 0x73, 0xa1, 0x73, 0x61, 0x73, 0x61, 
	0x73, 0x61, 0x73, 0xa1, 0x73, 0x61, 0x42, 0x15, 
	0x08, 0x0b, 0x20, 0xcd, 0x42, 0x15, 0x5a, 0x9b, 
	0x6b, 0x1f, 0x6b, 0x5f, 0x6b, 0x1f, 0x63, 0x1d, 
	0x7b, 0xa3, 0x73, 0xa1, 0x73, 0x61, 0x73, 0x61, 
	0x73, 0x61, 0x73, 0x61, 0x73, 0x61, 0x73, 0x61, 
	0x6b, 0x5f, 0x63, 0x1d, 0x52, 0x99, 0x39, 0x93, 
	0x10, 0x8b, 0x08, 0x0b, 0x00, 0x09, 0x00, 0x09, 
	0x18, 0xcd, 0x4a, 0x17, 0x6b, 0x1f, 0x73, 0x61, 
	0x73, 0x61, 0x73, 0x61, 0x73, 0xa1, 0x73, 0x61, 
	0x73, 0x61, 0x73, 0xa1, 0x73, 0x61, 0x73, 0x61, 
	0x73, 0x61, 0x73, 0x61, 0x6b, 0x1f, 0x63, 0x1d, 
	0x7b, 0xa3, 0x63, 0x1d, 0x63, 0x1d, 0x63, 0x1d, 
	0x62, 0xdd, 0x63, 0x1d, 0x63, 0x1d, 0x63, 0x1d, 
	0x63, 0x1d, 0x63, 0x1d, 0x63, 0x1d, 0x63, 0x1d, 
	0x63, 0x1d, 0x62, 0xdd, 0x62, 0xdb, 0x63, 0x1d, 
	0x7b, 0xa3, 0x63, 0x1d, 0x63, 0x1d, 0x63, 0x1d, 
	0x62, 0xdd, 0x62, 0xdd, 0x52, 0x59, 0x18, 0xcb, 
	0x00, 0x09, 0x00, 0x09, 0x00, 0x09, 0x08, 0x49, 
	0x21, 0x0d, 0x31, 0x91, 0x39, 0xd3, 0x4a, 0x57, 
	0x62, 0xdd, 0x52, 0x59, 0x52, 0x99, 0x52, 0x99, 
	0x52, 0x59, 0x4a, 0x57, 0x4a, 0x15, 0x39, 0xd3, 
	0x29, 0x4f, 0x18, 0x8b, 0x08, 0x09, 0x00, 0x09, 
	0x00, 0x09, 0x00, 0x09, 0x00, 0x09, 0x00, 0x09, 
	0x00, 0x0b, 0x08, 0x49, 0x29, 0x0f, 0x4a, 0x57, 
	0x5a, 0xdb, 0x62, 0xdb, 0x63, 0x1d, 0x63, 0x1d, 
	0x62, 0xdd, 0x63, 0x1d, 0x63, 0x1d, 0x63, 0x1d, 
	0x63, 0x1d, 0x62, 0xdd, 0x62, 0xdd, 0x63, 0x1d, 
	0x62, 0xdb, 0x5a, 0xdb, 0x5a, 0xdb, 0x5a, 0xdb, 
	0x5a, 0xdb, 0x5a, 0xdb, 0x5a, 0xdb, 0x5a, 0xdb, 
	0x5a, 0xdb, 0x5a, 0xdb, 0x5a, 0xdb, 0x5a, 0xdb, 
	0x5a, 0xdb, 0x5a, 0xdb, 0x5a, 0xdb, 0x62, 0xdb, 
	0x62, 0xdb, 0x5a, 0xdb, 0x5a, 0xdb, 0x5a, 0xdb, 
	0x5a, 0xdb, 0x52, 0x57, 0x21, 0x0d, 0x00, 0x09, 
	0x00, 0x07, 0x00, 0x07, 0x00, 0x07, 0x00, 0x09, 
	0x00, 0x07, 0x00, 0x09, 0x00, 0x09, 0x08, 0x49, 
	0x08, 0x49, 0x10, 0x49, 0x10, 0x89, 0x10, 0x89, 
	0x08, 0x49, 0x08, 0x49, 0x08, 0x09, 0x00, 0x07, 
	0x00, 0x07, 0x00, 0x07, 0x00, 0x07, 0x00, 0x07, 
	0x00, 0x07, 0x00, 0x07, 0x00, 0x07, 0x00, 0x07, 
	0x00, 0x09, 0x00, 0x09, 0x00, 0x09, 0x08, 0x49, 
	0x21, 0x0d, 0x39, 0x91, 0x4a, 0x57, 0x52, 0x99, 
	0x5a, 0x99, 0x5a, 0xdb, 0x5a, 0xdb, 0x5a, 0xdb, 
	0x5a, 0xdb, 0x5a, 0xdb, 0x5a, 0xdb, 0x5a, 0xdb, 
	0x83, 0xe5, 0x83, 0xe5, 0x83, 0xe5, 0x83, 0xe5, 
	0x83, 0xe5, 0x83, 0xe5, 0x83, 0xe5, 0x6b, 0x1f, 
	0x7b, 0xe5, 0x83, 0xe5, 0x83, 0xe5, 0x83, 0xe5, 
	0x83, 0xe5, 0x83, 0xe5, 0x83, 0xe5, 0x83, 0xe5, 
	0x83, 0xe5, 0x83, 0xe5, 0x83, 0xe5, 0x7b, 0xe3, 
	0x6b, 0x1f, 0x31, 0x51, 0x08, 0x0b, 0x00, 0x09, 
	0x00, 0x0b, 0x08, 0x0b, 0x08, 0x0b, 0x00, 0x0b, 
	0x08, 0x0b, 0x08, 0x0b, 0x08, 0x0b, 0x00, 0x0b, 
	0x08, 0x0b, 0x08, 0x0b, 0x00, 0x0b, 0x08, 0x0b, 
	0x00, 0x0b, 0x08, 0x0b, 0x08, 0x0b, 0x00, 0x09, 
	0x00, 0x0b, 0x00, 0x0b, 0x08, 0x0b, 0x08, 0x0b, 
	0x08, 0x0b, 0x00, 0x0b, 0x08, 0x0b, 0x00, 0x0b, 
	0x08, 0x0b, 0x08, 0x0b, 0x08, 0x0b, 0x08, 0x0b, 
	0x00, 0x0b, 0x08, 0x0b, 0x10, 0x8d, 0x18, 0xcb, 
	0x31, 0x91, 0x42, 0x15, 0x4a, 0x57, 0x52, 0x99, 
	0x5a, 0x9b, 0x52, 0x99, 0x52, 0x59, 0x4a, 0x57, 
	0x5a, 0xdb, 0x6b, 0x5f, 0x73, 0xa1, 0x7b, 0xa3, 
	0x73, 0xa1, 0x7b, 0xa3, 0x6b, 0x5f, 0x6b, 0x1d, 
	0x7b, 0xa3, 0x73, 0xa1, 0x73, 0xa3, 0x7b, 0xa3, 
	0x73, 0xa1, 0x7b, 0xa3, 0x73, 0xa3, 0x7b, 0xa3, 
	0x73, 0xa3, 0x73, 0x61, 0x62, 0xdd, 0x41, 0xd5, 
	0x18, 0x8d, 0x08, 0x0b, 0x00, 0x09, 0x00, 0x07, 
	0x00, 0x0b, 0x00, 0x0b, 0x00, 0x0b, 0x00, 0x09, 
	0x00, 0x0b, 0x00, 0x0b, 0x00, 0x0b, 0x00, 0x0b, 
	0x00, 0x0b, 0x00, 0x09, 0x00, 0x0b, 0x00, 0x0b, 
	0x00, 0x0b, 0x00, 0x0b, 0x00, 0x09, 0x00, 0x09, 
	0x00, 0x0b, 0x00, 0x09, 0x00, 0x0b, 0x00, 0x0b, 
	0x00, 0x09, 0x00, 0x0b, 0x00, 0x09, 0x00, 0x09, 
	0x00, 0x09, 0x00, 0x09, 0x00, 0x0b, 0x00, 0x09, 
	0x00, 0x09, 0x00, 0x09, 0x00, 0x09, 0x00, 0x09, 
	0x00, 0x09, 0x00, 0x09, 0x08, 0x0b, 0x08, 0x0b, 
	0x08, 0x0b, 0x08, 0x0b, 0x08, 0x0b, 0x08, 0x0b, 
	0x10, 0x8b, 0x29, 0x51, 0x4a, 0x15, 0x5a, 0xdb, 
	0x6b, 0x1f, 0x6b, 0x5f, 0x63, 0x1d, 0x62, 0xdd, 
	0x7b, 0xa3, 0x73, 0xa1, 0x73, 0x61, 0x73, 0x61, 
	0x73, 0x61, 0x6b, 0x5f, 0x6b, 0x5f, 0x62, 0xdd, 
	0x52, 0x59, 0x31, 0x91, 0x18, 0x8b, 0x08, 0x09, 
	0x00, 0x0b, 0x00, 0x09, 0x00, 0x09, 0x00, 0x09, 
	0x00, 0x0b, 0x00, 0x0b, 0x00, 0x09, 0x00, 0x09, 
	0x00, 0x0b, 0x00, 0x09, 0x00, 0x0b, 0x08, 0x0b, 
	0x00, 0x0b, 0x00, 0x09, 0x00, 0x0b, 0x00, 0x09, 
	0x00, 0x09, 0x00, 0x09, 0x00, 0x09, 0x00, 0x09, 
	0x00, 0x0b, 0x00, 0x09, 0x00, 0x09, 0x00, 0x09, 
	0x00, 0x09, 0x00, 0x09, 0x00, 0x0b, 0x00, 0x09, 
	0x00, 0x09, 0x00, 0x09, 0x00, 0x09, 0x00, 0x09, 
	0x00, 0x09, 0x00, 0x09, 0x00, 0x09, 0x00, 0x09, 
	0x00, 0x09, 0x00, 0x09, 0x00, 0x09, 0x00, 0x0b, 
	0x00, 0x0b, 0x00, 0x09, 0x00, 0x09, 0x00, 0x09, 
	0x00, 0x09, 0x00, 0x0b, 0x08, 0x09, 0x10, 0x8b, 
	0x21, 0x0d, 0x31, 0x51, 0x39, 0x93, 0x39, 0xd3, 
	0x4a, 0x57, 0x52, 0x59, 0x4a, 0x57, 0x4a, 0x15, 
	0x42, 0x15, 0x31, 0x93, 0x21, 0x0f, 0x18, 0x8d, 
	0x08, 0x0b, 0x00, 0x0b, 0x00, 0x09, 0x00, 0x09, 
	0x00, 0x09, 0x00, 0x09, 0x00, 0x09, 0x00, 0x09, 
	0x00, 0x09, 0x00, 0x09, 0x00, 0x09, 0x00, 0x09, 
	0x00, 0x09, 0x00, 0x09, 0x00, 0x0b, 0x00, 0x09, 
	0x00, 0x09, 0x00, 0x09, 0x00, 0x09, 0x00, 0x0b, 
	0x00, 0x09, 0x00, 0x09, 0x00, 0x09, 0x00, 0x09, 
	0x00, 0x09, 0x00, 0x09, 0x00, 0x09, 0x00, 0x0b, 
	0x00, 0x0b, 0x00, 0x09, 0x00, 0x09, 0x00, 0x0b, 
	0x00, 0x0b, 0x00, 0x09, 0x00, 0x09, 0x00, 0x09, 
	0x00, 0x0b, 0x00, 0x09, 0x00, 0x09, 0x00, 0x09, 
	0x00, 0x09, 0x00, 0x09, 0x00, 0x09, 0x00, 0x09, 
	0x00, 0x09, 0x00, 0x09, 0x00, 0x09, 0x00, 0x09, 
	0x00, 0x0b, 0x00, 0x0b, 0x00, 0x0b, 0x00, 0x09, 
	0x00, 0x09, 0x00, 0x09, 0x00, 0x09, 0x00, 0x09, 
	0x08, 0x0b, 0x08, 0x09, 0x08, 0x09, 0x08, 0x09, 
	0x00, 0x09, 0x00, 0x09, 0x00, 0x09, 0x00, 0x09, 
	0x00, 0x09, 0x00, 0x0b, 0x00, 0x09, 0x00, 0x09, 
	0x00, 0x0b, 0x00, 0x09, 0x00, 0x09, 0x00, 0x09, 
	0x00, 0x0b, 0x00, 0x09, 0x00, 0x09, 0x00, 0x09, 
	0x00, 0x09, 0x00, 0x0b, 0x08, 0x0b, 0x00, 0x09, 
	0x00, 0x0b, 0x00, 0x0b, 0x00, 0x09, 0x00, 0x09, 
	0x00, 0x09, 0x00, 0x09, 0x00, 0x09, 0x00, 0x09, 
	0x00, 0x09, 0x00, 0x09, 0x00, 0x09, 0x00, 0x09, 
	0x00, 0x0b, 0x00, 0x09, 0x00, 0x09, 0x00, 0x09, 
	0x00, 0x0b, 0x00, 0x0b, 0x00, 0x09, 0x00, 0x09, 
	0x00, 0x09, 0x00, 0x09, 0x00, 0x09, 0x00, 0x09, 
	0x00, 0x09, 0x00, 0x09, 0x00, 0x09, 0x00, 0x09, 
	0x00, 0x0b, 0x00, 0x0b, 0x00, 0x0b, 0x00, 0x09, 
	0x00, 0x09, 0x00, 0x0b, 0x00, 0x0b, 0x00, 0x09, 
	0x00, 0x09, 0x00, 0x09, 0x00, 0x09, 0x00, 0x09, 
	0x00, 0x09, 0x00, 0x09, 0x00, 0x0b, 0x00, 0x09, 
	0x00, 0x09, 0x00, 0x09, 0x00, 0x09, 0x00, 0x09, 
	0x00, 0x09, 0x00, 0x09, 0x00, 0x0b, 0x00, 0x09, 
	0x00, 0x09, 0x00, 0x09, 0x00, 0x09, 0x00, 0x09, 
	0x00, 0x0b, 0x00, 0x09, 0x00, 0x09, 0x00, 0x0b, 
	0x00, 0x09, 0x00, 0x0b, 0x00, 0x0b, 0x00, 0x09, 
	0x00, 0x0b, 0x00, 0x0b, 0x00, 0x09, 0x00, 0x09, 
	0x00, 0x09, 0x00, 0x09, 0x00, 0x09, 0x00, 0x09, 
	0x00, 0x09, 0x00, 0x09, 0x00, 0x09, 0x00, 0x09, 
	0x00, 0x09, 0x00, 0x09, 0x00, 0x09, 0x00, 0x0b, 
	0x00, 0x0b, 0x00, 0x09, 0x00, 0x09, 0x00, 0x09, 
	0x00, 0x09, 0x00, 0x09, 0x00, 0x09, 0x00, 0x09, 
	0x00, 0x0b, 0x00, 0x09, 0x00, 0x09, 0x00, 0x09, 
	0x00, 0x09, 0x00, 0x0b, 0x00, 0x09, 0x00, 0x0b, 
	0x00, 0x09, 0x00, 0x09, 0x00, 0x09, 0x00, 0x09, 
	0x00, 0x09, 0x00, 0x09, 0x00, 0x07, 0x00, 0x09, 
	0x00, 0x0b, 0x00, 0x09, 0x00, 0x07, 0x00, 0x07, 
	0x00, 0x09, 0x00, 0x09, 0x00, 0x09, 0x00, 0x09, 
	0x00, 0x09, 0x00, 0x09, 0x00, 0x09, 0x00, 0x09, 
	0x00, 0x09, 0x00, 0x09, 0x00, 0x09, 0x00, 0x09, 
	0x00, 0x0b, 0x00, 0x09, 0x00, 0x07, 0x00, 0x07, 
	0x00, 0x09, 0x00, 0x09, 0x00, 0x09, 0x00, 0x09, 
	0x00, 0x07, 0x00, 0x07, 0x00, 0x09, 0x00, 0x09, 
	0x00, 0x09, 0x00, 0x09, 0x00, 0x09, 0x00, 0x09, 
	0x00, 0x0b, 0x00, 0x09, 0x00, 0x09, 0x00, 0x09, 
	0x00, 0x09, 0x00, 0x09, 0x00, 0x09, 0x00, 0x09, 
	0x00, 0x09, 0x00, 0x09, 0x00, 0x09, 0x00, 0x09, 
	0x00, 0x09, 0x00, 0x09, 0x00, 0x09, 0x00, 0x09, 
	0x00, 0x0b, 0x00, 0x09, 0x00, 0x09, 0x00, 0x07, 
	0x00, 0x09, 0x00, 0x09, 0x00, 0x09, 0x00, 0x09, 
	0x00, 0x07, 0x00, 0x07, 0x00, 0x09, 0x00, 0x09, 
	0x00, 0x07, 0x00, 0x07, 0x00, 0x07, 0x00, 0x07, 
	0x00, 0x09, 0x00, 0x09, 0x00, 0x09, 0x00, 0x07, 
	0x00, 0x07, 0x00, 0x07, 0x00, 0x07, 0x00, 0x07, 
	0x00, 0x07, 0x00, 0x07, 0x00, 0x07, 0x00, 0x07, 
	0x00, 0x07, 0x00, 0x07, 0x00, 0x07, 0x00, 0x09, 
	0x00, 0x09, 0x00, 0x07, 0x00, 0x07, 0x00, 0x07, 
	0x00, 0x07, 0x00, 0x07, 0x00, 0x07, 0x00, 0x07, 
	0x00, 0x07, 0x00, 0x07, 0x00, 0x07, 0x00, 0x07, 
	0x00, 0x07, 0x00, 0x07, 0x00, 0x09, 0x00, 0x09, 
	0x00, 0x09, 0x00, 0x07, 0x00, 0x07, 0x00, 0x07, 
	0x00, 0x09, 0x00, 0x09, 0x00, 0x07, 0x00, 0x07, 
	0x00, 0x07, 0x00, 0x07, 0x00, 0x07, 0x00, 0x07, 
	0x00, 0x09, 0x00, 0x09, 0x00, 0x07, 0x00, 0x09, 
	0x00, 0x09, 0x00, 0x07, 0x00, 0x09, 0x00, 0x09, 
	0x00, 0x07, 0x00, 0x07, 0x00, 0x07, 0x00, 0x07, 
	0x00, 0x09, 0x00, 0x0b, 0x08, 0x0b, 0x00, 0x0b, 
	0x08, 0x0b, 0x08, 0x0b, 0x00, 0x0b, 0x00, 0x0b, 
	0x00, 0x0b, 0x08, 0x0b, 0x08, 0x0b, 0x08, 0x0b, 
	0x08, 0x0b, 0x00, 0x0b, 0x08, 0x0b, 0x00, 0x09, 
	0x00, 0x09, 0x00, 0x0b, 0x00, 0x0b, 0x00, 0x0b, 
	0x08, 0x0b, 0x08, 0x0b, 0x08, 0x0b, 0x08, 0x0b, 
	0x08, 0x0b, 0x08, 0x0b, 0x08, 0x0b, 0x08, 0x0b, 
	0x08, 0x0b, 0x08, 0x0d, 0x08, 0x0b, 0x00, 0x09, 
	0x00, 0x0b, 0x00, 0x0b, 0x08, 0x0b, 0x08, 0x0b, 
	0x00, 0x0b, 0x08, 0x0b, 0x00, 0x0b, 0x08, 0x0b, 
	0x00, 0x0b, 0x08, 0x0b, 0x00, 0x0b, 0x08, 0x0b, 
	0x08, 0x0b, 0x00, 0x0b, 0x08, 0x0b, 0x00, 0x09, 
	0x00, 0x0b, 0x08, 0x0b, 0x08, 0x0b, 0x08, 0x0b, 
	0x00, 0x0b, 0x08, 0x0b, 0x08, 0x0b, 0x00, 0x0b, 
	0x08, 0x0b, 0x00, 0x0b, 0x08, 0x0b, 0x00, 0x0b, 
	0x08, 0x0b, 0x08, 0x0b, 0x08, 0x0b, 0x00, 0x0b, 
	0x00, 0x09, 0x00, 0x0b, 0x00, 0x0b, 0x00, 0x0b, 
	0x00, 0x0b, 0x08, 0x0b, 0x10, 0x4b, 0x10, 0x4b, 
	0x08, 0x0b, 0x00, 0x0b, 0x00, 0x09, 0x00, 0x09, 
	0x10, 0x4b, 0x10, 0x4b, 0x08, 0x0b, 0x00, 0x09, 
	0x00, 0x09, 0x00, 0x0b, 0x00, 0x0b, 0x00, 0x0b, 
	0x00, 0x0b, 0x00, 0x0b, 0x00, 0x0b, 0x00, 0x0b, 
	0x00, 0x09, 0x00, 0x0b, 0x00, 0x0b, 0x00, 0x0b, 
	0x00, 0x0b, 0x00, 0x0b, 0x00, 0x0b, 0x00, 0x09, 
	0x00, 0x0b, 0x00, 0x09, 0x00, 0x0b, 0x00, 0x0b, 
	0x00, 0x09, 0x00, 0x09, 0x00, 0x09, 0x00, 0x0b, 
	0x08, 0x0b, 0x08, 0x0b, 0x00, 0x0b, 0x00, 0x09, 
	0x00, 0x0b, 0x08, 0x0b, 0x00, 0x0b, 0x00, 0x09, 
	0x00, 0x0b, 0x00, 0x0b, 0x08, 0x0b, 0x08, 0x0b, 
	0x00, 0x09, 0x00, 0x0b, 0x00, 0x0b, 0x00, 0x0b, 
	0x00, 0x0b, 0x00, 0x09, 0x00, 0x0b, 0x00, 0x09, 
	0x00, 0x0b, 0x00, 0x0b, 0x00, 0x0b, 0x00, 0x09, 
	0x00, 0x0b, 0x00, 0x0b, 0x00, 0x09, 0x00, 0x09, 
	0x10, 0x4b, 0x31, 0x53, 0x41, 0x97, 0x41, 0x97, 
	0x31, 0x13, 0x10, 0x4b, 0x08, 0x0b, 0x29, 0x11, 
	0x41, 0x97, 0x49, 0xd7, 0x31, 0x53, 0x10, 0x4b, 
	0x00, 0x09, 0x00, 0x09, 0x00, 0x0b, 0x00, 0x09, 
	0x00, 0x09, 0x00, 0x09, 0x00, 0x09, 0x00, 0x0b, 
	0x00, 0x09, 0x00, 0x09, 0x00, 0x09, 0x00, 0x09, 
	0x00, 0x0b, 0x00, 0x0b, 0x00, 0x09, 0x00, 0x09, 
	0x00, 0x09, 0x00, 0x09, 0x00, 0x0b, 0x00, 0x09, 
	0x00, 0x09, 0x00, 0x09, 0x00, 0x09, 0x00, 0x09, 
	0x00, 0x0b, 0x00, 0x0b, 0x00, 0x0b, 0x00, 0x0b, 
	0x08, 0x0b, 0x08, 0x0b, 0x00, 0x09, 0x00, 0x09, 
	0x00, 0x0b, 0x00, 0x09, 0x00, 0x09, 0x00, 0x09, 
	0x00, 0x09, 0x00, 0x0b, 0x00, 0x09, 0x00, 0x09, 
	0x00, 0x09, 0x00, 0x09, 0x00, 0x09, 0x00, 0x09, 
	0x00, 0x09, 0x00, 0x09, 0x00, 0x09, 0x00, 0x09, 
	0x00, 0x0b, 0x00, 0x09, 0x00, 0x09, 0x10, 0x4b, 
	0x31, 0x53, 0x52, 0x1b, 0x52, 0x1b, 0x52, 0x1b, 
	0x52, 0x1b, 0x41, 0x95, 0x39, 0x95, 0x49, 0xd9, 
	0x52, 0x1b, 0x52, 0x1b, 0x52, 0x1b, 0x31, 0x53, 
	0x10, 0x4b, 0x00, 0x0b, 0x00, 0x09, 0x00, 0x09, 
	0x00, 0x09, 0x00, 0x0b, 0x00, 0x09, 0x00, 0x09, 
	0x00, 0x09, 0x00, 0x09, 0x00, 0x09, 0x00, 0x09, 
	0x00, 0x0b, 0x00, 0x0b, 0x00, 0x09, 0x00, 0x09, 
	0x00, 0x0b, 0x00, 0x0b, 0x00, 0x09, 0x00, 0x09, 
	0x00, 0x0b, 0x00, 0x09, 0x00, 0x09, 0x00, 0x09, 
	0x00, 0x0b, 0x00, 0x09, 0x00, 0x09, 0x00, 0x09, 
	0x00, 0x09, 0x00, 0x09, 0x00, 0x0b, 0x00, 0x09, 
	0x00, 0x09, 0x00, 0x0b, 0x00, 0x09, 0x00, 0x0b, 
	0x00, 0x09, 0x00, 0x09, 0x00, 0x09, 0x00, 0x09, 
	0x00, 0x09, 0x00, 0x09, 0x00, 0x09, 0x00, 0x09, 
	0x00, 0x09, 0x00, 0x09, 0x00, 0x09, 0x00, 0x09, 
	0x00, 0x0b, 0x00, 0x0b, 0x10, 0x4d, 0x39, 0x95, 
	0x52, 0x1b, 0x52, 0x1b, 0x52, 0x1b, 0x52, 0x1b, 
	0x52, 0x1b, 0x52, 0x1b, 0x52, 0x1b, 0x52, 0x1b, 
	0x52, 0x1b, 0x52, 0x1b, 0x52, 0x1b, 0x41, 0x97, 
	0x41, 0x97, 0x18, 0x8d, 0x00, 0x09, 0x00, 0x09, 
	0x00, 0x0b, 0x00, 0x09, 0x00, 0x09, 0x00, 0x09, 
	0x00, 0x09, 0x00, 0x09, 0x00, 0x09, 0x00, 0x09, 
	0x00, 0x09, 0x00, 0x09, 0x00, 0x09, 0x00, 0x09, 
	0x00, 0x0b, 0x08, 0x0b, 0x00, 0x0b, 0x00, 0x09, 
	0x00, 0x0b, 0x00, 0x09, 0x00, 0x09, 0x00, 0x09, 
	0x00, 0x0b, 0x00, 0x09, 0x00, 0x09, 0x00, 0x09, 
	0x00, 0x09, 0x00, 0x09, 0x00, 0x0b, 0x00, 0x09, 
	0x00, 0x09, 0x00, 0x0b, 0x00, 0x09, 0x00, 0x09, 
	0x00, 0x09, 0x00, 0x09, 0x00, 0x09, 0x00, 0x09, 
	0x00, 0x09, 0x00, 0x09, 0x00, 0x09, 0x00, 0x09, 
	0x00, 0x09, 0x00, 0x09, 0x00, 0x09, 0x00, 0x09, 
	0x00, 0x0b, 0x08, 0x0b, 0x39, 0x53, 0x52, 0x1b, 
	0x52, 0x1b, 0x52, 0x1b, 0x52, 0x1b, 0x52, 0x1b, 
	0x52, 0x1b, 0x52, 0x1b, 0x52, 0x1b, 0x52, 0x1b, 
	0x52, 0x1b, 0x52, 0x1b, 0x52, 0x1b, 0x49, 0xd9, 
	0x52, 0x1b, 0x39, 0x55, 0x08, 0x0b, 0x00, 0x09, 
	0x00, 0x09, 0x00, 0x09, 0x00, 0x09, 0x00, 0x09, 
	0x00, 0x09, 0x00, 0x0b, 0x00, 0x09, 0x00, 0x09, 
	0x00, 0x09, 0x00, 0x09, 0x00, 0x09, 0x00, 0x09, 
	0x00, 0x09, 0x00, 0x0b, 0x00, 0x09, 0x00, 0x09, 
	0x00, 0x09, 0x00, 0x09, 0x00, 0x0b, 0x00, 0x09, 
	0x00, 0x09, 0x00, 0x09, 0x00, 0x09, 0x00, 0x09, 
	0x00, 0x0b, 0x00, 0x09, 0x00, 0x09, 0x00, 0x09, 
	0x00, 0x09, 0x00, 0x0b, 0x00, 0x09, 0x00, 0x0b, 
	0x00, 0x0b, 0x00, 0x09, 0x00, 0x09, 0x00, 0x09, 
	0x00, 0x09, 0x00, 0x0b, 0x00, 0x0b, 0x00, 0x0b, 
	0x00, 0x09, 0x00, 0x09, 0x00, 0x09, 0x00, 0x09, 
	0x00, 0x0b, 0x08, 0x0b, 0x39, 0x53, 0x49, 0xd7, 
	0x41, 0x97, 0x41, 0xd7, 0x49, 0xd7, 0x41, 0x97, 
	0x41, 0x97, 0x49, 0xd7, 0x41, 0xd7, 0x41, 0xd7, 
	0x41, 0xd7, 0x41, 0xd7, 0x41, 0xd7, 0x49, 0xd7, 
	0x52, 0x1b, 0x41, 0x95, 0x08, 0x09, 0x00, 0x09, 
	0x00, 0x09, 0x00, 0x09, 0x00, 0x09, 0x00, 0x09, 
	0x00, 0x09, 0x00, 0x09, 0x00, 0x09, 0x00, 0x09, 
	0x00, 0x09, 0x00, 0x09, 0x00, 0x09, 0x00, 0x09, 
	0x00, 0x0b, 0x00, 0x09, 0x00, 0x09, 0x00, 0x09, 
	0x00, 0x09, 0x00, 0x09, 0x00, 0x09, 0x00, 0x07, 
	0x00, 0x09, 0x00, 0x09, 0x00, 0x09, 0x00, 0x09, 
	0x00, 0x09, 0x00, 0x09, 0x00, 0x09, 0x00, 0x09, 
	0x00, 0x0b, 0x00, 0x09, 0x00, 0x09, 0x00, 0x09, 
	0x00, 0x09, 0x00, 0x09, 0x00, 0x09, 0x00, 0x09, 
	0x00, 0x09, 0x00, 0x09, 0x00, 0x09, 0x00, 0x09, 
	0x00, 0x09, 0x00, 0x09, 0x00, 0x09, 0x00, 0x09, 
	0x00, 0x09, 0x08, 0x09, 0x29, 0x11, 0x41, 0x95, 
	0x41, 0x95, 0x41, 0x95, 0x41, 0x95, 0x41, 0x95, 
	0x41, 0x95, 0x41, 0x95, 0x41, 0x95, 0x41, 0x95, 
	0x41, 0x95, 0x41, 0x95, 0x41, 0x95, 0x41, 0x95, 
	0x49, 0xd9, 0x29, 0x0f, 0x08, 0x09, 0x00, 0x09, 
	0x00, 0x09, 0x00, 0x09, 0x00, 0x09, 0x00, 0x07, 
	0x00, 0x09, 0x00, 0x07, 0x00, 0x09, 0x00, 0x09, 
	0x00, 0x09, 0x00, 0x09, 0x00, 0x09, 0x00, 0x09, 
	0x00, 0x09, 0x00, 0x09, 0x00, 0x09, 0x00, 0x09, 
	0x00, 0x09, 0x00, 0x09, 0x00, 0x09, 0x00, 0x09, 
	0x00, 0x09, 0x00, 0x09, 0x00, 0x09, 0x00, 0x09, 
	0x00, 0x09, 0x00, 0x09, 0x00, 0x09, 0x00, 0x09, 
	0x00, 0x09, 0x00, 0x09, 0x00, 0x09, 0x00, 0x09, 
	0x00, 0x07, 0x00, 0x09, 0x00, 0x09, 0x00, 0x09, 
	0x00, 0x09, 0x00, 0x09, 0x00, 0x09, 0x00, 0x09, 
	0x00, 0x09, 0x00, 0x09, 0x00, 0x09, 0x00, 0x09, 
	0x08, 0x0d, 0x08, 0x0d, 0x20, 0x8f, 0x49, 0xd9, 
	0x5a, 0x5d, 0x5a, 0x5d, 0x5a, 0x5d, 0x52, 0x1b, 
	0x52, 0x1d, 0x5a, 0x5d, 0x5a, 0x5d, 0x5a, 0x5d, 
	0x5a, 0x5d, 0x5a, 0x5d, 0x5a, 0x5d, 0x52, 0x1b, 
	0x39, 0x55, 0x18, 0x4f, 0x08, 0x0d, 0x08, 0x0b, 
	0x08, 0x0b, 0x08, 0x0d, 0x08, 0x0b, 0x08, 0x0b, 
	0x08, 0x0b, 0x08, 0x0d, 0x08, 0x0d, 0x08, 0x0d, 
	0x08, 0x0d, 0x08, 0x0d, 0x08, 0x0d, 0x08, 0x0d, 
	0x08, 0x0d, 0x08, 0x0d, 0x08, 0x0d, 0x08, 0x0d, 
	0x08, 0x0d, 0x08, 0x0d, 0x08, 0x0d, 0x08, 0x0b, 
	0x08, 0x0b, 0x08, 0x0d, 0x08, 0x0d, 0x08, 0x0d, 
	0x08, 0x0d, 0x08, 0x0d, 0x08, 0x0d, 0x08, 0x0d, 
	0x08, 0x0b, 0x08, 0x0d, 0x08, 0x0d, 0x08, 0x0d, 
	0x08, 0x0b, 0x08, 0x0b, 0x08, 0x0d, 0x08, 0x0b, 
	0x08, 0x0b, 0x08, 0x0d, 0x08, 0x0d, 0x08, 0x0b, 
	0x08, 0x0d, 0x08, 0x0d, 0x08, 0x0d, 0x08, 0x0d, 
	0x08, 0x0d, 0x08, 0x0b, 0x08, 0x0b, 0x10, 0x4d, 
	0x29, 0x13, 0x49, 0xdb, 0x52, 0x1b, 0x49, 0xd7, 
	0x4a, 0x1b, 0x39, 0x55, 0x39, 0x55, 0x49, 0xd9, 
	0x52, 0x1b, 0x52, 0x1b, 0x52, 0x1b, 0x28, 0xd1, 
	0x08, 0x0d, 0x08, 0x0b, 0x08, 0x0b, 0x08, 0x0b, 
	0x08, 0x0b, 0x08, 0x0d, 0x08, 0x0b, 0x00, 0x09, 
	0x08, 0x0b, 0x08, 0x0b, 0x08, 0x0b, 0x08, 0x0b, 
	0x08, 0x0b, 0x08, 0x0b, 0x08, 0x0b, 0x08, 0x0b, 
	0x08, 0x0d, 0x08, 0x0d, 0x08, 0x0b, 0x08, 0x0b, 
	0x08, 0x0d, 0x08, 0x0b, 0x08, 0x0b, 0x08, 0x0b, 
	0x08, 0x0b, 0x08, 0x0d, 0x08, 0x0b, 0x08, 0x0b, 
	0x08, 0x0b, 0x08, 0x0d, 0x08, 0x0d, 0x08, 0x0d, 
	0x08, 0x0b, 0x08, 0x0d, 0x08, 0x0b, 0x08, 0x0b, 
	0x08, 0x0b, 0x08, 0x0b, 0x08, 0x0b, 0x08, 0x09, 
	0x08, 0x0b, 0x08, 0x0b, 0x08, 0x0b, 0x08, 0x0b, 
	0x08, 0x0b, 0x08, 0x0d, 0x08, 0x0b, 0x08, 0x0d, 
	0x08, 0x0b, 0x08, 0x0b, 0x08, 0x0b, 0x08, 0x0b, 
	0x08, 0x0d, 0x31, 0x13, 0x41, 0x97, 0x39, 0x95, 
	0x31, 0x53, 0x10, 0x4d, 0x08, 0x0b, 0x29, 0x11, 
	0x41, 0x97, 0x41, 0x97, 0x31, 0x13, 0x08, 0x0b, 
	0x08, 0x0b, 0x08, 0x0d, 0x08, 0x0b, 0x08, 0x0b, 
	0x08, 0x0b, 0x08, 0x0b, 0x08, 0x0b, 0x08, 0x0b, 
	0x08, 0x0d, 0x08, 0x0d, 0x08, 0x0b, 0x08, 0x0b, 
	0x08, 0x0b, 0x08, 0x0b, 0x08, 0x0b, 0x08, 0x0b, 
	0x08, 0x0d, 0x08, 0x0b, 0x08, 0x0b, 0x08, 0x0b, 
	0x08, 0x0d, 0x08, 0x0b, 0x08, 0x0b, 0x08, 0x0b, 
	0x08, 0x0d, 0x08, 0x0d, 0x08, 0x0b, 0x08, 0x0b, 
	0x08, 0x0b, 0x08, 0x0b, 0x08, 0x0b, 0x08, 0x0d, 
	0x18, 0x8d, 0x20, 0xd1, 0x20, 0xcf, 0x08, 0x0b, 
	0x08, 0x0b, 0x08, 0x0d, 0x10, 0x4d, 0x20, 0xcd, 
	0x20, 0xd1, 0x10, 0x4d, 0x08, 0x0b, 0x08, 0x0d, 
	0x08, 0x0b, 0x08, 0x0b, 0x08, 0x0d, 0x08, 0x0d, 
	0x08, 0x0b, 0x08, 0x0b, 0x08, 0x0d, 0x08, 0x0d, 
	0x08, 0x0b, 0x08, 0x0b, 0x10, 0x4d, 0x10, 0x4b, 
	0x08, 0x0d, 0x08, 0x0d, 0x08, 0x0b, 0x08, 0x0d, 
	0x10, 0x0d, 0x10, 0x4d, 0x08, 0x0d, 0x08, 0x0d, 
	0x08, 0x0d, 0x08, 0x0d, 0x08, 0x0b, 0x08, 0x0d, 
	0x08, 0x0d, 0x08, 0x0b, 0x08, 0x0d, 0x08, 0x0b, 
	0x08, 0x0d, 0x08, 0x0d, 0x08, 0x0d, 0x08, 0x0d, 
	0x08, 0x0d, 0x08, 0x0d, 0x08, 0x0b, 0x08, 0x0d, 
	0x08, 0x0d, 0x08, 0x0b, 0x08, 0x0b, 0x08, 0x0b, 
	0x08, 0x0b, 0x08, 0x0b, 0x08, 0x0d, 0x08, 0x0b, 
	0x08, 0x0d, 0x08, 0x0d, 0x08, 0x0d, 0x08, 0x0b, 
	0x08, 0x0d, 0x08, 0x0d, 0x08, 0x0d, 0x29, 0x13, 
	0x49, 0xd9, 0x49, 0xd9, 0x49, 0xd9, 0x39, 0x55, 
	0x18, 0x8f, 0x20, 0xd1, 0x41, 0x97, 0x41, 0x97, 
	0x52, 0x1b, 0x41, 0x97, 0x18, 0x4f, 0x08, 0x0d, 
	0x08, 0x0b, 0x08, 0x0d, 0x08, 0x0d, 0x08, 0x0d, 
	0x08, 0x0d, 0x08, 0x0d, 0x08, 0x0d, 0x08, 0x0d, 
	0x08, 0x0d, 0x08, 0x0d, 0x08, 0x0d, 0x08, 0x0b, 
	0x08, 0x0d, 0x08, 0x0d, 0x08, 0x0d, 0x08, 0x0d, 
	0x08, 0x0d, 0x08, 0x0d, 0x08, 0x0d, 0x08, 0x0d, 
	0x08, 0x0d, 0x08, 0x0d, 0x08, 0x0d, 0x08, 0x0d, 
	0x08, 0x0d, 0x08, 0x0d, 0x08, 0x0d, 0x08, 0x0b, 
	0x08, 0x0d, 0x08, 0x0d, 0x08, 0x0d, 0x08, 0x0b, 
	0x08, 0x0d, 0x08, 0x0b, 0x08, 0x0d, 0x08, 0x0d, 
	0x08, 0x0d, 0x08, 0x0d, 0x08, 0x0d, 0x08, 0x0d, 
	0x08, 0x0d, 0x08, 0x0d, 0x08, 0x0d, 0x08, 0x0b, 
	0x08, 0x0d, 0x08, 0x0d, 0x08, 0x0d, 0x08, 0x0d, 
	0x08, 0x0d, 0x10, 0x4d, 0x29, 0x13, 0x49, 0xd9, 
	0x52, 0x1b, 0x52, 0x1b, 0x52, 0x1b, 0x52, 0x1b, 
	0x49, 0xd9, 0x49, 0xd9, 0x4a, 0x19, 0x49, 0xd7, 
	0x52, 0x1b, 0x52, 0x1b, 0x39, 0x55, 0x18, 0x4f, 
	0x08, 0x0d, 0x08, 0x0d, 0x08, 0x0b, 0x08, 0x0b, 
	0x08, 0x0d, 0x08, 0x0b, 0x08, 0x0d, 0x08, 0x0d, 
	0x08, 0x0d, 0x08, 0x0d, 0x08, 0x0d, 0x08, 0x0b, 
	0x08, 0x0d, 0x08, 0x0d, 0x08, 0x0d, 0x08, 0x0d, 
	0x08, 0x0d, 0x08, 0x0d, 0x08, 0x0d, 0x08, 0x0d, 
	0x08, 0x0d, 0x08, 0x0d, 0x08, 0x0d, 0x08, 0x0d, 
	0x08, 0x0d, 0x08, 0x0d, 0x08, 0x0d, 0x08, 0x0b, 
	0x08, 0x0f, 0x08, 0x0d, 0x08, 0x0d, 0x08, 0x0b, 
	0x08, 0x0d, 0x08, 0x0d, 0x08, 0x0d, 0x08, 0x0d, 
	0x08, 0x0d, 0x08, 0x0d, 0x08, 0x0d, 0x08, 0x0d, 
	0x08, 0x0d, 0x08, 0x0d, 0x08, 0x0d, 0x08, 0x0b, 
	0x08, 0x0d, 0x08, 0x0d, 0x08, 0x0d, 0x08, 0x0d, 
	0x08, 0x0d, 0x31, 0x53, 0x49, 0xd9, 0x52, 0x1b, 
	0x52, 0x1b, 0x52, 0x1b, 0x52, 0x1b, 0x52, 0x1b, 
	0x52, 0x1b, 0x52, 0x1b, 0x52, 0x1b, 0x49, 0xd7, 
	0x52, 0x1b, 0x52, 0x1b, 0x52, 0x1b, 0x41, 0x97, 
	0x18, 0x8f, 0x08, 0x0d, 0x08, 0x0d, 0x08, 0x0d, 
	0x08, 0x0b, 0x08, 0x0b, 0x08, 0x0b, 0x08, 0x0b, 
	0x08, 0x0b, 0x08, 0x0b, 0x08, 0x0b, 0x08, 0x0b, 
	0x08, 0x0d, 0x08, 0x0d, 0x08, 0x0b, 0x08, 0x0b, 
	0x08, 0x0b, 0x08, 0x0b, 0x08, 0x0b, 0x08, 0x0b, 
	0x08, 0x0b, 0x08, 0x0b, 0x08, 0x0b, 0x08, 0x0b, 
	0x08, 0x0b, 0x08, 0x0b, 0x08, 0x0b, 0x18, 0x4d, 
	0x31, 0x13, 0x29, 0x11, 0x18, 0x8d, 0x08, 0x0b, 
	0x08, 0x0b, 0x10, 0x4d, 0x20, 0xcf, 0x29, 0x11, 
	0x18, 0x8d, 0x08, 0x0b, 0x08, 0x0b, 0x08, 0x0b, 
	0x08, 0x0b, 0x08, 0x0b, 0x08, 0x0b, 0x08, 0x0b, 
	0x08, 0x0d, 0x08, 0x0d, 0x08, 0x0d, 0x08, 0x0b, 
	0x10, 0x4d, 0x41, 0x95, 0x41, 0xd7, 0x41, 0x97, 
	0x41, 0xd7, 0x41, 0x97, 0x41, 0xd7, 0x41, 0x97, 
	0x41, 0x97, 0x41, 0xd7, 0x41, 0xd7, 0x49, 0xd7, 
	0x52, 0x1b, 0x49, 0xd9, 0x49, 0xd7, 0x41, 0x97, 
	0x28, 0xcf, 0x08, 0x0b, 0x08, 0x0b, 0x08, 0x0b, 
	0x08, 0x09, 0x08, 0x0b, 0x08, 0x0b, 0x08, 0x0b, 
	0x08, 0x0b, 0x08, 0x0b, 0x08, 0x0b, 0x08, 0x0b, 
	0x08, 0x0d, 0x08, 0x0b, 0x08, 0x0b, 0x08, 0x0b, 
	0x08, 0x0b, 0x08, 0x0b, 0x08, 0x0b, 0x08, 0x0b, 
	0x08, 0x0b, 0x08, 0x0b, 0x08, 0x0b, 0x08, 0x0b, 
	0x08, 0x0b, 0x08, 0x0b, 0x18, 0x8d, 0x39, 0x53, 
	0x49, 0xd9, 0x41, 0x95, 0x39, 0x55, 0x20, 0xcf, 
	0x18, 0x8d, 0x31, 0x53, 0x41, 0x95, 0x41, 0x95, 
	0x39, 0x95, 0x20, 0xcf, 0x08, 0x0b, 0x08, 0x0b, 
	0x08, 0x0b, 0x08, 0x0b, 0x08, 0x0b, 0x08, 0x0b, 
	0x08, 0x0d, 0x08, 0x0b, 0x08, 0x0b, 0x08, 0x0b, 
	0x10, 0x4d, 0x39, 0x95, 0x41, 0x95, 0x41, 0x95, 
	0x41, 0x95, 0x41, 0x95, 0x41, 0x95, 0x41, 0x95, 
	0x41, 0x95, 0x41, 0x95, 0x41, 0x95, 0x41, 0x95, 
	0x49, 0xd9, 0x41, 0x95, 0x41, 0x95, 0x41, 0x95, 
	0x20, 0xcf, 0x08, 0x0b, 0x08, 0x0b, 0x08, 0x0b, 
	
};

Gfx castle_inside_dl_bob_textures_05800_rgba16_ci8_aligner[] = {gsSPEndDisplayList()};
u8 castle_inside_dl_bob_textures_05800_rgba16_ci8[] = {
	0x00, 0x01, 0x02, 0x03, 0x04, 0x05, 0x06, 0x07, 
	0x08, 0x06, 0x09, 0x0a, 0x0b, 0x01, 0x0c, 0x01, 
	0x06, 0x0a, 0x0d, 0x0e, 0x0f, 0x0f, 0x02, 0x0e, 
	0x08, 0x0a, 0x02, 0x10, 0x04, 0x02, 0x0d, 0x11, 
	0x12, 0x0d, 0x06, 0x02, 0x04, 0x13, 0x14, 0x0a, 
	0x0f, 0x15, 0x16, 0x05, 0x0b, 0x13, 0x17, 0x17, 
	0x08, 0x01, 0x01, 0x02, 0x07, 0x0c, 0x18, 0x08, 
	0x13, 0x18, 0x08, 0x0d, 0x06, 0x06, 0x0d, 0x19, 
	0x0d, 0x06, 0x04, 0x0d, 0x01, 0x03, 0x1a, 0x0d, 
	0x1b, 0x16, 0x0d, 0x0a, 0x01, 0x01, 0x03, 0x13, 
	0x13, 0x18, 0x01, 0x03, 0x1c, 0x04, 0x18, 0x06, 
	0x17, 0x07, 0x07, 0x05, 0x02, 0x0a, 0x06, 0x05, 
	0x16, 0x16, 0x06, 0x06, 0x1d, 0x01, 0x0f, 0x06, 
	0x0f, 0x16, 0x0a, 0x06, 0x13, 0x11, 0x1e, 0x1f, 
	0x13, 0x07, 0x20, 0x08, 0x08, 0x21, 0x0c, 0x22, 
	0x13, 0x23, 0x13, 0x24, 0x25, 0x0a, 0x0e, 0x26, 
	0x0a, 0x0a, 0x0a, 0x16, 0x0f, 0x01, 0x0a, 0x0c, 
	0x01, 0x0a, 0x06, 0x18, 0x13, 0x0a, 0x27, 0x13, 
	0x0c, 0x28, 0x04, 0x0d, 0x0a, 0x08, 0x29, 0x0d, 
	0x2a, 0x11, 0x08, 0x04, 0x2b, 0x0e, 0x0f, 0x05, 
	0x0d, 0x0a, 0x0d, 0x16, 0x16, 0x0a, 0x2c, 0x0a, 
	0x01, 0x05, 0x0a, 0x0a, 0x0a, 0x01, 0x03, 0x21, 
	0x2d, 0x0c, 0x0d, 0x05, 0x2e, 0x04, 0x20, 0x18, 
	0x17, 0x20, 0x13, 0x1b, 0x0e, 0x0f, 0x2b, 0x2f, 
	0x0d, 0x02, 0x0a, 0x15, 0x16, 0x0a, 0x01, 0x01, 
	0x01, 0x13, 0x0a, 0x0a, 0x13, 0x01, 0x30, 0x31, 
	0x18, 0x04, 0x0d, 0x32, 0x02, 0x0d, 0x18, 0x06, 
	0x13, 0x08, 0x0c, 0x0d, 0x06, 0x33, 0x0d, 0x0e, 
	0x2f, 0x2f, 0x05, 0x05, 0x0a, 0x0a, 0x07, 0x01, 
	0x01, 0x13, 0x13, 0x13, 0x20, 0x03, 0x05, 0x27, 
	0x20, 0x0a, 0x0d, 0x0a, 0x08, 0x0c, 0x21, 0x07, 
	0x21, 0x04, 0x02, 0x0c, 0x34, 0x0e, 0x06, 0x1b, 
	0x35, 0x0e, 0x0d, 0x05, 0x0a, 0x01, 0x01, 0x0a, 
	0x01, 0x01, 0x01, 0x13, 0x13, 0x13, 0x01, 0x13, 
	0x03, 0x01, 0x02, 0x02, 0x0d, 0x04, 0x21, 0x18, 
	0x1d, 0x2d, 0x02, 0x1b, 0x0e, 0x05, 0x1b, 0x06, 
	0x04, 0x0a, 0x04, 0x36, 0x01, 0x03, 0x01, 0x05, 
	0x0a, 0x03, 0x0a, 0x03, 0x21, 0x03, 0x0a, 0x03, 
	0x18, 0x02, 0x37, 0x16, 0x0d, 0x0c, 0x08, 0x18, 
	0x38, 0x08, 0x0c, 0x2b, 0x05, 0x06, 0x0e, 0x0a, 
	0x01, 0x1a, 0x18, 0x04, 0x01, 0x1f, 0x13, 0x39, 
	0x0a, 0x13, 0x13, 0x0c, 0x0c, 0x13, 0x13, 0x21, 
	0x08, 0x16, 0x0e, 0x0e, 0x0d, 0x06, 0x0c, 0x03, 
	0x20, 0x0e, 0x06, 0x1a, 0x02, 0x06, 0x0d, 0x3a, 
	0x1d, 0x0a, 0x18, 0x02, 0x05, 0x03, 0x03, 0x3b, 
	0x0c, 0x01, 0x0a, 0x0c, 0x03, 0x0a, 0x08, 0x18, 
	0x01, 0x01, 0x02, 0x1a, 0x06, 0x04, 0x02, 0x24, 
	0x01, 0x02, 0x06, 0x0f, 0x06, 0x06, 0x05, 0x0c, 
	0x03, 0x01, 0x07, 0x06, 0x18, 0x02, 0x0c, 0x0a, 
	0x0c, 0x01, 0x01, 0x0c, 0x0c, 0x08, 0x01, 0x18, 
	0x01, 0x14, 0x0d, 0x3c, 0x05, 0x06, 0x02, 0x21, 
	0x01, 0x0a, 0x02, 0x0e, 0x02, 0x02, 0x13, 0x0c, 
	0x05, 0x0a, 0x07, 0x06, 0x2f, 0x01, 0x08, 0x01, 
	0x0c, 0x01, 0x01, 0x06, 0x0d, 0x07, 0x0e, 0x0c, 
	0x0c, 0x16, 0x3d, 0x3e, 0x03, 0x0d, 0x22, 0x3f, 
	0x01, 0x08, 0x06, 0x0a, 0x2f, 0x0a, 0x05, 0x18, 
	0x0a, 0x01, 0x21, 0x2f, 0x07, 0x08, 0x06, 0x01, 
	0x0c, 0x0d, 0x0d, 0x0f, 0x0a, 0x0a, 0x16, 0x0d, 
	0x0d, 0x0d, 0x16, 0x40, 0x0a, 0x16, 0x0a, 0x04, 
	0x02, 0x04, 0x02, 0x06, 0x02, 0x02, 0x05, 0x01, 
	0x0c, 0x18, 0x04, 0x0f, 0x2c, 0x1b, 0x0c, 0x02, 
	0x02, 0x06, 0x06, 0x0f, 0x0d, 0x06, 0x0f, 0x0a, 
	0x0d, 0x06, 0x0d, 0x16, 0x16, 0x02, 0x02, 0x06, 
	0x06, 0x0f, 0x0f, 0x06, 0x02, 0x07, 0x08, 0x13, 
	0x0f, 0x1b, 0x07, 0x07, 0x41, 0x42, 0x1b, 0x1b, 
	0x3a, 0x02, 0x2f, 0x26, 0x43, 0x43, 0x37, 0x26, 
	0x16, 0x0d, 0x16, 0x16, 0x06, 0x02, 0x04, 0x02, 
	0x04, 0x0f, 0x37, 0x0e, 0x0e, 0x0f, 0x02, 0x06, 
	0x19, 0x00, 0x04, 0x04, 0x2f, 0x42, 0x0f, 0x0a, 
	0x1b, 0x06, 0x16, 0x2b, 0x37, 0x37, 0x44, 0x0d, 
	0x16, 0x15, 0x0e, 0x0f, 0x0f, 0x2f, 0x45, 0x06, 
	0x0e, 0x2f, 0x0e, 0x0f, 0x0e, 0x0d, 0x0d, 0x05, 
	0x1b, 0x16, 0x0e, 0x2f, 0x2b, 0x2b, 0x0f, 0x0e, 
	0x01, 0x1b, 0x0f, 0x2b, 0x26, 0x46, 0x47, 0x43, 
	0x16, 0x0f, 0x37, 0x41, 0x16, 0x06, 0x2f, 0x13, 
	0x2f, 0x0e, 0x0f, 0x1b, 0x16, 0x1b, 0x0e, 0x1b, 
	0x0e, 0x2b, 0x0e, 0x45, 0x48, 0x0f, 0x04, 0x0e, 
	0x06, 0x0e, 0x0f, 0x26, 0x16, 0x37, 0x16, 0x0f, 
	0x26, 0x26, 0x43, 0x37, 0x0d, 0x49, 0x01, 0x04, 
	0x4a, 0x2f, 0x16, 0x4b, 0x0e, 0x0f, 0x42, 0x06, 
	0x16, 0x2f, 0x0e, 0x0f, 0x0d, 0x48, 0x07, 0x07, 
	0x02, 0x0e, 0x06, 0x0f, 0x26, 0x4c, 0x32, 0x37, 
	0x37, 0x37, 0x0e, 0x44, 0x0d, 0x4d, 0x06, 0x0e, 
	0x05, 0x0e, 0x1b, 0x16, 0x0f, 0x16, 0x16, 0x0f, 
	0x0f, 0x16, 0x2f, 0x4e, 0x0e, 0x0c, 0x03, 0x23, 
	0x21, 0x08, 0x0d, 0x0d, 0x0f, 0x02, 0x0d, 0x0f, 
	0x26, 0x4f, 0x50, 0x51, 0x26, 0x0e, 0x05, 0x0e, 
	0x41, 0x0d, 0x37, 0x0e, 0x0f, 0x0f, 0x16, 0x2f, 
	0x16, 0x0f, 0x15, 0x43, 0x49, 0x0a, 0x06, 0x03, 
	0x02, 0x07, 0x16, 0x01, 0x16, 0x0d, 0x0f, 0x0f, 
	0x26, 0x52, 0x43, 0x41, 0x16, 0x48, 0x48, 0x16, 
	0x02, 0x0e, 0x0f, 0x2b, 0x16, 0x05, 0x0f, 0x0f, 
	0x0f, 0x0a, 0x53, 0x18, 0x26, 0x54, 0x37, 0x26, 
	0x0e, 0x43, 0x2b, 0x01, 0x01, 0x0a, 0x02, 0x2f, 
	0x1b, 0x24, 0x41, 0x0e, 0x16, 0x01, 0x2f, 0x0f, 
	0x0d, 0x06, 0x06, 0x0f, 0x16, 0x0f, 0x0f, 0x16, 
	0x0f, 0x0d, 0x0a, 0x01, 0x47, 0x16, 0x0f, 0x1a, 
	0x0e, 0x24, 0x0d, 0x02, 0x06, 0x06, 0x06, 0x06, 
	0x01, 0x1b, 0x0e, 0x0f, 0x2f, 0x16, 0x15, 0x48, 
	0x18, 0x04, 0x45, 0x0f, 0x16, 0x16, 0x16, 0x16, 
	0x0e, 0x04, 0x02, 0x0c, 0x0f, 0x16, 0x0f, 0x55, 
	0x56, 0x0d, 0x0d, 0x0d, 0x0d, 0x0a, 0x0a, 0x0f, 
	0x0e, 0x0a, 0x06, 0x0a, 0x0a, 0x42, 0x15, 0x15, 
	0x18, 0x57, 0x06, 0x06, 0x0e, 0x2f, 0x15, 0x0e, 
	0x04, 0x02, 0x24, 0x01, 0x06, 0x1b, 0x0d, 0x08, 
	0x58, 0x01, 0x2d, 0x0f, 0x0a, 0x2f, 0x26, 0x0e, 
	0x0d, 0x0e, 0x2f, 0x59, 0x15, 0x16, 0x5a, 0x15, 
	0x13, 0x00, 0x07, 0x2f, 0x2f, 0x5b, 0x0e, 0x2c, 
	0x1b, 0x05, 0x18, 0x5c, 0x05, 0x5d, 0x2c, 0x0d, 
	0x0c, 0x08, 0x0d, 0x06, 0x06, 0x02, 0x47, 0x37, 
	0x2b, 0x2f, 0x0e, 0x37, 0x5e, 0x48, 0x2b, 0x2b, 
	0x02, 0x04, 0x0c, 0x01, 0x0e, 0x15, 0x0f, 0x3a, 
	0x07, 0x08, 0x01, 0x5f, 0x0d, 0x06, 0x01, 0x04, 
	0x0a, 0x60, 0x18, 0x13, 0x02, 0x2f, 0x06, 0x16, 
	0x0f, 0x0f, 0x0e, 0x05, 0x61, 0x51, 0x0f, 0x04, 
	0x13, 0x53, 0x07, 0x0e, 0x1b, 0x0a, 0x0d, 0x02, 
	0x08, 0x08, 0x0c, 0x60, 0x2f, 0x1b, 0x02, 0x08, 
	0x62, 0x03, 0x07, 0x1c, 0x0d, 0x04, 0x06, 0x08, 
	0x63, 0x64, 0x37, 0x05, 0x0e, 0x43, 0x0e, 0x0e, 
	0x06, 0x18, 0x08, 0x04, 0x08, 0x06, 0x02, 0x04, 
	0x18, 0x08, 0x0c, 0x13, 0x42, 0x3a, 0x18, 0x13, 
	0x08, 0x5c, 0x0c, 0x06, 0x04, 0x45, 0x02, 0x04, 
	0x18, 0x06, 0x06, 0x48, 0x37, 0x0f, 0x0c, 0x2f, 
	0x18, 0x0a, 0x02, 0x0c, 0x02, 0x04, 0x04, 0x02, 
	0x02, 0x07, 0x01, 0x05, 0x0c, 0x0a, 0x04, 0x06, 
	0x08, 0x3a, 0x07, 0x04, 0x0c, 0x06, 0x02, 0x0d, 
	0x02, 0x04, 0x0d, 0x02, 0x06, 0x06, 0x16, 0x0d, 
	0x5c, 0x18, 0x18, 0x06, 0x02, 0x0a, 0x04, 0x06, 
	
};

Gfx castle_inside_dl_bob_textures_05800_rgba16_pal_rgba16_aligner[] = {gsSPEndDisplayList()};
u8 castle_inside_dl_bob_textures_05800_rgba16_pal_rgba16[] = {
	0x67, 0x81, 0x05, 0x01, 0x05, 0x87, 0x05, 0x83, 
	0x05, 0xc9, 0x04, 0x81, 0x05, 0x45, 0x06, 0x0b, 
	0x05, 0x85, 0x37, 0x59, 0x04, 0xc1, 0x1e, 0x91, 
	0x05, 0x43, 0x05, 0x03, 0x05, 0x89, 0x05, 0x47, 
	0x26, 0xd3, 0x05, 0xc3, 0x5f, 0x41, 0x05, 0x41, 
	0x04, 0x01, 0x04, 0xc3, 0x05, 0x05, 0x05, 0x81, 
	0x05, 0xc7, 0x26, 0x43, 0x04, 0x41, 0x06, 0x0d, 
	0x16, 0x8f, 0x0e, 0x4b, 0x0e, 0x85, 0x05, 0xc1, 
	0x05, 0xc5, 0x06, 0x09, 0x1e, 0xd1, 0x16, 0x4b, 
	0x0e, 0x4d, 0x26, 0xd5, 0x05, 0x49, 0x06, 0x05, 
	0x06, 0x4d, 0x16, 0x8d, 0x06, 0x03, 0x05, 0xcd, 
	0x0e, 0x4f, 0x06, 0x4b, 0x2f, 0x17, 0x05, 0xcb, 
	0x26, 0x81, 0x36, 0xc5, 0x06, 0x0f, 0x37, 0x5b, 
	0x3f, 0x9b, 0x1e, 0xd3, 0x06, 0x4f, 0x05, 0x8b, 
	0x06, 0x49, 0x1e, 0x41, 0x16, 0x91, 0x16, 0x41, 
	0x0d, 0xc1, 0x16, 0x01, 0x4e, 0xc1, 0x3f, 0x59, 
	0x0d, 0x81, 0x16, 0x51, 0x1e, 0x93, 0x05, 0x07, 
	0x05, 0xcf, 0x0e, 0x0d, 0x05, 0x4b, 0x04, 0xc5, 
	0x0e, 0x0f, 0x37, 0x17, 0x0e, 0x51, 0x26, 0x95, 
	0x16, 0x53, 0x3f, 0x19, 0x26, 0x97, 0x05, 0x8f, 
	0x04, 0x43, 0x05, 0x8d, 0x05, 0x09, 0x16, 0x4f, 
	0x0e, 0x11, 0x1e, 0x49, 0x1e, 0x01, 0x2e, 0x85, 
	0x26, 0x41, 0x2e, 0xd7, 0x0d, 0xcf, 0x26, 0xd7, 
	0x06, 0x07, 0x4f, 0xdf, 0x57, 0xe1, 0x16, 0x8b, 
	0x1e, 0xcd, 0x36, 0xd9, 0x16, 0x4d, 0x1e, 0x03, 
	0x47, 0x0b, 
};

Gfx castle_inside_dl_flower_top_rgba16_aligner[] = {gsSPEndDisplayList()};
u8 castle_inside_dl_flower_top_rgba16[] = {
	0xff, 0xc1, 0xff, 0xc1, 0xff, 0xc1, 0xff, 0xc1, 
	0xf7, 0x81, 0xc6, 0x41, 0xc6, 0x01, 0xe7, 0x01, 
	0xce, 0x81, 0xa5, 0xc1, 0xdf, 0x41, 0xff, 0xc1, 
	0xff, 0xc1, 0xff, 0xc1, 0xa6, 0x01, 0x95, 0x81, 
	0x8d, 0x41, 0xb6, 0x41, 0xe7, 0x81, 0xd7, 0x41, 
	0xbe, 0x81, 0x9d, 0xc1, 0xa6, 0x01, 0xe7, 0x81, 
	0xff, 0xc1, 0xff, 0xc1, 0xf7, 0x81, 0xc6, 0x41, 
	0xad, 0x81, 0xd6, 0x81, 0xf7, 0x81, 0xcf, 0x01, 
	0xff, 0xc1, 0xff, 0xc1, 0xff, 0xc1, 0xff, 0xc1, 
	0xdf, 0x01, 0x95, 0x01, 0xb5, 0x81, 0xbd, 0xc1, 
	0xb4, 0x87, 0xfb, 0x31, 0xfb, 0x35, 0xfd, 0xdd, 
	0xff, 0xc1, 0xc6, 0xc1, 0x7d, 0x41, 0x5c, 0x41, 
	0x5c, 0x01, 0x9d, 0x81, 0xe7, 0x41, 0xf7, 0xc1, 
	0xef, 0x81, 0xb6, 0x81, 0xbe, 0xc1, 0xf7, 0xc1, 
	0xff, 0xc1, 0xff, 0xc1, 0xf7, 0x81, 0xd6, 0x81, 
	0xd6, 0x81, 0xf7, 0x81, 0xff, 0xc1, 0xef, 0xc1, 
	0xb5, 0xc1, 0xef, 0x41, 0xe7, 0x41, 0x8d, 0x81, 
	0x7d, 0x01, 0x8d, 0x41, 0xef, 0x41, 0xe7, 0x01, 
	0xcc, 0x8f, 0xfc, 0x3f, 0xfb, 0xfd, 0xfd, 0x2b, 
	0xae, 0x41, 0x8d, 0x41, 0x6c, 0xc1, 0x5c, 0x01, 
	0x6c, 0x41, 0xb5, 0xc1, 0xef, 0x81, 0xe7, 0x81, 
	0xef, 0x81, 0xd7, 0x01, 0xf7, 0xc1, 0xff, 0xc1, 
	0xef, 0x81, 0x95, 0x41, 0x9d, 0x41, 0xb5, 0xc1, 
	0xce, 0x81, 0xe7, 0x41, 0xd7, 0x41, 0xc6, 0xc1, 
	0xb6, 0x01, 0xf7, 0x81, 0xf7, 0x81, 0xa6, 0x01, 
	0x7d, 0x41, 0x7d, 0x01, 0xee, 0x87, 0xfd, 0x63, 
	0xbc, 0xd7, 0xfd, 0xfb, 0xfe, 0x7f, 0xd5, 0x5d, 
	0xec, 0xe7, 0xec, 0x1f, 0xb6, 0x01, 0x8d, 0x01, 
	0x7c, 0x81, 0x7c, 0x81, 0xbe, 0x41, 0xef, 0x81, 
	0xde, 0xc1, 0xa5, 0x81, 0xbe, 0x01, 0xde, 0xc1, 
	0xbe, 0x01, 0x74, 0x01, 0x6c, 0x01, 0x84, 0xc1, 
	0x8d, 0x41, 0xa6, 0x01, 0xcf, 0x01, 0xe7, 0x81, 
	0xf7, 0xc1, 0xff, 0xc1, 0xff, 0xc1, 0xff, 0xc1, 
	0xbe, 0x81, 0x74, 0xc1, 0xeb, 0x5b, 0xfb, 0x37, 
	0xfd, 0xff, 0xff, 0xdf, 0xff, 0xc7, 0xfe, 0xfd, 
	0xfc, 0x3b, 0xfa, 0xf5, 0xde, 0x03, 0xce, 0x81, 
	0xc6, 0x81, 0x5b, 0x81, 0x5b, 0xc1, 0xc6, 0x41, 
	0x94, 0x81, 0x8c, 0x81, 0x7c, 0x01, 0x6b, 0x81, 
	0x73, 0xc1, 0x7c, 0x41, 0x6c, 0x01, 0x53, 0xc1, 
	0x43, 0x81, 0x64, 0x41, 0xf7, 0xc1, 0xff, 0xc1, 
	0xef, 0x81, 0xff, 0xc1, 0xff, 0xc1, 0xff, 0xc1, 
	0xe7, 0x81, 0xa6, 0x01, 0xdb, 0x5b, 0xfb, 0xbb, 
	0xfe, 0x7f, 0xff, 0x21, 0xff, 0xcf, 0xfe, 0xbb, 
	0xfc, 0xff, 0xfb, 0x37, 0x8c, 0x81, 0xa5, 0x41, 
	0xed, 0x4f, 0xab, 0x91, 0x73, 0xc3, 0xa5, 0x01, 
	0xa5, 0x01, 0xbd, 0xc1, 0xc6, 0x01, 0x94, 0xc1, 
	0x74, 0x01, 0x5b, 0x81, 0x53, 0x41, 0x4b, 0x41, 
	0x64, 0x01, 0x85, 0x01, 0xc6, 0x81, 0xff, 0xc1, 
	0xdf, 0x41, 0xd7, 0x41, 0xae, 0x41, 0x85, 0x41, 
	0xcf, 0x01, 0xcf, 0x01, 0x7b, 0x85, 0xba, 0xd9, 
	0x7b, 0x0d, 0xfe, 0x7f, 0xfe, 0xbf, 0xe5, 0xa3, 
	0xcc, 0x51, 0xbc, 0x0f, 0x5b, 0x81, 0x83, 0x0d, 
	0xfb, 0x7b, 0xfb, 0x7b, 0xfb, 0xeb, 0xc6, 0x01, 
	0xd6, 0x81, 0xef, 0x41, 0xde, 0xc1, 0xa5, 0x41, 
	0x7c, 0x81, 0x53, 0x81, 0x53, 0xc1, 0x5c, 0x01, 
	0x8d, 0x01, 0xbe, 0x41, 0xae, 0x01, 0xd7, 0x01, 
	0xff, 0xc1, 0xe7, 0x81, 0xae, 0x41, 0x6c, 0xc1, 
	0x64, 0x41, 0x74, 0x81, 0x53, 0x81, 0x42, 0xc1, 
	0x8b, 0x4b, 0xfb, 0xfb, 0xfb, 0x79, 0xfb, 0xf3, 
	0x94, 0x81, 0x9b, 0xc9, 0xab, 0x19, 0x73, 0x09, 
	0xfc, 0xff, 0xfc, 0xff, 0xec, 0x27, 0xb5, 0x81, 
	0xde, 0xc1, 0xef, 0x41, 0xef, 0x41, 0xce, 0x81, 
	0xbe, 0x41, 0xa5, 0xc1, 0x9d, 0x81, 0x8d, 0x41, 
	0x85, 0x01, 0xb6, 0x41, 0xdf, 0x41, 0xf7, 0xc1, 
	0xff, 0xc1, 0xdf, 0x01, 0x9d, 0x81, 0x64, 0x41, 
	0x43, 0x41, 0x43, 0x01, 0x5b, 0x81, 0x5b, 0x81, 
	0x7b, 0xc1, 0xe2, 0x9f, 0xf2, 0xa5, 0xaa, 0x91, 
	0x4a, 0x41, 0xfa, 0xa9, 0xfb, 0xfb, 0xfd, 0xfb, 
	0xff, 0x2d, 0xff, 0x33, 0xd5, 0x25, 0xfc, 0xad, 
	0xdc, 0x91, 0xa5, 0x01, 0xc6, 0x41, 0xef, 0x81, 
	0xff, 0xc1, 0xce, 0xc1, 0x9d, 0xc1, 0x85, 0x41, 
	0x95, 0x81, 0xc6, 0x81, 0xff, 0xc1, 0xff, 0xc1, 
	0xd6, 0xc1, 0x95, 0x01, 0x7c, 0x81, 0x74, 0x41, 
	0x7c, 0x81, 0x64, 0x01, 0x84, 0xc1, 0x63, 0xc1, 
	0x42, 0xc1, 0x5b, 0x01, 0x5b, 0x01, 0x4a, 0x81, 
	0x42, 0x81, 0xfb, 0x33, 0xfc, 0xbf, 0xff, 0x3f, 
	0xff, 0xc5, 0xff, 0xd1, 0xfe, 0x3f, 0xfb, 0x79, 
	0xfa, 0xe5, 0x63, 0x81, 0x7c, 0x41, 0x9d, 0x41, 
	0xa5, 0x81, 0xa5, 0xc1, 0xad, 0xc1, 0x8d, 0x41, 
	0xdf, 0x41, 0xff, 0xc1, 0xff, 0xc1, 0xff, 0xc1, 
	0xb6, 0x81, 0xa6, 0x01, 0xae, 0x41, 0xbe, 0x41, 
	0xb6, 0x41, 0x9d, 0x81, 0xad, 0xc1, 0x74, 0x41, 
	0x74, 0x01, 0x7b, 0xc1, 0x84, 0x01, 0xbe, 0x01, 
	0x6c, 0x81, 0xd4, 0x15, 0xf4, 0x63, 0xed, 0xa3, 
	0xff, 0x71, 0xff, 0x29, 0xfe, 0x3d, 0xfb, 0xfd, 
	0xeb, 0x21, 0x63, 0x81, 0x6b, 0x81, 0x5b, 0x41, 
	0x5b, 0x41, 0x63, 0xc1, 0x95, 0x01, 0x95, 0x01, 
	0xd6, 0xc1, 0xf7, 0xc1, 0xef, 0x81, 0xbe, 0x81, 
	0xc6, 0x81, 0xe7, 0x81, 0xdf, 0x41, 0xff, 0xc1, 
	0xff, 0xc1, 0xff, 0xc1, 0xb6, 0x01, 0x6c, 0x41, 
	0x5b, 0x81, 0x5b, 0x41, 0x94, 0xc1, 0xff, 0xc1, 
	0xc6, 0x81, 0x6b, 0xc1, 0x74, 0x01, 0xfc, 0xf5, 
	0xfd, 0x3f, 0xfd, 0xff, 0xa5, 0x45, 0xd4, 0x93, 
	0xc6, 0x03, 0xae, 0x01, 0xad, 0x81, 0x9d, 0x01, 
	0x73, 0xc1, 0x74, 0x01, 0xad, 0x81, 0x95, 0x01, 
	0x6c, 0x01, 0x8d, 0x01, 0xe7, 0x81, 0xef, 0xc1, 
	0xe7, 0x41, 0xff, 0xc1, 0xff, 0xc1, 0xff, 0xc1, 
	0xff, 0xc1, 0xf7, 0x81, 0xce, 0x81, 0xae, 0x01, 
	0x85, 0x01, 0x6c, 0x41, 0xa5, 0xc1, 0xe7, 0x41, 
	0x84, 0x41, 0x4a, 0x81, 0x52, 0xc1, 0xfa, 0xad, 
	0xfa, 0xf5, 0xfb, 0x33, 0x5b, 0x03, 0x63, 0xc1, 
	0xbe, 0x81, 0xef, 0xc1, 0xff, 0xc1, 0xef, 0x41, 
	0xb5, 0xc1, 0x8c, 0x81, 0x95, 0x01, 0x8c, 0xc1, 
	0x7c, 0xc1, 0x95, 0x41, 0xd6, 0xc1, 0xb5, 0xc1, 
	0xb5, 0x81, 0x84, 0xc1, 0xb6, 0x41, 0xff, 0xc1, 
	0xf7, 0x81, 0xbe, 0x01, 0xe7, 0x41, 0xf7, 0x81, 
	0xa5, 0x81, 0x64, 0x41, 0xb5, 0x81, 0xa5, 0x01, 
	0x63, 0x81, 0x4b, 0x01, 0x74, 0x01, 0x94, 0x43, 
	0xbb, 0x8f, 0x93, 0x89, 0x63, 0x81, 0x5b, 0x81, 
	0xae, 0x41, 0xff, 0xc1, 0xff, 0xc1, 0xf7, 0xc1, 
	0xbe, 0x41, 0xcd, 0x49, 0x7c, 0x01, 0x94, 0xc1, 
	0xed, 0xcb, 0xc6, 0x01, 0x9c, 0xc1, 0x73, 0xc1, 
	0xad, 0x81, 0x7c, 0x41, 0x8d, 0x01, 0xd6, 0xc1, 
	0xe7, 0x01, 0x9d, 0x41, 0xad, 0x41, 0xad, 0x01, 
	0xb5, 0xc1, 0xb5, 0xc1, 0xe7, 0x01, 0xe7, 0x01, 
	0xa5, 0xc1, 0x9d, 0x41, 0xd6, 0xc1, 0x9d, 0x01, 
	0x8c, 0x81, 0x8c, 0xc1, 0x8c, 0x81, 0xad, 0xc1, 
	0xdf, 0x41, 0xff, 0xc1, 0xff, 0xc1, 0xff, 0xc1, 
	0xfc, 0x5f, 0xfb, 0x39, 0xd4, 0x1d, 0xdc, 0xdf, 
	0xfb, 0x37, 0xfb, 0xe7, 0xde, 0x81, 0xce, 0x41, 
	0xad, 0x81, 0x8c, 0xc1, 0x84, 0x81, 0x95, 0x01, 
	0x9d, 0x01, 0x8c, 0xc1, 0xce, 0x41, 0xef, 0x81, 
	0xff, 0xc1, 0xff, 0xc1, 0xff, 0xc1, 0xe7, 0x81, 
	0xae, 0x41, 0xe7, 0x81, 0xd6, 0x81, 0xa5, 0x41, 
	0x74, 0x41, 0xce, 0xc1, 0xff, 0xc1, 0xff, 0xc1, 
	0xff, 0xc1, 0xc6, 0xc1, 0xef, 0xc1, 0xff, 0xc3, 
	0xfb, 0x79, 0xfc, 0x3d, 0xfd, 0xb7, 0xfe, 0x35, 
	0xfc, 0x7d, 0xfb, 0x79, 0xde, 0x07, 0xff, 0xc1, 
	0xe7, 0x81, 0xb6, 0x81, 0x9e, 0x01, 0xa6, 0x01, 
	0x8d, 0x81, 0x8d, 0x41, 0xe7, 0x01, 0xef, 0x81, 
	0xef, 0x81, 0xe7, 0x81, 0xff, 0xc1, 0xff, 0xc1, 
	0xd7, 0x01, 0xef, 0x81, 0xc6, 0x41, 0x94, 0xc1, 
	0x6b, 0xc1, 0xa5, 0xc1, 0xdf, 0x01, 0xff, 0xc1, 
	0xff, 0xc1, 0xdf, 0x41, 0xe7, 0x41, 0xff, 0xc1, 
	0xe4, 0xd5, 0xfd, 0x33, 0xff, 0xdb, 0xff, 0xd7, 
	0xfd, 0xf3, 0xab, 0xcf, 0xae, 0x41, 0xd7, 0x41, 
	0xff, 0xc1, 0xae, 0x41, 0x8d, 0x81, 0x8d, 0x03, 
	0xb3, 0xd5, 0xbb, 0xd5, 0xce, 0x03, 0xce, 0x41, 
	0xce, 0x81, 0xbe, 0x41, 0xf7, 0x81, 0xd6, 0x81, 
	0xad, 0x81, 0x9d, 0x41, 0xd6, 0xc1, 0xc6, 0x81, 
	0xa5, 0xc1, 0x8d, 0x41, 0x9d, 0x81, 0xff, 0xc1, 
	0xff, 0xc1, 0xff, 0xc1, 0xef, 0x81, 0xef, 0x81, 
	0xd5, 0x17, 0xfd, 0xf7, 0xff, 0x1f, 0xff, 0x5b, 
	0xfe, 0xbf, 0xfd, 0x29, 0xef, 0x41, 0xf7, 0xc1, 
	0xc6, 0x81, 0x8d, 0x81, 0x7d, 0x41, 0xd3, 0x9b, 
	0xfb, 0xbd, 0xfb, 0x79, 0xfc, 0x9d, 0xb5, 0x81, 
	0xf7, 0x81, 0xff, 0xc1, 0xff, 0xc1, 0xdf, 0x01, 
	0xad, 0xc1, 0xbe, 0x41, 0xef, 0x81, 0xff, 0xc1, 
	0xff, 0xc1, 0xff, 0xc1, 0xff, 0xc1, 0xff, 0xc1, 
	0xff, 0xc1, 0xd7, 0x01, 0xdf, 0x01, 0xef, 0x01, 
	0xfa, 0xf1, 0xfb, 0xf9, 0xfe, 0x3f, 0xfd, 0xf1, 
	0xfc, 0xbf, 0xfa, 0xb1, 0xdd, 0xc9, 0xef, 0x81, 
	0x5b, 0xc1, 0x64, 0x01, 0x7c, 0x43, 0x93, 0x53, 
	0xfc, 0xff, 0xfc, 0x79, 0xd5, 0x15, 0xdd, 0xc9, 
	0xff, 0x83, 0xff, 0xc1, 0xff, 0xc1, 0xce, 0xc1, 
	0xae, 0x01, 0xff, 0xc1, 0xff, 0xc1, 0xff, 0xc1, 
	0xff, 0xc1, 0xff, 0xc1, 0xff, 0xc1, 0xff, 0xc1, 
	0xff, 0xc1, 0xc6, 0xc1, 0xc6, 0x41, 0x73, 0xc1, 
	0xe4, 0x53, 0xfa, 0xb1, 0xe3, 0xdd, 0xc4, 0x8f, 
	0xfa, 0xaf, 0xd2, 0x9b, 0x95, 0x01, 0xad, 0xc1, 
	0xbe, 0x41, 0xfb, 0xdf, 0xfc, 0x3b, 0xf5, 0xef, 
	0xff, 0x2b, 0xfe, 0xe9, 0xfd, 0xb1, 0xfb, 0xfb, 
	0xfc, 0x27, 0xf7, 0xc1, 0xff, 0xc1, 0xd7, 0x01, 
	0xdf, 0x41, 0xff, 0xc1, 0xff, 0xc1, 0xff, 0xc1, 
	0xf7, 0xc1, 0xf7, 0xc1, 0xff, 0xc1, 0xff, 0xc1, 
	0xff, 0xc1, 0xf7, 0xc1, 0x8c, 0xc1, 0x8c, 0xc1, 
	0xa5, 0x41, 0xbd, 0x03, 0xde, 0xc1, 0xbd, 0xc1, 
	0xa5, 0x01, 0xbe, 0x41, 0xff, 0xc1, 0xff, 0xc1, 
	0xf7, 0x81, 0xfa, 0xe9, 0xfb, 0x79, 0xfe, 0x7f, 
	0xff, 0x8b, 0xff, 0xc7, 0xfe, 0x3f, 0xfb, 0xfb, 
	0xfb, 0x31, 0xb6, 0x41, 0xff, 0xc1, 0xff, 0xc1, 
	0xff, 0xc1, 0xff, 0xc1, 0xff, 0xc1, 0xff, 0xc1, 
	0xe7, 0x81, 0xff, 0xc1, 0xff, 0xc1, 0xe7, 0x81, 
	0xd7, 0x01, 0xbe, 0x41, 0x74, 0x41, 0x7c, 0x01, 
	0x7c, 0x01, 0x94, 0x81, 0xc6, 0x01, 0xb5, 0xc1, 
	0xd6, 0x81, 0xdf, 0x41, 0xff, 0xc1, 0xff, 0xc1, 
	0xef, 0x41, 0xd2, 0xd9, 0xfb, 0x75, 0xe4, 0xe7, 
	0xfe, 0xf1, 0xff, 0x33, 0xcc, 0x63, 0xfb, 0xaf, 
	0xfc, 0x5d, 0xd7, 0x41, 0xff, 0xc1, 0xff, 0xc1, 
	0xef, 0x41, 0xdf, 0x01, 0xfe, 0x13, 0xfd, 0x21, 
	0xff, 0xc9, 0xff, 0xc1, 0xce, 0x81, 0x9d, 0xc1, 
	0xa6, 0x01, 0x85, 0x01, 0x95, 0x81, 0xa5, 0xc1, 
	0x8c, 0xc1, 0x94, 0xc1, 0x74, 0x01, 0x5b, 0x01, 
	0x63, 0x41, 0x5b, 0x41, 0x63, 0x81, 0x95, 0x41, 
	0xff, 0xc1, 0xad, 0x41, 0x83, 0xc1, 0xab, 0x93, 
	0xfd, 0x7f, 0xfc, 0xff, 0xd4, 0x9f, 0xb5, 0x81, 
	0xff, 0xc1, 0xff, 0xc1, 0xff, 0xc1, 0xff, 0xc1, 
	0xf7, 0xc1, 0xf4, 0xd7, 0xfb, 0x7b, 0xfb, 0x79, 
	0xfd, 0xa3, 0xb5, 0x43, 0xcc, 0x93, 0xb6, 0x03, 
	0x9d, 0xc1, 0xa6, 0x01, 0xae, 0x01, 0x8d, 0x81, 
	0xa6, 0x41, 0xb6, 0x41, 0x7c, 0xc1, 0x74, 0x81, 
	0x94, 0xc1, 0x6b, 0x81, 0x3a, 0x41, 0x4a, 0xc1, 
	0xe7, 0x01, 0xde, 0xc1, 0xad, 0x41, 0xb3, 0x11, 
	0xfa, 0xb1, 0xfa, 0x6f, 0xf3, 0xdb, 0xc6, 0x01, 
	0xff, 0xc1, 0xff, 0xc1, 0xff, 0xc1, 0xff, 0xc1, 
	0xf7, 0xc1, 0xdd, 0xcb, 0xfc, 0x79, 0xfc, 0xfb, 
	0xed, 0xa7, 0xfd, 0x37, 0xfa, 0xf5, 0xfd, 0x19, 
	0xdf, 0x41, 0xae, 0x41, 0x85, 0x41, 0x64, 0x81, 
	0x8d, 0x81, 0xbe, 0x81, 0xa6, 0x41, 0xbe, 0x81, 
	0xef, 0xc1, 0xef, 0x81, 0xbe, 0x01, 0xa5, 0x01, 
	0xb5, 0x81, 0xd6, 0x81, 0xbe, 0x01, 0x53, 0x01, 
	0x8b, 0x09, 0xcc, 0x8b, 0xf7, 0x41, 0xe7, 0x01, 
	0xff, 0xc1, 0xff, 0xc1, 0xff, 0xc1, 0xf7, 0xc1, 
	0xc6, 0x43, 0xd5, 0x57, 0xd5, 0x23, 0xff, 0xa3, 
	0xff, 0xdd, 0xfd, 0x7d, 0xfc, 0x3f, 0xfb, 0xed, 
	0xe7, 0x81, 0xc6, 0xc1, 0xb6, 0x81, 0xc6, 0x81, 
	0xce, 0xc1, 0xd7, 0x01, 0xf7, 0xc1, 0xff, 0xc1, 
	0xff, 0xc1, 0xff, 0xc1, 0xff, 0xc1, 0xff, 0xc1, 
	0x9d, 0x01, 0xd6, 0xc1, 0xae, 0x01, 0x3b, 0x01, 
	0x43, 0x01, 0x74, 0x01, 0xff, 0xc1, 0xff, 0xc1, 
	0xc6, 0xc1, 0x85, 0x41, 0x7d, 0x01, 0x7d, 0x01, 
	0xf3, 0x61, 0xfb, 0xb7, 0xfd, 0xff, 0xff, 0x4f, 
	0xff, 0x49, 0xfe, 0x31, 0xec, 0x25, 0xd4, 0x51, 
	0xb6, 0x81, 0xbe, 0x81, 0xff, 0xc1, 0xff, 0xc1, 
	0xff, 0xc1, 0xd6, 0xc1, 0xff, 0xc1, 0xff, 0xc1, 
	0xff, 0xc1, 0xd7, 0x41, 0xff, 0xc1, 0xff, 0xc1, 
	0x8d, 0x01, 0x95, 0x81, 0xb6, 0x41, 0xb6, 0x81, 
	0xb6, 0x41, 0xe7, 0x81, 0xff, 0xc1, 0xff, 0xc1, 
	0xae, 0x41, 0x95, 0x81, 0xb6, 0x41, 0x95, 0x81, 
	0xd3, 0x19, 0xfb, 0x39, 0xfd, 0xbf, 0xfe, 0x6f, 
	0xfe, 0xbf, 0xfe, 0x3d, 0xcd, 0x89, 0x95, 0x01, 
	0xa5, 0xc1, 0xff, 0xc1, 0xff, 0xc1, 0xff, 0xc1, 
	0xff, 0xc1, 0xd7, 0x01, 0xf7, 0xc1, 0xff, 0xc1, 
	0xb6, 0x81, 0x8d, 0x81, 0xd7, 0x41, 0xff, 0xc1, 
	0x5b, 0xc1, 0x53, 0xc1, 0xae, 0x01, 0xff, 0xc1, 
	0xff, 0xc1, 0xf7, 0xc1, 0xf7, 0xc1, 0xf7, 0xc1, 
	0xcf, 0x01, 0xdf, 0x41, 0xff, 0xc1, 0xef, 0xc1, 
	0x5b, 0x03, 0xda, 0x5f, 0xd4, 0x91, 0xfd, 0xdd, 
	0xfc, 0x7f, 0xfb, 0x33, 0xfd, 0x1d, 0xbe, 0x81, 
	0xb6, 0x01, 0xff, 0xc1, 0xff, 0xc1, 0xff, 0xc1, 
	0xf7, 0xc1, 0xd7, 0x01, 0xe7, 0x81, 0xc6, 0xc1, 
	0x75, 0x01, 0x4c, 0x01, 0x64, 0x81, 0x9d, 0xc1, 
	0x8c, 0xc1, 0x8c, 0xc1, 0xb5, 0xc1, 0xef, 0x81, 
	0xe7, 0x81, 0xce, 0xc1, 0xe7, 0x81, 0xef, 0x81, 
	0x9d, 0xc1, 0x7d, 0x01, 0xae, 0x41, 0xae, 0x41, 
	0x8d, 0x41, 0xa5, 0x41, 0xff, 0xc1, 0xd5, 0x0b, 
	0xfa, 0x29, 0xea, 0xa1, 0xd5, 0xc5, 0xa6, 0x01, 
	0xbe, 0x81, 0xff, 0xc1, 0xff, 0xc1, 0xff, 0xc1, 
	0xcf, 0x01, 0x9d, 0xc1, 0xb6, 0x81, 0xa6, 0x01, 
	0x64, 0xc1, 0x54, 0x41, 0x85, 0x01, 0xad, 0xc1, 
	0xdf, 0x01, 0xce, 0x81, 0xd6, 0x81, 0xf7, 0x81, 
	0xef, 0x81, 0xdf, 0x41, 0xef, 0x81, 0xd7, 0x01, 
	0x85, 0x41, 0x54, 0x01, 0x5c, 0x41, 0x7d, 0x01, 
	0xbe, 0x81, 0xf7, 0xc1, 0xff, 0xc1, 0xad, 0xc1, 
	0x63, 0xc1, 0x8d, 0x01, 0xae, 0x01, 0x85, 0x41, 
	0xbe, 0x81, 0xff, 0xc1, 0xff, 0xc1, 0xff, 0xc1, 
	0xf7, 0xc1, 0xa6, 0x41, 0xae, 0x41, 0x8d, 0x81, 
	0x6c, 0xc1, 0x74, 0xc1, 0xa5, 0xc1, 0xa5, 0x41, 
	0xff, 0xc1, 0xa5, 0xc1, 0xb6, 0x41, 0xff, 0xc1, 
	0xff, 0xc1, 0xff, 0xc1, 0xd7, 0x01, 0xbe, 0x81, 
	0x85, 0x01, 0x6c, 0x81, 0xa6, 0x01, 0xb6, 0x41, 
	0xce, 0xc1, 0xe7, 0x41, 0xe7, 0x41, 0xad, 0xc1, 
	0x7c, 0xc1, 0xd6, 0xc1, 0xf7, 0xc1, 0x85, 0x01, 
	0x74, 0xc1, 0xae, 0x01, 0xdf, 0x41, 0xff, 0xc1, 
	0xef, 0x81, 0xae, 0x01, 0xad, 0xc1, 0xa5, 0x81, 
	0x7c, 0xc1, 0x95, 0x01, 0xa5, 0x41, 0x94, 0xc1, 
	
};

Gfx castle_inside_dl_flower_side_rgba16_aligner[] = {gsSPEndDisplayList()};
u8 castle_inside_dl_flower_side_rgba16[] = {
	0xee, 0xc1, 0x7c, 0x81, 0xae, 0x01, 0xff, 0xc1, 
	0xff, 0xc1, 0xff, 0xc1, 0xff, 0xc1, 0xae, 0x01, 
	0xce, 0xc1, 0xff, 0xc1, 0xff, 0xc1, 0xff, 0xc1, 
	0xff, 0xc1, 0xff, 0xc1, 0xc6, 0xc1, 0xb6, 0x01, 
	0xff, 0xc1, 0xff, 0xc1, 0xff, 0xc1, 0xff, 0xc1, 
	0xff, 0xc1, 0xde, 0xc1, 0xb5, 0xc1, 0xc6, 0x01, 
	0xce, 0x81, 0xd7, 0x01, 0xd7, 0x01, 0x95, 0x81, 
	0x7c, 0xc1, 0x95, 0x01, 0xff, 0xc1, 0xff, 0xc1, 
	0xff, 0x01, 0xe7, 0x01, 0xe7, 0x01, 0xef, 0x41, 
	0xbe, 0x41, 0xde, 0xc1, 0xff, 0xc1, 0xdf, 0x01, 
	0xbe, 0x41, 0xf7, 0x41, 0xdf, 0x01, 0xc6, 0x81, 
	0xce, 0x81, 0xf7, 0x81, 0xff, 0xc1, 0xb6, 0x41, 
	0xff, 0xc1, 0xff, 0xc1, 0xff, 0xc1, 0xff, 0xc1, 
	0xe7, 0x41, 0xae, 0x01, 0x8d, 0x41, 0x8c, 0xc1, 
	0x8d, 0x01, 0xad, 0xc1, 0xb6, 0x01, 0x95, 0x81, 
	0xa5, 0xc1, 0xad, 0xc1, 0xff, 0xc1, 0xff, 0xc1, 
	0xde, 0x41, 0xde, 0x81, 0xff, 0xc1, 0xcf, 0x01, 
	0x75, 0x41, 0x95, 0xc1, 0xf7, 0x81, 0xff, 0x41, 
	0xce, 0x81, 0xc6, 0x41, 0xbe, 0x81, 0x8d, 0x81, 
	0x85, 0x41, 0xd6, 0xc1, 0xff, 0xc1, 0xd6, 0xc1, 
	0xff, 0xc1, 0xff, 0xc1, 0xff, 0xc1, 0xff, 0xc1, 
	0xff, 0xc1, 0xf7, 0x81, 0xe7, 0x01, 0xd6, 0x81, 
	0x9d, 0x81, 0x6c, 0x81, 0x54, 0x41, 0xae, 0x01, 
	0xc6, 0x41, 0xce, 0x81, 0xff, 0xc1, 0xff, 0x41, 
	0xce, 0x81, 0xde, 0xc1, 0xf7, 0x81, 0xff, 0xc1, 
	0xff, 0xc1, 0xdf, 0x01, 0xb6, 0x01, 0xde, 0xc1, 
	0xee, 0xc1, 0xde, 0xc1, 0xef, 0x41, 0xdf, 0x01, 
	0xae, 0x01, 0xad, 0xc1, 0xb6, 0x01, 0xde, 0xc1, 
	0xce, 0x81, 0xbe, 0x01, 0xce, 0x01, 0xc6, 0x01, 
	0xce, 0x41, 0xc6, 0x41, 0xe7, 0x01, 0xf7, 0x41, 
	0xe7, 0x01, 0x9d, 0xc1, 0x64, 0x41, 0x8d, 0x01, 
	0xb6, 0x01, 0xde, 0xc1, 0xff, 0xc1, 0xff, 0x41, 
	0xf7, 0x41, 0xff, 0xc1, 0xff, 0xc1, 0xff, 0xc1, 
	0xff, 0xc1, 0xce, 0x81, 0xa5, 0xc1, 0xb5, 0xc1, 
	0xc6, 0x01, 0xd6, 0x81, 0xff, 0x81, 0xde, 0xc1, 
	0x95, 0x41, 0x8d, 0x41, 0x95, 0x41, 0xad, 0xc1, 
	0xff, 0xc1, 0xdf, 0x01, 0xb6, 0x01, 0x9d, 0xc1, 
	0x85, 0x41, 0x95, 0xc1, 0xc6, 0x81, 0xe6, 0xc1, 
	0xd6, 0x41, 0xb6, 0x01, 0x9d, 0x81, 0xb6, 0x01, 
	0xce, 0x41, 0xd6, 0x81, 0xff, 0xc1, 0xff, 0xc1, 
	0xc6, 0x41, 0xff, 0x81, 0xff, 0xc1, 0xff, 0xc1, 
	0xef, 0x81, 0xb6, 0x41, 0xa5, 0xc1, 0x9d, 0x41, 
	0xa5, 0x81, 0xd6, 0x81, 0xf7, 0x01, 0xad, 0xc1, 
	0x6c, 0x81, 0x74, 0xc1, 0xa5, 0xc1, 0xce, 0xc1, 
	0xff, 0xc1, 0xff, 0xc1, 0xe6, 0xc1, 0xbe, 0x41, 
	0xce, 0xc1, 0xe7, 0x41, 0xff, 0xc1, 0xff, 0x81, 
	0x84, 0xc1, 0x8c, 0xc1, 0xce, 0x01, 0xef, 0x01, 
	0xde, 0xc1, 0xce, 0x81, 0xe6, 0xc1, 0xd6, 0x81, 
	0x85, 0x01, 0xef, 0x01, 0xff, 0x81, 0xff, 0xc1, 
	0xff, 0xc1, 0xff, 0x81, 0xb6, 0x01, 0x95, 0x41, 
	0xce, 0x41, 0xee, 0xc1, 0xcd, 0xc1, 0x8d, 0x01, 
	0x5c, 0x41, 0x7c, 0xc1, 0xe6, 0xc1, 0xff, 0xc1, 
	0xe6, 0xc1, 0xff, 0xc1, 0xff, 0x81, 0xce, 0x81, 
	0xae, 0x01, 0xce, 0xc1, 0xff, 0xc1, 0xff, 0xc1, 
	0xc6, 0x81, 0x8c, 0x81, 0x84, 0x41, 0xee, 0x81, 
	0xee, 0xc1, 0xd6, 0x81, 0xb6, 0x01, 0x95, 0x81, 
	0xb6, 0x01, 0xe7, 0x01, 0xff, 0x81, 0xce, 0xc1, 
	0xe7, 0x01, 0xf7, 0x41, 0xce, 0x41, 0x94, 0xc1, 
	0x94, 0x81, 0xad, 0x01, 0xbd, 0x81, 0x9d, 0x01, 
	0x7c, 0x81, 0x6c, 0x41, 0xb5, 0x81, 0xf6, 0xc1, 
	0xde, 0xc1, 0xff, 0x81, 0xff, 0x41, 0xde, 0xc1, 
	0xae, 0x01, 0xb6, 0x41, 0xf7, 0x41, 0xff, 0xc1, 
	0xff, 0x41, 0xad, 0x81, 0x6b, 0xc1, 0xad, 0x01, 
	0xad, 0x81, 0xde, 0xc1, 0xff, 0xc1, 0xe7, 0x41, 
	0xd6, 0x81, 0xe6, 0xc1, 0xef, 0x01, 0xc6, 0x81, 
	0xb6, 0x41, 0xde, 0xc1, 0xde, 0x41, 0x7c, 0x01, 
	0x4b, 0x01, 0x7c, 0x01, 0xbd, 0x81, 0x94, 0xc1, 
	0x7c, 0x41, 0x74, 0x81, 0x84, 0x81, 0xd6, 0x01, 
	0xde, 0x81, 0xff, 0x41, 0xe6, 0xc1, 0xbe, 0x01, 
	0xb6, 0x41, 0xb6, 0x01, 0xbe, 0x41, 0xde, 0xc1, 
	0xe6, 0xc1, 0xce, 0x01, 0x84, 0x41, 0x63, 0xc1, 
	0x84, 0x81, 0xce, 0x41, 0xff, 0x41, 0xff, 0x41, 
	0xbe, 0x41, 0xce, 0x41, 0xce, 0x81, 0xef, 0x41, 
	0xff, 0xc1, 0xff, 0x41, 0xd6, 0x01, 0x84, 0x41, 
	0x63, 0xc1, 0x84, 0x41, 0x84, 0x01, 0x8c, 0x41, 
	0x94, 0xc1, 0x9d, 0x01, 0x7c, 0x81, 0xa5, 0x41, 
	0xad, 0x01, 0xbd, 0xc1, 0xde, 0x81, 0xbe, 0x01, 
	0xbe, 0x01, 0x95, 0x41, 0x8c, 0xc1, 0x9d, 0x41, 
	0xce, 0x01, 0xcd, 0xc1, 0x9c, 0x81, 0x3a, 0xc1, 
	0x7c, 0x41, 0xbd, 0xc1, 0xc6, 0x01, 0xbe, 0x01, 
	0xb5, 0xc1, 0xe7, 0x01, 0xf7, 0x81, 0xff, 0x81, 
	0xde, 0x41, 0xad, 0x01, 0x8c, 0x01, 0x6b, 0x81, 
	0x6b, 0x81, 0x7b, 0xc1, 0x6b, 0xc1, 0x84, 0x01, 
	0xa4, 0xc1, 0x9c, 0x81, 0x7c, 0x01, 0x74, 0x01, 
	0x8c, 0x81, 0xb5, 0x81, 0xce, 0x01, 0xa5, 0x01, 
	0xad, 0x41, 0x8c, 0xc1, 0x7c, 0x81, 0x95, 0x41, 
	0xce, 0x01, 0xc5, 0x81, 0x94, 0x41, 0x43, 0x41, 
	0x7c, 0x81, 0x94, 0xc1, 0x95, 0x01, 0x9d, 0x41, 
	0x9d, 0x41, 0xce, 0x01, 0xf7, 0x01, 0xf6, 0xc1, 
	0x9c, 0xc1, 0x5b, 0x41, 0x4a, 0xc1, 0x63, 0x41, 
	0x52, 0xc1, 0x52, 0xc1, 0x63, 0x41, 0x7b, 0x81, 
	0x8c, 0x01, 0x73, 0x81, 0x63, 0xc1, 0x53, 0x81, 
	0x7c, 0x41, 0xb5, 0x41, 0xac, 0xc1, 0x63, 0x41, 
	0x52, 0xc1, 0x53, 0x01, 0x74, 0x01, 0xc5, 0xc1, 
	0xbd, 0x41, 0xac, 0xc1, 0x84, 0x01, 0x63, 0x81, 
	0x94, 0x81, 0x7c, 0x41, 0x74, 0x41, 0x8c, 0xc1, 
	0xad, 0x81, 0x6b, 0xc1, 0xa5, 0x01, 0xd6, 0x01, 
	0x94, 0x81, 0x73, 0xc1, 0x63, 0x01, 0x52, 0x81, 
	0x5b, 0x01, 0x42, 0x41, 0x4a, 0x81, 0x52, 0xc1, 
	0x4a, 0x81, 0x63, 0x41, 0x6b, 0x81, 0x53, 0x41, 
	0x6b, 0x41, 0x84, 0x01, 0x63, 0x01, 0x32, 0x01, 
	0x21, 0xc1, 0x29, 0xc1, 0x3a, 0x01, 0x62, 0xc1, 
	0x73, 0x41, 0x62, 0xc1, 0x62, 0xc1, 0x6b, 0x81, 
	0x63, 0x01, 0x7c, 0x01, 0x8c, 0x81, 0xb5, 0xc1, 
	0x84, 0x01, 0x5b, 0x81, 0x73, 0xc1, 0x94, 0x41, 
	0x84, 0x01, 0x52, 0x81, 0x4a, 0x01, 0x39, 0xc1, 
	0x31, 0xc1, 0x21, 0x81, 0x3a, 0x01, 0x4a, 0x81, 
	0x3a, 0x41, 0x52, 0x81, 0x6b, 0x81, 0x53, 0x41, 
	0x73, 0x81, 0x73, 0x81, 0x52, 0x81, 0x31, 0xc1, 
	0x29, 0xc1, 0x31, 0xc1, 0x39, 0xc1, 0x4a, 0x01, 
	0x52, 0x41, 0x52, 0x41, 0x41, 0xc1, 0x42, 0x01, 
	0x52, 0xc1, 0x63, 0x41, 0x63, 0x41, 0x7b, 0x81, 
	0x4a, 0xc1, 0x4a, 0x81, 0x42, 0x41, 0x52, 0x81, 
	0x52, 0x81, 0x31, 0x81, 0x41, 0xc1, 0x42, 0x01, 
	0x21, 0x41, 0x32, 0x01, 0x4a, 0x41, 0x5a, 0x81, 
	0x42, 0x41, 0x52, 0xc1, 0x7b, 0xc1, 0x5b, 0x41, 
	0x5a, 0xc1, 0x63, 0x01, 0x52, 0x81, 0x42, 0x01, 
	0x3a, 0x01, 0x4a, 0x01, 0x29, 0x81, 0x3a, 0x01, 
	0x4a, 0x01, 0x4a, 0x01, 0x39, 0xc1, 0x29, 0x81, 
	0x4a, 0x41, 0x6b, 0x01, 0x5a, 0xc1, 0x52, 0xc1, 
	0x39, 0xc1, 0x29, 0x81, 0x42, 0x41, 0x4a, 0x41, 
	0x29, 0x41, 0x29, 0x81, 0x19, 0x01, 0x08, 0x41, 
	0x02, 0xc1, 0x09, 0x41, 0x19, 0x41, 0x3a, 0x01, 
	0x42, 0x01, 0x42, 0x41, 0x73, 0x41, 0x73, 0x81, 
	0x6b, 0x01, 0x5a, 0x81, 0x4a, 0x41, 0x42, 0x01, 
	0x29, 0x81, 0x31, 0xc1, 0x31, 0xc1, 0x39, 0xc1, 
	0x39, 0xc1, 0x31, 0x81, 0x31, 0x81, 0x29, 0x41, 
	0x29, 0x81, 0x39, 0xc1, 0x52, 0x41, 0x52, 0x41, 
	0x29, 0x81, 0x31, 0xc1, 0x39, 0xc1, 0x29, 0xc1, 
	0x08, 0xc1, 0x02, 0xc1, 0x01, 0x01, 0x00, 0x01, 
	0x02, 0xc1, 0x01, 0x01, 0x00, 0xc1, 0x03, 0x01, 
	0x32, 0x81, 0x3a, 0x01, 0x4a, 0x41, 0x5a, 0x81, 
	0x62, 0xc1, 0x52, 0x81, 0x52, 0x81, 0x4a, 0x41, 
	0x19, 0x01, 0x00, 0x81, 0x02, 0xc1, 0x01, 0xc1, 
	0x0a, 0x01, 0x12, 0x41, 0x19, 0x01, 0x19, 0x41, 
	0x21, 0x41, 0x21, 0x41, 0x29, 0x81, 0x31, 0xc1, 
	0x39, 0x81, 0x31, 0x81, 0x19, 0x41, 0x03, 0x01, 
	0x00, 0x81, 0x02, 0x41, 0x01, 0x81, 0x00, 0x01, 
	0x02, 0x81, 0x01, 0x01, 0x01, 0x01, 0x02, 0xc1, 
	0x02, 0xc1, 0x29, 0x41, 0x42, 0x01, 0x4a, 0x41, 
	0x52, 0x41, 0x4a, 0x41, 0x42, 0x01, 0x1a, 0x41, 
	0x01, 0x01, 0x00, 0x41, 0x02, 0xc1, 0x01, 0xc1, 
	0x02, 0x81, 0x02, 0xc1, 0x01, 0x81, 0x0a, 0x01, 
	0x21, 0x81, 0x29, 0x41, 0x31, 0x81, 0x31, 0x81, 
	0x19, 0x01, 0x08, 0xc1, 0x00, 0xc1, 0x03, 0x01, 
	0x00, 0x41, 0x01, 0xc1, 0x02, 0x01, 0x00, 0x01, 
	0x02, 0x81, 0x01, 0x01, 0x01, 0x41, 0x02, 0xc1, 
	0x03, 0x01, 0x00, 0x41, 0x19, 0xc1, 0x31, 0xc1, 
	0x31, 0xc1, 0x29, 0xc1, 0x19, 0x41, 0x03, 0x01, 
	0x00, 0x81, 0x00, 0x41, 0x02, 0xc1, 0x01, 0xc1, 
	0x02, 0xc1, 0x02, 0x41, 0x01, 0x01, 0x02, 0xc1, 
	0x0a, 0x81, 0x12, 0x81, 0x39, 0xc1, 0x31, 0x81, 
	0x0a, 0x01, 0x01, 0x81, 0x02, 0x01, 0x05, 0xc1, 
	0x00, 0x01, 0x01, 0x41, 0x02, 0x81, 0x00, 0x01, 
	0x02, 0xc1, 0x01, 0x01, 0x01, 0x41, 0x02, 0x81, 
	0x03, 0x01, 0x00, 0x41, 0x02, 0x81, 0x09, 0x81, 
	0x1a, 0x01, 0x02, 0x01, 0x00, 0xc1, 0x03, 0x01, 
	0x00, 0x41, 0x00, 0x01, 0x02, 0xc1, 0x02, 0x01, 
	0x03, 0x01, 0x02, 0x01, 0x00, 0xc1, 0x03, 0x01, 
	0x02, 0xc1, 0x02, 0xc1, 0x00, 0x81, 0x10, 0x81, 
	0x02, 0x01, 0x01, 0x41, 0x03, 0x41, 0x06, 0x01, 
	0x00, 0x01, 0x01, 0x01, 0x02, 0x81, 0x00, 0x01, 
	0x05, 0xc1, 0x01, 0x81, 0x01, 0x81, 0x02, 0xc1, 
	0x02, 0xc1, 0x00, 0x01, 0x02, 0x81, 0x01, 0x41, 
	0x01, 0xc1, 0x02, 0x41, 0x00, 0xc1, 0x03, 0x01, 
	0x00, 0x01, 0x00, 0x41, 0x02, 0xc1, 0x01, 0xc1, 
	0x03, 0x01, 0x02, 0x01, 0x00, 0xc1, 0x02, 0xc1, 
	0x03, 0x01, 0x03, 0x01, 0x00, 0x41, 0x00, 0x01, 
	0x02, 0x41, 0x01, 0x41, 0x03, 0x41, 0x06, 0x01, 
	0x00, 0x01, 0x01, 0x01, 0x02, 0xc1, 0x00, 0x01, 
	0x06, 0x01, 0x02, 0x41, 0x01, 0x81, 0x02, 0xc1, 
	0x02, 0x81, 0x00, 0x01, 0x02, 0x81, 0x01, 0x41, 
	0x01, 0xc1, 0x02, 0x01, 0x00, 0xc1, 0x02, 0xc1, 
	0x00, 0x01, 0x00, 0x81, 0x02, 0xc1, 0x01, 0x81, 
	0x03, 0x01, 0x01, 0xc1, 0x00, 0xc1, 0x03, 0x41, 
	0x03, 0x41, 0x05, 0xc1, 0x00, 0xc1, 0x00, 0x01, 
	0x02, 0x41, 0x01, 0x41, 0x03, 0x41, 0x05, 0xc1, 
	0x00, 0x01, 0x01, 0x41, 0x05, 0x81, 0x00, 0x01, 
	0x06, 0x41, 0x02, 0x41, 0x01, 0xc1, 0x02, 0xc1, 
	0x02, 0x41, 0x00, 0x01, 0x02, 0x81, 0x01, 0x41, 
	0x02, 0x01, 0x02, 0x01, 0x00, 0xc1, 0x02, 0xc1, 
	0x00, 0x01, 0x00, 0x81, 0x02, 0xc1, 0x02, 0x01, 
	0x04, 0x01, 0x01, 0xc1, 0x01, 0x41, 0x05, 0x81, 
	0x02, 0xc1, 0x06, 0x41, 0x01, 0xc1, 0x00, 0x01, 
	0x02, 0x41, 0x01, 0x01, 0x03, 0x01, 0x05, 0xc1, 
	0x00, 0x01, 0x01, 0xc1, 0x05, 0xc1, 0x00, 0x01, 
	0x06, 0x41, 0x02, 0x41, 0x02, 0x81, 0x04, 0x41, 
	0x02, 0x01, 0x00, 0x01, 0x02, 0x81, 0x01, 0x41, 
	0x02, 0xc1, 0x02, 0xc1, 0x00, 0xc1, 0x03, 0x41, 
	0x00, 0x01, 0x00, 0xc1, 0x02, 0x81, 0x03, 0xc1, 
	0x05, 0x41, 0x01, 0xc1, 0x01, 0x41, 0x06, 0x01, 
	0x02, 0xc1, 0x06, 0x01, 0x02, 0x41, 0x00, 0x01, 
	0x0a, 0x41, 0x01, 0x01, 0x03, 0x01, 0x05, 0x81, 
	0x00, 0x01, 0x01, 0xc1, 0x15, 0x81, 0x00, 0x01, 
	0x1e, 0x83, 0x0a, 0x41, 0x0a, 0x81, 0x15, 0x41, 
	0x09, 0x81, 0x00, 0x01, 0x02, 0x81, 0x01, 0x41, 
	0x05, 0x01, 0x04, 0x01, 0x0a, 0x01, 0x15, 0x81, 
	0x00, 0x01, 0x08, 0xc1, 0x12, 0x81, 0x0c, 0x01, 
	0x15, 0x41, 0x09, 0xc1, 0x01, 0x41, 0x16, 0x01, 
	0x02, 0xc1, 0x05, 0x41, 0x03, 0x01, 0x00, 0x01, 
	0x1a, 0x83, 0x08, 0xc1, 0x03, 0x01, 0x0d, 0x41, 
	0x00, 0x01, 0x09, 0xc1, 0x2d, 0x43, 0x00, 0x01, 
	0x36, 0x85, 0x12, 0x01, 0x12, 0x81, 0x25, 0x43, 
	0x08, 0xc1, 0x00, 0x01, 0x13, 0x41, 0x09, 0xc1, 
	0x15, 0x03, 0x14, 0x01, 0x12, 0x01, 0x25, 0x43, 
	0x00, 0x01, 0x11, 0x41, 0x1a, 0x03, 0x1b, 0xc3, 
	0x25, 0x43, 0x1a, 0xc3, 0x09, 0x41, 0x2d, 0xc3, 
	0x12, 0xc1, 0x0c, 0x81, 0x0b, 0xc1, 0x00, 0x01, 
	0x22, 0xc3, 0x08, 0xc1, 0x13, 0x01, 0x1d, 0x03, 
	0x00, 0x01, 0x1a, 0x43, 0x34, 0x85, 0x00, 0x01, 
	0x4e, 0xc7, 0x1a, 0x03, 0x1a, 0x03, 0x3d, 0x05, 
	0x00, 0x41, 0x00, 0x01, 0x2d, 0x03, 0x23, 0xc3, 
	0x2d, 0x43, 0x1c, 0x03, 0x11, 0x41, 0x3d, 0x85, 
	0x00, 0x41, 0x19, 0xc3, 0x19, 0x83, 0x2b, 0xc3, 
	0x3d, 0x45, 0x33, 0x85, 0x11, 0xc3, 0x3d, 0x45, 
	0x1a, 0xc3, 0x13, 0xc3, 0x1c, 0x43, 0x00, 0x01, 
	0x33, 0x05, 0x08, 0x81, 0x1a, 0x83, 0x2d, 0x03, 
	0x00, 0x41, 0x33, 0x45, 0x3b, 0x85, 0x00, 0x41, 
	0x66, 0xc9, 0x1a, 0x03, 0x1a, 0x03, 0x4c, 0xc7, 
	0x00, 0x01, 0x00, 0x41, 0x3c, 0xc5, 0x34, 0x45, 
	0x3d, 0x45, 0x2b, 0xc3, 0x08, 0xc1, 0x55, 0x87, 
	0x11, 0x01, 0x3b, 0x05, 0x19, 0x43, 0x33, 0x85, 
	0x4d, 0x47, 0x4c, 0x07, 0x22, 0x43, 0x44, 0x87, 
	0x33, 0x85, 0x12, 0x41, 0x3d, 0xc5, 0x00, 0x41, 
	0x8e, 0xcd, 0x08, 0xc1, 0x1a, 0x43, 0x45, 0x45, 
	0x00, 0xc1, 0x4c, 0x07, 0x33, 0x05, 0x01, 0x01, 
	0x7e, 0xcb, 0x22, 0x43, 0x2a, 0x45, 0x5c, 0xc9, 
	0x00, 0xc1, 0x00, 0xc1, 0x4c, 0xc7, 0x44, 0x87, 
	0x55, 0xc7, 0x3b, 0xc5, 0x00, 0xc1, 0x5d, 0x09, 
	0x22, 0x03, 0x96, 0x8d, 0x19, 0x83, 0x3b, 0xc5, 
	0x5d, 0x49, 0x64, 0x49, 0x3b, 0x45, 0x4b, 0xc7, 
	0x54, 0xc7, 0x09, 0x41, 0x4e, 0x07, 0x22, 0x83, 
	0xa6, 0xcf, 0x01, 0x81, 0x1a, 0x43, 0x55, 0x47, 
	0x02, 0xc1, 0x6c, 0x89, 0x2b, 0x43, 0x09, 0x81, 
	0x97, 0x0d, 0x22, 0xc3, 0x19, 0xc3, 0x74, 0xcb, 
	0x00, 0xc1, 0x00, 0xc1, 0x54, 0xc7, 0x54, 0xc7, 
	0x6e, 0x09, 0x44, 0x05, 0x01, 0x01, 0x64, 0x49, 
	0x3a, 0xc5, 0x8d, 0x8d, 0x09, 0x81, 0x4c, 0x47, 
	0x75, 0x4b, 0x3a, 0xc5, 0x54, 0x47, 0x4b, 0x47, 
	0x4c, 0x47, 0x01, 0xc1, 0x4c, 0x87, 0x54, 0x87, 
	0x74, 0xcb, 0x02, 0x01, 0x11, 0xc3, 0x65, 0x49, 
	0x13, 0x41, 0x74, 0xcb, 0x1b, 0xc3, 0x12, 0x81, 
	0xaf, 0x11, 0x2c, 0x43, 0x13, 0x01, 0x7c, 0x8b, 
	0x02, 0x41, 0x01, 0x41, 0x64, 0x89, 0x6d, 0xc9, 
	0x86, 0x8b, 0x4b, 0x87, 0x01, 0x41, 0x54, 0x07, 
	0x43, 0x05, 0x02, 0x01, 0x03, 0x41, 0x55, 0x07, 
	0x8d, 0x8d, 0x03, 0x41, 0x5c, 0x09, 0x32, 0x45, 
	0x02, 0x81, 0x02, 0x41, 0x32, 0xc5, 0x86, 0x0b, 
	0x1c, 0x03, 0x03, 0x01, 0x12, 0x01, 0x74, 0xcb, 
	0x1c, 0x43, 0x04, 0x41, 0x04, 0x81, 0x14, 0x43, 
	0xc7, 0x13, 0x2c, 0x83, 0x04, 0x01, 0x04, 0x41, 
	0x03, 0x01, 0x02, 0x81, 0x6c, 0x8b, 0x86, 0x4b, 
	0x9e, 0x8f, 0x54, 0x07, 0x04, 0x41, 0x04, 0x81, 
	0x03, 0xc1, 0x04, 0x81, 0x04, 0x81, 0x23, 0xc3, 
	0x3c, 0x05, 0x04, 0x81, 0x04, 0x81, 0x03, 0xc1, 
	0x03, 0xc1, 0x04, 0x41, 0x13, 0x03, 0x8d, 0xcd, 
	
};

Gfx castle_inside_dl_castle_light_ia16_ia16_aligner[] = {gsSPEndDisplayList()};
u8 castle_inside_dl_castle_light_ia16_ia16[] = {
	0xff, 0x00, 0xff, 0x00, 0xff, 0x00, 0xff, 0x00, 
	0xff, 0x00, 0xff, 0x00, 0xff, 0x00, 0xff, 0x00, 
	0xff, 0x00, 0xff, 0x00, 0xff, 0x00, 0xff, 0x00, 
	0xff, 0x00, 0xff, 0x00, 0xff, 0x00, 0xff, 0x00, 
	0xff, 0x00, 0xff, 0x00, 0xff, 0x00, 0xff, 0x00, 
	0xff, 0x00, 0xff, 0x00, 0xff, 0x00, 0xff, 0x00, 
	0xff, 0x00, 0xff, 0x00, 0xff, 0x00, 0xff, 0x00, 
	0xff, 0x00, 0xff, 0x00, 0xff, 0x00, 0xff, 0x00, 
	0xff, 0x00, 0xff, 0x00, 0xff, 0x00, 0xff, 0x00, 
	0xff, 0x00, 0xff, 0x00, 0xff, 0x00, 0xff, 0x00, 
	0xff, 0x00, 0xff, 0x00, 0xff, 0x00, 0xff, 0x00, 
	0xff, 0x00, 0xff, 0x00, 0xff, 0x00, 0xff, 0x00, 
	0xff, 0x00, 0xff, 0x00, 0xff, 0x00, 0xff, 0x00, 
	0xff, 0x00, 0xff, 0x00, 0xff, 0x00, 0xff, 0x00, 
	0xff, 0x00, 0xff, 0x00, 0xff, 0x00, 0xff, 0x00, 
	0xff, 0x00, 0xff, 0x00, 0xff, 0x00, 0xff, 0x00, 
	0xff, 0x08, 0xff, 0x08, 0xff, 0x08, 0xff, 0x08, 
	0xff, 0x08, 0xff, 0x08, 0xff, 0x08, 0xff, 0x08, 
	0xff, 0x08, 0xff, 0x08, 0xff, 0x08, 0xff, 0x08, 
	0xff, 0x08, 0xff, 0x08, 0xff, 0x08, 0xff, 0x08, 
	0xff, 0x08, 0xff, 0x08, 0xff, 0x08, 0xff, 0x08, 
	0xff, 0x08, 0xff, 0x08, 0xff, 0x08, 0xff, 0x08, 
	0xff, 0x08, 0xff, 0x08, 0xff, 0x08, 0xff, 0x08, 
	0xff, 0x08, 0xff, 0x08, 0xff, 0x08, 0xff, 0x08, 
	0xff, 0x10, 0xff, 0x10, 0xff, 0x10, 0xff, 0x10, 
	0xff, 0x10, 0xff, 0x10, 0xff, 0x10, 0xff, 0x10, 
	0xff, 0x10, 0xff, 0x10, 0xff, 0x10, 0xff, 0x10, 
	0xff, 0x10, 0xff, 0x10, 0xff, 0x10, 0xff, 0x10, 
	0xff, 0x10, 0xff, 0x10, 0xff, 0x10, 0xff, 0x10, 
	0xff, 0x10, 0xff, 0x10, 0xff, 0x10, 0xff, 0x10, 
	0xff, 0x10, 0xff, 0x10, 0xff, 0x10, 0xff, 0x10, 
	0xff, 0x10, 0xff, 0x10, 0xff, 0x10, 0xff, 0x10, 
	0xff, 0x19, 0xff, 0x19, 0xff, 0x19, 0xff, 0x19, 
	0xff, 0x19, 0xff, 0x19, 0xff, 0x19, 0xff, 0x19, 
	0xff, 0x19, 0xff, 0x19, 0xff, 0x19, 0xff, 0x19, 
	0xff, 0x19, 0xff, 0x19, 0xff, 0x19, 0xff, 0x19, 
	0xff, 0x19, 0xff, 0x19, 0xff, 0x19, 0xff, 0x19, 
	0xff, 0x19, 0xff, 0x19, 0xff, 0x19, 0xff, 0x19, 
	0xff, 0x19, 0xff, 0x19, 0xff, 0x19, 0xff, 0x19, 
	0xff, 0x19, 0xff, 0x19, 0xff, 0x19, 0xff, 0x19, 
	0xff, 0x21, 0xff, 0x21, 0xff, 0x21, 0xff, 0x21, 
	0xff, 0x21, 0xff, 0x21, 0xff, 0x21, 0xff, 0x21, 
	0xff, 0x21, 0xff, 0x21, 0xff, 0x21, 0xff, 0x21, 
	0xff, 0x21, 0xff, 0x21, 0xff, 0x21, 0xff, 0x21, 
	0xff, 0x21, 0xff, 0x21, 0xff, 0x21, 0xff, 0x21, 
	0xff, 0x21, 0xff, 0x21, 0xff, 0x21, 0xff, 0x21, 
	0xff, 0x21, 0xff, 0x21, 0xff, 0x21, 0xff, 0x21, 
	0xff, 0x21, 0xff, 0x21, 0xff, 0x21, 0xff, 0x21, 
	0xff, 0x29, 0xff, 0x29, 0xff, 0x29, 0xff, 0x29, 
	0xff, 0x29, 0xff, 0x29, 0xff, 0x29, 0xff, 0x29, 
	0xff, 0x29, 0xff, 0x29, 0xff, 0x29, 0xff, 0x29, 
	0xff, 0x29, 0xff, 0x29, 0xff, 0x29, 0xff, 0x29, 
	0xff, 0x29, 0xff, 0x29, 0xff, 0x29, 0xff, 0x29, 
	0xff, 0x29, 0xff, 0x29, 0xff, 0x29, 0xff, 0x29, 
	0xff, 0x29, 0xff, 0x29, 0xff, 0x29, 0xff, 0x29, 
	0xff, 0x29, 0xff, 0x29, 0xff, 0x29, 0xff, 0x29, 
	0xff, 0x31, 0xff, 0x31, 0xff, 0x31, 0xff, 0x31, 
	0xff, 0x31, 0xff, 0x31, 0xff, 0x31, 0xff, 0x31, 
	0xff, 0x31, 0xff, 0x31, 0xff, 0x31, 0xff, 0x31, 
	0xff, 0x31, 0xff, 0x31, 0xff, 0x31, 0xff, 0x31, 
	0xff, 0x31, 0xff, 0x31, 0xff, 0x31, 0xff, 0x31, 
	0xff, 0x31, 0xff, 0x31, 0xff, 0x31, 0xff, 0x31, 
	0xff, 0x31, 0xff, 0x31, 0xff, 0x31, 0xff, 0x31, 
	0xff, 0x31, 0xff, 0x31, 0xff, 0x31, 0xff, 0x31, 
	0xff, 0x3a, 0xff, 0x3a, 0xff, 0x3a, 0xff, 0x3a, 
	0xff, 0x3a, 0xff, 0x3a, 0xff, 0x3a, 0xff, 0x3a, 
	0xff, 0x3a, 0xff, 0x3a, 0xff, 0x3a, 0xff, 0x3a, 
	0xff, 0x3a, 0xff, 0x3a, 0xff, 0x3a, 0xff, 0x3a, 
	0xff, 0x3a, 0xff, 0x3a, 0xff, 0x3a, 0xff, 0x3a, 
	0xff, 0x3a, 0xff, 0x3a, 0xff, 0x3a, 0xff, 0x3a, 
	0xff, 0x3a, 0xff, 0x3a, 0xff, 0x3a, 0xff, 0x3a, 
	0xff, 0x3a, 0xff, 0x3a, 0xff, 0x3a, 0xff, 0x3a, 
	0xff, 0x42, 0xff, 0x42, 0xff, 0x42, 0xff, 0x42, 
	0xff, 0x42, 0xff, 0x42, 0xff, 0x42, 0xff, 0x42, 
	0xff, 0x42, 0xff, 0x42, 0xff, 0x42, 0xff, 0x42, 
	0xff, 0x42, 0xff, 0x42, 0xff, 0x42, 0xff, 0x42, 
	0xff, 0x42, 0xff, 0x42, 0xff, 0x42, 0xff, 0x42, 
	0xff, 0x42, 0xff, 0x42, 0xff, 0x42, 0xff, 0x42, 
	0xff, 0x42, 0xff, 0x42, 0xff, 0x42, 0xff, 0x42, 
	0xff, 0x42, 0xff, 0x42, 0xff, 0x42, 0xff, 0x42, 
	0xff, 0x4a, 0xff, 0x4a, 0xff, 0x4a, 0xff, 0x4a, 
	0xff, 0x4a, 0xff, 0x4a, 0xff, 0x4a, 0xff, 0x4a, 
	0xff, 0x4a, 0xff, 0x4a, 0xff, 0x4a, 0xff, 0x4a, 
	0xff, 0x4a, 0xff, 0x4a, 0xff, 0x4a, 0xff, 0x4a, 
	0xff, 0x4a, 0xff, 0x4a, 0xff, 0x4a, 0xff, 0x4a, 
	0xff, 0x4a, 0xff, 0x4a, 0xff, 0x4a, 0xff, 0x4a, 
	0xff, 0x4a, 0xff, 0x4a, 0xff, 0x4a, 0xff, 0x4a, 
	0xff, 0x4a, 0xff, 0x4a, 0xff, 0x4a, 0xff, 0x4a, 
	0xff, 0x52, 0xff, 0x52, 0xff, 0x52, 0xff, 0x52, 
	0xff, 0x52, 0xff, 0x52, 0xff, 0x52, 0xff, 0x52, 
	0xff, 0x52, 0xff, 0x52, 0xff, 0x52, 0xff, 0x52, 
	0xff, 0x52, 0xff, 0x52, 0xff, 0x52, 0xff, 0x52, 
	0xff, 0x52, 0xff, 0x52, 0xff, 0x52, 0xff, 0x52, 
	0xff, 0x52, 0xff, 0x52, 0xff, 0x52, 0xff, 0x52, 
	0xff, 0x52, 0xff, 0x52, 0xff, 0x52, 0xff, 0x52, 
	0xff, 0x52, 0xff, 0x52, 0xff, 0x52, 0xff, 0x52, 
	0xff, 0x5a, 0xff, 0x5a, 0xff, 0x5a, 0xff, 0x5a, 
	0xff, 0x5a, 0xff, 0x5a, 0xff, 0x5a, 0xff, 0x5a, 
	0xff, 0x5a, 0xff, 0x5a, 0xff, 0x5a, 0xff, 0x5a, 
	0xff, 0x5a, 0xff, 0x5a, 0xff, 0x5a, 0xff, 0x5a, 
	0xff, 0x5a, 0xff, 0x5a, 0xff, 0x5a, 0xff, 0x5a, 
	0xff, 0x5a, 0xff, 0x5a, 0xff, 0x5a, 0xff, 0x5a, 
	0xff, 0x5a, 0xff, 0x5a, 0xff, 0x5a, 0xff, 0x5a, 
	0xff, 0x5a, 0xff, 0x5a, 0xff, 0x5a, 0xff, 0x5a, 
	0xff, 0x63, 0xff, 0x63, 0xff, 0x63, 0xff, 0x63, 
	0xff, 0x63, 0xff, 0x63, 0xff, 0x63, 0xff, 0x63, 
	0xff, 0x63, 0xff, 0x63, 0xff, 0x63, 0xff, 0x63, 
	0xff, 0x63, 0xff, 0x63, 0xff, 0x63, 0xff, 0x63, 
	0xff, 0x63, 0xff, 0x63, 0xff, 0x63, 0xff, 0x63, 
	0xff, 0x63, 0xff, 0x63, 0xff, 0x63, 0xff, 0x63, 
	0xff, 0x63, 0xff, 0x63, 0xff, 0x63, 0xff, 0x63, 
	0xff, 0x63, 0xff, 0x63, 0xff, 0x63, 0xff, 0x63, 
	0xff, 0x6b, 0xff, 0x6b, 0xff, 0x6b, 0xff, 0x6b, 
	0xff, 0x6b, 0xff, 0x6b, 0xff, 0x6b, 0xff, 0x6b, 
	0xff, 0x6b, 0xff, 0x6b, 0xff, 0x6b, 0xff, 0x6b, 
	0xff, 0x6b, 0xff, 0x6b, 0xff, 0x6b, 0xff, 0x6b, 
	0xff, 0x6b, 0xff, 0x6b, 0xff, 0x6b, 0xff, 0x6b, 
	0xff, 0x6b, 0xff, 0x6b, 0xff, 0x6b, 0xff, 0x6b, 
	0xff, 0x6b, 0xff, 0x6b, 0xff, 0x6b, 0xff, 0x6b, 
	0xff, 0x6b, 0xff, 0x6b, 0xff, 0x6b, 0xff, 0x6b, 
	0xff, 0x73, 0xff, 0x73, 0xff, 0x73, 0xff, 0x73, 
	0xff, 0x73, 0xff, 0x73, 0xff, 0x73, 0xff, 0x73, 
	0xff, 0x73, 0xff, 0x73, 0xff, 0x73, 0xff, 0x73, 
	0xff, 0x73, 0xff, 0x73, 0xff, 0x73, 0xff, 0x73, 
	0xff, 0x73, 0xff, 0x73, 0xff, 0x73, 0xff, 0x73, 
	0xff, 0x73, 0xff, 0x73, 0xff, 0x73, 0xff, 0x73, 
	0xff, 0x73, 0xff, 0x73, 0xff, 0x73, 0xff, 0x73, 
	0xff, 0x73, 0xff, 0x73, 0xff, 0x73, 0xff, 0x73, 
	0xff, 0x7b, 0xff, 0x7b, 0xff, 0x7b, 0xff, 0x7b, 
	0xff, 0x7b, 0xff, 0x7b, 0xff, 0x7b, 0xff, 0x7b, 
	0xff, 0x7b, 0xff, 0x7b, 0xff, 0x7b, 0xff, 0x7b, 
	0xff, 0x7b, 0xff, 0x7b, 0xff, 0x7b, 0xff, 0x7b, 
	0xff, 0x7b, 0xff, 0x7b, 0xff, 0x7b, 0xff, 0x7b, 
	0xff, 0x7b, 0xff, 0x7b, 0xff, 0x7b, 0xff, 0x7b, 
	0xff, 0x7b, 0xff, 0x7b, 0xff, 0x7b, 0xff, 0x7b, 
	0xff, 0x7b, 0xff, 0x7b, 0xff, 0x7b, 0xff, 0x7b, 
	0xff, 0x84, 0xff, 0x84, 0xff, 0x84, 0xff, 0x84, 
	0xff, 0x84, 0xff, 0x84, 0xff, 0x84, 0xff, 0x84, 
	0xff, 0x84, 0xff, 0x84, 0xff, 0x84, 0xff, 0x84, 
	0xff, 0x84, 0xff, 0x84, 0xff, 0x84, 0xff, 0x84, 
	0xff, 0x84, 0xff, 0x84, 0xff, 0x84, 0xff, 0x84, 
	0xff, 0x84, 0xff, 0x84, 0xff, 0x84, 0xff, 0x84, 
	0xff, 0x84, 0xff, 0x84, 0xff, 0x84, 0xff, 0x84, 
	0xff, 0x84, 0xff, 0x84, 0xff, 0x84, 0xff, 0x84, 
	0xff, 0x8c, 0xff, 0x8c, 0xff, 0x8c, 0xff, 0x8c, 
	0xff, 0x8c, 0xff, 0x8c, 0xff, 0x8c, 0xff, 0x8c, 
	0xff, 0x8c, 0xff, 0x8c, 0xff, 0x8c, 0xff, 0x8c, 
	0xff, 0x8c, 0xff, 0x8c, 0xff, 0x8c, 0xff, 0x8c, 
	0xff, 0x8c, 0xff, 0x8c, 0xff, 0x8c, 0xff, 0x8c, 
	0xff, 0x8c, 0xff, 0x8c, 0xff, 0x8c, 0xff, 0x8c, 
	0xff, 0x8c, 0xff, 0x8c, 0xff, 0x8c, 0xff, 0x8c, 
	0xff, 0x8c, 0xff, 0x8c, 0xff, 0x8c, 0xff, 0x8c, 
	0xff, 0x94, 0xff, 0x94, 0xff, 0x94, 0xff, 0x94, 
	0xff, 0x94, 0xff, 0x94, 0xff, 0x94, 0xff, 0x94, 
	0xff, 0x94, 0xff, 0x94, 0xff, 0x94, 0xff, 0x94, 
	0xff, 0x94, 0xff, 0x94, 0xff, 0x94, 0xff, 0x94, 
	0xff, 0x94, 0xff, 0x94, 0xff, 0x94, 0xff, 0x94, 
	0xff, 0x94, 0xff, 0x94, 0xff, 0x94, 0xff, 0x94, 
	0xff, 0x94, 0xff, 0x94, 0xff, 0x94, 0xff, 0x94, 
	0xff, 0x94, 0xff, 0x94, 0xff, 0x94, 0xff, 0x94, 
	0xff, 0x9c, 0xff, 0x9c, 0xff, 0x9c, 0xff, 0x9c, 
	0xff, 0x9c, 0xff, 0x9c, 0xff, 0x9c, 0xff, 0x9c, 
	0xff, 0x9c, 0xff, 0x9c, 0xff, 0x9c, 0xff, 0x9c, 
	0xff, 0x9c, 0xff, 0x9c, 0xff, 0x9c, 0xff, 0x9c, 
	0xff, 0x9c, 0xff, 0x9c, 0xff, 0x9c, 0xff, 0x9c, 
	0xff, 0x9c, 0xff, 0x9c, 0xff, 0x9c, 0xff, 0x9c, 
	0xff, 0x9c, 0xff, 0x9c, 0xff, 0x9c, 0xff, 0x9c, 
	0xff, 0x9c, 0xff, 0x9c, 0xff, 0x9c, 0xff, 0x9c, 
	0xff, 0xa5, 0xff, 0xa5, 0xff, 0xa5, 0xff, 0xa5, 
	0xff, 0xa5, 0xff, 0xa5, 0xff, 0xa5, 0xff, 0xa5, 
	0xff, 0xa5, 0xff, 0xa5, 0xff, 0xa5, 0xff, 0xa5, 
	0xff, 0xa5, 0xff, 0xa5, 0xff, 0xa5, 0xff, 0xa5, 
	0xff, 0xa5, 0xff, 0xa5, 0xff, 0xa5, 0xff, 0xa5, 
	0xff, 0xa5, 0xff, 0xa5, 0xff, 0xa5, 0xff, 0xa5, 
	0xff, 0xa5, 0xff, 0xa5, 0xff, 0xa5, 0xff, 0xa5, 
	0xff, 0xa5, 0xff, 0xa5, 0xff, 0xa5, 0xff, 0xa5, 
	0xff, 0xad, 0xff, 0xad, 0xff, 0xad, 0xff, 0xad, 
	0xff, 0xad, 0xff, 0xad, 0xff, 0xad, 0xff, 0xad, 
	0xff, 0xad, 0xff, 0xad, 0xff, 0xad, 0xff, 0xad, 
	0xff, 0xad, 0xff, 0xad, 0xff, 0xad, 0xff, 0xad, 
	0xff, 0xad, 0xff, 0xad, 0xff, 0xad, 0xff, 0xad, 
	0xff, 0xad, 0xff, 0xad, 0xff, 0xad, 0xff, 0xad, 
	0xff, 0xad, 0xff, 0xad, 0xff, 0xad, 0xff, 0xad, 
	0xff, 0xad, 0xff, 0xad, 0xff, 0xad, 0xff, 0xad, 
	0xff, 0xb5, 0xff, 0xb5, 0xff, 0xb5, 0xff, 0xb5, 
	0xff, 0xb5, 0xff, 0xb5, 0xff, 0xb5, 0xff, 0xb5, 
	0xff, 0xb5, 0xff, 0xb5, 0xff, 0xb5, 0xff, 0xb5, 
	0xff, 0xb5, 0xff, 0xb5, 0xff, 0xb5, 0xff, 0xb5, 
	0xff, 0xb5, 0xff, 0xb5, 0xff, 0xb5, 0xff, 0xb5, 
	0xff, 0xb5, 0xff, 0xb5, 0xff, 0xb5, 0xff, 0xb5, 
	0xff, 0xb5, 0xff, 0xb5, 0xff, 0xb5, 0xff, 0xb5, 
	0xff, 0xb5, 0xff, 0xb5, 0xff, 0xb5, 0xff, 0xb5, 
	0xff, 0xbd, 0xff, 0xbd, 0xff, 0xbd, 0xff, 0xbd, 
	0xff, 0xbd, 0xff, 0xbd, 0xff, 0xbd, 0xff, 0xbd, 
	0xff, 0xbd, 0xff, 0xbd, 0xff, 0xbd, 0xff, 0xbd, 
	0xff, 0xbd, 0xff, 0xbd, 0xff, 0xbd, 0xff, 0xbd, 
	0xff, 0xbd, 0xff, 0xbd, 0xff, 0xbd, 0xff, 0xbd, 
	0xff, 0xbd, 0xff, 0xbd, 0xff, 0xbd, 0xff, 0xbd, 
	0xff, 0xbd, 0xff, 0xbd, 0xff, 0xbd, 0xff, 0xbd, 
	0xff, 0xbd, 0xff, 0xbd, 0xff, 0xbd, 0xff, 0xbd, 
	0xff, 0xc5, 0xff, 0xc5, 0xff, 0xc5, 0xff, 0xc5, 
	0xff, 0xc5, 0xff, 0xc5, 0xff, 0xc5, 0xff, 0xc5, 
	0xff, 0xc5, 0xff, 0xc5, 0xff, 0xc5, 0xff, 0xc5, 
	0xff, 0xc5, 0xff, 0xc5, 0xff, 0xc5, 0xff, 0xc5, 
	0xff, 0xc5, 0xff, 0xc5, 0xff, 0xc5, 0xff, 0xc5, 
	0xff, 0xc5, 0xff, 0xc5, 0xff, 0xc5, 0xff, 0xc5, 
	0xff, 0xc5, 0xff, 0xc5, 0xff, 0xc5, 0xff, 0xc5, 
	0xff, 0xc5, 0xff, 0xc5, 0xff, 0xc5, 0xff, 0xc5, 
	0xff, 0xce, 0xff, 0xce, 0xff, 0xce, 0xff, 0xce, 
	0xff, 0xce, 0xff, 0xce, 0xff, 0xce, 0xff, 0xce, 
	0xff, 0xce, 0xff, 0xce, 0xff, 0xce, 0xff, 0xce, 
	0xff, 0xce, 0xff, 0xce, 0xff, 0xce, 0xff, 0xce, 
	0xff, 0xce, 0xff, 0xce, 0xff, 0xce, 0xff, 0xce, 
	0xff, 0xce, 0xff, 0xce, 0xff, 0xce, 0xff, 0xce, 
	0xff, 0xce, 0xff, 0xce, 0xff, 0xce, 0xff, 0xce, 
	0xff, 0xce, 0xff, 0xce, 0xff, 0xce, 0xff, 0xce, 
	0xff, 0xd6, 0xff, 0xd6, 0xff, 0xd6, 0xff, 0xd6, 
	0xff, 0xd6, 0xff, 0xd6, 0xff, 0xd6, 0xff, 0xd6, 
	0xff, 0xd6, 0xff, 0xd6, 0xff, 0xd6, 0xff, 0xd6, 
	0xff, 0xd6, 0xff, 0xd6, 0xff, 0xd6, 0xff, 0xd6, 
	0xff, 0xd6, 0xff, 0xd6, 0xff, 0xd6, 0xff, 0xd6, 
	0xff, 0xd6, 0xff, 0xd6, 0xff, 0xd6, 0xff, 0xd6, 
	0xff, 0xd6, 0xff, 0xd6, 0xff, 0xd6, 0xff, 0xd6, 
	0xff, 0xd6, 0xff, 0xd6, 0xff, 0xd6, 0xff, 0xd6, 
	0xff, 0xde, 0xff, 0xde, 0xff, 0xde, 0xff, 0xde, 
	0xff, 0xde, 0xff, 0xde, 0xff, 0xde, 0xff, 0xde, 
	0xff, 0xde, 0xff, 0xde, 0xff, 0xde, 0xff, 0xde, 
	0xff, 0xde, 0xff, 0xde, 0xff, 0xde, 0xff, 0xde, 
	0xff, 0xde, 0xff, 0xde, 0xff, 0xde, 0xff, 0xde, 
	0xff, 0xde, 0xff, 0xde, 0xff, 0xde, 0xff, 0xde, 
	0xff, 0xde, 0xff, 0xde, 0xff, 0xde, 0xff, 0xde, 
	0xff, 0xde, 0xff, 0xde, 0xff, 0xde, 0xff, 0xde, 
	0xff, 0xe6, 0xff, 0xe6, 0xff, 0xe6, 0xff, 0xe6, 
	0xff, 0xe6, 0xff, 0xe6, 0xff, 0xe6, 0xff, 0xe6, 
	0xff, 0xe6, 0xff, 0xe6, 0xff, 0xe6, 0xff, 0xe6, 
	0xff, 0xe6, 0xff, 0xe6, 0xff, 0xe6, 0xff, 0xe6, 
	0xff, 0xe6, 0xff, 0xe6, 0xff, 0xe6, 0xff, 0xe6, 
	0xff, 0xe6, 0xff, 0xe6, 0xff, 0xe6, 0xff, 0xe6, 
	0xff, 0xe6, 0xff, 0xe6, 0xff, 0xe6, 0xff, 0xe6, 
	0xff, 0xe6, 0xff, 0xe6, 0xff, 0xe6, 0xff, 0xe6, 
	0xff, 0xef, 0xff, 0xef, 0xff, 0xef, 0xff, 0xef, 
	0xff, 0xef, 0xff, 0xef, 0xff, 0xef, 0xff, 0xef, 
	0xff, 0xef, 0xff, 0xef, 0xff, 0xef, 0xff, 0xef, 
	0xff, 0xef, 0xff, 0xef, 0xff, 0xef, 0xff, 0xef, 
	0xff, 0xef, 0xff, 0xef, 0xff, 0xef, 0xff, 0xef, 
	0xff, 0xef, 0xff, 0xef, 0xff, 0xef, 0xff, 0xef, 
	0xff, 0xef, 0xff, 0xef, 0xff, 0xef, 0xff, 0xef, 
	0xff, 0xef, 0xff, 0xef, 0xff, 0xef, 0xff, 0xef, 
	0xff, 0xf7, 0xff, 0xf7, 0xff, 0xf7, 0xff, 0xf7, 
	0xff, 0xf7, 0xff, 0xf7, 0xff, 0xf7, 0xff, 0xf7, 
	0xff, 0xf7, 0xff, 0xf7, 0xff, 0xf7, 0xff, 0xf7, 
	0xff, 0xf7, 0xff, 0xf7, 0xff, 0xf7, 0xff, 0xf7, 
	0xff, 0xf7, 0xff, 0xf7, 0xff, 0xf7, 0xff, 0xf7, 
	0xff, 0xf7, 0xff, 0xf7, 0xff, 0xf7, 0xff, 0xf7, 
	0xff, 0xf7, 0xff, 0xf7, 0xff, 0xf7, 0xff, 0xf7, 
	0xff, 0xf7, 0xff, 0xf7, 0xff, 0xf7, 0xff, 0xf7, 
	
};

Gfx castle_inside_dl_topfellwall_rgba16_aligner[] = {gsSPEndDisplayList()};
u8 castle_inside_dl_topfellwall_rgba16[] = {
	0xc0, 0x01, 0xc0, 0x01, 0xc0, 0x01, 0xb8, 0x01, 
	0xc0, 0x01, 0xb8, 0x01, 0xb8, 0x01, 0xc8, 0x01, 
	0xc8, 0x01, 0xc8, 0x01, 0xc0, 0x01, 0xb8, 0x01, 
	0xb8, 0x01, 0xc8, 0x01, 0xc0, 0x01, 0xa0, 0x01, 
	0xc8, 0x01, 0xc0, 0x01, 0xc8, 0x01, 0xc0, 0x01, 
	0xc0, 0x01, 0xc8, 0x01, 0xc0, 0x01, 0xb8, 0x01, 
	0xc0, 0x01, 0xc0, 0x01, 0xc0, 0x01, 0xc0, 0x01, 
	0xc8, 0x01, 0xc0, 0x01, 0xb8, 0x01, 0xa0, 0x01, 
	0xc0, 0x01, 0xc0, 0x01, 0xc0, 0x01, 0xb8, 0x01, 
	0xc0, 0x01, 0xd0, 0x01, 0xc8, 0x01, 0xc0, 0x01, 
	0xb8, 0x01, 0xc0, 0x01, 0xc0, 0x01, 0xc8, 0x01, 
	0xc8, 0x01, 0xc0, 0x01, 0xc0, 0x01, 0xa0, 0x01, 
	0xc0, 0x01, 0xc8, 0x01, 0xc8, 0x01, 0xc0, 0x01, 
	0xc8, 0x01, 0xb8, 0x01, 0xc0, 0x01, 0xc0, 0x01, 
	0xc8, 0x01, 0xc0, 0x01, 0xc8, 0x01, 0xc0, 0x01, 
	0xb8, 0x01, 0xc0, 0x01, 0xc8, 0x01, 0xa8, 0x01, 
	0xb0, 0x01, 0xb0, 0x01, 0xb0, 0x01, 0xb0, 0x01, 
	0xb8, 0x01, 0xb0, 0x01, 0xb0, 0x01, 0xb8, 0x01, 
	0xb8, 0x01, 0xb0, 0x01, 0xb0, 0x01, 0xb0, 0x01, 
	0xb0, 0x01, 0xb0, 0x01, 0xa0, 0x01, 0x98, 0x01, 
	0xb8, 0x01, 0xb0, 0x01, 0xb0, 0x01, 0xb0, 0x01, 
	0xb0, 0x01, 0xb0, 0x01, 0xb8, 0x01, 0xa8, 0x01, 
	0xb0, 0x01, 0xb8, 0x01, 0xb8, 0x01, 0xb8, 0x01, 
	0xb8, 0x01, 0xb8, 0x01, 0xa0, 0x01, 0x98, 0x01, 
	0xb0, 0x01, 0xb8, 0x01, 0xb0, 0x01, 0xb0, 0x01, 
	0xb8, 0x01, 0xb8, 0x01, 0xb0, 0x01, 0xb0, 0x01, 
	0xb0, 0x01, 0xb0, 0x01, 0xb8, 0x01, 0xb8, 0x01, 
	0xb8, 0x01, 0xb0, 0x01, 0xa0, 0x01, 0x90, 0x01, 
	0xb0, 0x01, 0xb8, 0x01, 0xb0, 0x01, 0xb0, 0x01, 
	0xb0, 0x01, 0xa8, 0x01, 0xb8, 0x01, 0xb0, 0x01, 
	0xb0, 0x01, 0xb0, 0x01, 0xb0, 0x01, 0xb0, 0x01, 
	0xb0, 0x01, 0xb0, 0x01, 0xa0, 0x01, 0x90, 0x01, 
	0xb0, 0x01, 0xb0, 0x01, 0xb0, 0x01, 0xa8, 0x01, 
	0xb0, 0x01, 0xa8, 0x01, 0xa8, 0x01, 0xa0, 0x01, 
	0xa0, 0x01, 0xa8, 0x01, 0xa8, 0x01, 0xb0, 0x01, 
	0xb0, 0x01, 0xa8, 0x01, 0x98, 0x01, 0x90, 0x01, 
	0xa8, 0x01, 0xb0, 0x01, 0xb0, 0x01, 0xb0, 0x01, 
	0xb0, 0x01, 0xa8, 0x01, 0xb0, 0x01, 0xb0, 0x01, 
	0xa8, 0x01, 0xa8, 0x01, 0xb0, 0x01, 0xb0, 0x01, 
	0xb0, 0x01, 0xb0, 0x01, 0xa0, 0x01, 0x98, 0x01, 
	0xb0, 0x01, 0xa8, 0x01, 0xa8, 0x01, 0xb0, 0x01, 
	0xa8, 0x01, 0xa8, 0x01, 0xa8, 0x01, 0xa8, 0x01, 
	0xb0, 0x01, 0xb8, 0x01, 0xa8, 0x01, 0xa8, 0x01, 
	0xa8, 0x01, 0xa8, 0x01, 0xa0, 0x01, 0x98, 0x01, 
	0xb0, 0x01, 0xa8, 0x01, 0xb0, 0x01, 0xa8, 0x01, 
	0xa8, 0x01, 0xa8, 0x01, 0xb0, 0x01, 0xa8, 0x01, 
	0xa8, 0x01, 0xa8, 0x01, 0xa8, 0x01, 0xa0, 0x01, 
	0xa8, 0x01, 0xa8, 0x01, 0xa0, 0x01, 0x90, 0x01, 
	0xb0, 0x01, 0xa8, 0x01, 0xb0, 0x01, 0xb0, 0x01, 
	0xb0, 0x01, 0xa8, 0x01, 0xb0, 0x01, 0xa8, 0x01, 
	0xa8, 0x01, 0xb0, 0x01, 0xb0, 0x01, 0xb0, 0x01, 
	0xb0, 0x01, 0xa8, 0x01, 0x98, 0x01, 0x98, 0x01, 
	0xb0, 0x01, 0xb0, 0x01, 0xa8, 0x01, 0xa8, 0x01, 
	0xa8, 0x01, 0xa8, 0x01, 0xa0, 0x01, 0xa8, 0x01, 
	0xa8, 0x01, 0xa8, 0x01, 0xa8, 0x01, 0xa8, 0x01, 
	0xa8, 0x01, 0xb0, 0x01, 0xa0, 0x01, 0x98, 0x01, 
	0xb0, 0x01, 0xa8, 0x01, 0xa8, 0x01, 0xb0, 0x01, 
	0xb0, 0x01, 0xa8, 0x01, 0xa8, 0x01, 0xa8, 0x01, 
	0xb0, 0x01, 0xb0, 0x01, 0xa8, 0x01, 0xa8, 0x01, 
	0xa8, 0x01, 0xb0, 0x01, 0xa0, 0x01, 0x98, 0x01, 
	0xb0, 0x01, 0x90, 0x01, 0x88, 0x01, 0x98, 0x01, 
	0xa8, 0x01, 0xa8, 0x01, 0xa8, 0x01, 0x98, 0x01, 
	0x88, 0x01, 0x88, 0x01, 0xa0, 0x01, 0xa0, 0x01, 
	0xb0, 0x01, 0xb0, 0x01, 0xa0, 0x01, 0x90, 0x01, 
	0xb0, 0x01, 0xa8, 0x01, 0xa0, 0x01, 0xa8, 0x01, 
	0xa8, 0x01, 0xa8, 0x01, 0xb0, 0x01, 0xa8, 0x01, 
	0xa8, 0x01, 0xb0, 0x01, 0xb0, 0x01, 0xa8, 0x01, 
	0xa0, 0x01, 0xa0, 0x01, 0xa0, 0x01, 0x98, 0x01, 
	0xb0, 0x01, 0xb0, 0x01, 0xa8, 0x01, 0xb0, 0x01, 
	0xa0, 0x01, 0xa8, 0x01, 0x98, 0x01, 0xa0, 0x01, 
	0xa0, 0x01, 0xa8, 0x01, 0xa8, 0x01, 0xa8, 0x01, 
	0xa8, 0x01, 0xa8, 0x01, 0xa0, 0x01, 0x90, 0x01, 
	0xa8, 0x01, 0xa8, 0x01, 0xa0, 0x01, 0xa8, 0x01, 
	0xa8, 0x01, 0xa8, 0x01, 0xa0, 0x01, 0xa0, 0x01, 
	0xa8, 0x01, 0xb0, 0x01, 0xb0, 0x01, 0xa8, 0x01, 
	0xa8, 0x01, 0xa8, 0x01, 0xa0, 0x01, 0x90, 0x01, 
	0x80, 0x01, 0x48, 0x01, 0x38, 0x01, 0x48, 0x01, 
	0x70, 0x01, 0x90, 0x01, 0x80, 0x01, 0x48, 0x01, 
	0x38, 0x01, 0x40, 0x01, 0x70, 0x01, 0xa0, 0x01, 
	0xa8, 0x01, 0xa8, 0x01, 0xa0, 0x01, 0x98, 0x01, 
	0xa8, 0x01, 0xa8, 0x01, 0xa8, 0x01, 0xa8, 0x01, 
	0xa8, 0x01, 0xa0, 0x01, 0xa0, 0x01, 0xa0, 0x01, 
	0xa0, 0x01, 0xa8, 0x01, 0xb0, 0x01, 0xa8, 0x01, 
	0xa0, 0x01, 0xa0, 0x01, 0x98, 0x01, 0x98, 0x01, 
	0xa8, 0x01, 0xa8, 0x01, 0xa8, 0x01, 0xa8, 0x01, 
	0xa8, 0x01, 0xb0, 0x01, 0xa8, 0x01, 0xa0, 0x01, 
	0xa8, 0x01, 0xa0, 0x01, 0xa8, 0x01, 0xa0, 0x01, 
	0xa0, 0x01, 0xa8, 0x01, 0xa0, 0x01, 0x98, 0x01, 
	0xb0, 0x01, 0xa8, 0x01, 0xa8, 0x01, 0xa8, 0x01, 
	0xa8, 0x01, 0xa8, 0x01, 0xb0, 0x01, 0xa8, 0x01, 
	0xa8, 0x01, 0xb0, 0x01, 0xa8, 0x01, 0xb0, 0x01, 
	0xa8, 0x01, 0xa8, 0x01, 0x90, 0x01, 0x68, 0x01, 
	0x40, 0x01, 0x38, 0x01, 0x30, 0x01, 0x30, 0x01, 
	0x38, 0x01, 0x40, 0x01, 0x40, 0x01, 0x30, 0x01, 
	0x30, 0x01, 0x30, 0x01, 0x40, 0x01, 0x80, 0x01, 
	0xa0, 0x01, 0xa0, 0x01, 0x98, 0x01, 0x90, 0x01, 
	0xb0, 0x01, 0x90, 0x01, 0x90, 0x01, 0x90, 0x01, 
	0x90, 0x01, 0x88, 0x01, 0x98, 0x01, 0x90, 0x01, 
	0x90, 0x01, 0x90, 0x01, 0x90, 0x01, 0x90, 0x01, 
	0x88, 0x01, 0x90, 0x01, 0x90, 0x01, 0x90, 0x01, 
	0xa8, 0x01, 0x88, 0x01, 0x88, 0x01, 0x90, 0x01, 
	0x90, 0x01, 0x88, 0x01, 0x90, 0x01, 0x90, 0x01, 
	0x90, 0x01, 0x90, 0x01, 0x90, 0x01, 0x90, 0x01, 
	0x90, 0x01, 0x90, 0x01, 0x90, 0x01, 0x98, 0x01, 
	0xb8, 0x01, 0x88, 0x01, 0x90, 0x01, 0x90, 0x01, 
	0x88, 0x01, 0x88, 0x01, 0x90, 0x01, 0x90, 0x01, 
	0x90, 0x01, 0x98, 0x01, 0x90, 0x01, 0x90, 0x01, 
	0x98, 0x01, 0x90, 0x01, 0x58, 0x01, 0x30, 0x01, 
	0x38, 0x01, 0x28, 0x01, 0x28, 0x01, 0x28, 0x01, 
	0x28, 0x01, 0x28, 0x01, 0x28, 0x01, 0x28, 0x01, 
	0x28, 0x01, 0x30, 0x01, 0x28, 0x01, 0x30, 0x01, 
	0x58, 0x01, 0x88, 0x01, 0x88, 0x01, 0x90, 0x01, 
	0x90, 0x01, 0x88, 0x01, 0x80, 0x01, 0x80, 0x01, 
	0x88, 0x01, 0x88, 0x01, 0x88, 0x01, 0x80, 0x01, 
	0x88, 0x01, 0x88, 0x01, 0x88, 0x01, 0x88, 0x01, 
	0x80, 0x01, 0x80, 0x01, 0x80, 0x01, 0x80, 0x01, 
	0x88, 0x01, 0x80, 0x01, 0x88, 0x01, 0x80, 0x01, 
	0x88, 0x01, 0x88, 0x01, 0x88, 0x01, 0x88, 0x01, 
	0x80, 0x01, 0x88, 0x01, 0x88, 0x01, 0x88, 0x01, 
	0x88, 0x01, 0x88, 0x01, 0x88, 0x01, 0x88, 0x01, 
	0x90, 0x01, 0x88, 0x01, 0x88, 0x01, 0x88, 0x01, 
	0x88, 0x01, 0x80, 0x01, 0x80, 0x01, 0x80, 0x01, 
	0x88, 0x01, 0x80, 0x01, 0x88, 0x01, 0x88, 0x01, 
	0x90, 0x01, 0x80, 0x01, 0x38, 0x01, 0x28, 0x01, 
	0x28, 0x01, 0x28, 0x01, 0x28, 0x01, 0x28, 0x01, 
	0x28, 0x01, 0x28, 0x01, 0x28, 0x01, 0x28, 0x01, 
	0x28, 0x01, 0x28, 0x01, 0x28, 0x01, 0x28, 0x01, 
	0x38, 0x01, 0x78, 0x01, 0x80, 0x01, 0x88, 0x01, 
	0xb8, 0x01, 0xc0, 0x01, 0xb0, 0x01, 0xb8, 0x01, 
	0xc0, 0x01, 0xb8, 0x01, 0xb8, 0x01, 0x90, 0x01, 
	0xb0, 0x01, 0xb8, 0x01, 0xb0, 0x01, 0xb8, 0x01, 
	0xb0, 0x01, 0xb0, 0x01, 0xb0, 0x01, 0xb0, 0x01, 
	0xb0, 0x01, 0xb8, 0x01, 0xb8, 0x01, 0xb0, 0x01, 
	0xb8, 0x01, 0xc0, 0x01, 0xc8, 0x01, 0x98, 0x01, 
	0xb0, 0x01, 0xb8, 0x01, 0xb0, 0x01, 0xb0, 0x01, 
	0xb8, 0x01, 0xb8, 0x01, 0xb8, 0x01, 0xb0, 0x01, 
	0xb0, 0x01, 0xc0, 0x01, 0xb8, 0x01, 0xb8, 0x01, 
	0xb8, 0x01, 0xc0, 0x01, 0xb0, 0x01, 0x90, 0x01, 
	0xb0, 0x01, 0xb0, 0x01, 0xb0, 0x01, 0xa8, 0x01, 
	0xc0, 0x01, 0xa8, 0x01, 0x50, 0x01, 0x38, 0x01, 
	0x38, 0x01, 0x38, 0x01, 0x38, 0x01, 0x38, 0x01, 
	0x38, 0x01, 0x38, 0x01, 0x38, 0x01, 0x30, 0x01, 
	0x38, 0x01, 0x38, 0x01, 0x38, 0x01, 0x38, 0x01, 
	0x58, 0x01, 0xb8, 0x01, 0xb8, 0x01, 0xc0, 0x01, 
	0xa8, 0x01, 0xb0, 0x01, 0xb0, 0x01, 0xa0, 0x01, 
	0xa8, 0x01, 0xa0, 0x01, 0x80, 0x01, 0x60, 0x01, 
	0x78, 0x01, 0x98, 0x01, 0xa0, 0x01, 0xa8, 0x01, 
	0x90, 0x01, 0x78, 0x01, 0x70, 0x01, 0x88, 0x01, 
	0x98, 0x01, 0xa8, 0x01, 0xa0, 0x01, 0xa0, 0x01, 
	0xa0, 0x01, 0xb0, 0x01, 0x98, 0x01, 0x88, 0x01, 
	0xa8, 0x01, 0xa8, 0x01, 0xa0, 0x01, 0xa8, 0x01, 
	0xb0, 0x01, 0xb0, 0x01, 0xa8, 0x01, 0xa0, 0x01, 
	0xa8, 0x01, 0xa8, 0x01, 0xa8, 0x01, 0xa0, 0x01, 
	0xa8, 0x01, 0xa0, 0x85, 0x99, 0x4b, 0x91, 0xcf, 
	0xaa, 0x53, 0xa9, 0x8d, 0xb0, 0x85, 0xa8, 0x01, 
	0xa0, 0x01, 0xa0, 0x01, 0x68, 0x01, 0x40, 0x01, 
	0x38, 0x01, 0x38, 0x01, 0x38, 0x85, 0x49, 0x8d, 
	0x5a, 0x53, 0x62, 0x95, 0x49, 0xcf, 0x38, 0xc7, 
	0x38, 0x01, 0x38, 0x01, 0x38, 0x01, 0x58, 0x01, 
	0x90, 0x01, 0xb0, 0x01, 0xa8, 0x01, 0xa8, 0x01, 
	0x98, 0x01, 0xa0, 0x01, 0xa8, 0x01, 0xa8, 0x01, 
	0xa0, 0x01, 0x80, 0x01, 0x40, 0x01, 0x28, 0x01, 
	0x38, 0x01, 0x48, 0x01, 0x78, 0x01, 0x80, 0x01, 
	0x50, 0x01, 0x38, 0x01, 0x38, 0x01, 0x40, 0x01, 
	0x78, 0x01, 0x98, 0x01, 0x98, 0x01, 0xa0, 0x01, 
	0xa0, 0x01, 0x98, 0x01, 0x90, 0x01, 0x88, 0x01, 
	0xa8, 0x01, 0xa8, 0x01, 0xa0, 0x01, 0xa8, 0x01, 
	0xa8, 0x01, 0xa8, 0x01, 0xa8, 0x01, 0x98, 0x01, 
	0xa8, 0x01, 0xa8, 0x01, 0xa0, 0x01, 0xa8, 0x85, 
	0xaa, 0x53, 0xac, 0x21, 0xa4, 0xa5, 0x9c, 0xa5, 
	0xbd, 0xad, 0xb5, 0x29, 0xab, 0xdf, 0xaa, 0x53, 
	0xa8, 0x43, 0xa0, 0x01, 0x98, 0x01, 0x80, 0x01, 
	0x60, 0x01, 0x49, 0x8d, 0x7b, 0x9d, 0xa4, 0xe7, 
	0xad, 0x6b, 0xad, 0x6b, 0x9c, 0xe7, 0x83, 0xdf, 
	0x6b, 0x19, 0x38, 0xc7, 0x60, 0x01, 0x98, 0x01, 
	0xa8, 0x01, 0xa0, 0x01, 0xa0, 0x01, 0xa0, 0x01, 
	0x90, 0x01, 0xa0, 0x01, 0xa0, 0x01, 0x98, 0x01, 
	0x78, 0x01, 0x48, 0x01, 0x30, 0x01, 0x30, 0x01, 
	0x38, 0x01, 0x38, 0x01, 0x38, 0x01, 0x38, 0x01, 
	0x38, 0x01, 0x30, 0x01, 0x30, 0x01, 0x30, 0x01, 
	0x48, 0x01, 0x80, 0x01, 0xa0, 0x01, 0xa0, 0x01, 
	0x98, 0x01, 0x98, 0x01, 0x90, 0x01, 0x90, 0x01, 
	0xa0, 0x01, 0x98, 0x01, 0xa0, 0x01, 0xa0, 0x01, 
	0xa8, 0x01, 0xa0, 0x01, 0xa0, 0x01, 0xa0, 0x01, 
	0xa0, 0x01, 0xa8, 0x01, 0xa0, 0x85, 0xab, 0x19, 
	0xb5, 0x29, 0xb5, 0xad, 0xad, 0x6b, 0xa5, 0x29, 
	0xbd, 0xef, 0xb5, 0xad, 0xb5, 0xad, 0xb5, 0x29, 
	0xab, 0x19, 0xa0, 0x85, 0x98, 0x01, 0xa0, 0x01, 
	0x89, 0xcf, 0x94, 0xa5, 0xb5, 0xad, 0xb5, 0xad, 
	0xb5, 0xad, 0xb5, 0xad, 0xad, 0x6b, 0xa5, 0x29, 
	0xb5, 0xad, 0x83, 0x9d, 0x88, 0xc7, 0x98, 0x01, 
	0x98, 0x01, 0xa0, 0x01, 0xa0, 0x01, 0xa0, 0x01, 
	0x98, 0x01, 0xa0, 0x01, 0x98, 0x01, 0x80, 0x01, 
	0x38, 0x01, 0x30, 0x01, 0x30, 0x01, 0x30, 0x01, 
	0x38, 0x01, 0x30, 0x01, 0x30, 0x01, 0x30, 0x01, 
	0x30, 0x01, 0x30, 0x01, 0x30, 0x01, 0x30, 0x01, 
	0x30, 0x01, 0x40, 0x01, 0x80, 0x01, 0xa0, 0x01, 
	0xa0, 0x01, 0xa0, 0x01, 0x90, 0x01, 0x88, 0x01, 
	0x98, 0x01, 0x98, 0x01, 0xa0, 0x01, 0x98, 0x01, 
	0xa0, 0x01, 0xa8, 0x01, 0xa0, 0x01, 0xa0, 0x01, 
	0xa0, 0x01, 0xa0, 0x01, 0xa2, 0x95, 0xb5, 0x29, 
	0xb5, 0xad, 0xb5, 0xad, 0xa5, 0x29, 0xa5, 0x29, 
	0xbd, 0xef, 0xb5, 0xad, 0xb5, 0xad, 0xb5, 0xad, 
	0xb5, 0x29, 0xab, 0x9d, 0xab, 0x5b, 0xa2, 0xd7, 
	0xac, 0x63, 0xb5, 0xad, 0xb5, 0xad, 0xb5, 0xad, 
	0xb5, 0xad, 0xb5, 0xad, 0xad, 0x6b, 0xa5, 0x29, 
	0xbd, 0xef, 0xb5, 0x6b, 0x9b, 0x5b, 0x98, 0x43, 
	0xa0, 0x01, 0xa0, 0x01, 0xa0, 0x01, 0xa0, 0x01, 
	0xa0, 0x01, 0xa8, 0x01, 0x98, 0x01, 0x68, 0x01, 
	0x30, 0x01, 0x38, 0x01, 0x30, 0x01, 0x30, 0x01, 
	0x38, 0x01, 0x30, 0x01, 0x30, 0x01, 0x30, 0x01, 
	0x30, 0x01, 0x30, 0x01, 0x30, 0x01, 0x30, 0x01, 
	0x30, 0x01, 0x38, 0x01, 0x68, 0x01, 0x98, 0x01, 
	0xa0, 0x01, 0xa8, 0x01, 0x90, 0x01, 0x90, 0x01, 
	0x98, 0x01, 0xa0, 0x01, 0xa0, 0x01, 0x98, 0x01, 
	0x98, 0x01, 0xa0, 0x01, 0xa0, 0x01, 0xa0, 0x01, 
	0xa0, 0x85, 0xaa, 0x53, 0xb4, 0xa5, 0xb5, 0xad, 
	0xb5, 0xad, 0xb5, 0xad, 0xa5, 0x29, 0xa5, 0x29, 
	0xbd, 0xef, 0xb5, 0xad, 0xb5, 0xad, 0xb5, 0xad, 
	0xb5, 0xad, 0xb5, 0xad, 0xb5, 0xad, 0xb5, 0xad, 
	0xb5, 0xad, 0xb5, 0xad, 0xb5, 0xad, 0xb5, 0xad, 
	0xb5, 0xad, 0xb5, 0xad, 0xa5, 0x29, 0xa5, 0x29, 
	0xbd, 0xef, 0xb5, 0xad, 0xac, 0xe7, 0xa1, 0xcf, 
	0x98, 0x43, 0x98, 0x01, 0x98, 0x01, 0x98, 0x01, 
	0x88, 0x01, 0x88, 0x01, 0x80, 0x01, 0x60, 0x01, 
	0x30, 0x01, 0x28, 0x01, 0x28, 0x01, 0x28, 0x01, 
	0x38, 0x01, 0x28, 0x01, 0x28, 0x01, 0x28, 0x01, 
	0x28, 0x01, 0x28, 0x01, 0x28, 0x01, 0x28, 0x01, 
	0x28, 0x01, 0x30, 0x01, 0x68, 0x01, 0x88, 0x01, 
	0x80, 0x01, 0x80, 0x01, 0x88, 0x01, 0x88, 0x01, 
	0xa0, 0x01, 0x90, 0x01, 0x88, 0x01, 0x80, 0x01, 
	0x88, 0x01, 0x88, 0x01, 0x90, 0x01, 0x89, 0x4b, 
	0x93, 0x5b, 0x9c, 0xa5, 0x9c, 0xe7, 0x9c, 0xe7, 
	0x9c, 0xe7, 0x9c, 0xe7, 0x9c, 0xe7, 0x9c, 0xe7, 
	0xbd, 0xef, 0x9c, 0xe7, 0x9c, 0xe7, 0x9c, 0xe7, 
	0x9c, 0xe7, 0x9c, 0xe7, 0x9c, 0xe7, 0x9c, 0xe7, 
	0x9c, 0xe7, 0x9c, 0xe7, 0x9c, 0xe7, 0x9c, 0xe7, 
	0x9c, 0xe7, 0x9c, 0xe7, 0x9c, 0xe7, 0x9c, 0xe7, 
	0xbd, 0xef, 0x9c, 0xe7, 0x9c, 0xe7, 0x94, 0x21, 
	0x8a, 0xd7, 0x89, 0x09, 0x88, 0x01, 0x80, 0x01, 
	0x80, 0x01, 0x80, 0x01, 0x80, 0x01, 0x70, 0x01, 
	0x48, 0x01, 0x30, 0x01, 0x28, 0x01, 0x28, 0x01, 
	0x28, 0x01, 0x28, 0x01, 0x28, 0x01, 0x28, 0x01, 
	0x28, 0x01, 0x28, 0x01, 0x28, 0x01, 0x28, 0x01, 
	0x48, 0x01, 0x60, 0x01, 0x78, 0x01, 0x78, 0x01, 
	0x80, 0x01, 0x78, 0x01, 0x78, 0x01, 0x88, 0x01, 
	0x80, 0x01, 0x78, 0x01, 0x78, 0x01, 0x78, 0x01, 
	0x80, 0x01, 0x80, 0x01, 0x81, 0x09, 0x8b, 0x9d, 
	0x94, 0xa5, 0x94, 0xa5, 0x94, 0xa5, 0x94, 0xa5, 
	0x94, 0xa5, 0x94, 0xa5, 0x94, 0xa5, 0x94, 0xa5, 
	0x9c, 0xe7, 0x94, 0xa5, 0x94, 0xa5, 0x94, 0xa5, 
	0x94, 0xa5, 0x94, 0xa5, 0x94, 0xa5, 0x94, 0xa5, 
	0x94, 0xa5, 0x94, 0xa5, 0x94, 0xa5, 0x94, 0xa5, 
	0x94, 0xa5, 0x94, 0xa5, 0x94, 0xa5, 0x9c, 0xe7, 
	0x9c, 0xe7, 0x94, 0xa5, 0x94, 0xa5, 0x94, 0xa5, 
	0x94, 0xa5, 0x8b, 0x5b, 0x80, 0xc7, 0x80, 0x01, 
	0xa0, 0x01, 0xb0, 0x01, 0xb0, 0x01, 0xa8, 0x01, 
	0xa0, 0x01, 0x88, 0x01, 0x50, 0x01, 0x38, 0x01, 
	0x38, 0x01, 0x50, 0x01, 0x80, 0x01, 0x80, 0x01, 
	0x58, 0x01, 0x38, 0x01, 0x38, 0x01, 0x48, 0x01, 
	0x98, 0x01, 0xa8, 0x01, 0xa8, 0x01, 0xa0, 0x01, 
	0xa0, 0x01, 0xa8, 0x01, 0xa8, 0x01, 0xa8, 0x01, 
	0xa8, 0x01, 0xa8, 0x01, 0xa8, 0x01, 0xb0, 0x01, 
	0xa8, 0x01, 0xb0, 0x45, 0xbb, 0xdf, 0xb5, 0xad, 
	0xbd, 0xef, 0xce, 0x73, 0xce, 0x73, 0xce, 0x73, 
	0xce, 0x73, 0xc6, 0x31, 0x9c, 0xe7, 0x9c, 0xe7, 
	0xb5, 0xad, 0xc6, 0x31, 0xce, 0x73, 0xce, 0x73, 
	0xc6, 0x31, 0xc6, 0x31, 0xc6, 0x31, 0xb5, 0xad, 
	0xbd, 0xef, 0xce, 0x73, 0xce, 0x73, 0xc6, 0x31, 
	0xb5, 0xad, 0x9c, 0xe7, 0xa5, 0x29, 0xc6, 0x31, 
	0xce, 0x73, 0xce, 0x73, 0xce, 0x73, 0xce, 0x73, 
	0xc6, 0x31, 0xc6, 0x31, 0xbb, 0xdf, 0xa0, 0x43, 
	0xa0, 0x01, 0xa0, 0x01, 0xa0, 0x01, 0x98, 0x01, 
	0x90, 0x01, 0x98, 0x01, 0x80, 0x01, 0x58, 0x01, 
	0x50, 0x01, 0x78, 0x01, 0xa0, 0x01, 0x98, 0x01, 
	0x90, 0x01, 0x60, 0x01, 0x60, 0x01, 0x68, 0x01, 
	0x98, 0x01, 0xa0, 0x01, 0x98, 0x01, 0x98, 0x01, 
	0x98, 0x01, 0xa0, 0x01, 0xa0, 0x01, 0xa0, 0x01, 
	0xa0, 0x01, 0x98, 0x01, 0xa0, 0x01, 0x90, 0x01, 
	0xa0, 0x01, 0xa1, 0x8d, 0xb5, 0x29, 0xa5, 0x29, 
	0xbd, 0xef, 0xbd, 0xef, 0xbd, 0xef, 0xbd, 0xef, 
	0xbd, 0xef, 0xbd, 0xef, 0xb5, 0xad, 0x94, 0xa5, 
	0x73, 0x9d, 0x84, 0x21, 0xa5, 0x29, 0xb5, 0xad, 
	0xbd, 0xef, 0x8c, 0x63, 0x7b, 0xdf, 0x84, 0x21, 
	0xb5, 0xad, 0xb5, 0xad, 0x9c, 0xe7, 0x7b, 0xdf, 
	0x73, 0x9d, 0x9c, 0xe7, 0xb5, 0xad, 0xbd, 0xef, 
	0xbd, 0xef, 0xb5, 0xad, 0xbd, 0xef, 0xb5, 0xad, 
	0xbd, 0xef, 0xbd, 0xef, 0xb4, 0xe7, 0x89, 0x09, 
	0x98, 0x01, 0x98, 0x01, 0xa0, 0x01, 0x98, 0x01, 
	0x98, 0x01, 0x98, 0x01, 0x98, 0x01, 0x90, 0x01, 
	0x90, 0x01, 0x90, 0x01, 0x98, 0x01, 0x98, 0x01, 
	0x98, 0x01, 0x90, 0x01, 0x90, 0x01, 0x80, 0x01, 
	0x90, 0x01, 0xa0, 0x01, 0x90, 0x01, 0x90, 0x01, 
	0x90, 0x01, 0x98, 0x01, 0x98, 0x01, 0x90, 0x01, 
	0x90, 0x01, 0x98, 0x01, 0x98, 0x01, 0x98, 0x01, 
	0x98, 0x01, 0xa2, 0x53, 0xad, 0x29, 0xa5, 0x29, 
	0xbd, 0xef, 0xbd, 0xef, 0xb5, 0xad, 0xb5, 0xad, 
	0xb5, 0xad, 0xb5, 0xad, 0xb5, 0xad, 0xb5, 0xad, 
	0xad, 0x6b, 0x73, 0x9d, 0x39, 0xcf, 0x63, 0x19, 
	0x84, 0x21, 0x4a, 0x53, 0x6b, 0x5b, 0x42, 0x11, 
	0x84, 0x21, 0x63, 0x19, 0x39, 0xcf, 0x84, 0x21, 
	0xad, 0x6b, 0xb5, 0xad, 0xb5, 0xad, 0xb5, 0xad, 
	0xb5, 0xad, 0xb5, 0xad, 0xb5, 0xad, 0xb5, 0xad, 
	0xb5, 0xad, 0xb5, 0xad, 0xad, 0x29, 0x89, 0xcf, 
	0x98, 0x01, 0x98, 0x01, 0x98, 0x01, 0x98, 0x01, 
	0x90, 0x01, 0x90, 0x01, 0x98, 0x01, 0x90, 0x01, 
	0x98, 0x01, 0x90, 0x01, 0x90, 0x01, 0x90, 0x01, 
	0x90, 0x01, 0x88, 0x01, 0x90, 0x01, 0x88, 0x01, 
	0xa0, 0x01, 0xa0, 0x01, 0x90, 0x01, 0x90, 0x01, 
	0x98, 0x01, 0x98, 0x01, 0x98, 0x01, 0x98, 0x01, 
	0x98, 0x01, 0x90, 0x01, 0x90, 0x01, 0x98, 0x01, 
	0x88, 0x01, 0x8a, 0x95, 0xad, 0x6b, 0xa5, 0x29, 
	0xbd, 0xef, 0xbd, 0xef, 0xb5, 0xad, 0xb5, 0xad, 
	0xb5, 0xad, 0xb5, 0xad, 0xb5, 0xad, 0xb5, 0xad, 
	0xb5, 0xad, 0x63, 0x19, 0x08, 0x43, 0x4a, 0x53, 
	0x63, 0x19, 0x84, 0x21, 0xad, 0x6b, 0x6b, 0x5b, 
	0x6b, 0x5b, 0x4a, 0x53, 0x10, 0x85, 0x7b, 0xdf, 
	0xb5, 0xad, 0xb5, 0xad, 0xb5, 0xad, 0xb5, 0xad, 
	0xb5, 0xad, 0xb5, 0xad, 0xb5, 0xad, 0xb5, 0xad, 
	0xb5, 0xad, 0xb5, 0xad, 0xad, 0x6b, 0x89, 0xcf, 
	0x98, 0x01, 0x98, 0x01, 0x90, 0x01, 0x98, 0x01, 
	0x98, 0x01, 0x90, 0x01, 0x98, 0x01, 0x90, 0x01, 
	0x90, 0x01, 0x90, 0x01, 0x90, 0x01, 0x90, 0x01, 
	0x98, 0x01, 0x90, 0x01, 0x90, 0x01, 0x80, 0x01, 
	0x98, 0x01, 0xa0, 0x01, 0x90, 0x01, 0x90, 0x01, 
	0x98, 0x01, 0x98, 0x01, 0x98, 0x01, 0x90, 0x01, 
	0x90, 0x01, 0x90, 0x01, 0x98, 0x01, 0x80, 0x01, 
	0x48, 0x01, 0x52, 0x11, 0xad, 0x6b, 0x9c, 0xe7, 
	0xbd, 0xef, 0xbd, 0xef, 0xb5, 0xad, 0xb5, 0xad, 
	0xb5, 0xad, 0xb5, 0xad, 0xb5, 0xad, 0xb5, 0xad, 
	0xad, 0x6b, 0x52, 0x95, 0x08, 0x43, 0x73, 0x9d, 
	0xad, 0x6b, 0xad, 0x6b, 0xb5, 0xad, 0x9c, 0xe7, 
	0xb5, 0xad, 0x6b, 0x5b, 0x08, 0x43, 0x63, 0x19, 
	0xb5, 0xad, 0xb5, 0xad, 0xb5, 0xad, 0xb5, 0xad, 
	0xb5, 0xad, 0xb5, 0xad, 0xb5, 0xad, 0xb5, 0xad, 
	0xb5, 0xad, 0xb5, 0xad, 0xac, 0xe7, 0x81, 0x09, 
	0x98, 0x01, 0x98, 0x01, 0x90, 0x01, 0x90, 0x01, 
	0x98, 0x01, 0x98, 0x01, 0x98, 0x01, 0x90, 0x01, 
	0x90, 0x85, 0x99, 0xcf, 0xa2, 0xd7, 0xa3, 0x19, 
	0x9a, 0x95, 0x91, 0x4b, 0x90, 0x43, 0x80, 0x01, 
	0x98, 0x01, 0x98, 0x01, 0x90, 0x01, 0x90, 0x85, 
	0x99, 0xcf, 0x9b, 0x19, 0xa3, 0x5b, 0xa2, 0xd7, 
	0x99, 0x8d, 0x90, 0x43, 0x78, 0x01, 0x50, 0x01, 
	0x38, 0x01, 0x41, 0x09, 0x94, 0xa5, 0xa5, 0x29, 
	0xbd, 0xef, 0xbd, 0xef, 0xb5, 0xad, 0xb5, 0xad, 
	0xb5, 0xad, 0xb5, 0xad, 0xb5, 0xad, 0xb5, 0xad, 
	0x9c, 0xe7, 0x6b, 0x5b, 0x52, 0x95, 0x94, 0xa5, 
	0xb5, 0xad, 0xb5, 0xad, 0xb5, 0xad, 0xa5, 0x29, 
	0xb5, 0xad, 0x94, 0xa5, 0x4a, 0x53, 0x73, 0x9d, 
	0xa5, 0x29, 0xb5, 0xad, 0xb5, 0xad, 0xb5, 0xad, 
	0xb5, 0xad, 0xb5, 0xad, 0xb5, 0xad, 0xb5, 0xad, 
	0xb5, 0xad, 0xb5, 0x6b, 0x9b, 0x5b, 0x88, 0x43, 
	0x98, 0x01, 0x88, 0x01, 0x80, 0x01, 0x80, 0x01, 
	0x80, 0x01, 0x80, 0x01, 0x88, 0x01, 0x79, 0x4b, 
	0x8b, 0x5b, 0x94, 0x63, 0x9c, 0xe7, 0x9c, 0xa5, 
	0x9c, 0xa5, 0x94, 0x21, 0x8a, 0x95, 0x80, 0x85, 
	0x90, 0x01, 0x88, 0x01, 0x80, 0xc7, 0x8b, 0x19, 
	0x94, 0x63, 0x9c, 0xa5, 0x9c, 0xe7, 0x94, 0xa5, 
	0x94, 0x63, 0x7a, 0xd7, 0x38, 0x85, 0x28, 0x01, 
	0x28, 0x01, 0x30, 0x01, 0x5a, 0x95, 0x94, 0xa5, 
	0xbd, 0xef, 0xad, 0x6b, 0x9c, 0xe7, 0x9c, 0xe7, 
	0x9c, 0xe7, 0x9c, 0xe7, 0x9c, 0xe7, 0x9c, 0xe7, 
	0x94, 0xa5, 0x94, 0xa5, 0x94, 0xa5, 0x9c, 0xe7, 
	0x9c, 0xe7, 0x9c, 0xe7, 0x9c, 0xe7, 0x9c, 0xe7, 
	0xbd, 0xef, 0xad, 0x6b, 0x94, 0xa5, 0x94, 0xa5, 
	0x94, 0xa5, 0x9c, 0xe7, 0x9c, 0xe7, 0x9c, 0xe7, 
	0x9c, 0xe7, 0x9c, 0xe7, 0x9c, 0xe7, 0x9c, 0xe7, 
	0x9c, 0xa5, 0x93, 0x9d, 0x81, 0x09, 0x78, 0x01, 
	0x88, 0x01, 0x78, 0x01, 0x78, 0x01, 0x70, 0x01, 
	0x78, 0x01, 0x70, 0x01, 0x79, 0x09, 0x8b, 0x9d, 
	0x94, 0xa5, 0x94, 0xa5, 0x94, 0xa5, 0x94, 0xa5, 
	0x94, 0xa5, 0x94, 0xa5, 0x94, 0x63, 0x82, 0xd7, 
	0x8a, 0x11, 0x71, 0x8d, 0x82, 0xd7, 0x94, 0x63, 
	0x94, 0xa5, 0x94, 0xa5, 0x94, 0xa5, 0x94, 0xa5, 
	0x94, 0xa5, 0x8c, 0x63, 0x5a, 0xd7, 0x28, 0x43, 
	0x28, 0x01, 0x28, 0x01, 0x30, 0x85, 0x62, 0xd7, 
	0xa5, 0x29, 0x94, 0xa5, 0x94, 0xa5, 0x94, 0xa5, 
	0x94, 0xa5, 0x94, 0xa5, 0x94, 0xa5, 0x94, 0xa5, 
	0x94, 0xa5, 0x94, 0xa5, 0x94, 0xa5, 0x94, 0xa5, 
	0x94, 0xa5, 0x94, 0xa5, 0x94, 0xa5, 0x94, 0xa5, 
	0xad, 0x6b, 0x94, 0xa5, 0x94, 0xa5, 0x94, 0xa5, 
	0x94, 0xa5, 0x94, 0xa5, 0x94, 0xa5, 0x94, 0xa5, 
	0x94, 0xa5, 0x94, 0xa5, 0x8c, 0x21, 0x8b, 0xdf, 
	0x82, 0x95, 0x70, 0xc7, 0x78, 0x01, 0x78, 0x01, 
	0x98, 0x01, 0xa0, 0x01, 0x98, 0x01, 0xa0, 0x01, 
	0xa8, 0x01, 0xa1, 0x4b, 0xb3, 0xdf, 0xb5, 0xad, 
	0xbd, 0xef, 0xce, 0x73, 0xce, 0x73, 0xce, 0x73, 
	0xc6, 0x31, 0xce, 0x73, 0xc6, 0x31, 0xc6, 0x31, 
	0xc5, 0xef, 0xc5, 0xef, 0xc6, 0x31, 0xce, 0x73, 
	0xce, 0x73, 0xce, 0x73, 0xce, 0x73, 0xb5, 0xad, 
	0xbd, 0xef, 0xce, 0x73, 0xb5, 0xad, 0x5a, 0x53, 
	0x38, 0x43, 0x38, 0x01, 0x38, 0x01, 0x40, 0xc7, 
	0x73, 0x19, 0xa4, 0xe7, 0xbd, 0xad, 0xc6, 0x31, 
	0xce, 0x73, 0xce, 0x73, 0xce, 0x73, 0xb5, 0xad, 
	0xbd, 0xef, 0xce, 0x73, 0xce, 0x73, 0xce, 0x73, 
	0xce, 0x31, 0xce, 0x73, 0xc6, 0x31, 0xce, 0x31, 
	0xce, 0x31, 0xc6, 0x31, 0xce, 0x73, 0xce, 0x73, 
	0xce, 0x73, 0xce, 0x73, 0xce, 0x73, 0xb5, 0xad, 
	0xbd, 0xef, 0xbd, 0xad, 0x7a, 0x95, 0x79, 0x4b, 
	0x90, 0x43, 0xa0, 0x01, 0xa0, 0x01, 0x98, 0x01, 
	0x90, 0x01, 0x90, 0x01, 0x90, 0x01, 0x90, 0x43, 
	0x92, 0x95, 0xac, 0xa5, 0xb5, 0x6b, 0xa5, 0x29, 
	0xbd, 0xef, 0xbd, 0xef, 0xbd, 0xef, 0xbd, 0xef, 
	0xbd, 0xef, 0xbd, 0xef, 0xbd, 0xef, 0xbd, 0xef, 
	0xbd, 0xef, 0xbd, 0xef, 0xbd, 0xef, 0xbd, 0xef, 
	0xbd, 0xef, 0xbd, 0xef, 0xb5, 0xad, 0xa5, 0x29, 
	0xbd, 0xef, 0xbd, 0xef, 0xbd, 0xef, 0x9c, 0xe7, 
	0x73, 0x5b, 0x41, 0x09, 0x38, 0x01, 0x38, 0x01, 
	0x38, 0x01, 0x41, 0x09, 0x51, 0xcf, 0x8c, 0x63, 
	0xb5, 0xad, 0xbd, 0xef, 0xb5, 0xad, 0xa5, 0x29, 
	0xbd, 0xef, 0xbd, 0xef, 0xbd, 0xef, 0xb5, 0xad, 
	0xac, 0xe7, 0xac, 0xa1, 0xac, 0xa3, 0xa3, 0x9d, 
	0xac, 0x21, 0xbd, 0xad, 0xbd, 0xef, 0xbd, 0xef, 
	0xbd, 0xef, 0xbd, 0xef, 0xb5, 0xad, 0xa5, 0x29, 
	0xbd, 0xef, 0x94, 0xa5, 0x40, 0xc7, 0x38, 0x01, 
	0x48, 0x01, 0x88, 0x01, 0x90, 0x01, 0x90, 0x01, 
	0x88, 0x01, 0x88, 0x01, 0x88, 0x01, 0x8a, 0x53, 
	0xad, 0x29, 0xb5, 0xad, 0xad, 0x6b, 0x9c, 0xe7, 
	0xb5, 0xad, 0xad, 0x6b, 0xad, 0x6b, 0xb5, 0xad, 
	0xb5, 0xad, 0xb5, 0xad, 0xb5, 0xad, 0xb5, 0xad, 
	0xb5, 0xad, 0xb5, 0xad, 0xb5, 0xad, 0xb5, 0xad, 
	0xb5, 0xad, 0xb5, 0xad, 0xad, 0x6b, 0x8c, 0x63, 
	0xb5, 0xad, 0xbd, 0xef, 0xb5, 0xad, 0xb5, 0xad, 
	0xb5, 0x6b, 0x7b, 0xdf, 0x38, 0xc7, 0x40, 0x01, 
	0x60, 0x01, 0x68, 0x01, 0x40, 0x01, 0x52, 0x11, 
	0xa5, 0x29, 0xb5, 0xad, 0xb5, 0xad, 0xa5, 0x29, 
	0xbd, 0xef, 0xbd, 0xef, 0xb5, 0xad, 0xb5, 0x6b, 
	0x9b, 0x55, 0xde, 0x43, 0xde, 0x43, 0x99, 0xc3, 
	0x81, 0x8d, 0x9c, 0xa5, 0xb5, 0xad, 0xb5, 0xad, 
	0xb5, 0xad, 0xb5, 0xad, 0xad, 0x6b, 0x9c, 0xe7, 
	0xad, 0x6b, 0x62, 0x95, 0x30, 0x01, 0x38, 0x01, 
	0x38, 0x01, 0x50, 0x01, 0x78, 0x01, 0x90, 0x01, 
	0x88, 0x01, 0x88, 0x01, 0x79, 0x09, 0x94, 0x63, 
	0xb5, 0xad, 0xb5, 0xad, 0xb5, 0xad, 0x9c, 0xe7, 
	0xbd, 0xef, 0x9c, 0xe7, 0x7b, 0xdf, 0x8c, 0x63, 
	0xa5, 0x29, 0xb5, 0xad, 0xb5, 0xad, 0xad, 0x6b, 
	0x9c, 0xe7, 0xa5, 0x29, 0xb5, 0xad, 0xb5, 0xad, 
	0xad, 0x6b, 0x94, 0xa5, 0x7b, 0xdf, 0x84, 0x21, 
	0xb5, 0xad, 0xbd, 0xef, 0xb5, 0xad, 0xb5, 0xad, 
	0xb5, 0xad, 0xad, 0x6b, 0x6a, 0x95, 0x68, 0x01, 
	0x80, 0x01, 0x80, 0x01, 0x68, 0x01, 0x48, 0x43, 
	0x72, 0xd7, 0xad, 0x29, 0xb5, 0xad, 0xa4, 0xe7, 
	0xbd, 0xef, 0xbd, 0xef, 0xad, 0x29, 0x9b, 0x9b, 
	0xd5, 0x85, 0xf7, 0x01, 0xbc, 0xc1, 0x88, 0xc1, 
	0x58, 0x01, 0x52, 0x11, 0x94, 0xa5, 0xb5, 0xad, 
	0xb5, 0xad, 0xb5, 0xad, 0xad, 0x6b, 0x8c, 0x63, 
	0x6b, 0x19, 0x38, 0x85, 0x30, 0x01, 0x30, 0x01, 
	0x30, 0x01, 0x30, 0x01, 0x40, 0x01, 0x78, 0x01, 
	0x80, 0x01, 0x68, 0x01, 0x5a, 0x11, 0xad, 0x6b, 
	0xb5, 0xad, 0xb5, 0xad, 0xb5, 0xad, 0x9c, 0xe7, 
	0xbd, 0xef, 0xbd, 0xef, 0xad, 0x6b, 0x8c, 0x63, 
	0x5a, 0xd7, 0x7b, 0xdf, 0x9c, 0xe7, 0x6b, 0x5b, 
	0x5a, 0xd7, 0x6b, 0x5b, 0x9c, 0xe7, 0x7b, 0xdf, 
	0x5a, 0xd7, 0x84, 0x21, 0xa5, 0x29, 0x9c, 0xe7, 
	0xbd, 0xef, 0xbd, 0xef, 0xb5, 0xad, 0xb5, 0xad, 
	0xb5, 0xad, 0xb5, 0xad, 0x9b, 0xdf, 0x80, 0x43, 
	0x88, 0x01, 0x80, 0x01, 0x88, 0x01, 0x80, 0x01, 
	0x80, 0x43, 0x92, 0x11, 0x9b, 0x9d, 0x93, 0xdf, 
	0xac, 0xa5, 0xa4, 0x21, 0x92, 0x93, 0xcc, 0x45, 
	0xf6, 0xc1, 0xcd, 0x41, 0x89, 0x41, 0x80, 0x01, 
	0x40, 0x01, 0x30, 0x01, 0x41, 0x4b, 0x6b, 0x19, 
	0x83, 0xdf, 0x83, 0xdf, 0x73, 0x5b, 0x41, 0x8d, 
	0x38, 0x43, 0x38, 0x01, 0x30, 0x01, 0x30, 0x01, 
	0x30, 0x01, 0x30, 0x01, 0x38, 0x01, 0x70, 0x01, 
	0x78, 0x01, 0x48, 0x01, 0x5a, 0x95, 0xad, 0x6b, 
	0xb5, 0xad, 0xb5, 0xad, 0xb5, 0xad, 0x9c, 0xe7, 
	0xbd, 0xef, 0xb5, 0xad, 0xb5, 0xad, 0xa5, 0x29, 
	0x42, 0x11, 0x29, 0x4b, 0x52, 0x95, 0x63, 0x19, 
	0xa5, 0x29, 0x6b, 0x5b, 0x52, 0x95, 0x29, 0x4b, 
	0x39, 0xcf, 0xa5, 0x29, 0xb5, 0xad, 0x9c, 0xe7, 
	0xbd, 0xef, 0xb5, 0xad, 0xb5, 0xad, 0xb5, 0xad, 
	0xb5, 0xad, 0xb5, 0xad, 0xa4, 0x21, 0x80, 0x85, 
	0x80, 0x01, 0x80, 0x01, 0x88, 0x01, 0x88, 0x01, 
	0x80, 0x01, 0x80, 0x01, 0x80, 0x43, 0x80, 0x85, 
	0x90, 0xc7, 0x91, 0x03, 0xc4, 0xc1, 0xf7, 0x01, 
	0xde, 0x41, 0x92, 0x01, 0x88, 0x01, 0x80, 0x01, 
	0x50, 0x41, 0x30, 0x01, 0x38, 0x01, 0x38, 0x01, 
	0x38, 0x43, 0x38, 0x43, 0x30, 0x01, 0x28, 0x01, 
	0x38, 0x01, 0x38, 0x01, 0x30, 0x01, 0x30, 0x01, 
	0x38, 0x01, 0x30, 0x01, 0x48, 0x01, 0x80, 0x01, 
	0x68, 0x01, 0x38, 0x01, 0x49, 0xcf, 0x94, 0xa5, 
	0x9c, 0xe7, 0x9c, 0xe7, 0x9c, 0xe7, 0xa5, 0x29, 
	0xbd, 0xef, 0xad, 0x6b, 0x9c, 0xe7, 0x84, 0x21, 
	0x21, 0x09, 0x39, 0xcf, 0x8c, 0x63, 0x94, 0xa5, 
	0x9c, 0xe7, 0x94, 0xa5, 0x8c, 0x63, 0x39, 0xcf, 
	0x18, 0xc7, 0x84, 0x21, 0x9c, 0xe7, 0x9c, 0xe7, 
	0xbd, 0xef, 0xad, 0x6b, 0x9c, 0xe7, 0x9c, 0xe7, 
	0x9c, 0xe7, 0x9c, 0xe7, 0x82, 0xd7, 0x68, 0x01, 
	0x70, 0x01, 0x68, 0x01, 0x78, 0x01, 0x70, 0x01, 
	0x70, 0x01, 0x68, 0x01, 0x70, 0x01, 0x78, 0x01, 
	0x90, 0x81, 0xb4, 0x01, 0xee, 0xc1, 0xde, 0x41, 
	0x8a, 0x81, 0x78, 0x01, 0x70, 0x01, 0x81, 0xc1, 
	0x8a, 0x81, 0x40, 0xc1, 0x30, 0x01, 0x28, 0x01, 
	0x28, 0x01, 0x28, 0x01, 0x28, 0x01, 0x30, 0x01, 
	0x38, 0x01, 0x30, 0x01, 0x28, 0x01, 0x28, 0x01, 
	0x30, 0x01, 0x48, 0x01, 0x60, 0x01, 0x70, 0x01, 
	0x68, 0x01, 0x50, 0x01, 0x38, 0xc7, 0x7b, 0xdf, 
	0x94, 0xa5, 0x94, 0xa5, 0x94, 0xa5, 0x94, 0xa5, 
	0xad, 0x6b, 0x94, 0xa5, 0x94, 0xa5, 0x73, 0x9d, 
	0x4a, 0x53, 0x63, 0x19, 0x94, 0xa5, 0x94, 0xa5, 
	0x94, 0xa5, 0x94, 0xa5, 0x94, 0xa5, 0x63, 0x19, 
	0x4a, 0x53, 0x6b, 0x5b, 0x94, 0xa5, 0x94, 0xa5, 
	0xad, 0x6b, 0x94, 0xa5, 0x94, 0xa5, 0x94, 0xa5, 
	0x94, 0xa5, 0x8c, 0x21, 0x71, 0x4b, 0x68, 0x01, 
	0x68, 0x01, 0x68, 0x01, 0x68, 0x01, 0x68, 0x01, 
	0x70, 0x01, 0x68, 0x01, 0x60, 0x01, 0x68, 0x01, 
	0x9a, 0xc1, 0xee, 0x01, 0xe6, 0x41, 0x8a, 0xc1, 
	0x68, 0x41, 0x68, 0x01, 0x70, 0x01, 0x93, 0x41, 
	0xe6, 0x41, 0x9c, 0x41, 0x51, 0x01, 0x28, 0x01, 
	0x28, 0x01, 0x28, 0x01, 0x40, 0x01, 0x50, 0x01, 
	0x58, 0x01, 0x30, 0x01, 0x28, 0x01, 0x28, 0x01, 
	0x48, 0x01, 0x68, 0x01, 0x68, 0x01, 0x70, 0x01, 
	
};

Gfx castle_inside_dl_bottomfellwall_rgba16_aligner[] = {gsSPEndDisplayList()};
u8 castle_inside_dl_bottomfellwall_rgba16[] = {
	0x68, 0x01, 0x50, 0x01, 0x38, 0xc7, 0x7b, 0xdf, 
	0x94, 0xa5, 0x94, 0xa5, 0x94, 0xa5, 0x94, 0xa5, 
	0xad, 0x6b, 0x94, 0xa5, 0x94, 0xa5, 0x73, 0x9d, 
	0x4a, 0x53, 0x63, 0x19, 0x94, 0xa5, 0x94, 0xa5, 
	0x94, 0xa5, 0x94, 0xa5, 0x94, 0xa5, 0x63, 0x19, 
	0x4a, 0x53, 0x6b, 0x5b, 0x94, 0xa5, 0x94, 0xa5, 
	0xad, 0x6b, 0x94, 0xa5, 0x94, 0xa5, 0x94, 0xa5, 
	0x94, 0xa5, 0x8c, 0x21, 0x71, 0x4b, 0x68, 0x01, 
	0x68, 0x01, 0x68, 0x01, 0x68, 0x01, 0x68, 0x01, 
	0x70, 0x01, 0x68, 0x01, 0x60, 0x01, 0x68, 0x01, 
	0x9a, 0xc1, 0xee, 0x01, 0xe6, 0x41, 0x8a, 0xc1, 
	0x68, 0x41, 0x68, 0x01, 0x70, 0x01, 0x93, 0x41, 
	0xe6, 0x41, 0x9c, 0x41, 0x51, 0x01, 0x28, 0x01, 
	0x28, 0x01, 0x28, 0x01, 0x40, 0x01, 0x50, 0x01, 
	0x58, 0x01, 0x30, 0x01, 0x28, 0x01, 0x28, 0x01, 
	0x48, 0x01, 0x68, 0x01, 0x68, 0x01, 0x70, 0x01, 
	0x88, 0x01, 0x88, 0x01, 0x80, 0x01, 0x78, 0x85, 
	0x7b, 0x19, 0xa5, 0x29, 0xb5, 0xad, 0xbd, 0xef, 
	0xbd, 0xef, 0xbd, 0xef, 0xbd, 0xef, 0xbd, 0xef, 
	0xbd, 0xef, 0xbd, 0xef, 0xad, 0x6b, 0x9c, 0xe7, 
	0xbd, 0xef, 0xbd, 0xef, 0xbd, 0xef, 0xbd, 0xef, 
	0xbd, 0xef, 0xbd, 0xef, 0xbd, 0xef, 0xbd, 0xef, 
	0xbd, 0xef, 0xb5, 0xad, 0xa4, 0xa5, 0x93, 0x19, 
	0x81, 0x8d, 0x88, 0x43, 0x78, 0x01, 0x68, 0x01, 
	0x80, 0x01, 0x80, 0x01, 0x80, 0x01, 0x80, 0x01, 
	0x78, 0x01, 0x80, 0x01, 0x80, 0x01, 0x80, 0x01, 
	0x80, 0x81, 0x9b, 0x41, 0xd5, 0x81, 0xcd, 0x01, 
	0x9a, 0xc1, 0x88, 0xc1, 0x78, 0x01, 0x68, 0x41, 
	0xb4, 0x41, 0xf7, 0x41, 0xe7, 0x01, 0x92, 0xc1, 
	0x80, 0x01, 0x80, 0x01, 0x80, 0x01, 0x80, 0x01, 
	0x80, 0x01, 0x80, 0x01, 0x88, 0x01, 0x88, 0x01, 
	0x88, 0x01, 0x88, 0x01, 0x78, 0x01, 0x68, 0x01, 
	0x80, 0x01, 0x80, 0x01, 0x78, 0x01, 0x80, 0x01, 
	0x70, 0x43, 0x71, 0x8d, 0x8a, 0xd7, 0xa4, 0x63, 
	0xb5, 0xad, 0xb5, 0xad, 0xb5, 0xad, 0xb5, 0xad, 
	0xb5, 0xad, 0xb5, 0xad, 0xa5, 0x29, 0x94, 0x61, 
	0xb5, 0x67, 0xb5, 0x25, 0xac, 0xe5, 0xb5, 0xad, 
	0xb5, 0xad, 0xb5, 0xad, 0xb5, 0xad, 0xb5, 0xad, 
	0xb5, 0xad, 0xb5, 0x6b, 0x8a, 0x95, 0x80, 0x01, 
	0x80, 0x01, 0x80, 0x01, 0x70, 0x01, 0x70, 0x01, 
	0x80, 0x01, 0x78, 0x01, 0x80, 0x01, 0x80, 0x01, 
	0x80, 0x01, 0x78, 0x01, 0x78, 0x01, 0x78, 0x01, 
	0x80, 0x01, 0x89, 0x81, 0xc5, 0x01, 0xe6, 0x01, 
	0xe6, 0xc1, 0xcd, 0x41, 0x8a, 0x41, 0x68, 0x01, 
	0x81, 0x01, 0xac, 0x01, 0x9b, 0x41, 0x80, 0x81, 
	0x80, 0x01, 0x78, 0x01, 0x80, 0x01, 0x78, 0x01, 
	0x78, 0x01, 0x80, 0x01, 0x88, 0x01, 0x80, 0x01, 
	0x80, 0x01, 0x80, 0x01, 0x78, 0x01, 0x70, 0x01, 
	0x80, 0x01, 0x80, 0x01, 0x78, 0x01, 0x78, 0x01, 
	0x78, 0x01, 0x78, 0x01, 0x78, 0x01, 0x82, 0x53, 
	0xad, 0x29, 0xb5, 0xad, 0xb5, 0xad, 0xb5, 0xad, 
	0xb5, 0xad, 0xb5, 0xad, 0xa4, 0xa3, 0xd5, 0xcb, 
	0xf7, 0x49, 0xde, 0x87, 0x93, 0x13, 0xad, 0x29, 
	0xb5, 0xad, 0xb5, 0xad, 0xb5, 0xad, 0xb5, 0xad, 
	0xb5, 0xad, 0x9c, 0x63, 0x81, 0x09, 0x80, 0x01, 
	0x80, 0x01, 0x78, 0x01, 0x70, 0x01, 0x70, 0x01, 
	0x88, 0x01, 0x80, 0x01, 0x80, 0x01, 0x80, 0x01, 
	0x80, 0x01, 0x80, 0x01, 0x80, 0x01, 0x78, 0x01, 
	0x78, 0x01, 0x80, 0x01, 0x80, 0x81, 0x89, 0xc1, 
	0xbc, 0xc1, 0xde, 0x81, 0xbd, 0x01, 0x70, 0xc1, 
	0x78, 0x01, 0x78, 0x41, 0x78, 0x01, 0x80, 0x01, 
	0x70, 0x01, 0x78, 0x01, 0x80, 0x01, 0x78, 0x01, 
	0x78, 0x01, 0x80, 0x01, 0x80, 0x01, 0x78, 0x01, 
	0x78, 0x01, 0x78, 0x01, 0x70, 0x01, 0x70, 0x01, 
	0x80, 0x01, 0x78, 0x01, 0x60, 0x01, 0x50, 0x01, 
	0x48, 0x01, 0x48, 0x01, 0x48, 0x01, 0x68, 0x85, 
	0x83, 0x19, 0xa4, 0xe7, 0xb5, 0xad, 0xb5, 0xad, 
	0xb5, 0x6b, 0xa4, 0xa5, 0xbd, 0x11, 0xff, 0x01, 
	0xf7, 0x41, 0xac, 0x41, 0x78, 0x83, 0x8a, 0x95, 
	0xa4, 0xa5, 0xad, 0x6b, 0xb5, 0x6b, 0xad, 0x29, 
	0x9c, 0x21, 0x79, 0x8d, 0x78, 0x01, 0x78, 0x01, 
	0x78, 0x01, 0x78, 0x01, 0x68, 0x01, 0x70, 0x01, 
	0x88, 0x01, 0x80, 0x01, 0x78, 0x01, 0x78, 0x01, 
	0x80, 0x01, 0x78, 0x01, 0x80, 0x01, 0x78, 0x01, 
	0x78, 0x01, 0x80, 0x01, 0x78, 0x01, 0x78, 0x01, 
	0x78, 0x41, 0x81, 0xc1, 0x8a, 0x41, 0x70, 0xc1, 
	0x9b, 0x01, 0x81, 0x41, 0x78, 0x01, 0x78, 0x01, 
	0x78, 0x01, 0x78, 0x01, 0x78, 0x01, 0x78, 0x01, 
	0x70, 0x43, 0x68, 0xc7, 0x59, 0x09, 0x49, 0x09, 
	0x49, 0x4b, 0x51, 0x09, 0x58, 0xc7, 0x68, 0x85, 
	0x58, 0x43, 0x30, 0x01, 0x10, 0x01, 0x00, 0x01, 
	0x00, 0x01, 0x00, 0x01, 0x00, 0x01, 0x10, 0x01, 
	0x28, 0x43, 0x61, 0xcf, 0x83, 0x19, 0x93, 0x5b, 
	0x8a, 0xd7, 0x9b, 0x8b, 0xee, 0xc1, 0xf7, 0x01, 
	0xcd, 0x41, 0x81, 0x01, 0x70, 0x01, 0x78, 0x01, 
	0x79, 0x4b, 0x82, 0x95, 0x8a, 0xd7, 0x82, 0x11, 
	0x78, 0xc7, 0x78, 0x01, 0x78, 0x01, 0x78, 0x01, 
	0x78, 0x01, 0x78, 0x01, 0x68, 0x01, 0x68, 0x01, 
	0x80, 0x01, 0x78, 0x01, 0x70, 0x01, 0x70, 0x01, 
	0x78, 0x01, 0x78, 0x01, 0x78, 0x01, 0x78, 0x01, 
	0x78, 0x01, 0x80, 0x01, 0x78, 0x01, 0x70, 0x01, 
	0x78, 0x01, 0x78, 0x01, 0x68, 0x41, 0x93, 0x81, 
	0xd6, 0x41, 0x79, 0x81, 0x70, 0x01, 0x70, 0x01, 
	0x78, 0x01, 0x78, 0x01, 0x70, 0x43, 0x58, 0xc7, 
	0x41, 0x4b, 0x31, 0x4b, 0x31, 0x8d, 0x31, 0x8d, 
	0x31, 0x8d, 0x29, 0x4b, 0x29, 0x4b, 0x31, 0x4b, 
	0x29, 0x4b, 0x10, 0x85, 0x00, 0x01, 0x00, 0x01, 
	0x00, 0x01, 0x00, 0x01, 0x00, 0x01, 0x00, 0x01, 
	0x00, 0x01, 0x10, 0x01, 0x38, 0x01, 0x60, 0x01, 
	0x71, 0x41, 0xc5, 0x81, 0xff, 0x81, 0xcd, 0x81, 
	0x89, 0xc1, 0x60, 0x01, 0x60, 0x01, 0x68, 0x01, 
	0x68, 0x01, 0x68, 0x01, 0x68, 0x01, 0x68, 0x01, 
	0x68, 0x01, 0x68, 0x01, 0x68, 0x01, 0x68, 0x01, 
	0x68, 0x01, 0x60, 0x01, 0x60, 0x01, 0x68, 0x01, 
	0x78, 0x01, 0x60, 0x01, 0x60, 0x01, 0x68, 0x01, 
	0x60, 0x01, 0x60, 0x01, 0x68, 0x01, 0x68, 0x01, 
	0x68, 0x01, 0x68, 0x01, 0x68, 0x01, 0x60, 0x01, 
	0x68, 0x01, 0x68, 0x01, 0x71, 0x81, 0xc5, 0x81, 
	0xbc, 0xc1, 0x60, 0x41, 0x60, 0x01, 0x60, 0x01, 
	0x60, 0x01, 0x60, 0x43, 0x49, 0x09, 0x29, 0x09, 
	0x29, 0x4b, 0x29, 0x4b, 0x29, 0x4b, 0x29, 0x4b, 
	0x29, 0x4b, 0x29, 0x4b, 0x29, 0x4b, 0x29, 0x4b, 
	0x21, 0x09, 0x21, 0x09, 0x08, 0x43, 0x00, 0x01, 
	0x00, 0x01, 0x00, 0x01, 0x00, 0x01, 0x00, 0x01, 
	0x00, 0x01, 0x00, 0x01, 0x08, 0x01, 0x38, 0x41, 
	0x8b, 0x41, 0xf7, 0x01, 0xde, 0x41, 0x7a, 0x41, 
	0x60, 0x01, 0x58, 0x01, 0x71, 0xc1, 0x71, 0xc1, 
	0x60, 0x01, 0x60, 0x01, 0x60, 0x01, 0x60, 0x01, 
	0x60, 0x01, 0x60, 0x01, 0x58, 0x01, 0x50, 0x01, 
	0x58, 0x01, 0x58, 0x01, 0x58, 0x01, 0x60, 0x01, 
	0x60, 0x01, 0x60, 0x01, 0x60, 0x01, 0x58, 0x01, 
	0x60, 0x01, 0x60, 0x01, 0x58, 0x01, 0x60, 0x01, 
	0x60, 0x01, 0x60, 0x01, 0x58, 0x01, 0x60, 0x01, 
	0x60, 0x01, 0x60, 0x01, 0x82, 0xc1, 0x9b, 0xc1, 
	0x69, 0x01, 0x60, 0x01, 0x58, 0x01, 0x58, 0x01, 
	0x58, 0x01, 0x48, 0xc7, 0x29, 0x09, 0x21, 0x09, 
	0x21, 0x09, 0x21, 0x09, 0x21, 0x09, 0x21, 0x09, 
	0x21, 0x09, 0x21, 0x09, 0x21, 0x09, 0x21, 0x09, 
	0x31, 0x8d, 0x31, 0x8d, 0x29, 0x4b, 0x08, 0x43, 
	0x00, 0x01, 0x00, 0x01, 0x00, 0x01, 0x00, 0x01, 
	0x00, 0x01, 0x00, 0x01, 0x00, 0x01, 0x51, 0x81, 
	0xed, 0xc1, 0xff, 0x41, 0xcd, 0x41, 0x80, 0x81, 
	0x78, 0x01, 0x89, 0xc1, 0xe6, 0xc1, 0xe6, 0x41, 
	0x89, 0x41, 0x80, 0x01, 0x80, 0x01, 0x68, 0x01, 
	0x80, 0x01, 0x78, 0x01, 0x78, 0x01, 0x78, 0x01, 
	0x80, 0x01, 0x80, 0x01, 0x80, 0x01, 0x80, 0x01, 
	0x78, 0x01, 0x80, 0x01, 0x80, 0x01, 0x80, 0x01, 
	0x78, 0x01, 0x80, 0x01, 0x80, 0x01, 0x68, 0x01, 
	0x78, 0x01, 0x80, 0x01, 0x80, 0x01, 0x80, 0x01, 
	0x80, 0x01, 0x81, 0x01, 0xb4, 0x01, 0x8a, 0x01, 
	0x80, 0x01, 0x80, 0x01, 0x80, 0x01, 0x80, 0x01, 
	0x70, 0xc7, 0x41, 0x8d, 0x31, 0x8d, 0x29, 0x4b, 
	0x31, 0x8d, 0x31, 0x8d, 0x31, 0x8d, 0x31, 0x8d, 
	0x31, 0x8d, 0x31, 0x8d, 0x31, 0x8d, 0x31, 0x8d, 
	0x31, 0x8d, 0x31, 0x8d, 0x31, 0x8d, 0x18, 0xc7, 
	0x00, 0x01, 0x00, 0x01, 0x00, 0x01, 0x00, 0x01, 
	0x00, 0x01, 0x00, 0x01, 0x08, 0x41, 0x9c, 0x81, 
	0xf7, 0x01, 0xff, 0x81, 0xde, 0x81, 0x82, 0x01, 
	0x78, 0x01, 0x79, 0x01, 0xc5, 0x41, 0xee, 0xc1, 
	0x9b, 0x41, 0x70, 0x01, 0x68, 0x01, 0x60, 0x01, 
	0x68, 0x01, 0x68, 0x45, 0x68, 0xc7, 0x59, 0x09, 
	0x61, 0x09, 0x60, 0xc7, 0x68, 0x85, 0x70, 0x01, 
	0x70, 0x01, 0x70, 0x01, 0x70, 0x01, 0x68, 0x01, 
	0x58, 0x01, 0x58, 0x01, 0x58, 0x01, 0x60, 0x01, 
	0x70, 0x01, 0x70, 0x01, 0x78, 0x01, 0x78, 0x01, 
	0x70, 0x41, 0x78, 0x81, 0x79, 0x01, 0x70, 0x01, 
	0x70, 0x01, 0x70, 0x01, 0x70, 0x01, 0x78, 0x43, 
	0x49, 0x4b, 0x31, 0x8d, 0x29, 0x4b, 0x29, 0x4b, 
	0x31, 0x8d, 0x31, 0x8d, 0x31, 0x8d, 0x31, 0x8d, 
	0x31, 0x8d, 0x31, 0x8d, 0x31, 0x8d, 0x31, 0x8d, 
	0x31, 0x8d, 0x31, 0x8d, 0x31, 0x8d, 0x21, 0x09, 
	0x00, 0x01, 0x00, 0x01, 0x00, 0x01, 0x00, 0x01, 
	0x00, 0x01, 0x00, 0x01, 0x00, 0x01, 0x5a, 0x81, 
	0xd6, 0x41, 0xff, 0x81, 0xff, 0x81, 0xcd, 0x81, 
	0x79, 0x41, 0x68, 0x01, 0x71, 0x41, 0xa3, 0xc1, 
	0x7a, 0x01, 0x68, 0x01, 0x60, 0x01, 0x58, 0x43, 
	0x59, 0x09, 0x41, 0x4b, 0x31, 0x4b, 0x31, 0x8d, 
	0x31, 0x8d, 0x31, 0x4b, 0x39, 0x4b, 0x49, 0x09, 
	0x60, 0x85, 0x48, 0x01, 0x28, 0x01, 0x10, 0x01, 
	0x08, 0x01, 0x08, 0x01, 0x08, 0x01, 0x20, 0x01, 
	0x48, 0x01, 0x60, 0x01, 0x68, 0x01, 0x79, 0x41, 
	0xac, 0x81, 0xbc, 0xc1, 0x8a, 0x81, 0x68, 0x41, 
	0x70, 0x01, 0x70, 0x01, 0x68, 0x01, 0x68, 0x85, 
	0x39, 0x4b, 0x31, 0x8d, 0x29, 0x4b, 0x29, 0x4b, 
	0x31, 0x8d, 0x31, 0x8d, 0x31, 0x8d, 0x31, 0x8d, 
	0x31, 0x8d, 0x31, 0x8d, 0x31, 0x8d, 0x31, 0x8d, 
	0x31, 0x8d, 0x29, 0x4b, 0x31, 0x8d, 0x21, 0x09, 
	0x00, 0x01, 0x00, 0x01, 0x00, 0x01, 0x00, 0x01, 
	0x00, 0x01, 0x00, 0x01, 0x00, 0x01, 0x00, 0x01, 
	0x41, 0xc1, 0xc5, 0x81, 0xf7, 0x81, 0xf7, 0x41, 
	0xb4, 0xc1, 0x68, 0xc1, 0x70, 0x01, 0x68, 0x01, 
	0x68, 0x01, 0x70, 0x01, 0x58, 0x85, 0x39, 0x09, 
	0x31, 0x8d, 0x31, 0x8d, 0x29, 0x4b, 0x31, 0x8d, 
	0x29, 0x4b, 0x31, 0x8d, 0x31, 0x8d, 0x31, 0x4b, 
	0x31, 0x4b, 0x18, 0xc7, 0x00, 0x01, 0x00, 0x01, 
	0x00, 0x01, 0x00, 0x01, 0x00, 0x01, 0x00, 0x01, 
	0x00, 0x01, 0x28, 0x01, 0x58, 0x01, 0x9b, 0xc1, 
	0xf7, 0x01, 0xff, 0x41, 0xde, 0xc1, 0x93, 0x01, 
	0x68, 0x01, 0x70, 0x01, 0x68, 0x01, 0x58, 0x85, 
	0x31, 0x4b, 0x31, 0x8d, 0x29, 0x4b, 0x29, 0x4b, 
	0x31, 0x8d, 0x31, 0x8d, 0x29, 0x4b, 0x31, 0x8d, 
	0x31, 0x8d, 0x31, 0x8d, 0x31, 0x8d, 0x31, 0x8d, 
	0x31, 0x8d, 0x31, 0x8d, 0x31, 0x8d, 0x21, 0x09, 
	0x00, 0x01, 0x00, 0x01, 0x00, 0x01, 0x00, 0x01, 
	0x00, 0x01, 0x00, 0x01, 0x00, 0x01, 0x00, 0x01, 
	0x08, 0x01, 0x59, 0x81, 0xbc, 0xc1, 0xef, 0x01, 
	0xef, 0x01, 0x9b, 0xc1, 0x68, 0x41, 0x68, 0x01, 
	0x68, 0x01, 0x60, 0x85, 0x39, 0x4b, 0x29, 0x4b, 
	0x31, 0x8d, 0x31, 0x8d, 0x31, 0x8d, 0x31, 0x8d, 
	0x31, 0x8d, 0x31, 0x8d, 0x31, 0x8d, 0x31, 0x8d, 
	0x31, 0x8d, 0x29, 0x4b, 0x10, 0x85, 0x00, 0x01, 
	0x00, 0x01, 0x00, 0x01, 0x00, 0x01, 0x00, 0x01, 
	0x00, 0x01, 0x00, 0x01, 0x39, 0x41, 0xd6, 0x41, 
	0xee, 0xc1, 0xe6, 0xc1, 0xe6, 0xc1, 0x93, 0x81, 
	0x68, 0x01, 0x68, 0x01, 0x48, 0x01, 0x20, 0x85, 
	0x29, 0x4b, 0x31, 0x8d, 0x29, 0x4b, 0x29, 0x4b, 
	0x31, 0x8d, 0x31, 0x8d, 0x29, 0x4b, 0x31, 0x8d, 
	0x29, 0x4b, 0x31, 0x8d, 0x31, 0x8d, 0x31, 0x8d, 
	0x31, 0x8d, 0x31, 0x8d, 0x31, 0x8d, 0x21, 0x09, 
	0x00, 0x01, 0x00, 0x01, 0x00, 0x01, 0x00, 0x01, 
	0x00, 0x01, 0x00, 0x01, 0x00, 0x01, 0x00, 0x01, 
	0x08, 0x01, 0x50, 0x01, 0x70, 0xc1, 0xa4, 0x41, 
	0xee, 0xc1, 0xe6, 0xc1, 0x8a, 0x81, 0x68, 0x01, 
	0x60, 0x01, 0x49, 0x09, 0x29, 0x4b, 0x29, 0x4b, 
	0x31, 0x8d, 0x29, 0x4b, 0x31, 0x8d, 0x31, 0x8d, 
	0x29, 0x4b, 0x31, 0x8d, 0x29, 0x4b, 0x31, 0x8d, 
	0x31, 0x8d, 0x31, 0x8d, 0x29, 0x4b, 0x08, 0x43, 
	0x00, 0x01, 0x00, 0x01, 0x00, 0x01, 0x00, 0x01, 
	0x00, 0x01, 0x00, 0x01, 0x5a, 0xc1, 0xc6, 0x01, 
	0x93, 0x81, 0x7a, 0x01, 0x7a, 0x41, 0x68, 0x81, 
	0x68, 0x01, 0x48, 0x01, 0x10, 0x01, 0x18, 0xc7, 
	0x29, 0x4b, 0x31, 0x8d, 0x29, 0x4b, 0x29, 0x4b, 
	0x31, 0x8d, 0x31, 0x8d, 0x31, 0x8d, 0x31, 0x8d, 
	0x29, 0x4b, 0x31, 0x8d, 0x31, 0x8d, 0x31, 0x8d, 
	0x29, 0x4b, 0x29, 0x4b, 0x29, 0x4b, 0x21, 0x09, 
	0x00, 0x01, 0x00, 0x01, 0x00, 0x01, 0x00, 0x01, 
	0x00, 0x01, 0x00, 0x01, 0x00, 0x01, 0x00, 0x01, 
	0x08, 0x01, 0x40, 0x01, 0x50, 0x01, 0x58, 0x41, 
	0x82, 0x81, 0xdd, 0x81, 0xac, 0x41, 0x58, 0x81, 
	0x50, 0x43, 0x31, 0x09, 0x21, 0x09, 0x29, 0x4b, 
	0x31, 0x8d, 0x29, 0x4b, 0x29, 0x4b, 0x21, 0x09, 
	0x29, 0x4b, 0x29, 0x4b, 0x29, 0x4b, 0x29, 0x4b, 
	0x29, 0x4b, 0x29, 0x4b, 0x21, 0x09, 0x10, 0x85, 
	0x00, 0x01, 0x00, 0x01, 0x00, 0x01, 0x00, 0x01, 
	0x00, 0x01, 0x00, 0x01, 0x20, 0xc1, 0x29, 0x41, 
	0x48, 0x41, 0x58, 0x01, 0x58, 0x01, 0x50, 0x01, 
	0x50, 0x01, 0x18, 0x01, 0x00, 0x01, 0x10, 0x85, 
	0x29, 0x4b, 0x29, 0x4b, 0x21, 0x09, 0x29, 0x4b, 
	0x31, 0x8d, 0x29, 0x4b, 0x29, 0x4b, 0x21, 0x09, 
	0x29, 0x4b, 0x29, 0x4b, 0x29, 0x4b, 0x29, 0x4b, 
	0x21, 0x09, 0x21, 0x09, 0x21, 0x09, 0x21, 0x09, 
	0x00, 0x01, 0x00, 0x01, 0x00, 0x01, 0x00, 0x01, 
	0x00, 0x01, 0x00, 0x01, 0x00, 0x01, 0x00, 0x01, 
	0x08, 0x01, 0x40, 0x01, 0x50, 0x01, 0x50, 0x01, 
	0x59, 0x41, 0xac, 0xc1, 0x7b, 0x41, 0x38, 0x01, 
	0x30, 0x85, 0x21, 0x09, 0x21, 0x09, 0x21, 0x09, 
	0x21, 0x09, 0x21, 0x09, 0x21, 0x09, 0x21, 0x09, 
	0x21, 0x09, 0x21, 0x09, 0x21, 0x09, 0x21, 0x09, 
	0x21, 0x09, 0x21, 0x09, 0x21, 0x09, 0x18, 0xc7, 
	0x00, 0x01, 0x00, 0x01, 0x00, 0x01, 0x00, 0x01, 
	0x10, 0x85, 0x18, 0xc7, 0x18, 0xc7, 0x21, 0x09, 
	0x31, 0x09, 0x38, 0xc7, 0x40, 0x85, 0x48, 0x43, 
	0x30, 0x01, 0x00, 0x01, 0x00, 0x01, 0x10, 0x85, 
	0x21, 0x09, 0x21, 0x09, 0x21, 0x09, 0x21, 0x09, 
	0x29, 0x4b, 0x21, 0x09, 0x21, 0x09, 0x21, 0x09, 
	0x21, 0x09, 0x21, 0x09, 0x21, 0x09, 0x21, 0x09, 
	0x31, 0x8d, 0x31, 0x8d, 0x31, 0x8d, 0x29, 0x4b, 
	0x08, 0x43, 0x00, 0x01, 0x00, 0x01, 0x00, 0x01, 
	0x00, 0x01, 0x00, 0x01, 0x00, 0x01, 0x00, 0x01, 
	0x08, 0x01, 0x50, 0x01, 0x68, 0x01, 0x60, 0x41, 
	0x94, 0x01, 0xcd, 0xc1, 0x39, 0x81, 0x00, 0x01, 
	0x18, 0xc7, 0x31, 0x8d, 0x31, 0x8d, 0x31, 0x8d, 
	0x31, 0x8d, 0x31, 0x8d, 0x31, 0x8d, 0x31, 0x8d, 
	0x31, 0x8d, 0x31, 0x8d, 0x31, 0x8d, 0x31, 0x8d, 
	0x31, 0x8d, 0x31, 0x8d, 0x31, 0x8d, 0x21, 0x09, 
	0x00, 0x01, 0x00, 0x01, 0x18, 0xc7, 0x29, 0x4b, 
	0x31, 0x8d, 0x31, 0x8d, 0x31, 0x8d, 0x31, 0x8d, 
	0x31, 0x8d, 0x31, 0x8d, 0x39, 0x8d, 0x39, 0x4b, 
	0x29, 0x09, 0x08, 0x43, 0x00, 0x01, 0x18, 0xc7, 
	0x31, 0x8d, 0x31, 0x8d, 0x31, 0x8d, 0x31, 0x8d, 
	0x31, 0x8d, 0x31, 0x8d, 0x31, 0x8d, 0x31, 0x8d, 
	0x31, 0x8d, 0x31, 0x8d, 0x31, 0x8d, 0x31, 0x8d, 
	0x31, 0x8d, 0x31, 0x8d, 0x31, 0x8d, 0x29, 0x4b, 
	0x08, 0x43, 0x00, 0x01, 0x00, 0x01, 0x00, 0x01, 
	0x00, 0x01, 0x00, 0x01, 0x00, 0x01, 0x00, 0x01, 
	0x08, 0x01, 0x48, 0x01, 0x50, 0x01, 0x41, 0x01, 
	0xad, 0x01, 0x62, 0xc1, 0x00, 0x01, 0x00, 0x01, 
	0x18, 0xc7, 0x31, 0x8d, 0x31, 0x8d, 0x31, 0x8d, 
	0x31, 0x8d, 0x31, 0x8d, 0x31, 0x8d, 0x31, 0x8d, 
	0x31, 0x8d, 0x31, 0x8d, 0x31, 0x8d, 0x29, 0x4b, 
	0x31, 0x8d, 0x31, 0x8d, 0x31, 0x8d, 0x21, 0x09, 
	0x08, 0x43, 0x21, 0x09, 0x31, 0x8d, 0x31, 0x8d, 
	0x31, 0x8d, 0x31, 0x8d, 0x31, 0x8d, 0x31, 0x8d, 
	0x31, 0x8d, 0x31, 0x8d, 0x31, 0x8d, 0x29, 0x4b, 
	0x31, 0x8d, 0x29, 0x4b, 0x10, 0x85, 0x18, 0xc7, 
	0x31, 0x8d, 0x31, 0x8d, 0x31, 0x8d, 0x31, 0x8d, 
	0x31, 0x8d, 0x31, 0x8d, 0x31, 0x8d, 0x31, 0x8d, 
	0x31, 0x8d, 0x31, 0x8d, 0x31, 0x8d, 0x29, 0x4b, 
	0x31, 0x8d, 0x31, 0x8d, 0x31, 0x8d, 0x29, 0x4b, 
	0x08, 0x43, 0x00, 0x01, 0x00, 0x01, 0x00, 0x01, 
	0x00, 0x01, 0x00, 0x01, 0x08, 0x43, 0x10, 0x85, 
	0x10, 0x85, 0x40, 0x43, 0x38, 0x41, 0x63, 0x01, 
	0x94, 0x41, 0x10, 0x81, 0x29, 0x41, 0x73, 0x41, 
	0x31, 0x47, 0x31, 0x8d, 0x31, 0x8d, 0x31, 0x8d, 
	0x31, 0x8d, 0x31, 0x8d, 0x31, 0x8d, 0x31, 0x8d, 
	0x31, 0x8d, 0x31, 0x8d, 0x29, 0x4b, 0x29, 0x4b, 
	0x31, 0x8d, 0x31, 0x8d, 0x29, 0x4b, 0x21, 0x09, 
	0x18, 0xc7, 0x29, 0x4b, 0x29, 0x4b, 0x31, 0x8d, 
	0x29, 0x4b, 0x31, 0x8d, 0x31, 0x8d, 0x31, 0x8d, 
	0x31, 0x8d, 0x31, 0x8d, 0x29, 0x4b, 0x29, 0x4b, 
	0x31, 0x8d, 0x31, 0x8d, 0x29, 0x4b, 0x21, 0x09, 
	0x29, 0x4b, 0x31, 0x8d, 0x31, 0x8d, 0x31, 0x8d, 
	0x31, 0x8d, 0x31, 0x8d, 0x31, 0x8d, 0x31, 0x8d, 
	0x31, 0x8d, 0x31, 0x8d, 0x29, 0x4b, 0x29, 0x4b, 
	0x31, 0x8d, 0x31, 0x8d, 0x31, 0x8d, 0x29, 0x4b, 
	0x08, 0x43, 0x00, 0x01, 0x00, 0x01, 0x08, 0x43, 
	0x18, 0xc7, 0x21, 0x09, 0x29, 0x4b, 0x29, 0x4b, 
	0x29, 0x4b, 0x31, 0x4b, 0x29, 0x4b, 0x6b, 0x07, 
	0x41, 0xc5, 0x08, 0x41, 0x84, 0x01, 0xd6, 0x41, 
	0x5a, 0x87, 0x31, 0x8d, 0x31, 0x8d, 0x31, 0x8d, 
	0x31, 0x8d, 0x29, 0x4b, 0x29, 0x4b, 0x31, 0x8d, 
	0x31, 0x8d, 0x31, 0x8d, 0x31, 0x8d, 0x29, 0x4b, 
	0x31, 0x8d, 0x31, 0x8d, 0x29, 0x4b, 0x29, 0x4b, 
	0x29, 0x4b, 0x31, 0x8d, 0x29, 0x4b, 0x31, 0x8d, 
	0x31, 0x8d, 0x31, 0x8d, 0x29, 0x4b, 0x31, 0x8d, 
	0x31, 0x8d, 0x31, 0x8d, 0x29, 0x4b, 0x29, 0x4b, 
	0x31, 0x8d, 0x31, 0x8d, 0x31, 0x8d, 0x29, 0x4b, 
	0x29, 0x4b, 0x31, 0x8d, 0x31, 0x8d, 0x31, 0x8d, 
	0x31, 0x8d, 0x31, 0x8d, 0x31, 0x8d, 0x29, 0x4b, 
	0x31, 0x8d, 0x31, 0x8d, 0x29, 0x4b, 0x29, 0x4b, 
	0x31, 0x8d, 0x31, 0x8d, 0x31, 0x8d, 0x29, 0x4b, 
	0x08, 0x43, 0x00, 0x01, 0x18, 0xc7, 0x29, 0x4b, 
	0x29, 0x4b, 0x31, 0x8d, 0x31, 0x8d, 0x31, 0x8d, 
	0x31, 0x8d, 0x29, 0x4b, 0x31, 0x8d, 0x29, 0x4b, 
	0x29, 0x4b, 0x21, 0x09, 0x5a, 0xc3, 0x63, 0x01, 
	0x21, 0x07, 0x29, 0x4b, 0x31, 0x8d, 0x29, 0x4b, 
	0x31, 0x8d, 0x31, 0x8d, 0x29, 0x4b, 0x29, 0x4b, 
	0x31, 0x8d, 0x31, 0x8d, 0x31, 0x8d, 0x29, 0x4b, 
	0x31, 0x8d, 0x31, 0x8d, 0x29, 0x4b, 0x29, 0x4b, 
	0x31, 0x8d, 0x29, 0x4b, 0x31, 0x8d, 0x31, 0x8d, 
	0x31, 0x8d, 0x29, 0x4b, 0x31, 0x8d, 0x31, 0x8d, 
	0x29, 0x4b, 0x29, 0x4b, 0x31, 0x8d, 0x29, 0x4b, 
	0x31, 0x8d, 0x31, 0x8d, 0x29, 0x4b, 0x29, 0x4b, 
	0x31, 0x8d, 0x29, 0x4b, 0x31, 0x8d, 0x31, 0x8d, 
	0x31, 0x8d, 0x29, 0x4b, 0x31, 0x8d, 0x29, 0x4b, 
	0x29, 0x4b, 0x31, 0x8d, 0x31, 0x8d, 0x29, 0x4b, 
	0x31, 0x8d, 0x31, 0x8d, 0x31, 0x8d, 0x29, 0x4b, 
	0x08, 0x43, 0x18, 0xc7, 0x29, 0x4b, 0x31, 0x8d, 
	0x29, 0x4b, 0x31, 0x8d, 0x31, 0x8d, 0x31, 0x8d, 
	0x29, 0x4b, 0x31, 0x8d, 0x29, 0x4b, 0x29, 0x4b, 
	0x31, 0x8d, 0x31, 0x8d, 0x21, 0x09, 0x08, 0x43, 
	0x18, 0xc7, 0x29, 0x4b, 0x31, 0x8d, 0x31, 0x8d, 
	0x31, 0x8d, 0x31, 0x8d, 0x31, 0x8d, 0x29, 0x4b, 
	0x31, 0x8d, 0x31, 0x8d, 0x29, 0x4b, 0x29, 0x4b, 
	0x31, 0x8d, 0x31, 0x8d, 0x31, 0x8d, 0x31, 0x8d, 
	0x31, 0x8d, 0x31, 0x8d, 0x31, 0x8d, 0x31, 0x8d, 
	0x31, 0x8d, 0x31, 0x8d, 0x31, 0x8d, 0x31, 0x8d, 
	0x31, 0x8d, 0x31, 0x8d, 0x29, 0x4b, 0x29, 0x4b, 
	0x31, 0x8d, 0x31, 0x8d, 0x31, 0x8d, 0x31, 0x8d, 
	0x31, 0x8d, 0x31, 0x8d, 0x31, 0x8d, 0x31, 0x8d, 
	0x29, 0x4b, 0x31, 0x8d, 0x31, 0x8d, 0x31, 0x8d, 
	0x31, 0x8d, 0x29, 0x4b, 0x29, 0x4b, 0x29, 0x4b, 
	0x31, 0x8d, 0x29, 0x4b, 0x29, 0x4b, 0x21, 0x09, 
	0x18, 0xc7, 0x21, 0x09, 0x29, 0x4b, 0x21, 0x09, 
	0x29, 0x4b, 0x29, 0x4b, 0x29, 0x4b, 0x21, 0x09, 
	0x29, 0x4b, 0x29, 0x4b, 0x29, 0x4b, 0x29, 0x4b, 
	0x31, 0x8d, 0x29, 0x4b, 0x29, 0x4b, 0x18, 0xc7, 
	0x18, 0xc7, 0x29, 0x4b, 0x29, 0x4b, 0x29, 0x4b, 
	0x29, 0x4b, 0x29, 0x4b, 0x29, 0x4b, 0x29, 0x4b, 
	0x29, 0x4b, 0x29, 0x4b, 0x29, 0x4b, 0x29, 0x4b, 
	0x31, 0x8d, 0x29, 0x4b, 0x29, 0x4b, 0x29, 0x4b, 
	0x29, 0x4b, 0x29, 0x4b, 0x29, 0x4b, 0x29, 0x4b, 
	0x29, 0x4b, 0x29, 0x4b, 0x29, 0x4b, 0x29, 0x4b, 
	0x29, 0x4b, 0x29, 0x4b, 0x29, 0x4b, 0x29, 0x4b, 
	0x31, 0x8d, 0x29, 0x4b, 0x29, 0x4b, 0x29, 0x4b, 
	0x29, 0x4b, 0x29, 0x4b, 0x29, 0x4b, 0x29, 0x4b, 
	0x29, 0x4b, 0x29, 0x4b, 0x29, 0x4b, 0x29, 0x4b, 
	0x29, 0x4b, 0x29, 0x4b, 0x29, 0x4b, 0x29, 0x4b, 
	0x29, 0x4b, 0x21, 0x09, 0x21, 0x09, 0x21, 0x09, 
	0x21, 0x09, 0x21, 0x09, 0x21, 0x09, 0x21, 0x09, 
	0x21, 0x09, 0x21, 0x09, 0x21, 0x09, 0x21, 0x09, 
	0x21, 0x09, 0x21, 0x09, 0x21, 0x09, 0x21, 0x09, 
	0x29, 0x4b, 0x21, 0x09, 0x21, 0x09, 0x21, 0x09, 
	0x18, 0xc7, 0x21, 0x09, 0x21, 0x09, 0x21, 0x09, 
	0x21, 0x09, 0x21, 0x09, 0x21, 0x09, 0x21, 0x09, 
	0x21, 0x09, 0x21, 0x09, 0x21, 0x09, 0x21, 0x09, 
	0x29, 0x4b, 0x21, 0x09, 0x21, 0x09, 0x21, 0x09, 
	0x21, 0x09, 0x21, 0x09, 0x21, 0x09, 0x21, 0x09, 
	0x21, 0x09, 0x21, 0x09, 0x21, 0x09, 0x21, 0x09, 
	0x21, 0x09, 0x21, 0x09, 0x21, 0x09, 0x21, 0x09, 
	0x29, 0x4b, 0x21, 0x09, 0x21, 0x09, 0x21, 0x09, 
	0x21, 0x09, 0x21, 0x09, 0x21, 0x09, 0x21, 0x09, 
	0x21, 0x09, 0x21, 0x09, 0x21, 0x09, 0x21, 0x09, 
	0x21, 0x09, 0x21, 0x09, 0x21, 0x09, 0x21, 0x09, 
	0x31, 0x8d, 0x31, 0x8d, 0x31, 0x8d, 0x31, 0x8d, 
	0x31, 0x8d, 0x31, 0x8d, 0x31, 0x8d, 0x31, 0x8d, 
	0x31, 0x8d, 0x31, 0x8d, 0x31, 0x8d, 0x31, 0x8d, 
	0x31, 0x8d, 0x31, 0x8d, 0x31, 0x8d, 0x31, 0x8d, 
	0x31, 0x8d, 0x31, 0x8d, 0x31, 0x8d, 0x31, 0x8d, 
	0x31, 0x8d, 0x31, 0x8d, 0x31, 0x8d, 0x31, 0x8d, 
	0x31, 0x8d, 0x31, 0x8d, 0x31, 0x8d, 0x31, 0x8d, 
	0x31, 0x8d, 0x31, 0x8d, 0x31, 0x8d, 0x31, 0x8d, 
	0x31, 0x8d, 0x31, 0x8d, 0x31, 0x8d, 0x31, 0x8d, 
	0x31, 0x8d, 0x31, 0x8d, 0x31, 0x8d, 0x31, 0x8d, 
	0x31, 0x8d, 0x31, 0x8d, 0x31, 0x8d, 0x31, 0x8d, 
	0x31, 0x8d, 0x31, 0x8d, 0x31, 0x8d, 0x31, 0x8d, 
	0x31, 0x8d, 0x31, 0x8d, 0x31, 0x8d, 0x31, 0x8d, 
	0x31, 0x8d, 0x31, 0x8d, 0x31, 0x8d, 0x31, 0x8d, 
	0x31, 0x8d, 0x31, 0x8d, 0x31, 0x8d, 0x31, 0x8d, 
	0x31, 0x8d, 0x31, 0x8d, 0x31, 0x8d, 0x31, 0x8d, 
	0x31, 0x8d, 0x31, 0x8d, 0x31, 0x8d, 0x31, 0x8d, 
	0x31, 0x8d, 0x31, 0x8d, 0x31, 0x8d, 0x29, 0x4b, 
	0x31, 0x8d, 0x31, 0x8d, 0x31, 0x8d, 0x31, 0x8d, 
	0x31, 0x8d, 0x31, 0x8d, 0x31, 0x8d, 0x31, 0x8d, 
	0x31, 0x8d, 0x31, 0x8d, 0x31, 0x8d, 0x31, 0x8d, 
	0x31, 0x8d, 0x31, 0x8d, 0x31, 0x8d, 0x29, 0x4b, 
	0x31, 0x8d, 0x31, 0x8d, 0x31, 0x8d, 0x31, 0x8d, 
	0x31, 0x8d, 0x31, 0x8d, 0x31, 0x8d, 0x31, 0x8d, 
	0x29, 0x4b, 0x21, 0x09, 0x18, 0xc7, 0x21, 0x09, 
	0x21, 0x09, 0x29, 0x4b, 0x29, 0x4b, 0x29, 0x4b, 
	0x31, 0x8d, 0x31, 0x8d, 0x31, 0x8d, 0x31, 0x8d, 
	0x31, 0x8d, 0x31, 0x8d, 0x31, 0x8d, 0x31, 0x8d, 
	0x31, 0x8d, 0x31, 0x8d, 0x31, 0x8d, 0x31, 0x8d, 
	0x31, 0x8d, 0x31, 0x8d, 0x31, 0x8d, 0x29, 0x4b, 
	0x31, 0x8d, 0x31, 0x8d, 0x31, 0x8d, 0x31, 0x8d, 
	0x31, 0x8d, 0x31, 0x8d, 0x31, 0x8d, 0x31, 0x8d, 
	0x31, 0x8d, 0x31, 0x8d, 0x29, 0x4b, 0x31, 0x8d, 
	0x31, 0x8d, 0x31, 0x8d, 0x29, 0x4b, 0x29, 0x4b, 
	0x31, 0x8d, 0x31, 0x8d, 0x31, 0x8d, 0x31, 0x8d, 
	0x31, 0x8d, 0x31, 0x8d, 0x31, 0x8d, 0x31, 0x8d, 
	0x31, 0x8d, 0x31, 0x8d, 0x31, 0x8d, 0x31, 0x8d, 
	0x31, 0x8d, 0x31, 0x8d, 0x29, 0x4b, 0x29, 0x4b, 
	0x31, 0x8d, 0x31, 0x8d, 0x31, 0x8d, 0x31, 0x8d, 
	0x31, 0x8d, 0x29, 0x4b, 0x21, 0x09, 0x10, 0x85, 
	0x08, 0x43, 0x00, 0x01, 0x00, 0x01, 0x00, 0x01, 
	0x00, 0x01, 0x08, 0x43, 0x18, 0xc7, 0x21, 0x09, 
	0x31, 0x8d, 0x31, 0x8d, 0x31, 0x8d, 0x31, 0x8d, 
	0x31, 0x8d, 0x31, 0x8d, 0x31, 0x8d, 0x31, 0x8d, 
	0x31, 0x8d, 0x31, 0x8d, 0x31, 0x8d, 0x31, 0x8d, 
	0x31, 0x8d, 0x31, 0x8d, 0x29, 0x4b, 0x29, 0x4b, 
	0x31, 0x8d, 0x31, 0x8d, 0x31, 0x8d, 0x31, 0x8d, 
	0x31, 0x8d, 0x29, 0x4b, 0x31, 0x8d, 0x31, 0x8d, 
	0x31, 0x8d, 0x29, 0x4b, 0x31, 0x8d, 0x29, 0x4b, 
	0x31, 0x8d, 0x31, 0x8d, 0x29, 0x4b, 0x29, 0x4b, 
	0x31, 0x8d, 0x31, 0x8d, 0x29, 0x4b, 0x29, 0x4b, 
	0x31, 0x8d, 0x29, 0x4b, 0x31, 0x8d, 0x31, 0x8d, 
	0x31, 0x8d, 0x31, 0x8d, 0x31, 0x8d, 0x31, 0x8d, 
	0x31, 0x8d, 0x31, 0x8d, 0x29, 0x4b, 0x29, 0x4b, 
	0x31, 0x8d, 0x31, 0x8d, 0x31, 0x8d, 0x29, 0x4b, 
	0x21, 0x09, 0x10, 0x85, 0x00, 0x01, 0x00, 0x01, 
	0x00, 0x01, 0x00, 0x01, 0x00, 0x01, 0x00, 0x01, 
	0x00, 0x01, 0x00, 0x01, 0x00, 0x01, 0x00, 0x01, 
	0x18, 0xc7, 0x29, 0x4b, 0x29, 0x4b, 0x31, 0x8d, 
	0x29, 0x4b, 0x31, 0x8d, 0x31, 0x8d, 0x31, 0x8d, 
	0x31, 0x8d, 0x31, 0x8d, 0x31, 0x8d, 0x31, 0x8d, 
	0x29, 0x4b, 0x31, 0x8d, 0x29, 0x4b, 0x21, 0x09, 
	0x21, 0x09, 0x21, 0x09, 0x21, 0x09, 0x21, 0x09, 
	0x29, 0x4b, 0x29, 0x4b, 0x31, 0x8d, 0x31, 0x8d, 
	0x31, 0x8d, 0x31, 0x8d, 0x31, 0x8d, 0x31, 0x8d, 
	0x31, 0x8d, 0x31, 0x8d, 0x29, 0x4b, 0x29, 0x4b, 
	0x29, 0x4b, 0x29, 0x4b, 0x21, 0x09, 0x21, 0x09, 
	0x21, 0x09, 0x21, 0x09, 0x21, 0x09, 0x29, 0x4b, 
	0x29, 0x4b, 0x29, 0x4b, 0x31, 0x8d, 0x31, 0x8d, 
	0x31, 0x8d, 0x31, 0x8d, 0x29, 0x4b, 0x29, 0x4b, 
	0x31, 0x8d, 0x31, 0x8d, 0x21, 0x09, 0x10, 0x85, 
	0x00, 0x01, 0x00, 0x01, 0x00, 0x01, 0x00, 0x01, 
	0x00, 0x01, 0x00, 0x01, 0x00, 0x01, 0x00, 0x01, 
	0x00, 0x01, 0x00, 0x01, 0x00, 0x01, 0x00, 0x01, 
	0x00, 0x01, 0x08, 0x43, 0x18, 0xc7, 0x29, 0x4b, 
	0x29, 0x4b, 0x29, 0x4b, 0x31, 0x8d, 0x31, 0x8d, 
	0x31, 0x8d, 0x31, 0x8d, 0x31, 0x8d, 0x29, 0x4b, 
	0x21, 0x09, 0x18, 0xc7, 0x10, 0x85, 0x08, 0x43, 
	0x00, 0x01, 0x00, 0x01, 0x00, 0x01, 0x00, 0x01, 
	0x10, 0x85, 0x21, 0x09, 0x29, 0x4b, 0x31, 0x8d, 
	0x31, 0x8d, 0x29, 0x4b, 0x31, 0x8d, 0x31, 0x8d, 
	0x29, 0x4b, 0x29, 0x4b, 0x21, 0x09, 0x10, 0x85, 
	0x08, 0x43, 0x00, 0x01, 0x00, 0x01, 0x00, 0x01, 
	0x00, 0x01, 0x00, 0x01, 0x00, 0x01, 0x00, 0x01, 
	0x08, 0x43, 0x10, 0x85, 0x21, 0x09, 0x29, 0x4b, 
	0x29, 0x4b, 0x29, 0x4b, 0x29, 0x4b, 0x29, 0x4b, 
	0x29, 0x4b, 0x18, 0xc7, 0x00, 0x01, 0x00, 0x01, 
	0x00, 0x01, 0x00, 0x01, 0x00, 0x01, 0x00, 0x01, 
	0x00, 0x01, 0x00, 0x01, 0x00, 0x01, 0x00, 0x01, 
	0x00, 0x01, 0x00, 0x01, 0x00, 0x01, 0x00, 0x01, 
	0x00, 0x01, 0x00, 0x01, 0x00, 0x01, 0x08, 0x43, 
	0x18, 0xc7, 0x29, 0x4b, 0x29, 0x4b, 0x31, 0x8d, 
	0x31, 0x8d, 0x29, 0x4b, 0x21, 0x09, 0x10, 0x85, 
	0x00, 0x01, 0x00, 0x01, 0x00, 0x01, 0x00, 0x01, 
	0x00, 0x01, 0x00, 0x01, 0x00, 0x01, 0x00, 0x01, 
	0x00, 0x01, 0x08, 0x43, 0x21, 0x09, 0x29, 0x4b, 
	0x29, 0x4b, 0x29, 0x4b, 0x21, 0x09, 0x18, 0xc7, 
	0x10, 0x85, 0x08, 0x43, 0x00, 0x01, 0x00, 0x01, 
	0x00, 0x01, 0x00, 0x01, 0x00, 0x01, 0x00, 0x01, 
	0x00, 0x01, 0x00, 0x01, 0x00, 0x01, 0x00, 0x01, 
	0x00, 0x01, 0x00, 0x01, 0x00, 0x01, 0x08, 0x43, 
	0x18, 0xc7, 0x21, 0x09, 0x21, 0x09, 0x18, 0xc7, 
	0x08, 0x43, 0x00, 0x01, 0x00, 0x01, 0x00, 0x01, 
	0x00, 0x01, 0x00, 0x01, 0x00, 0x01, 0x00, 0x01, 
	0x00, 0x01, 0x00, 0x01, 0x00, 0x01, 0x00, 0x01, 
	0x00, 0x01, 0x00, 0x01, 0x00, 0x01, 0x00, 0x01, 
	0x00, 0x01, 0x00, 0x01, 0x00, 0x01, 0x00, 0x01, 
	0x00, 0x01, 0x00, 0x01, 0x10, 0x85, 0x18, 0xc7, 
	0x18, 0xc7, 0x10, 0x85, 0x00, 0x01, 0x00, 0x01, 
	0x00, 0x01, 0x00, 0x01, 0x00, 0x01, 0x00, 0x01, 
	0x00, 0x01, 0x00, 0x01, 0x00, 0x01, 0x00, 0x01, 
	0x00, 0x01, 0x00, 0x01, 0x00, 0x01, 0x10, 0x85, 
	0x21, 0x09, 0x21, 0x09, 0x10, 0x85, 0x00, 0x01, 
	0x00, 0x01, 0x00, 0x01, 0x00, 0x01, 0x00, 0x01, 
	0x00, 0x01, 0x00, 0x01, 0x00, 0x01, 0x00, 0x01, 
	0x00, 0x01, 0x00, 0x01, 0x00, 0x01, 0x00, 0x01, 
	0x00, 0x01, 0x00, 0x01, 0x00, 0x01, 0x00, 0x01, 
	0x00, 0x01, 0x10, 0x85, 0x08, 0x43, 0x00, 0x01, 
	0x00, 0x01, 0x00, 0x01, 0x00, 0x01, 0x00, 0x01, 
	0x00, 0x01, 0x00, 0x01, 0x00, 0x01, 0x00, 0x01, 
	0x00, 0x01, 0x00, 0x01, 0x00, 0x01, 0x00, 0x01, 
	0x00, 0x01, 0x00, 0x01, 0x00, 0x01, 0x00, 0x01, 
	0x00, 0x01, 0x00, 0x01, 0x00, 0x01, 0x00, 0x01, 
	0x00, 0x01, 0x00, 0x01, 0x00, 0x01, 0x00, 0x01, 
	0x00, 0x01, 0x00, 0x01, 0x00, 0x01, 0x00, 0x01, 
	0x00, 0x01, 0x00, 0x01, 0x00, 0x01, 0x00, 0x01, 
	0x00, 0x01, 0x00, 0x01, 0x00, 0x01, 0x00, 0x01, 
	0x00, 0x01, 0x00, 0x01, 0x00, 0x01, 0x00, 0x01, 
	
};

Gfx castle_inside_dl_bbh_textures_08000_rgba16_rgba16_aligner[] = {gsSPEndDisplayList()};
u8 castle_inside_dl_bbh_textures_08000_rgba16_rgba16[] = {
	0x72, 0x08, 0x72, 0x08, 0x72, 0x08, 0x72, 0x08, 
	0x72, 0x08, 0x72, 0x08, 0x72, 0x08, 0x72, 0x08, 
	0x72, 0x08, 0x72, 0x08, 0x72, 0x08, 0x72, 0x08, 
	0x72, 0x08, 0x72, 0x08, 0x72, 0x08, 0x72, 0x08, 
	0x72, 0x08, 0x72, 0x08, 0x72, 0x08, 0x72, 0x08, 
	0x72, 0x08, 0x72, 0x08, 0x72, 0x08, 0x72, 0x08, 
	0x72, 0x08, 0x72, 0x08, 0x72, 0x08, 0x72, 0x08, 
	0x72, 0x08, 0x72, 0x08, 0x72, 0x08, 0x72, 0x08, 
	0xb3, 0x4f, 0xab, 0x0f, 0xab, 0x0d, 0xab, 0x0d, 
	0xbb, 0x4f, 0xc3, 0x8f, 0xbb, 0x8f, 0xb3, 0x4f, 
	0xab, 0x0f, 0xb3, 0x4f, 0xb3, 0x4f, 0xbb, 0x8f, 
	0xcb, 0xd1, 0xc3, 0x8f, 0xbb, 0x4f, 0xab, 0x0f, 
	0xb3, 0x0f, 0xc3, 0x8f, 0xcb, 0xd1, 0xc3, 0x8f, 
	0xbb, 0x4f, 0xab, 0x0f, 0xb3, 0x4f, 0xb3, 0x4f, 
	0xbb, 0x4f, 0xc3, 0x8f, 0xbb, 0x4f, 0xb3, 0x0f, 
	0x9a, 0xcd, 0xab, 0x0d, 0xb3, 0x4f, 0xbb, 0x8f, 
	0xe5, 0x1d, 0xed, 0x5f, 0xed, 0x5f, 0xe5, 0x1d, 
	0xdc, 0xdd, 0xdc, 0x9d, 0xe4, 0xdd, 0xed, 0x5f, 
	0xf5, 0x5f, 0xed, 0x5f, 0xed, 0x1f, 0xe4, 0xdd, 
	0xe4, 0xdd, 0xed, 0x5f, 0xf5, 0x9f, 0xf5, 0x9f, 
	0xed, 0x5f, 0xe4, 0xdd, 0xdc, 0x9d, 0xe5, 0x1f, 
	0xf5, 0x5f, 0xf5, 0x9f, 0xed, 0x5f, 0xe5, 0x1f, 
	0xdc, 0xdd, 0xdc, 0xdd, 0xe5, 0x1f, 0xed, 0x5f, 
	0xed, 0x5f, 0xe5, 0x1d, 0xd4, 0xdd, 0xcc, 0x9d, 
	0x6a, 0x0b, 0x6a, 0x0b, 0x72, 0x4b, 0x7a, 0x4b, 
	0x7a, 0x4b, 0x7a, 0x4b, 0x72, 0x0b, 0x6a, 0x0b, 
	0x7a, 0x4b, 0x82, 0x8b, 0x82, 0x8b, 0x82, 0x8b, 
	0x7a, 0x4b, 0x72, 0x0b, 0x72, 0x0b, 0x7a, 0x4b, 
	0x82, 0x8d, 0x82, 0x8b, 0x82, 0x4b, 0x72, 0x0b, 
	0x72, 0x0b, 0x7a, 0x4b, 0x82, 0x8b, 0x82, 0x8b, 
	0x7a, 0x4b, 0x7a, 0x4b, 0x72, 0x0b, 0x72, 0x0b, 
	0x7a, 0x4b, 0x7a, 0x4b, 0x7a, 0x4b, 0x72, 0x4b, 
	0x41, 0x87, 0x41, 0x89, 0x41, 0x47, 0x39, 0x47, 
	0x49, 0x89, 0x49, 0x89, 0x49, 0x89, 0x49, 0x89, 
	0x41, 0x89, 0x41, 0x47, 0x49, 0x89, 0x49, 0x89, 
	0x49, 0x89, 0x49, 0x89, 0x49, 0x89, 0x41, 0x47, 
	0x41, 0x47, 0x49, 0x89, 0x49, 0x89, 0x49, 0x89, 
	0x49, 0x89, 0x41, 0x89, 0x41, 0x47, 0x41, 0x89, 
	0x49, 0x89, 0x49, 0x89, 0x49, 0x89, 0x41, 0x89, 
	0x41, 0x47, 0x39, 0x47, 0x41, 0x47, 0x41, 0x87, 
	0x20, 0x83, 0x20, 0x83, 0x20, 0x83, 0x20, 0x83, 
	0x18, 0x83, 0x18, 0x83, 0x18, 0x83, 0x20, 0x83, 
	0x20, 0x83, 0x20, 0x83, 0x18, 0x83, 0x18, 0x83, 
	0x18, 0x83, 0x18, 0x83, 0x18, 0x83, 0x20, 0x83, 
	0x18, 0x83, 0x18, 0x83, 0x18, 0x83, 0x18, 0x83, 
	0x18, 0x83, 0x20, 0x83, 0x20, 0x83, 0x18, 0x83, 
	0x18, 0x83, 0x18, 0x83, 0x18, 0x83, 0x20, 0x83, 
	0x20, 0x83, 0x20, 0x83, 0x20, 0x83, 0x18, 0x83, 
	0x10, 0x40, 0x10, 0x40, 0x10, 0x40, 0x10, 0x40, 
	0x10, 0x40, 0x10, 0x40, 0x10, 0x40, 0x09, 0xcf, 
	0x1a, 0xd7, 0x1a, 0x95, 0x12, 0x95, 0x12, 0x95, 
	0x09, 0x08, 0x09, 0x08, 0x09, 0x09, 0x11, 0xd1, 
	0x11, 0xd1, 0x09, 0x4b, 0x09, 0x08, 0x09, 0x08, 
	0x12, 0x13, 0x1a, 0x97, 0x12, 0x95, 0x1a, 0x95, 
	0x11, 0xcf, 0x11, 0xce, 0x11, 0xce, 0x11, 0xce, 
	0x11, 0xce, 0x11, 0xce, 0x11, 0xce, 0x11, 0xce, 
	0x1a, 0x94, 0x1a, 0x94, 0x1a, 0x94, 0x1a, 0x94, 
	0x1a, 0x94, 0x1a, 0x94, 0x1a, 0x95, 0x23, 0x1b, 
	0x11, 0xd1, 0x09, 0x0b, 0x09, 0x8d, 0x12, 0x11, 
	0x1b, 0x5b, 0x23, 0x5d, 0x09, 0x8f, 0x1a, 0xd7, 
	0x22, 0xd9, 0x09, 0xcf, 0x12, 0x55, 0x1b, 0x19, 
	0x12, 0x95, 0x09, 0xcf, 0x09, 0x8d, 0x09, 0x8d, 
	0x23, 0x19, 0x1a, 0x95, 0x1a, 0x94, 0x1a, 0x94, 
	0x1a, 0x94, 0x1a, 0x94, 0x1a, 0x94, 0x1a, 0x94, 
	0x1a, 0x94, 0x1a, 0x94, 0x1a, 0x94, 0x1a, 0x94, 
	0x1a, 0x94, 0x1a, 0x95, 0x1a, 0x95, 0x09, 0xcf, 
	0x09, 0x4b, 0x01, 0x09, 0x01, 0x09, 0x09, 0x09, 
	0x09, 0x8d, 0x1a, 0xd7, 0x09, 0x09, 0x09, 0x4d, 
	0x09, 0x4d, 0x01, 0x09, 0x1a, 0xd9, 0x09, 0xd1, 
	0x09, 0x0b, 0x01, 0x09, 0x01, 0x09, 0x09, 0x4b, 
	0x09, 0x4d, 0x12, 0x53, 0x1a, 0x95, 0x1a, 0x94, 
	0x1a, 0x94, 0x1a, 0x94, 0x1a, 0x94, 0x1a, 0x94, 
	0x12, 0x10, 0x12, 0x10, 0x12, 0x10, 0x12, 0x10, 
	0x12, 0x10, 0x12, 0x11, 0x11, 0xd1, 0x09, 0x8f, 
	0x09, 0x4b, 0x01, 0x09, 0x00, 0xc7, 0x00, 0xc9, 
	0x09, 0x4b, 0x09, 0xcf, 0x09, 0x8d, 0x09, 0x4b, 
	0x09, 0x8d, 0x09, 0x0b, 0x12, 0x53, 0x09, 0x4b, 
	0x01, 0x09, 0x00, 0xc7, 0x01, 0x09, 0x09, 0x4b, 
	0x09, 0x8d, 0x09, 0xcf, 0x12, 0x11, 0x12, 0x10, 
	0x12, 0x10, 0x12, 0x10, 0x12, 0x10, 0x12, 0x10, 
	0x09, 0x8c, 0x09, 0x8c, 0x09, 0x8c, 0x09, 0x8c, 
	0x09, 0x8c, 0x09, 0x8d, 0x09, 0xcf, 0x09, 0xcf, 
	0x09, 0x4b, 0x00, 0xc7, 0x00, 0x85, 0x00, 0x87, 
	0x09, 0x4b, 0x09, 0x8f, 0x09, 0xd1, 0x09, 0xcf, 
	0x12, 0x11, 0x09, 0x8f, 0x09, 0xcf, 0x09, 0x4b, 
	0x00, 0xc7, 0x00, 0x85, 0x00, 0xc7, 0x09, 0x0b, 
	0x09, 0xcf, 0x09, 0xcf, 0x09, 0x8d, 0x09, 0x08, 
	0x09, 0x08, 0x09, 0x08, 0x09, 0x08, 0x09, 0x08, 
	0x09, 0x4a, 0x09, 0x4a, 0x09, 0x4a, 0x09, 0x4a, 
	0x09, 0x4a, 0x09, 0x4b, 0x01, 0x09, 0x12, 0x13, 
	0x09, 0xcf, 0x09, 0xce, 0x09, 0x4a, 0x09, 0x4a, 
	0x09, 0x4b, 0x09, 0xcf, 0x09, 0xcf, 0x11, 0xd1, 
	0x12, 0x53, 0x09, 0x4d, 0x09, 0xcf, 0x09, 0x4d, 
	0x00, 0x85, 0x09, 0x08, 0x09, 0x08, 0x09, 0x08, 
	0x12, 0x11, 0x09, 0xcf, 0x09, 0x4b, 0x09, 0x4a, 
	0x09, 0x4a, 0x09, 0x4a, 0x09, 0x4a, 0x09, 0x4a, 
	0x00, 0xc6, 0x00, 0xc6, 0x00, 0xc6, 0x00, 0xc6, 
	0x00, 0xc6, 0x00, 0xc6, 0x00, 0xc7, 0x11, 0xd1, 
	0x11, 0xd0, 0x11, 0xd0, 0x09, 0x4c, 0x09, 0x4c, 
	0x09, 0x4d, 0x12, 0x11, 0x09, 0x4b, 0x11, 0xd1, 
	0x12, 0x53, 0x09, 0x4b, 0x09, 0xcf, 0x09, 0x8d, 
	0x09, 0x08, 0x09, 0x08, 0x09, 0x08, 0x09, 0x08, 
	0x12, 0x13, 0x00, 0xc7, 0x00, 0xc6, 0x00, 0xc6, 
	0x00, 0xc6, 0x00, 0xc6, 0x00, 0xc6, 0x00, 0xc6, 
	0x09, 0x08, 0x09, 0x08, 0x09, 0x08, 0x09, 0x08, 
	0x09, 0x08, 0x09, 0x08, 0x09, 0x08, 0x09, 0x09, 
	0x12, 0x10, 0x12, 0x10, 0x12, 0x10, 0x12, 0x10, 
	0x12, 0x11, 0x12, 0x53, 0x00, 0xc7, 0x12, 0x11, 
	0x12, 0x53, 0x00, 0xc7, 0x11, 0xd1, 0x12, 0x13, 
	0x12, 0x12, 0x12, 0x12, 0x12, 0x12, 0x12, 0x12, 
	0x11, 0xcf, 0x11, 0xce, 0x11, 0xce, 0x11, 0xce, 
	0x11, 0xce, 0x11, 0xce, 0x11, 0xce, 0x11, 0xce, 
	0x12, 0x94, 0x12, 0x94, 0x12, 0x94, 0x12, 0x94, 
	0x12, 0x94, 0x12, 0x94, 0x12, 0x94, 0x12, 0x94, 
	0x12, 0x94, 0x12, 0x94, 0x12, 0x94, 0x12, 0x95, 
	0x1b, 0x19, 0x12, 0x11, 0x09, 0x08, 0x12, 0x11, 
	0x12, 0x53, 0x09, 0x08, 0x11, 0x8d, 0x23, 0x19, 
	0x1a, 0xd7, 0x1a, 0xd6, 0x1a, 0xd6, 0x1a, 0xd6, 
	0x1a, 0xd6, 0x1a, 0xd6, 0x1a, 0xd6, 0x1a, 0xd6, 
	0x1a, 0xd6, 0x1a, 0xd6, 0x1a, 0xd6, 0x1a, 0xd6, 
	0x1b, 0x1a, 0x1b, 0x1a, 0x1b, 0x1a, 0x1b, 0x1a, 
	0x1b, 0x1a, 0x1b, 0x1a, 0x1b, 0x1a, 0x1b, 0x1a, 
	0x1b, 0x1a, 0x1b, 0x1a, 0x1b, 0x1b, 0x23, 0x9d, 
	0x1a, 0x95, 0x00, 0x43, 0x09, 0x08, 0x12, 0x11, 
	0x1a, 0x53, 0x09, 0x08, 0x00, 0x45, 0x11, 0xcf, 
	0x23, 0x5b, 0x1b, 0x1b, 0x1b, 0x1a, 0x1b, 0x1a, 
	0x1b, 0x1a, 0x1b, 0x1a, 0x1b, 0x1a, 0x1b, 0x1a, 
	0x1b, 0x1a, 0x1b, 0x1a, 0x1b, 0x1a, 0x1b, 0x1a, 
	0x1b, 0x5c, 0x1b, 0x5c, 0x1b, 0x5c, 0x1b, 0x5c, 
	0x1b, 0x5c, 0x1b, 0x5c, 0x1b, 0x5c, 0x1b, 0x5c, 
	0x1b, 0x5d, 0x23, 0x9f, 0x1b, 0x19, 0x11, 0x8d, 
	0x00, 0x43, 0x09, 0x08, 0x09, 0x08, 0x12, 0x53, 
	0x1a, 0x95, 0x09, 0x08, 0x09, 0x08, 0x00, 0x43, 
	0x09, 0x4b, 0x1a, 0xd7, 0x23, 0x9f, 0x23, 0x9d, 
	0x23, 0x9c, 0x23, 0x9c, 0x23, 0x9c, 0x23, 0x9c, 
	0x23, 0x9c, 0x23, 0x9c, 0x23, 0x9c, 0x23, 0x9c, 
	0x2b, 0xde, 0x2b, 0xde, 0x2b, 0xde, 0x2b, 0xde, 
	0x2b, 0xde, 0x2b, 0xde, 0x2b, 0xdf, 0x2b, 0xdf, 
	0x1a, 0xd9, 0x09, 0x8d, 0x00, 0x43, 0x00, 0x43, 
	0x09, 0x08, 0x09, 0x08, 0x1b, 0x1b, 0x34, 0x23, 
	0x44, 0xa5, 0x1b, 0x1b, 0x09, 0x08, 0x09, 0x08, 
	0x00, 0x43, 0x00, 0x43, 0x00, 0xc7, 0x1a, 0x95, 
	0x23, 0x9f, 0x2b, 0xdf, 0x1a, 0xd8, 0x1a, 0xd8, 
	0x1a, 0xd8, 0x1a, 0xd8, 0x1a, 0xd8, 0x1a, 0xd8, 
	0x1a, 0xd6, 0x1a, 0xd6, 0x1a, 0xd6, 0x1a, 0xd6, 
	0x1a, 0xd6, 0x1a, 0xd7, 0x23, 0x19, 0x1a, 0x95, 
	0x00, 0xc7, 0x00, 0x87, 0x00, 0x87, 0x09, 0x08, 
	0x09, 0x08, 0x09, 0x08, 0x12, 0x11, 0x2a, 0xd9, 
	0x33, 0x1b, 0x12, 0x11, 0x09, 0x08, 0x09, 0x08, 
	0x09, 0x08, 0x09, 0x08, 0x00, 0x87, 0x00, 0xc7, 
	0x12, 0x11, 0x1a, 0xd9, 0x1a, 0xd7, 0x1a, 0xd6, 
	0x1a, 0xd6, 0x1a, 0xd6, 0x1a, 0xd6, 0x1a, 0xd6, 
	0x11, 0xd0, 0x11, 0xd0, 0x11, 0xd0, 0x11, 0xd0, 
	0x11, 0xd0, 0x11, 0xd1, 0x09, 0xcf, 0x12, 0x11, 
	0x12, 0x11, 0x09, 0xcf, 0x09, 0x08, 0x09, 0x08, 
	0x09, 0x08, 0x09, 0x08, 0x00, 0x01, 0x00, 0x85, 
	0x00, 0x85, 0x00, 0x43, 0x09, 0x08, 0x09, 0x08, 
	0x09, 0x08, 0x09, 0x08, 0x09, 0x8d, 0x12, 0x11, 
	0x12, 0x13, 0x12, 0x11, 0x11, 0xd1, 0x09, 0x08, 
	0x09, 0x08, 0x09, 0x08, 0x09, 0x08, 0x09, 0x08, 
	0x01, 0x08, 0x01, 0x08, 0x01, 0x08, 0x01, 0x08, 
	0x01, 0x08, 0x01, 0x09, 0x00, 0xc7, 0x1a, 0x55, 
	0x23, 0x5b, 0x23, 0x5b, 0x23, 0x18, 0x23, 0x18, 
	0x23, 0x18, 0x09, 0x08, 0x09, 0x08, 0x09, 0x09, 
	0x09, 0x4b, 0x09, 0x08, 0x09, 0x08, 0x09, 0x08, 
	0x09, 0x08, 0x09, 0x08, 0x23, 0x5b, 0x23, 0x5b, 
	0x1a, 0xd7, 0x00, 0xc7, 0x00, 0xc9, 0x09, 0x08, 
	0x09, 0x08, 0x09, 0x08, 0x09, 0x08, 0x09, 0x08, 
	0x00, 0x84, 0x00, 0x84, 0x00, 0x84, 0x00, 0x84, 
	0x00, 0x84, 0x00, 0x84, 0x00, 0x43, 0x00, 0x85, 
	0x22, 0xd7, 0x34, 0x21, 0x34, 0x63, 0x34, 0x63, 
	0x23, 0x18, 0x23, 0x18, 0x23, 0x18, 0x12, 0x13, 
	0x1a, 0x53, 0x09, 0x08, 0x09, 0x08, 0x09, 0x08, 
	0x34, 0x63, 0x34, 0x63, 0x34, 0x63, 0x23, 0x19, 
	0x00, 0x85, 0x00, 0x43, 0x09, 0x08, 0x09, 0x08, 
	0x09, 0x08, 0x09, 0x08, 0x09, 0x08, 0x09, 0x08, 
	0x00, 0x00, 0x00, 0x00, 0x00, 0x00, 0x00, 0x00, 
	0x00, 0x00, 0x00, 0x00, 0x00, 0x00, 0x00, 0x00, 
	0x00, 0x01, 0x08, 0xc7, 0x1a, 0x13, 0x23, 0x5b, 
	0x2c, 0x21, 0x23, 0x9f, 0x23, 0x18, 0x12, 0x13, 
	0x1a, 0x53, 0x09, 0x08, 0x23, 0x9f, 0x2b, 0xe1, 
	0x2b, 0xe1, 0x12, 0x11, 0x09, 0x0b, 0x00, 0x01, 
	0x09, 0x08, 0x09, 0x08, 0x09, 0x08, 0x09, 0x08, 
	0x09, 0x08, 0x09, 0x08, 0x09, 0x08, 0x09, 0x08, 
	0x00, 0x00, 0x00, 0x00, 0x00, 0x00, 0x00, 0x00, 
	0x00, 0x00, 0x00, 0x00, 0x00, 0x00, 0x00, 0x00, 
	0x00, 0x00, 0x00, 0x00, 0x00, 0x01, 0x00, 0x01, 
	0x09, 0x09, 0x1a, 0xd7, 0x12, 0xd7, 0x12, 0x13, 
	0x1a, 0x95, 0x12, 0x55, 0x1b, 0x19, 0x09, 0x4d, 
	0x00, 0x01, 0x00, 0x01, 0x09, 0x08, 0x09, 0x08, 
	0x09, 0x08, 0x09, 0x08, 0x09, 0x08, 0x09, 0x08, 
	0x09, 0x08, 0x09, 0x08, 0x09, 0x08, 0x09, 0x08, 
	0x00, 0x84, 0x00, 0x84, 0x00, 0x84, 0x00, 0x84, 
	0x00, 0x84, 0x00, 0x84, 0x00, 0x84, 0x00, 0x84, 
	0x00, 0x84, 0x00, 0x84, 0x00, 0x84, 0x00, 0x84, 
	0x00, 0x85, 0x01, 0x09, 0x0a, 0x11, 0x1a, 0x53, 
	0x1a, 0x97, 0x09, 0xd1, 0x09, 0x4d, 0x00, 0x85, 
	0x09, 0x08, 0x09, 0x08, 0x09, 0x08, 0x09, 0x08, 
	0x09, 0x08, 0x09, 0x08, 0x09, 0x08, 0x09, 0x08, 
	0x09, 0x08, 0x09, 0x08, 0x09, 0x08, 0x09, 0x08, 
	0x23, 0x18, 0x23, 0x18, 0x23, 0x18, 0x23, 0x18, 
	0x23, 0x18, 0x23, 0x18, 0x23, 0x18, 0x23, 0x18, 
	0x23, 0x18, 0x23, 0x19, 0x23, 0x18, 0x09, 0x08, 
	0x09, 0xcf, 0x09, 0xcf, 0x09, 0x4b, 0x1a, 0x95, 
	0x22, 0xd7, 0x09, 0x4d, 0x09, 0x8d, 0x09, 0x8f, 
	0x09, 0x08, 0x23, 0x18, 0x2b, 0xe1, 0x23, 0x18, 
	0x23, 0x18, 0x23, 0x18, 0x23, 0x18, 0x23, 0x18, 
	0x23, 0x18, 0x23, 0x18, 0x23, 0x18, 0x23, 0x18, 
	0x23, 0x18, 0x23, 0x18, 0x23, 0x18, 0x23, 0x18, 
	0x23, 0x18, 0x23, 0x18, 0x23, 0x18, 0x23, 0x18, 
	0x23, 0x18, 0x2b, 0x5d, 0x4d, 0x2b, 0x55, 0x6d, 
	0x2b, 0xdf, 0x12, 0x55, 0x01, 0x09, 0x22, 0xd7, 
	0x2b, 0x1b, 0x09, 0x4b, 0x11, 0xd1, 0x23, 0x5d, 
	0x55, 0x2b, 0x55, 0x6b, 0x33, 0xe1, 0x23, 0x18, 
	0x23, 0x18, 0x23, 0x18, 0x23, 0x18, 0x23, 0x18, 
	0x23, 0x18, 0x23, 0x18, 0x23, 0x18, 0x23, 0x18, 
	0x09, 0x08, 0x09, 0x08, 0x09, 0x08, 0x09, 0x08, 
	0x09, 0x08, 0x09, 0x08, 0x09, 0x08, 0x09, 0x08, 
	0x09, 0x08, 0x09, 0x09, 0x44, 0x65, 0x65, 0xf1, 
	0x4c, 0xe9, 0x11, 0x8d, 0x09, 0x0b, 0x3c, 0x23, 
	0x4c, 0xa5, 0x09, 0x8f, 0x00, 0xc7, 0x3c, 0x63, 
	0x65, 0xf1, 0x55, 0x2b, 0x11, 0xcf, 0x09, 0x08, 
	0x09, 0x08, 0x09, 0x08, 0x09, 0x08, 0x09, 0x08, 
	0x09, 0x08, 0x09, 0x08, 0x09, 0x08, 0x09, 0x08, 
	0x00, 0x84, 0x00, 0x84, 0x00, 0x84, 0x00, 0x84, 
	0x00, 0x84, 0x00, 0x84, 0x00, 0x84, 0x00, 0x84, 
	0x00, 0x84, 0x00, 0x84, 0x00, 0x85, 0x19, 0x8d, 
	0x08, 0xc7, 0x00, 0x85, 0x1a, 0xd7, 0x65, 0xaf, 
	0x6e, 0x31, 0x23, 0x1b, 0x00, 0x85, 0x08, 0x85, 
	0x19, 0x8d, 0x00, 0x85, 0x19, 0x8c, 0x19, 0x8c, 
	0x19, 0x8c, 0x19, 0x8c, 0x19, 0x8c, 0x19, 0x8c, 
	0x19, 0x8c, 0x19, 0x8c, 0x19, 0x8c, 0x19, 0x8c, 
	0x19, 0x8c, 0x19, 0x8c, 0x19, 0x8c, 0x19, 0x8c, 
	0x19, 0x8c, 0x19, 0x8c, 0x19, 0x8c, 0x19, 0x8c, 
	0x19, 0x8c, 0x19, 0x8c, 0x19, 0x8c, 0x19, 0x8c, 
	0x19, 0x8c, 0x12, 0x11, 0x23, 0x19, 0x5d, 0x29, 
	0x65, 0x6b, 0x23, 0x5b, 0x12, 0x53, 0x19, 0x8c, 
	0x19, 0x8c, 0x19, 0x8c, 0x19, 0x8c, 0x19, 0x8c, 
	0x19, 0x8c, 0x19, 0x8c, 0x19, 0x8c, 0x19, 0x8c, 
	0x19, 0x8c, 0x19, 0x8c, 0x19, 0x8c, 0x19, 0x8c, 
	0x09, 0x08, 0x09, 0x08, 0x09, 0x08, 0x09, 0x08, 
	0x09, 0x08, 0x09, 0x08, 0x09, 0x08, 0x09, 0x08, 
	0x09, 0x08, 0x09, 0x08, 0x09, 0x08, 0x09, 0x08, 
	0x09, 0x08, 0x09, 0x09, 0x12, 0x11, 0x23, 0x19, 
	0x23, 0x19, 0x12, 0x11, 0x09, 0x09, 0x09, 0x08, 
	0x09, 0x08, 0x09, 0x08, 0x09, 0x08, 0x09, 0x08, 
	0x09, 0x08, 0x09, 0x08, 0x09, 0x08, 0x09, 0x08, 
	0x09, 0x08, 0x09, 0x08, 0x09, 0x08, 0x09, 0x08, 
	0x09, 0x08, 0x09, 0x08, 0x09, 0x08, 0x09, 0x08, 
	0x09, 0x08, 0x09, 0x08, 0x09, 0x08, 0x09, 0x08, 
	0x09, 0x08, 0x09, 0x08, 0x09, 0x08, 0x09, 0x08, 
	0x09, 0x08, 0x09, 0x08, 0x12, 0x11, 0x1a, 0x53, 
	0x1a, 0x53, 0x12, 0x11, 0x09, 0x08, 0x09, 0x08, 
	0x09, 0x08, 0x09, 0x08, 0x09, 0x08, 0x09, 0x08, 
	0x09, 0x08, 0x09, 0x08, 0x09, 0x08, 0x09, 0x08, 
	0x09, 0x08, 0x09, 0x08, 0x09, 0x08, 0x09, 0x08, 
	
};

Gfx castle_inside_dl_eclipse_rgba16_aligner[] = {gsSPEndDisplayList()};
u8 castle_inside_dl_eclipse_rgba16[] = {
	0x00, 0x00, 0x00, 0x00, 0x00, 0x00, 0x00, 0x00, 
	0x00, 0x00, 0x00, 0x00, 0x00, 0x00, 0x00, 0x00, 
	0x00, 0x00, 0x00, 0x00, 0x00, 0x00, 0x00, 0x00, 
	0x00, 0x00, 0x00, 0x00, 0x00, 0x00, 0x00, 0x00, 
	0xe6, 0xce, 0xe6, 0xca, 0xe7, 0x09, 0xef, 0x07, 
	0xef, 0x07, 0xef, 0x07, 0xef, 0x07, 0xef, 0x07, 
	0xef, 0x07, 0xef, 0x47, 0xef, 0x07, 0xef, 0x07, 
	0xef, 0x07, 0xef, 0x07, 0xef, 0x07, 0xef, 0x07, 
	0xef, 0x07, 0xef, 0x07, 0xef, 0x07, 0xef, 0x07, 
	0xef, 0x07, 0xef, 0x07, 0xef, 0x07, 0xef, 0x07, 
	0xef, 0x07, 0xef, 0x47, 0xef, 0x07, 0xef, 0x07, 
	0xef, 0x07, 0xef, 0x0b, 0xef, 0x12, 0xe6, 0xd6, 
	0x00, 0x00, 0x00, 0x00, 0x00, 0x00, 0x00, 0x00, 
	0x00, 0x00, 0x00, 0x00, 0x00, 0x00, 0x00, 0x00, 
	0x00, 0x00, 0x00, 0x00, 0x00, 0x00, 0x00, 0x00, 
	0x00, 0x00, 0x00, 0x00, 0x00, 0x00, 0x00, 0x00, 
	0x00, 0x00, 0x00, 0x00, 0x00, 0x00, 0x00, 0x00, 
	0x00, 0x00, 0x00, 0x00, 0x00, 0x00, 0x00, 0x00, 
	0x00, 0x00, 0x00, 0x00, 0x00, 0x00, 0x00, 0x00, 
	0x00, 0x00, 0x00, 0x00, 0x00, 0x00, 0xe6, 0xca, 
	0xe7, 0x0a, 0xef, 0x07, 0xef, 0x45, 0xf7, 0x45, 
	0xf7, 0x85, 0xf7, 0x87, 0xf7, 0x85, 0xf7, 0x85, 
	0xf7, 0x85, 0xf7, 0x85, 0xf7, 0x85, 0xf7, 0x85, 
	0xf7, 0x85, 0xf7, 0x85, 0xf7, 0x85, 0xf7, 0x85, 
	0xf7, 0x85, 0xf7, 0x85, 0xf7, 0x85, 0xf7, 0x87, 
	0xf7, 0x85, 0xf7, 0x85, 0xf7, 0x85, 0xf7, 0x85, 
	0xf7, 0x85, 0xf7, 0x85, 0xf7, 0x85, 0xf7, 0x85, 
	0xf7, 0x45, 0xef, 0x47, 0xef, 0x0b, 0xe7, 0x0c, 
	0xde, 0xd4, 0x00, 0x00, 0x00, 0x00, 0x00, 0x00, 
	0x00, 0x00, 0x00, 0x00, 0x00, 0x00, 0x00, 0x00, 
	0x00, 0x00, 0x00, 0x00, 0x00, 0x00, 0x00, 0x00, 
	0x00, 0x00, 0x00, 0x00, 0x00, 0x00, 0x00, 0x00, 
	0x00, 0x00, 0x00, 0x00, 0x00, 0x00, 0x00, 0x00, 
	0x00, 0x00, 0x00, 0x00, 0x00, 0x00, 0x00, 0x00, 
	0x00, 0x00, 0x00, 0x00, 0x00, 0x00, 0x00, 0x00, 
	0x00, 0x00, 0x00, 0x00, 0xe6, 0xca, 0xe7, 0x08, 
	0xef, 0x07, 0xef, 0x45, 0xf7, 0x85, 0xf7, 0x85, 
	0xf7, 0x87, 0xf7, 0x87, 0xff, 0x87, 0xf7, 0x87, 
	0xf7, 0x87, 0xf7, 0x87, 0xff, 0x87, 0xff, 0x87, 
	0xf7, 0x87, 0xf7, 0x87, 0xf7, 0x87, 0xf7, 0x87, 
	0xf7, 0x85, 0xf7, 0x85, 0xf7, 0x87, 0xf7, 0x87, 
	0xf7, 0x87, 0xff, 0x87, 0xf7, 0x87, 0xff, 0x87, 
	0xf7, 0x87, 0xf7, 0x87, 0xf7, 0x85, 0xf7, 0x85, 
	0xf7, 0x85, 0xf7, 0x87, 0xef, 0x47, 0xef, 0x0b, 
	0xe7, 0x14, 0xde, 0x9c, 0x00, 0x00, 0x00, 0x00, 
	0x00, 0x00, 0x00, 0x00, 0x00, 0x00, 0x00, 0x00, 
	0x00, 0x00, 0x00, 0x00, 0x00, 0x00, 0x00, 0x00, 
	0x00, 0x00, 0x00, 0x00, 0x00, 0x00, 0x00, 0x00, 
	0x00, 0x00, 0x00, 0x00, 0x00, 0x00, 0x00, 0x00, 
	0x00, 0x00, 0x00, 0x00, 0x00, 0x00, 0x00, 0x00, 
	0x00, 0x00, 0x00, 0x00, 0x00, 0x00, 0x00, 0x00, 
	0x00, 0x00, 0xe6, 0xce, 0xe7, 0x08, 0xef, 0x07, 
	0xef, 0x45, 0xf7, 0x85, 0xf7, 0x85, 0xef, 0x05, 
	0xcd, 0x43, 0xc4, 0xc3, 0xcc, 0xc3, 0xcc, 0xc3, 
	0xcc, 0xc3, 0xcc, 0xc3, 0xcc, 0xc3, 0xcc, 0xc3, 
	0xcc, 0xc3, 0xcc, 0xc3, 0xcc, 0xc3, 0xc4, 0xc3, 
	0xc4, 0xc3, 0xcc, 0xc3, 0xcc, 0xc3, 0xcc, 0xc3, 
	0xcc, 0xc3, 0xcc, 0xc3, 0xcc, 0xc3, 0xcc, 0xc3, 
	0xcc, 0xc3, 0xcc, 0xc3, 0xc4, 0xc3, 0xd5, 0x03, 
	0xf6, 0xc5, 0xf7, 0x85, 0xf7, 0x85, 0xef, 0x47, 
	0xef, 0x0d, 0xef, 0x12, 0xe6, 0xd8, 0x00, 0x00, 
	0x00, 0x00, 0x00, 0x00, 0x00, 0x00, 0x00, 0x00, 
	0x00, 0x00, 0x00, 0x00, 0x00, 0x00, 0x00, 0x00, 
	0x00, 0x00, 0x00, 0x00, 0x00, 0x00, 0x00, 0x00, 
	0x00, 0x00, 0x00, 0x00, 0x00, 0x00, 0x00, 0x00, 
	0x00, 0x00, 0x00, 0x00, 0x00, 0x00, 0x00, 0x00, 
	0x00, 0x00, 0x00, 0x00, 0x00, 0x00, 0x00, 0x00, 
	0xde, 0x94, 0xe7, 0x0a, 0xef, 0x07, 0xef, 0x45, 
	0xf7, 0x85, 0xff, 0x87, 0xef, 0x05, 0xbc, 0x03, 
	0x91, 0x03, 0x70, 0x83, 0x98, 0x81, 0xb0, 0x41, 
	0xb0, 0x41, 0xb0, 0x41, 0xb0, 0x41, 0xb0, 0x41, 
	0xb0, 0x41, 0xb0, 0x41, 0xb0, 0x41, 0x90, 0x41, 
	0x90, 0x41, 0xb0, 0x41, 0xb0, 0x41, 0xb0, 0x41, 
	0xb0, 0x41, 0xb0, 0x41, 0xb0, 0x41, 0xb0, 0x41, 
	0xb0, 0x41, 0x98, 0x81, 0x78, 0x83, 0x88, 0xc3, 
	0xc3, 0x81, 0xf6, 0xc5, 0xff, 0x87, 0xf7, 0x85, 
	0xef, 0x47, 0xef, 0x0d, 0xef, 0x12, 0xe6, 0xde, 
	0x00, 0x00, 0x00, 0x00, 0x00, 0x00, 0x00, 0x00, 
	0x00, 0x00, 0x00, 0x00, 0x00, 0x00, 0x00, 0x00, 
	0x00, 0x00, 0x00, 0x00, 0x00, 0x00, 0x00, 0x00, 
	0x00, 0x00, 0x00, 0x00, 0x00, 0x00, 0x00, 0x00, 
	0x00, 0x00, 0x00, 0x00, 0x00, 0x00, 0x00, 0x00, 
	0x00, 0x00, 0x00, 0x00, 0x00, 0x00, 0xde, 0xd6, 
	0xe6, 0xd2, 0xef, 0x0b, 0xef, 0x45, 0xf7, 0x85, 
	0xff, 0xc7, 0xef, 0x05, 0xc4, 0x03, 0xb0, 0xc1, 
	0x88, 0x83, 0x78, 0x83, 0x70, 0x43, 0xa0, 0x01, 
	0xb0, 0x01, 0xb0, 0x01, 0xb0, 0x01, 0xb0, 0x01, 
	0xb0, 0x01, 0xb0, 0x01, 0xb0, 0x01, 0x78, 0x01, 
	0x70, 0x01, 0xb0, 0x01, 0xb0, 0x01, 0xb0, 0x01, 
	0xb0, 0x01, 0xb0, 0x01, 0xb0, 0x01, 0xb0, 0x01, 
	0xa0, 0x01, 0x70, 0x43, 0x78, 0x83, 0x80, 0x83, 
	0xb0, 0x81, 0xcb, 0x81, 0xf6, 0xc5, 0xff, 0x87, 
	0xf7, 0x85, 0xef, 0x47, 0xef, 0x0d, 0xef, 0x0e, 
	0xe6, 0xd8, 0x00, 0x00, 0x00, 0x00, 0x00, 0x00, 
	0x00, 0x00, 0x00, 0x00, 0x00, 0x00, 0x00, 0x00, 
	0x00, 0x00, 0x00, 0x00, 0x00, 0x00, 0x00, 0x00, 
	0x00, 0x00, 0x00, 0x00, 0x00, 0x00, 0x00, 0x00, 
	0x00, 0x00, 0x00, 0x00, 0x00, 0x00, 0x00, 0x00, 
	0x00, 0x00, 0x00, 0x00, 0xde, 0xd8, 0xe7, 0x10, 
	0xef, 0x0b, 0xef, 0x47, 0xf7, 0x85, 0xff, 0x87, 
	0xee, 0xc5, 0xbb, 0xc1, 0xb0, 0xc1, 0xb0, 0x01, 
	0x88, 0x83, 0x78, 0x83, 0x78, 0x83, 0x70, 0x43, 
	0xa0, 0x01, 0xb0, 0x01, 0xb0, 0x01, 0xb0, 0x01, 
	0xb0, 0x01, 0xb0, 0x01, 0xa8, 0x01, 0x58, 0x01, 
	0x48, 0x01, 0xa8, 0x01, 0xb0, 0x01, 0xb0, 0x01, 
	0xb0, 0x01, 0xb0, 0x01, 0xb0, 0x01, 0xa0, 0x01, 
	0x78, 0x43, 0x78, 0x83, 0x78, 0x83, 0x80, 0x83, 
	0xa8, 0x01, 0xb0, 0x81, 0xc3, 0x83, 0xee, 0xc5, 
	0xff, 0x87, 0xf7, 0x85, 0xef, 0x47, 0xef, 0x0b, 
	0xef, 0x10, 0xe7, 0x18, 0x00, 0x00, 0x00, 0x00, 
	0x00, 0x00, 0x00, 0x00, 0x00, 0x00, 0x00, 0x00, 
	0x00, 0x00, 0x00, 0x00, 0x00, 0x00, 0x00, 0x00, 
	0x00, 0x00, 0x00, 0x00, 0x00, 0x00, 0x00, 0x00, 
	0x00, 0x00, 0x00, 0x00, 0x00, 0x00, 0x00, 0x00, 
	0x00, 0x00, 0xe6, 0xd4, 0xe7, 0x12, 0xef, 0x0b, 
	0xef, 0x47, 0xf7, 0x85, 0xf7, 0x87, 0xef, 0x05, 
	0xbb, 0xc3, 0xb0, 0xc1, 0xb0, 0x01, 0xb0, 0x01, 
	0x88, 0x83, 0x78, 0x83, 0x78, 0x83, 0x78, 0x83, 
	0x78, 0x41, 0xa8, 0x01, 0xb0, 0x01, 0xb0, 0x01, 
	0xb0, 0x01, 0xb0, 0x01, 0xa0, 0x01, 0x30, 0x01, 
	0x28, 0x01, 0x98, 0x01, 0xb0, 0x01, 0xb0, 0x01, 
	0xb0, 0x01, 0xb0, 0x01, 0xa8, 0x01, 0x80, 0x43, 
	0x78, 0x83, 0x78, 0x83, 0x78, 0x83, 0x88, 0x83, 
	0xb0, 0x01, 0xb0, 0x01, 0xb0, 0x81, 0xcb, 0xc3, 
	0xf7, 0x05, 0xf7, 0x87, 0xf7, 0x85, 0xef, 0x47, 
	0xef, 0x0b, 0xef, 0x10, 0xe7, 0x1a, 0x00, 0x00, 
	0x00, 0x00, 0x00, 0x00, 0x00, 0x00, 0x00, 0x00, 
	0x00, 0x00, 0x00, 0x00, 0x00, 0x00, 0x00, 0x00, 
	0x00, 0x00, 0x00, 0x00, 0x00, 0x00, 0x00, 0x00, 
	0x00, 0x00, 0x00, 0x00, 0x00, 0x00, 0x00, 0x00, 
	0xe6, 0xd4, 0xe7, 0x10, 0xef, 0x0b, 0xef, 0x47, 
	0xf7, 0x87, 0xff, 0xc7, 0xee, 0xc5, 0xbb, 0xc3, 
	0xb0, 0xc1, 0xb0, 0x01, 0xb0, 0x01, 0xb0, 0x01, 
	0x88, 0x83, 0x78, 0x83, 0x78, 0x83, 0x78, 0x83, 
	0x78, 0x83, 0x80, 0x41, 0xa8, 0x01, 0xb0, 0x01, 
	0xb0, 0x01, 0xb0, 0x01, 0x88, 0x01, 0x18, 0x01, 
	0x10, 0x01, 0x80, 0x01, 0xb0, 0x01, 0xb0, 0x01, 
	0xb0, 0x01, 0xa8, 0x01, 0x80, 0x41, 0x78, 0x83, 
	0x78, 0x83, 0x78, 0x83, 0x78, 0x83, 0x88, 0x83, 
	0xb0, 0x01, 0xb0, 0x01, 0xb0, 0x01, 0xb0, 0x81, 
	0xcb, 0xc3, 0xf7, 0x05, 0xff, 0xc7, 0xf7, 0x87, 
	0xef, 0x47, 0xef, 0x0d, 0xef, 0x10, 0xe6, 0xd8, 
	0x00, 0x00, 0x00, 0x00, 0x00, 0x00, 0x00, 0x00, 
	0x00, 0x00, 0x00, 0x00, 0x00, 0x00, 0x00, 0x00, 
	0x00, 0x00, 0x00, 0x00, 0x00, 0x00, 0x00, 0x00, 
	0x00, 0x00, 0x00, 0x00, 0x00, 0x00, 0xe7, 0x14, 
	0xe7, 0x10, 0xef, 0x0b, 0xf7, 0x47, 0xf7, 0x85, 
	0xff, 0xc7, 0xef, 0x05, 0xbb, 0xc1, 0xb0, 0x81, 
	0xb0, 0x01, 0xb0, 0x01, 0xb0, 0x01, 0xb0, 0x01, 
	0x88, 0x83, 0x78, 0x83, 0x78, 0x83, 0x78, 0x83, 
	0x78, 0x83, 0x78, 0x83, 0x88, 0x41, 0xa8, 0x01, 
	0xb0, 0x01, 0xb0, 0x01, 0x68, 0x01, 0x08, 0x01, 
	0x00, 0x01, 0x60, 0x01, 0xa8, 0x01, 0xb0, 0x01, 
	0xa8, 0x01, 0x88, 0x41, 0x78, 0x83, 0x78, 0x83, 
	0x78, 0x83, 0x78, 0x83, 0x78, 0x83, 0x88, 0x83, 
	0xb0, 0x01, 0xb0, 0x01, 0xb0, 0x01, 0xb0, 0x01, 
	0xb0, 0xc1, 0xcc, 0x03, 0xf7, 0x05, 0xff, 0xc7, 
	0xf7, 0x87, 0xef, 0x47, 0xef, 0x0b, 0xef, 0x10, 
	0xe7, 0x1c, 0x00, 0x00, 0x00, 0x00, 0x00, 0x00, 
	0x00, 0x00, 0x00, 0x00, 0x00, 0x00, 0x00, 0x00, 
	0x00, 0x00, 0x00, 0x00, 0x00, 0x00, 0x00, 0x00, 
	0x00, 0x00, 0x00, 0x00, 0xe6, 0xd2, 0xe7, 0x0e, 
	0xef, 0x0b, 0xf7, 0x47, 0xf7, 0x85, 0xff, 0xc7, 
	0xe6, 0xc5, 0xbb, 0xc3, 0xb0, 0xc1, 0xb0, 0x01, 
	0xb0, 0x01, 0xb0, 0x01, 0xb0, 0x01, 0xb0, 0x01, 
	0x88, 0x83, 0x78, 0x83, 0x78, 0x83, 0x78, 0x83, 
	0x78, 0x83, 0x78, 0x83, 0x78, 0x83, 0x90, 0x41, 
	0xb0, 0x01, 0xa8, 0x01, 0x48, 0x01, 0x00, 0x01, 
	0x00, 0x01, 0x40, 0x01, 0xa0, 0x01, 0xb0, 0x01, 
	0x90, 0x41, 0x78, 0x83, 0x78, 0x83, 0x78, 0x83, 
	0x78, 0x83, 0x78, 0x83, 0x78, 0x83, 0x88, 0x83, 
	0xb0, 0x01, 0xb0, 0x01, 0xb0, 0x01, 0xb0, 0x01, 
	0xb0, 0x01, 0xb0, 0xc1, 0xcc, 0x03, 0xef, 0x05, 
	0xff, 0xc7, 0xf7, 0x85, 0xef, 0x47, 0xef, 0x0d, 
	0xe7, 0x10, 0xe6, 0xd6, 0x00, 0x00, 0x00, 0x00, 
	0x00, 0x00, 0x00, 0x00, 0x00, 0x00, 0x00, 0x00, 
	0x00, 0x00, 0x00, 0x00, 0x00, 0x00, 0x00, 0x00, 
	0x00, 0x00, 0xe6, 0xd2, 0xe7, 0x0e, 0xef, 0x09, 
	0xef, 0x47, 0xf7, 0x87, 0xff, 0xc7, 0xee, 0xc5, 
	0xb3, 0xc3, 0xb0, 0x81, 0xb0, 0x01, 0xb0, 0x01, 
	0xb0, 0x01, 0xb0, 0x01, 0xb0, 0x01, 0xb0, 0x01, 
	0x88, 0x83, 0x78, 0x83, 0x78, 0x83, 0x78, 0x83, 
	0x78, 0x83, 0x78, 0x83, 0x78, 0x83, 0x70, 0x83, 
	0x90, 0x41, 0x98, 0x01, 0x28, 0x01, 0x00, 0x01, 
	0x00, 0x01, 0x20, 0x01, 0x90, 0x01, 0x90, 0x41, 
	0x78, 0x83, 0x78, 0x83, 0x78, 0x83, 0x78, 0x83, 
	0x78, 0x83, 0x78, 0x83, 0x78, 0x83, 0x88, 0x83, 
	0xb0, 0x01, 0xb0, 0x01, 0xb0, 0x01, 0xb0, 0x01, 
	0xb0, 0x01, 0xb0, 0x01, 0xa8, 0xc1, 0xbc, 0x03, 
	0xef, 0x05, 0xff, 0x87, 0xf7, 0x85, 0xef, 0x47, 
	0xef, 0x0b, 0xef, 0x12, 0xe6, 0xdc, 0x00, 0x00, 
	0x00, 0x00, 0x00, 0x00, 0x00, 0x00, 0x00, 0x00, 
	0x00, 0x00, 0x00, 0x00, 0x00, 0x00, 0x00, 0x00, 
	0xe7, 0x10, 0xe7, 0x0e, 0xef, 0x09, 0xef, 0x47, 
	0xf7, 0x85, 0xff, 0x87, 0xee, 0xc5, 0xbb, 0xc3, 
	0x68, 0xc1, 0x88, 0x01, 0xa8, 0x01, 0xb0, 0x01, 
	0xb0, 0x01, 0xb0, 0x01, 0xb0, 0x01, 0xb0, 0x01, 
	0x88, 0x83, 0x78, 0x83, 0x78, 0x83, 0x78, 0x83, 
	0x78, 0x83, 0x78, 0x83, 0x78, 0x83, 0x78, 0x83, 
	0x78, 0x83, 0x70, 0x41, 0x48, 0x41, 0x48, 0x41, 
	0x48, 0x41, 0x40, 0x41, 0x68, 0x41, 0x78, 0x83, 
	0x78, 0x83, 0x78, 0x83, 0x78, 0x83, 0x78, 0x83, 
	0x78, 0x83, 0x78, 0x83, 0x78, 0x83, 0x88, 0x43, 
	0xb0, 0x01, 0xb0, 0x01, 0xb0, 0x01, 0xb0, 0x01, 
	0xb0, 0x01, 0xa0, 0x01, 0x70, 0x01, 0x60, 0xc1, 
	0xc4, 0x43, 0xef, 0x05, 0xff, 0x87, 0xf7, 0x85, 
	0xef, 0x47, 0xef, 0x0f, 0xe7, 0x12, 0xde, 0x9a, 
	0x00, 0x00, 0x00, 0x00, 0x00, 0x00, 0x00, 0x00, 
	0x00, 0x00, 0x00, 0x00, 0x00, 0x00, 0xe7, 0x10, 
	0xef, 0x0c, 0xef, 0x09, 0xf7, 0x47, 0xf7, 0x87, 
	0xff, 0x87, 0xe6, 0xc5, 0xbb, 0xc1, 0xb0, 0xc1, 
	0x78, 0x01, 0x20, 0x01, 0x50, 0x01, 0x90, 0x01, 
	0xa8, 0x01, 0xb0, 0x01, 0xb0, 0x01, 0xb0, 0x01, 
	0x90, 0x83, 0x78, 0x83, 0x78, 0x83, 0x78, 0x83, 
	0x78, 0x83, 0x78, 0x83, 0x78, 0x83, 0x78, 0x83, 
	0x78, 0x83, 0x78, 0x83, 0x78, 0x83, 0x78, 0x83, 
	0x78, 0x83, 0x78, 0x83, 0x78, 0x83, 0x78, 0x83, 
	0x78, 0x83, 0x78, 0x83, 0x78, 0x83, 0x78, 0x83, 
	0x78, 0x83, 0x78, 0x83, 0x78, 0x83, 0x88, 0x43, 
	0xb0, 0x01, 0xb0, 0x01, 0xb0, 0x01, 0xa8, 0x01, 
	0x88, 0x01, 0x40, 0x01, 0x20, 0x01, 0x80, 0x01, 
	0xb0, 0xc1, 0xc4, 0x03, 0xef, 0x05, 0xff, 0x87, 
	0xf7, 0x85, 0xef, 0x47, 0xef, 0x0d, 0xe6, 0xd2, 
	0xd6, 0x58, 0x00, 0x00, 0x00, 0x00, 0x00, 0x00, 
	0x00, 0x00, 0x00, 0x00, 0xe7, 0x12, 0xef, 0x0c, 
	0xef, 0x09, 0xf7, 0x47, 0xf7, 0x85, 0xff, 0xc7, 
	0xef, 0x05, 0xbb, 0xc1, 0xb0, 0xc1, 0xb0, 0x01, 
	0xa0, 0x01, 0x48, 0x01, 0x00, 0x01, 0x20, 0x01, 
	0x60, 0x01, 0x90, 0x01, 0xa8, 0x01, 0xb0, 0x01, 
	0x90, 0x83, 0x78, 0x83, 0x78, 0x83, 0x78, 0x83, 
	0x78, 0x83, 0x78, 0x83, 0x78, 0x83, 0x78, 0x83, 
	0x78, 0x83, 0x78, 0x83, 0x78, 0x83, 0x78, 0x83, 
	0x78, 0x83, 0x78, 0x83, 0x78, 0x83, 0x78, 0x83, 
	0x78, 0x83, 0x78, 0x83, 0x78, 0x83, 0x78, 0x83, 
	0x78, 0x83, 0x78, 0x83, 0x78, 0x83, 0x88, 0x43, 
	0xb0, 0x01, 0xb0, 0x01, 0x90, 0x01, 0x58, 0x01, 
	0x20, 0x01, 0x00, 0x01, 0x48, 0x01, 0xa0, 0x01, 
	0xb0, 0x01, 0xb0, 0xc1, 0xcc, 0x43, 0xf7, 0x45, 
	0xff, 0x87, 0xf7, 0x85, 0xef, 0x47, 0xe7, 0x0d, 
	0xde, 0xd6, 0xd6, 0x9c, 0x00, 0x00, 0x00, 0x00, 
	0x00, 0x00, 0xe7, 0x0e, 0xe7, 0x0c, 0xef, 0x09, 
	0xf7, 0x47, 0xf7, 0x85, 0xff, 0x87, 0xe6, 0xc5, 
	0xbb, 0xc1, 0xb0, 0xc1, 0xb0, 0x01, 0xb0, 0x01, 
	0xb0, 0x01, 0x80, 0x01, 0x18, 0x01, 0x00, 0x01, 
	0x00, 0x01, 0x28, 0x01, 0x68, 0x01, 0x98, 0x01, 
	0x88, 0x83, 0x78, 0x83, 0x78, 0x83, 0x78, 0x83, 
	0x78, 0x83, 0x78, 0x83, 0x78, 0x83, 0x78, 0x83, 
	0x78, 0x83, 0x78, 0x83, 0x78, 0x83, 0x78, 0x83, 
	0x80, 0x83, 0x80, 0xc3, 0x80, 0xc3, 0x78, 0x83, 
	0x78, 0x83, 0x78, 0x83, 0x78, 0x83, 0x78, 0x83, 
	0x78, 0x83, 0x78, 0x83, 0x78, 0x83, 0x88, 0x43, 
	0xa0, 0x01, 0x70, 0x01, 0x30, 0x01, 0x00, 0x01, 
	0x00, 0x01, 0x18, 0x01, 0x80, 0x01, 0xb0, 0x01, 
	0xb0, 0x01, 0xb0, 0x01, 0xb1, 0x01, 0xcc, 0x43, 
	0xef, 0x05, 0xff, 0x87, 0xf7, 0x85, 0xef, 0x47, 
	0xe7, 0x0f, 0xde, 0xcc, 0xbd, 0xd4, 0x00, 0x00, 
	0xe6, 0xce, 0xe7, 0x0a, 0xef, 0x09, 0xef, 0x47, 
	0xf7, 0x85, 0xf7, 0x87, 0xe6, 0xc5, 0xbb, 0x81, 
	0xb0, 0xc1, 0xb0, 0x01, 0xb0, 0x01, 0xb0, 0x01, 
	0xb0, 0x01, 0xa8, 0x01, 0x48, 0x01, 0x00, 0x01, 
	0x00, 0x01, 0x00, 0x01, 0x08, 0x01, 0x38, 0x01, 
	0x68, 0x43, 0x78, 0x83, 0x78, 0x83, 0x78, 0x83, 
	0x78, 0x83, 0x78, 0x83, 0x80, 0x83, 0x88, 0x83, 
	0x80, 0x83, 0x70, 0x83, 0x68, 0x43, 0x60, 0x43, 
	0x68, 0xc3, 0xa3, 0xc3, 0xc4, 0xc5, 0xbc, 0x05, 
	0xa2, 0x85, 0x89, 0x43, 0x78, 0x83, 0x78, 0x83, 
	0x78, 0x83, 0x78, 0x83, 0x78, 0x83, 0x70, 0x43, 
	0x48, 0x01, 0x10, 0x01, 0x00, 0x01, 0x00, 0x01, 
	0x00, 0x01, 0x50, 0x01, 0xa8, 0x01, 0xb0, 0x01, 
	0xb0, 0x01, 0xb0, 0x01, 0xb0, 0x01, 0xb1, 0x01, 
	0xc4, 0x43, 0xef, 0x05, 0xf7, 0x87, 0xf7, 0x85, 
	0xef, 0x47, 0xe7, 0x0a, 0xde, 0x90, 0xb5, 0x98, 
	0xe7, 0x0e, 0xef, 0x09, 0xf7, 0x47, 0xf7, 0x87, 
	0xf7, 0x85, 0xe6, 0xc5, 0xbb, 0xc1, 0xb0, 0xc1, 
	0xb0, 0x01, 0xb0, 0x01, 0xb0, 0x01, 0xb0, 0x01, 
	0xb0, 0x01, 0xb0, 0x01, 0x80, 0x01, 0x18, 0x01, 
	0x00, 0x01, 0x00, 0x01, 0x18, 0x01, 0x58, 0x43, 
	0x78, 0x83, 0x78, 0x83, 0x78, 0x83, 0x78, 0x83, 
	0x88, 0x83, 0x88, 0x83, 0x70, 0x83, 0x48, 0x41, 
	0x28, 0x01, 0x10, 0x01, 0x08, 0x01, 0x08, 0x01, 
	0x08, 0x41, 0x73, 0x81, 0xde, 0xc5, 0xef, 0x05, 
	0xe6, 0xc5, 0xd5, 0x85, 0xb3, 0x85, 0x89, 0x43, 
	0x78, 0x83, 0x78, 0x83, 0x78, 0x83, 0x70, 0x83, 
	0x48, 0x41, 0x08, 0x01, 0x00, 0x01, 0x00, 0x01, 
	0x20, 0x01, 0x88, 0x01, 0xb0, 0x01, 0xb0, 0x01, 
	0xb0, 0x01, 0xb0, 0x01, 0xb0, 0x01, 0xb0, 0x01, 
	0xb1, 0x01, 0xc4, 0x43, 0xef, 0x05, 0xf7, 0x87, 
	0xf7, 0x85, 0xef, 0x47, 0xe7, 0x0c, 0xde, 0x92, 
	0xef, 0x0b, 0xef, 0x47, 0xf7, 0x85, 0xff, 0xc7, 
	0xe6, 0xc5, 0xbb, 0xc3, 0xb0, 0xc1, 0xb0, 0x01, 
	0xb0, 0x01, 0xb0, 0x01, 0xb0, 0x01, 0xb0, 0x01, 
	0xb0, 0x01, 0xb0, 0x01, 0xa8, 0x01, 0x50, 0x01, 
	0x00, 0x01, 0x18, 0x01, 0x58, 0x43, 0x78, 0x83, 
	0x78, 0x83, 0x78, 0x83, 0x80, 0x83, 0x88, 0x83, 
	0x70, 0x83, 0x38, 0x01, 0x10, 0x01, 0x00, 0x01, 
	0x00, 0x01, 0x00, 0x01, 0x00, 0x01, 0x00, 0x01, 
	0x00, 0x01, 0x31, 0x41, 0xbd, 0x83, 0xef, 0x05, 
	0xef, 0x45, 0xf7, 0x85, 0xef, 0x05, 0xd5, 0x45, 
	0x9a, 0x83, 0x80, 0xc3, 0x78, 0x83, 0x78, 0x83, 
	0x70, 0x83, 0x48, 0x41, 0x08, 0x01, 0x00, 0x01, 
	0x58, 0x01, 0xa8, 0x01, 0xb0, 0x01, 0xb0, 0x01, 
	0xb0, 0x01, 0xb0, 0x01, 0xb0, 0x01, 0xb0, 0x01, 
	0xb0, 0x01, 0xb1, 0x01, 0xc4, 0x43, 0xef, 0x05, 
	0xff, 0xc7, 0xf7, 0x85, 0xef, 0x47, 0xe7, 0x0c, 
	0xef, 0x07, 0xf7, 0x85, 0xff, 0x87, 0xef, 0x05, 
	0xb3, 0xc3, 0xa8, 0xc1, 0xa8, 0x01, 0xb0, 0x01, 
	0xb0, 0x01, 0xb0, 0x01, 0xb0, 0x01, 0xb0, 0x01, 
	0xb0, 0x01, 0xb0, 0x01, 0xb0, 0x01, 0x88, 0x01, 
	0x20, 0x01, 0x50, 0x41, 0x78, 0x83, 0x78, 0x83, 
	0x78, 0x83, 0x88, 0x83, 0x88, 0x83, 0x48, 0x41, 
	0x10, 0x01, 0x00, 0x01, 0x00, 0x01, 0x00, 0x01, 
	0x00, 0x01, 0x00, 0x01, 0x00, 0x01, 0x00, 0x01, 
	0x00, 0x01, 0x00, 0x01, 0x73, 0x41, 0xde, 0xc5, 
	0xef, 0x45, 0xf7, 0x85, 0xf7, 0x85, 0xef, 0x05, 
	0xde, 0x05, 0xb3, 0x85, 0x89, 0x03, 0x78, 0x83, 
	0x78, 0x83, 0x70, 0x83, 0x38, 0x01, 0x20, 0x01, 
	0x90, 0x01, 0xb0, 0x01, 0xb0, 0x01, 0xb0, 0x01, 
	0xb0, 0x01, 0xb0, 0x01, 0xa8, 0x01, 0xa8, 0x01, 
	0xa0, 0x01, 0xa0, 0x01, 0x99, 0x01, 0xbc, 0x83, 
	0xf7, 0x45, 0xff, 0x87, 0xf7, 0x45, 0xe7, 0x07, 
	0xef, 0x47, 0xf7, 0x85, 0xf7, 0x87, 0xcd, 0xc3, 
	0x9a, 0x03, 0x78, 0x83, 0x80, 0x43, 0x80, 0x43, 
	0x88, 0x43, 0x88, 0x43, 0x90, 0x41, 0x98, 0x41, 
	0x98, 0x41, 0x98, 0x41, 0xa0, 0x41, 0x98, 0x01, 
	0x60, 0x41, 0x70, 0x83, 0x78, 0x83, 0x78, 0x83, 
	0x88, 0x83, 0x90, 0x83, 0x40, 0x01, 0x00, 0x01, 
	0x00, 0x01, 0x00, 0x01, 0x00, 0x01, 0x00, 0x01, 
	0x00, 0x01, 0x00, 0x01, 0x00, 0x01, 0x00, 0x01, 
	0x00, 0x01, 0x00, 0x01, 0x31, 0x41, 0xbd, 0xc3, 
	0xef, 0x45, 0xf7, 0x85, 0xf7, 0x45, 0xef, 0x05, 
	0xe7, 0x05, 0xe6, 0x85, 0xc4, 0x05, 0x89, 0x03, 
	0x78, 0x83, 0x78, 0x83, 0x68, 0x83, 0x60, 0x41, 
	0x98, 0x41, 0x98, 0x41, 0x90, 0x41, 0x88, 0x41, 
	0x80, 0x41, 0x78, 0x41, 0x78, 0x43, 0x70, 0x43, 
	0x68, 0x43, 0x68, 0x43, 0x68, 0x83, 0x91, 0xc3, 
	0xde, 0x45, 0xff, 0xc7, 0xf7, 0x85, 0xe7, 0x07, 
	0xef, 0x47, 0xf7, 0x87, 0xf7, 0x87, 0xbd, 0x03, 
	0xa9, 0x81, 0x80, 0x83, 0x78, 0x83, 0x78, 0x83, 
	0x78, 0x83, 0x78, 0x83, 0x78, 0x83, 0x78, 0x83, 
	0x78, 0x83, 0x78, 0x83, 0x78, 0x83, 0x78, 0x83, 
	0x78, 0x83, 0x78, 0x83, 0x78, 0x83, 0x88, 0x83, 
	0x98, 0xc3, 0x40, 0x01, 0x00, 0x01, 0x00, 0x01, 
	0x00, 0x01, 0x00, 0x01, 0x00, 0x01, 0x00, 0x01, 
	0x00, 0x01, 0x00, 0x01, 0x00, 0x01, 0x00, 0x01, 
	0x00, 0x01, 0x00, 0x01, 0x08, 0x41, 0x8c, 0x43, 
	0xf7, 0x45, 0xf7, 0x85, 0xf7, 0x45, 0xef, 0x05, 
	0xef, 0x05, 0xef, 0x05, 0xee, 0x85, 0xcb, 0xc5, 
	0x88, 0xc3, 0x78, 0x83, 0x78, 0x83, 0x78, 0x83, 
	0x78, 0x83, 0x78, 0x83, 0x78, 0x83, 0x78, 0x83, 
	0x78, 0x83, 0x78, 0x83, 0x78, 0x83, 0x78, 0x83, 
	0x78, 0x83, 0x78, 0x83, 0x88, 0x83, 0xa9, 0x41, 
	0xd5, 0xc3, 0xff, 0x87, 0xf7, 0x85, 0xef, 0x07, 
	0xef, 0x47, 0xf7, 0x85, 0xf7, 0x87, 0xbd, 0x03, 
	0xb1, 0x41, 0xa8, 0x41, 0x88, 0x83, 0x78, 0x83, 
	0x78, 0x83, 0x78, 0x83, 0x78, 0x83, 0x78, 0x83, 
	0x78, 0x83, 0x78, 0x83, 0x78, 0x83, 0x78, 0x83, 
	0x78, 0x83, 0x78, 0x83, 0x80, 0x83, 0xa0, 0xc5, 
	0x50, 0x41, 0x00, 0x01, 0x00, 0x01, 0x00, 0x01, 
	0x00, 0x01, 0x00, 0x01, 0x00, 0x01, 0x00, 0x01, 
	0x00, 0x01, 0x00, 0x01, 0x00, 0x01, 0x00, 0x01, 
	0x00, 0x01, 0x00, 0x01, 0x00, 0x01, 0x4a, 0x41, 
	0xe7, 0x05, 0xf7, 0x85, 0xf7, 0x45, 0xf7, 0x45, 
	0xef, 0x45, 0xef, 0x05, 0xef, 0x05, 0xee, 0x45, 
	0xba, 0xc5, 0x80, 0x83, 0x78, 0x83, 0x78, 0x83, 
	0x78, 0x83, 0x78, 0x83, 0x78, 0x83, 0x78, 0x83, 
	0x78, 0x83, 0x78, 0x83, 0x78, 0x83, 0x78, 0x83, 
	0x78, 0x83, 0x88, 0x83, 0xa8, 0x41, 0xb1, 0x01, 
	0xd5, 0xc3, 0xf7, 0x87, 0xf7, 0x85, 0xef, 0x07, 
	0xef, 0x47, 0xf7, 0x87, 0xf7, 0x85, 0xbd, 0x03, 
	0xb1, 0x41, 0xb0, 0x01, 0xa8, 0x41, 0x88, 0x83, 
	0x78, 0x83, 0x78, 0x83, 0x78, 0x83, 0x78, 0x83, 
	0x78, 0x83, 0x78, 0x83, 0x78, 0x83, 0x78, 0x83, 
	0x78, 0x83, 0x78, 0x83, 0x98, 0xc3, 0x70, 0x43, 
	0x10, 0x01, 0x00, 0x01, 0x00, 0x01, 0x00, 0x01, 
	0x00, 0x01, 0x00, 0x01, 0x00, 0x01, 0x00, 0x01, 
	0x00, 0x01, 0x00, 0x01, 0x00, 0x01, 0x00, 0x01, 
	0x00, 0x01, 0x00, 0x01, 0x00, 0x01, 0x21, 0x01, 
	0xc6, 0x05, 0xff, 0x87, 0xf7, 0x87, 0xf7, 0x85, 
	0xef, 0x05, 0xe7, 0x05, 0xef, 0x05, 0xf7, 0x45, 
	0xe5, 0x85, 0x99, 0x45, 0x78, 0x83, 0x78, 0x83, 
	0x78, 0x83, 0x78, 0x83, 0x78, 0x83, 0x78, 0x83, 
	0x78, 0x83, 0x78, 0x83, 0x78, 0x83, 0x78, 0x83, 
	0x88, 0x83, 0xa8, 0x41, 0xb0, 0x01, 0xb1, 0x01, 
	0xd5, 0xc5, 0xf7, 0x87, 0xf7, 0x85, 0xef, 0x07, 
	0xef, 0x47, 0xf7, 0x87, 0xf7, 0x87, 0xbd, 0x03, 
	0xb1, 0x41, 0xb0, 0x01, 0xb0, 0x01, 0xa8, 0x41, 
	0x90, 0x83, 0x78, 0x83, 0x78, 0x83, 0x78, 0x83, 
	0x78, 0x83, 0x78, 0x83, 0x78, 0x83, 0x78, 0x83, 
	0x78, 0x83, 0x88, 0x83, 0x98, 0x83, 0x28, 0x01, 
	0x00, 0x01, 0x00, 0x01, 0x00, 0x01, 0x00, 0x01, 
	0x00, 0x01, 0x00, 0x01, 0x00, 0x01, 0x00, 0x01, 
	0x00, 0x01, 0x00, 0x01, 0x00, 0x01, 0x00, 0x01, 
	0x00, 0x01, 0x00, 0x01, 0x00, 0x01, 0x08, 0x41, 
	0x94, 0x83, 0xf7, 0x45, 0xff, 0x87, 0xf7, 0x87, 
	0xef, 0x45, 0xe7, 0x05, 0xef, 0x05, 0xf7, 0x45, 
	0xef, 0x05, 0xcb, 0xc5, 0x80, 0xc3, 0x78, 0x83, 
	0x78, 0x83, 0x78, 0x83, 0x78, 0x83, 0x78, 0x83, 
	0x78, 0x83, 0x78, 0x83, 0x78, 0x83, 0x88, 0x83, 
	0xa8, 0x41, 0xb0, 0x01, 0xb0, 0x01, 0xb1, 0x41, 
	0xd5, 0xc5, 0xf7, 0x87, 0xf7, 0x85, 0xef, 0x07, 
	0xef, 0x47, 0xf7, 0x85, 0xf7, 0x85, 0xbd, 0x03, 
	0xb1, 0x41, 0xb0, 0x01, 0xb0, 0x01, 0xb0, 0x01, 
	0xa8, 0x41, 0x90, 0x83, 0x78, 0x83, 0x78, 0x83, 
	0x78, 0x83, 0x78, 0x83, 0x78, 0x83, 0x78, 0x83, 
	0x78, 0x83, 0xa0, 0xc5, 0x68, 0x43, 0x00, 0x01, 
	0x00, 0x01, 0x00, 0x01, 0x00, 0x01, 0x00, 0x01, 
	0x00, 0x01, 0x00, 0x01, 0x00, 0x01, 0x00, 0x01, 
	0x00, 0x01, 0x00, 0x01, 0x00, 0x01, 0x00, 0x01, 
	0x00, 0x01, 0x00, 0x01, 0x00, 0x01, 0x00, 0x01, 
	0x73, 0x41, 0xe7, 0x05, 0xff, 0x87, 0xf7, 0x87, 
	0xef, 0x45, 0xef, 0x05, 0xef, 0x45, 0xf7, 0x45, 
	0xf7, 0x45, 0xe5, 0xc5, 0xa1, 0x85, 0x78, 0x83, 
	0x78, 0x83, 0x78, 0x83, 0x78, 0x83, 0x78, 0x83, 
	0x78, 0x83, 0x78, 0x83, 0x88, 0x83, 0xa8, 0x01, 
	0xb0, 0x01, 0xb0, 0x01, 0xb0, 0x01, 0xb1, 0x41, 
	0xd5, 0xc3, 0xf7, 0x87, 0xf7, 0x45, 0xef, 0x07, 
	0xef, 0x47, 0xf7, 0x85, 0xf7, 0x85, 0xbd, 0x03, 
	0xb1, 0x41, 0xb0, 0x01, 0xb0, 0x01, 0xb0, 0x01, 
	0xb0, 0x01, 0xb0, 0x01, 0x90, 0x83, 0x78, 0x83, 
	0x78, 0x83, 0x78, 0x83, 0x78, 0x83, 0x78, 0x83, 
	0x80, 0x83, 0xa0, 0xc3, 0x30, 0x01, 0x00, 0x01, 
	0x00, 0x01, 0x00, 0x01, 0x00, 0x01, 0x00, 0x01, 
	0x00, 0x01, 0x00, 0x01, 0x00, 0x01, 0x00, 0x01, 
	0x00, 0x01, 0x00, 0x01, 0x00, 0x01, 0x00, 0x01, 
	0x00, 0x01, 0x00, 0x01, 0x00, 0x01, 0x00, 0x01, 
	0x52, 0x81, 0xde, 0xc5, 0xff, 0x87, 0xff, 0x87, 
	0xf7, 0x85, 0xef, 0x45, 0xef, 0x45, 0xef, 0x45, 
	0xef, 0x45, 0xef, 0x05, 0xc3, 0x45, 0x80, 0x83, 
	0x78, 0x83, 0x78, 0x83, 0x78, 0x83, 0x78, 0x83, 
	0x78, 0x83, 0x88, 0x83, 0xa8, 0x01, 0xb0, 0x01, 
	0xb0, 0x01, 0xb0, 0x01, 0xb0, 0x01, 0xb1, 0x01, 
	0xd5, 0xc3, 0xf7, 0x85, 0xf7, 0x85, 0xef, 0x07, 
	0xef, 0x47, 0xf7, 0x85, 0xf7, 0x87, 0xbd, 0x03, 
	0xb1, 0x41, 0xb0, 0x01, 0xb0, 0x01, 0xb0, 0x01, 
	0xb0, 0x01, 0xb0, 0x01, 0xb0, 0x01, 0x90, 0x43, 
	0x78, 0x83, 0x78, 0x83, 0x78, 0x83, 0x78, 0x83, 
	0x90, 0x83, 0x80, 0x83, 0x10, 0x01, 0x00, 0x01, 
	0x00, 0x01, 0x00, 0x01, 0x00, 0x01, 0x00, 0x01, 
	0x00, 0x01, 0x00, 0x01, 0x00, 0x01, 0x00, 0x01, 
	0x00, 0x01, 0x00, 0x01, 0x00, 0x01, 0x00, 0x01, 
	0x00, 0x01, 0x00, 0x01, 0x00, 0x01, 0x00, 0x01, 
	0x42, 0x01, 0xde, 0xc5, 0xff, 0xc7, 0xff, 0xc7, 
	0xf7, 0x85, 0xef, 0x45, 0xef, 0x05, 0xef, 0x05, 
	0xef, 0x45, 0xef, 0x45, 0xd4, 0x85, 0x88, 0xc3, 
	0x78, 0x83, 0x78, 0x83, 0x78, 0x83, 0x78, 0x83, 
	0x88, 0x43, 0xa8, 0x01, 0xb0, 0x01, 0xb0, 0x01, 
	0xb0, 0x01, 0xb0, 0x01, 0xb0, 0x01, 0xb1, 0x41, 
	0xd5, 0xc5, 0xff, 0x87, 0xf7, 0x85, 0xef, 0x07, 
	0xef, 0x47, 0xf7, 0x85, 0xf7, 0x87, 0xbd, 0x03, 
	0xb1, 0x41, 0xb0, 0x01, 0xb0, 0x01, 0xb0, 0x01, 
	0xb0, 0x01, 0xb0, 0x01, 0xb0, 0x01, 0xb0, 0x01, 
	0x90, 0x43, 0x78, 0x83, 0x78, 0x83, 0x78, 0x83, 
	0x98, 0xc3, 0x60, 0x41, 0x00, 0x01, 0x00, 0x01, 
	0x00, 0x01, 0x00, 0x01, 0x00, 0x01, 0x00, 0x01, 
	0x00, 0x01, 0x00, 0x01, 0x00, 0x01, 0x00, 0x01, 
	0x00, 0x01, 0x00, 0x01, 0x00, 0x01, 0x00, 0x01, 
	0x00, 0x01, 0x00, 0x01, 0x00, 0x01, 0x00, 0x01, 
	0x39, 0xc1, 0xde, 0x85, 0xff, 0xc7, 0xff, 0x87, 
	0xf7, 0x85, 0xef, 0x45, 0xef, 0x05, 0xef, 0x05, 
	0xef, 0x05, 0xef, 0x45, 0xe5, 0xc5, 0x99, 0x43, 
	0x78, 0x83, 0x78, 0x83, 0x78, 0x83, 0x88, 0x43, 
	0xa8, 0x01, 0xb0, 0x01, 0xb0, 0x01, 0xb0, 0x01, 
	0xb0, 0x01, 0xb0, 0x01, 0xb0, 0x01, 0xb1, 0x41, 
	0xd5, 0xc3, 0xff, 0x87, 0xf7, 0x85, 0xef, 0x07, 
	0xef, 0x47, 0xf7, 0x87, 0xf7, 0x87, 0xbd, 0x03, 
	0xb1, 0x41, 0xb0, 0x01, 0xb0, 0x01, 0xb0, 0x01, 
	0xa8, 0x01, 0xa8, 0x01, 0x98, 0x01, 0x88, 0x01, 
	0x68, 0x01, 0x68, 0x43, 0x78, 0x83, 0x78, 0x83, 
	0x98, 0xc3, 0x40, 0x01, 0x00, 0x01, 0x00, 0x01, 
	0x00, 0x01, 0x00, 0x01, 0x00, 0x01, 0x00, 0x01, 
	0x00, 0x01, 0x00, 0x01, 0x00, 0x01, 0x00, 0x01, 
	0x00, 0x01, 0x00, 0x01, 0x00, 0x01, 0x00, 0x01, 
	0x00, 0x01, 0x00, 0x01, 0x00, 0x01, 0x00, 0x01, 
	0x31, 0x81, 0xd6, 0x85, 0xff, 0x87, 0xf7, 0x85, 
	0xef, 0x45, 0xe7, 0x05, 0xe6, 0xc5, 0xe7, 0x05, 
	0xe7, 0x05, 0xef, 0x05, 0xe6, 0x85, 0xaa, 0x05, 
	0x78, 0x83, 0x78, 0x83, 0x68, 0x43, 0x88, 0x01, 
	0xa8, 0x01, 0xb0, 0x01, 0xb0, 0x01, 0xb0, 0x01, 
	0xb0, 0x01, 0xb0, 0x01, 0xb0, 0x01, 0xb1, 0x01, 
	0xd5, 0xc3, 0xff, 0x87, 0xf7, 0x85, 0xef, 0x07, 
	0xef, 0x47, 0xf7, 0x87, 0xf7, 0x87, 0xbd, 0x03, 
	0xa9, 0x41, 0xa8, 0x01, 0x98, 0x01, 0x88, 0x01, 
	0x68, 0x01, 0x48, 0x01, 0x28, 0x01, 0x18, 0x01, 
	0x10, 0x01, 0x58, 0x43, 0x78, 0x83, 0x78, 0x83, 
	0x90, 0x83, 0x28, 0x01, 0x00, 0x01, 0x00, 0x01, 
	0x00, 0x01, 0x00, 0x01, 0x00, 0x01, 0x00, 0x01, 
	0x00, 0x01, 0x00, 0x01, 0x00, 0x01, 0x00, 0x01, 
	0x00, 0x01, 0x00, 0x01, 0x00, 0x01, 0x00, 0x01, 
	0x00, 0x01, 0x00, 0x01, 0x00, 0x01, 0x00, 0x01, 
	0x31, 0x81, 0xd6, 0x85, 0xff, 0x87, 0xf7, 0x85, 
	0xef, 0x05, 0xe6, 0xc5, 0xe6, 0xc5, 0xe6, 0xc5, 
	0xe6, 0xc5, 0xe6, 0xc5, 0xe6, 0x85, 0xb2, 0xc5, 
	0x78, 0x83, 0x78, 0x83, 0x60, 0x43, 0x20, 0x01, 
	0x40, 0x01, 0x70, 0x01, 0x90, 0x01, 0xa8, 0x01, 
	0xb0, 0x01, 0xb0, 0x01, 0xb0, 0x01, 0xb1, 0x01, 
	0xd5, 0xc3, 0xff, 0x87, 0xf7, 0x85, 0xef, 0x07, 
	0xef, 0x47, 0xf7, 0x87, 0xf7, 0x87, 0xbd, 0x03, 
	0x81, 0x81, 0x58, 0x01, 0x30, 0x01, 0x18, 0x01, 
	0x08, 0x01, 0x00, 0x01, 0x00, 0x01, 0x00, 0x01, 
	0x10, 0x01, 0x60, 0x43, 0x78, 0x83, 0x78, 0x83, 
	0x88, 0x83, 0x20, 0x01, 0x00, 0x01, 0x00, 0x01, 
	0x00, 0x01, 0x00, 0x01, 0x00, 0x01, 0x00, 0x01, 
	0x00, 0x01, 0x00, 0x01, 0x00, 0x01, 0x00, 0x01, 
	0x00, 0x01, 0x00, 0x01, 0x00, 0x01, 0x00, 0x01, 
	0x00, 0x01, 0x00, 0x01, 0x00, 0x01, 0x00, 0x01, 
	0x31, 0x81, 0xd6, 0x85, 0xff, 0x87, 0xf7, 0x85, 
	0xef, 0x45, 0xe7, 0x05, 0xe6, 0xc5, 0xe6, 0xc5, 
	0xe6, 0xc5, 0xe6, 0xc5, 0xe6, 0x85, 0xab, 0x05, 
	0x78, 0x83, 0x78, 0x83, 0x68, 0x43, 0x10, 0x01, 
	0x00, 0x01, 0x00, 0x01, 0x20, 0x01, 0x48, 0x01, 
	0x88, 0x01, 0xb0, 0x41, 0xb8, 0x41, 0xb1, 0x01, 
	0xd5, 0xc5, 0xff, 0xc7, 0xf7, 0x85, 0xef, 0x07, 
	
};

Gfx castle_inside_dl_bottombottomfell_rgba16_aligner[] = {gsSPEndDisplayList()};
u8 castle_inside_dl_bottombottomfell_rgba16[] = {
	0x08, 0x43, 0x08, 0x43, 0x08, 0x43, 0x08, 0x43, 
	0x08, 0x43, 0x08, 0x43, 0x10, 0x85, 0x08, 0x43, 
	0x08, 0x43, 0x08, 0x43, 0x08, 0x43, 0x08, 0x43, 
	0x08, 0x43, 0x08, 0x43, 0x08, 0x43, 0x08, 0x43, 
	0x08, 0x43, 0x08, 0x43, 0x08, 0x43, 0x08, 0x43, 
	0x08, 0x43, 0x08, 0x43, 0x08, 0x43, 0x08, 0x43, 
	0x08, 0x43, 0x08, 0x43, 0x10, 0x85, 0x08, 0x43, 
	0x08, 0x43, 0x08, 0x43, 0x08, 0x43, 0x08, 0x43, 
	0x08, 0x43, 0x10, 0x85, 0x08, 0x43, 0x08, 0x43, 
	0x08, 0x43, 0x08, 0x43, 0x10, 0x85, 0x08, 0x43, 
	0x08, 0x43, 0x08, 0x43, 0x08, 0x43, 0x08, 0x43, 
	0x08, 0x43, 0x08, 0x43, 0x08, 0x43, 0x08, 0x43, 
	0x08, 0x43, 0x08, 0x43, 0x08, 0x43, 0x08, 0x43, 
	0x08, 0x43, 0x08, 0x43, 0x08, 0x43, 0x08, 0x43, 
	0x08, 0x43, 0x08, 0x43, 0x10, 0x85, 0x08, 0x43, 
	0x08, 0x43, 0x08, 0x43, 0x10, 0x85, 0x08, 0x43, 
	0x08, 0x43, 0x08, 0x43, 0x08, 0x43, 0x08, 0x43, 
	0x08, 0x43, 0x08, 0x43, 0x08, 0x43, 0x10, 0x85, 
	0x08, 0x43, 0x08, 0x43, 0x08, 0x43, 0x08, 0x43, 
	0x08, 0x43, 0x08, 0x43, 0x08, 0x43, 0x08, 0x43, 
	0x10, 0x85, 0x08, 0x43, 0x08, 0x43, 0x08, 0x43, 
	0x08, 0x43, 0x08, 0x43, 0x10, 0x85, 0x08, 0x43, 
	0x08, 0x43, 0x08, 0x43, 0x08, 0x43, 0x08, 0x43, 
	0x08, 0x43, 0x08, 0x43, 0x08, 0x43, 0x08, 0x43, 
	0x08, 0x43, 0x10, 0x85, 0x08, 0x43, 0x08, 0x43, 
	0x08, 0x43, 0x08, 0x43, 0x10, 0x85, 0x08, 0x43, 
	0x10, 0x85, 0x08, 0x43, 0x08, 0x43, 0x08, 0x43, 
	0x08, 0x43, 0x08, 0x43, 0x08, 0x43, 0x08, 0x43, 
	0x08, 0x43, 0x10, 0x85, 0x08, 0x43, 0x08, 0x43, 
	0x08, 0x43, 0x08, 0x43, 0x08, 0x43, 0x08, 0x43, 
	0x08, 0x43, 0x08, 0x43, 0x08, 0x43, 0x08, 0x43, 
	0x08, 0x43, 0x10, 0x85, 0x08, 0x43, 0x08, 0x43, 
	0x08, 0x43, 0x08, 0x43, 0x08, 0x43, 0x08, 0x43, 
	0x08, 0x43, 0x10, 0x85, 0x08, 0x43, 0x08, 0x43, 
	0x08, 0x43, 0x08, 0x43, 0x08, 0x43, 0x08, 0x43, 
	0x08, 0x43, 0x08, 0x43, 0x08, 0x43, 0x08, 0x43, 
	0x08, 0x43, 0x08, 0x43, 0x08, 0x43, 0x08, 0x43, 
	0x08, 0x43, 0x10, 0x85, 0x08, 0x43, 0x08, 0x43, 
	0x08, 0x43, 0x08, 0x43, 0x08, 0x43, 0x08, 0x43, 
	0x08, 0x43, 0x08, 0x43, 0x08, 0x43, 0x08, 0x43, 
	0x08, 0x43, 0x08, 0x43, 0x08, 0x43, 0x08, 0x43, 
	0x08, 0x43, 0x08, 0x43, 0x08, 0x43, 0x08, 0x43, 
	0x08, 0x43, 0x08, 0x43, 0x08, 0x43, 0x08, 0x43, 
	0x08, 0x43, 0x08, 0x43, 0x08, 0x43, 0x08, 0x43, 
	0x08, 0x43, 0x08, 0x43, 0x08, 0x43, 0x08, 0x43, 
	0x08, 0x43, 0x08, 0x43, 0x08, 0x43, 0x10, 0x85, 
	0x08, 0x43, 0x08, 0x43, 0x08, 0x43, 0x08, 0x43, 
	0x10, 0x85, 0x08, 0x43, 0x08, 0x43, 0x08, 0x43, 
	0x08, 0x43, 0x08, 0x43, 0x08, 0x43, 0x08, 0x43, 
	0x08, 0x43, 0x10, 0x85, 0x10, 0x85, 0x10, 0x85, 
	0x08, 0x43, 0x08, 0x43, 0x08, 0x43, 0x08, 0x43, 
	0x08, 0x43, 0x08, 0x43, 0x08, 0x43, 0x08, 0x43, 
	0x08, 0x43, 0x08, 0x43, 0x10, 0x85, 0x08, 0x43, 
	0x08, 0x43, 0x08, 0x43, 0x08, 0x43, 0x08, 0x43, 
	0x08, 0x43, 0x08, 0x43, 0x08, 0x43, 0x08, 0x43, 
	0x08, 0x43, 0x10, 0x85, 0x08, 0x43, 0x08, 0x43, 
	0x08, 0x43, 0x08, 0x43, 0x08, 0x43, 0x08, 0x43, 
	0x08, 0x43, 0x08, 0x43, 0x08, 0x43, 0x10, 0x85, 
	0x08, 0x43, 0x08, 0x43, 0x08, 0x43, 0x08, 0x43, 
	0x08, 0x43, 0x08, 0x43, 0x08, 0x43, 0x08, 0x43, 
	0x08, 0x43, 0x08, 0x43, 0x08, 0x43, 0x08, 0x43, 
	0x08, 0x43, 0x08, 0x43, 0x08, 0x43, 0x08, 0x43, 
	0x08, 0x43, 0x08, 0x43, 0x08, 0x43, 0x08, 0x43, 
	0x08, 0x43, 0x08, 0x43, 0x08, 0x43, 0x08, 0x43, 
	0x08, 0x43, 0x08, 0x43, 0x08, 0x43, 0x08, 0x43, 
	0x08, 0x43, 0x08, 0x43, 0x10, 0x85, 0x08, 0x43, 
	0x08, 0x43, 0x08, 0x43, 0x08, 0x43, 0x08, 0x43, 
	0x08, 0x43, 0x08, 0x43, 0x08, 0x43, 0x08, 0x43, 
	0x10, 0x85, 0x08, 0x43, 0x08, 0x43, 0x08, 0x43, 
	0x08, 0x43, 0x08, 0x43, 0x08, 0x43, 0x08, 0x43, 
	0x08, 0x43, 0x08, 0x43, 0x08, 0x43, 0x08, 0x43, 
	0x08, 0x43, 0x08, 0x43, 0x08, 0x43, 0x08, 0x43, 
	0x10, 0x85, 0x08, 0x43, 0x08, 0x43, 0x10, 0x85, 
	0x08, 0x43, 0x08, 0x43, 0x08, 0x43, 0x08, 0x43, 
	0x08, 0x43, 0x08, 0x43, 0x08, 0x43, 0x08, 0x43, 
	0x08, 0x43, 0x08, 0x43, 0x08, 0x43, 0x08, 0x43, 
	0x08, 0x43, 0x08, 0x43, 0x08, 0x43, 0x08, 0x43, 
	0x08, 0x43, 0x08, 0x43, 0x08, 0x43, 0x08, 0x43, 
	0x08, 0x43, 0x08, 0x43, 0x08, 0x43, 0x08, 0x43, 
	0x08, 0x43, 0x08, 0x43, 0x08, 0x43, 0x08, 0x43, 
	0x08, 0x43, 0x08, 0x43, 0x08, 0x43, 0x08, 0x43, 
	0x08, 0x43, 0x10, 0x85, 0x08, 0x43, 0x08, 0x43, 
	0x08, 0x43, 0x08, 0x43, 0x08, 0x43, 0x08, 0x43, 
	0x08, 0x43, 0x08, 0x43, 0x10, 0x85, 0x08, 0x43, 
	0x08, 0x43, 0x08, 0x43, 0x08, 0x43, 0x08, 0x43, 
	0x08, 0x43, 0x10, 0x85, 0x08, 0x43, 0x08, 0x43, 
	0x08, 0x43, 0x08, 0x43, 0x08, 0x43, 0x08, 0x43, 
	0x08, 0x43, 0x08, 0x43, 0x08, 0x43, 0x08, 0x43, 
	0x08, 0x43, 0x08, 0x43, 0x08, 0x43, 0x10, 0x85, 
	0x08, 0x43, 0x08, 0x43, 0x08, 0x43, 0x08, 0x43, 
	0x08, 0x43, 0x08, 0x43, 0x10, 0x43, 0x08, 0x43, 
	0x08, 0x43, 0x10, 0x85, 0x08, 0x43, 0x08, 0x43, 
	0x08, 0x43, 0x08, 0x43, 0x08, 0x43, 0x08, 0x43, 
	0x08, 0x43, 0x08, 0x43, 0x08, 0x43, 0x08, 0x43, 
	0x10, 0x85, 0x08, 0x43, 0x08, 0x43, 0x08, 0x43, 
	0x08, 0x43, 0x08, 0x43, 0x10, 0x83, 0x30, 0x83, 
	0x10, 0x83, 0x08, 0x43, 0x08, 0x43, 0x08, 0x43, 
	0x08, 0x43, 0x08, 0x43, 0x08, 0x43, 0x08, 0x43, 
	0x08, 0x43, 0x08, 0x43, 0x10, 0x85, 0x08, 0x43, 
	0x08, 0x43, 0x08, 0x43, 0x08, 0x43, 0x18, 0x83, 
	0x10, 0x83, 0x10, 0x43, 0x08, 0x43, 0x08, 0x43, 
	0x08, 0x43, 0x08, 0x43, 0x08, 0x43, 0x08, 0x43, 
	0x08, 0x43, 0x08, 0x43, 0x08, 0x43, 0x08, 0x43, 
	0x08, 0x43, 0x08, 0x43, 0x08, 0x43, 0x08, 0x43, 
	0x08, 0x43, 0x08, 0x43, 0x08, 0x43, 0x08, 0x43, 
	0x08, 0x43, 0x08, 0x43, 0x08, 0x43, 0x08, 0x43, 
	0x10, 0x83, 0x30, 0xc3, 0x38, 0xc3, 0x18, 0x85, 
	0x08, 0x43, 0x08, 0x43, 0x08, 0x43, 0x08, 0x43, 
	0x08, 0x43, 0x08, 0x43, 0x08, 0x43, 0x08, 0x43, 
	0x08, 0x43, 0x08, 0x43, 0x08, 0x43, 0x10, 0x85, 
	0x08, 0x43, 0x10, 0x85, 0x08, 0x43, 0x08, 0x43, 
	0x18, 0x83, 0x30, 0xc3, 0x48, 0xc3, 0x61, 0x03, 
	0x40, 0xc3, 0x18, 0x83, 0x08, 0x43, 0x08, 0x43, 
	0x08, 0x43, 0x08, 0x43, 0x08, 0x43, 0x08, 0x43, 
	0x08, 0x43, 0x08, 0x43, 0x08, 0x43, 0x08, 0x43, 
	0x08, 0x43, 0x10, 0x83, 0x38, 0xc3, 0x50, 0xc3, 
	0x48, 0xc3, 0x30, 0xc3, 0x18, 0x83, 0x10, 0x43, 
	0x08, 0x43, 0x08, 0x43, 0x08, 0x43, 0x08, 0x43, 
	0x08, 0x43, 0x08, 0x43, 0x08, 0x43, 0x08, 0x43, 
	0x08, 0x43, 0x08, 0x43, 0x08, 0x43, 0x10, 0x85, 
	0x08, 0x43, 0x08, 0x43, 0x08, 0x43, 0x10, 0x85, 
	0x08, 0x43, 0x08, 0x43, 0x10, 0x85, 0x20, 0x83, 
	0x48, 0xc3, 0x59, 0x03, 0x59, 0x03, 0x48, 0xc3, 
	0x20, 0x83, 0x10, 0x83, 0x08, 0x43, 0x08, 0x43, 
	0x08, 0x43, 0x08, 0x43, 0x08, 0x43, 0x08, 0x43, 
	0x08, 0x43, 0x08, 0x43, 0x08, 0x43, 0x08, 0x43, 
	0x10, 0x85, 0x10, 0x43, 0x20, 0x83, 0x38, 0xc3, 
	0x51, 0x03, 0x59, 0x03, 0x59, 0x03, 0x59, 0x03, 
	0x79, 0x43, 0x61, 0x03, 0x30, 0x83, 0x10, 0x43, 
	0x08, 0x43, 0x08, 0x43, 0x08, 0x43, 0x08, 0x43, 
	0x08, 0x43, 0x08, 0x43, 0x10, 0x85, 0x20, 0x83, 
	0x48, 0xc3, 0x69, 0x03, 0x79, 0x43, 0x81, 0x43, 
	0x81, 0x43, 0x79, 0x43, 0x71, 0x43, 0x59, 0x03, 
	0x38, 0xc3, 0x10, 0x85, 0x08, 0x43, 0x08, 0x43, 
	0x08, 0x43, 0x08, 0x43, 0x08, 0x43, 0x08, 0x43, 
	0x08, 0x43, 0x10, 0x85, 0x08, 0x43, 0x08, 0x43, 
	0x08, 0x43, 0x08, 0x43, 0x08, 0x43, 0x10, 0x85, 
	0x10, 0x43, 0x20, 0x83, 0x51, 0x03, 0x59, 0x03, 
	0x79, 0x43, 0x79, 0x43, 0x81, 0x43, 0x79, 0x43, 
	0x79, 0x43, 0x69, 0x03, 0x51, 0x03, 0x38, 0xc3, 
	0x28, 0x83, 0x18, 0x83, 0x18, 0x83, 0x10, 0x83, 
	0x10, 0x83, 0x18, 0x83, 0x20, 0x85, 0x28, 0x83, 
	0x48, 0xc3, 0x61, 0x03, 0x71, 0x43, 0x79, 0x43, 
	0x79, 0x43, 0x81, 0x43, 0x79, 0x43, 0x79, 0x43, 
	0x71, 0x43, 0x71, 0x43, 0x61, 0x03, 0x40, 0xc3, 
	0x18, 0x83, 0x10, 0x83, 0x10, 0x43, 0x10, 0x83, 
	0x28, 0x83, 0x40, 0xc3, 0x51, 0x03, 0x69, 0x43, 
	0x71, 0x43, 0x71, 0x43, 0x71, 0x03, 0x79, 0x43, 
	0x71, 0x03, 0x71, 0x43, 0x71, 0x43, 0x71, 0x43, 
	0x69, 0x03, 0x51, 0x03, 0x28, 0x83, 0x10, 0x43, 
	0x08, 0x43, 0x08, 0x43, 0x08, 0x43, 0x08, 0x43, 
	0x08, 0x43, 0x08, 0x43, 0x08, 0x43, 0x08, 0x43, 
	0x08, 0x43, 0x08, 0x43, 0x10, 0x43, 0x18, 0x83, 
	0x48, 0xc3, 0x69, 0x03, 0x69, 0x03, 0x61, 0x03, 
	0x71, 0x43, 0x71, 0x43, 0x79, 0x43, 0x79, 0x43, 
	0x71, 0x43, 0x71, 0x43, 0x71, 0x43, 0x71, 0x43, 
	0x69, 0x03, 0x61, 0x03, 0x61, 0x03, 0x59, 0x03, 
	0x59, 0x03, 0x61, 0x03, 0x59, 0x03, 0x61, 0x03, 
	0x71, 0x43, 0x71, 0x43, 0x71, 0x43, 0x79, 0x43, 
	0x71, 0x43, 0x79, 0x43, 0x71, 0x03, 0x79, 0x43, 
	0x71, 0x03, 0x71, 0x43, 0x71, 0x03, 0x71, 0x03, 
	0x61, 0x03, 0x59, 0x03, 0x51, 0x03, 0x51, 0x03, 
	0x71, 0x03, 0x71, 0x43, 0x71, 0x03, 0x71, 0x43, 
	0x71, 0x43, 0x71, 0x43, 0x71, 0x43, 0x71, 0x43, 
	0x71, 0x43, 0x71, 0x43, 0x71, 0x43, 0x71, 0x43, 
	0x71, 0x43, 0x71, 0x43, 0x59, 0x03, 0x40, 0xc3, 
	0x28, 0x83, 0x10, 0x43, 0x08, 0x43, 0x08, 0x43, 
	0x08, 0x43, 0x08, 0x43, 0x10, 0x85, 0x10, 0x85, 
	0x08, 0x43, 0x18, 0x83, 0x40, 0xc3, 0x61, 0x03, 
	0x71, 0x43, 0x71, 0x43, 0x61, 0x03, 0x61, 0x03, 
	0x79, 0x43, 0x71, 0x43, 0x71, 0x43, 0x71, 0x03, 
	0x71, 0x43, 0x71, 0x43, 0x71, 0x03, 0x71, 0x43, 
	0x71, 0x43, 0x71, 0x03, 0x71, 0x43, 0x71, 0x03, 
	0x71, 0x03, 0x71, 0x43, 0x69, 0x03, 0x61, 0x03, 
	0x79, 0x43, 0x71, 0x43, 0x71, 0x43, 0x71, 0x03, 
	0x71, 0x43, 0x71, 0x03, 0x71, 0x43, 0x71, 0x43, 
	0x71, 0x03, 0x71, 0x43, 0x71, 0x03, 0x71, 0x03, 
	0x71, 0x43, 0x71, 0x03, 0x69, 0x03, 0x61, 0x03, 
	0x71, 0x43, 0x71, 0x03, 0x71, 0x03, 0x71, 0x43, 
	0x71, 0x03, 0x71, 0x43, 0x71, 0x43, 0x71, 0x03, 
	0x71, 0x43, 0x71, 0x43, 0x71, 0x43, 0x71, 0x03, 
	0x71, 0x43, 0x71, 0x43, 0x69, 0x03, 0x61, 0x03, 
	0x69, 0x03, 0x48, 0xc3, 0x28, 0x83, 0x18, 0x83, 
	0x10, 0x43, 0x10, 0x43, 0x10, 0x83, 0x20, 0x83, 
	0x40, 0xc3, 0x61, 0x03, 0x71, 0x03, 0x71, 0x43, 
	0x71, 0x43, 0x71, 0x43, 0x69, 0x03, 0x61, 0x03, 
	0x71, 0x43, 0x71, 0x03, 0x71, 0x43, 0x71, 0x03, 
	0x71, 0x03, 0x71, 0x43, 0x71, 0x43, 0x71, 0x43, 
	0x71, 0x43, 0x71, 0x43, 0x71, 0x43, 0x71, 0x03, 
	0x71, 0x43, 0x71, 0x43, 0x69, 0x03, 0x61, 0x03, 
	0x71, 0x43, 0x71, 0x43, 0x71, 0x43, 0x71, 0x03, 
	0x71, 0x03, 0x71, 0x43, 0x71, 0x03, 0x71, 0x43, 
	0x71, 0x43, 0x71, 0x43, 0x71, 0x43, 0x71, 0x03, 
	0x71, 0x03, 0x71, 0x43, 0x69, 0x03, 0x61, 0x03, 
	0x71, 0x43, 0x71, 0x43, 0x71, 0x43, 0x71, 0x43, 
	0x71, 0x43, 0x71, 0x43, 0x71, 0x43, 0x71, 0x43, 
	0x71, 0x43, 0x71, 0x03, 0x71, 0x03, 0x71, 0x03, 
	0x71, 0x03, 0x71, 0x43, 0x69, 0x03, 0x61, 0x03, 
	0x71, 0x43, 0x71, 0x03, 0x69, 0x03, 0x61, 0x03, 
	0x51, 0x03, 0x51, 0x03, 0x59, 0x03, 0x61, 0x03, 
	0x71, 0x03, 0x71, 0x43, 0x71, 0x43, 0x71, 0x43, 
	0x71, 0x03, 0x71, 0x43, 0x69, 0x03, 0x61, 0x03, 
	0x71, 0x03, 0x71, 0x03, 0x71, 0x43, 0x71, 0x43, 
	0x71, 0x43, 0x71, 0x43, 0x71, 0x43, 0x71, 0x43, 
	0x71, 0x43, 0x71, 0x43, 0x71, 0x43, 0x71, 0x03, 
	0x71, 0x03, 0x71, 0x43, 0x69, 0x03, 0x69, 0x03, 
	0x71, 0x43, 0x71, 0x03, 0x71, 0x43, 0x71, 0x43, 
	0x71, 0x03, 0x71, 0x03, 0x71, 0x43, 0x71, 0x43, 
	0x71, 0x43, 0x71, 0x03, 0x71, 0x03, 0x71, 0x03, 
	0x71, 0x43, 0x71, 0x03, 0x69, 0x43, 0x61, 0x03, 
	0x71, 0x43, 0x71, 0x43, 0x71, 0x43, 0x71, 0x43, 
	0x71, 0x43, 0x71, 0x03, 0x71, 0x43, 0x71, 0x03, 
	0x71, 0x03, 0x71, 0x03, 0x71, 0x03, 0x71, 0x43, 
	0x71, 0x03, 0x71, 0x03, 0x61, 0x03, 0x61, 0x03, 
	0x71, 0x43, 0x71, 0x43, 0x71, 0x43, 0x71, 0x03, 
	0x71, 0x43, 0x71, 0x43, 0x71, 0x43, 0x71, 0x43, 
	0x71, 0x03, 0x71, 0x43, 0x71, 0x03, 0x71, 0x43, 
	0x71, 0x03, 0x71, 0x03, 0x69, 0x03, 0x61, 0x03, 
	0x71, 0x43, 0x71, 0x03, 0x71, 0x43, 0x71, 0x03, 
	0x71, 0x03, 0x71, 0x43, 0x71, 0x43, 0x71, 0x43, 
	0x71, 0x03, 0x71, 0x43, 0x71, 0x03, 0x71, 0x43, 
	0x71, 0x43, 0x71, 0x43, 0x69, 0x03, 0x61, 0x03, 
	0x71, 0x43, 0x71, 0x03, 0x71, 0x43, 0x71, 0x43, 
	0x71, 0x03, 0x71, 0x03, 0x71, 0x03, 0x71, 0x43, 
	0x61, 0x03, 0x61, 0x03, 0x61, 0x03, 0x61, 0x03, 
	0x61, 0x03, 0x61, 0x03, 0x61, 0x03, 0x61, 0x03, 
	0x79, 0x43, 0x61, 0x03, 0x61, 0x03, 0x61, 0x03, 
	0x61, 0x03, 0x61, 0x03, 0x61, 0x03, 0x61, 0x03, 
	0x61, 0x03, 0x61, 0x03, 0x61, 0x03, 0x61, 0x03, 
	0x61, 0x03, 0x61, 0x03, 0x59, 0x03, 0x61, 0x03, 
	0x79, 0x43, 0x61, 0x03, 0x61, 0x03, 0x59, 0x03, 
	0x61, 0x03, 0x61, 0x03, 0x61, 0x03, 0x61, 0x03, 
	0x61, 0x03, 0x61, 0x03, 0x61, 0x03, 0x61, 0x03, 
	0x61, 0x03, 0x61, 0x03, 0x59, 0x03, 0x61, 0x03, 
	0x79, 0x43, 0x61, 0x03, 0x61, 0x03, 0x59, 0x03, 
	0x61, 0x03, 0x61, 0x03, 0x61, 0x03, 0x61, 0x03, 
	0x61, 0x03, 0x61, 0x03, 0x61, 0x03, 0x61, 0x03, 
	0x61, 0x03, 0x61, 0x03, 0x59, 0x03, 0x61, 0x03, 
	0x79, 0x43, 0x61, 0x03, 0x61, 0x03, 0x61, 0x03, 
	0x61, 0x03, 0x61, 0x03, 0x61, 0x03, 0x61, 0x03, 
	0x59, 0x03, 0x59, 0x03, 0x59, 0x03, 0x59, 0x03, 
	0x59, 0x03, 0x59, 0x03, 0x59, 0x03, 0x59, 0x03, 
	0x61, 0x03, 0x59, 0x03, 0x59, 0x03, 0x59, 0x03, 
	0x59, 0x03, 0x59, 0x03, 0x59, 0x03, 0x59, 0x03, 
	0x59, 0x03, 0x59, 0x03, 0x59, 0x03, 0x59, 0x03, 
	0x59, 0x03, 0x59, 0x03, 0x59, 0x03, 0x59, 0x03, 
	0x61, 0x03, 0x59, 0x03, 0x59, 0x03, 0x59, 0x03, 
	0x59, 0x03, 0x59, 0x03, 0x59, 0x03, 0x59, 0x03, 
	0x59, 0x03, 0x59, 0x03, 0x59, 0x03, 0x59, 0x03, 
	0x59, 0x03, 0x59, 0x03, 0x59, 0x03, 0x59, 0x03, 
	0x61, 0x03, 0x59, 0x03, 0x59, 0x03, 0x59, 0x03, 
	0x59, 0x03, 0x59, 0x03, 0x59, 0x03, 0x59, 0x03, 
	0x59, 0x03, 0x59, 0x03, 0x59, 0x03, 0x59, 0x03, 
	0x59, 0x03, 0x59, 0x03, 0x59, 0x03, 0x61, 0x03, 
	0x61, 0x03, 0x59, 0x03, 0x59, 0x03, 0x59, 0x03, 
	0x59, 0x03, 0x59, 0x03, 0x59, 0x03, 0x59, 0x03, 
	0x79, 0x43, 0x79, 0x43, 0x81, 0x43, 0x79, 0x43, 
	0x79, 0x43, 0x79, 0x43, 0x81, 0x43, 0x79, 0x43, 
	0x81, 0x43, 0x79, 0x43, 0x79, 0x43, 0x79, 0x43, 
	0x81, 0x43, 0x79, 0x43, 0x81, 0x43, 0x71, 0x03, 
	0x79, 0x43, 0x79, 0x43, 0x79, 0x43, 0x81, 0x43, 
	0x81, 0x43, 0x79, 0x43, 0x79, 0x43, 0x79, 0x43, 
	0x81, 0x43, 0x79, 0x43, 0x79, 0x43, 0x81, 0x43, 
	0x81, 0x43, 0x81, 0x43, 0x79, 0x43, 0x71, 0x43, 
	0x79, 0x43, 0x79, 0x43, 0x81, 0x43, 0x81, 0x43, 
	0x79, 0x43, 0x81, 0x43, 0x79, 0x43, 0x79, 0x43, 
	0x79, 0x43, 0x79, 0x43, 0x79, 0x43, 0x81, 0x43, 
	0x81, 0x43, 0x79, 0x43, 0x81, 0x43, 0x71, 0x43, 
	0x79, 0x43, 0x81, 0x43, 0x81, 0x43, 0x81, 0x43, 
	0x79, 0x43, 0x81, 0x43, 0x81, 0x43, 0x79, 0x43, 
	0x81, 0x43, 0x79, 0x43, 0x81, 0x43, 0x79, 0x43, 
	0x81, 0x43, 0x79, 0x43, 0x79, 0x43, 0x71, 0x03, 
	0x71, 0x43, 0x79, 0x43, 0x79, 0x43, 0x71, 0x43, 
	0x71, 0x43, 0x79, 0x43, 0x71, 0x43, 0x71, 0x43, 
	0x71, 0x43, 0x71, 0x43, 0x79, 0x43, 0x71, 0x43, 
	0x79, 0x43, 0x71, 0x43, 0x71, 0x03, 0x61, 0x03, 
	0x71, 0x43, 0x79, 0x43, 0x71, 0x43, 0x71, 0x43, 
	0x71, 0x43, 0x79, 0x43, 0x71, 0x03, 0x71, 0x43, 
	0x71, 0x43, 0x71, 0x43, 0x79, 0x43, 0x71, 0x43, 
	0x79, 0x43, 0x71, 0x43, 0x71, 0x43, 0x61, 0x03, 
	0x71, 0x43, 0x79, 0x43, 0x79, 0x43, 0x79, 0x43, 
	0x71, 0x43, 0x79, 0x43, 0x71, 0x43, 0x71, 0x43, 
	0x71, 0x43, 0x71, 0x43, 0x71, 0x43, 0x71, 0x43, 
	0x79, 0x43, 0x71, 0x03, 0x71, 0x43, 0x61, 0x03, 
	0x71, 0x03, 0x79, 0x43, 0x79, 0x43, 0x79, 0x43, 
	0x71, 0x43, 0x79, 0x43, 0x71, 0x03, 0x79, 0x43, 
	0x79, 0x43, 0x71, 0x43, 0x71, 0x03, 0x71, 0x43, 
	0x79, 0x43, 0x71, 0x43, 0x71, 0x43, 0x61, 0x03, 
	0x71, 0x43, 0x71, 0x43, 0x71, 0x43, 0x71, 0x43, 
	0x71, 0x03, 0x71, 0x03, 0x71, 0x03, 0x71, 0x43, 
	0x71, 0x43, 0x71, 0x43, 0x71, 0x43, 0x71, 0x43, 
	0x71, 0x43, 0x71, 0x03, 0x69, 0x03, 0x61, 0x03, 
	0x71, 0x43, 0x71, 0x03, 0x71, 0x03, 0x71, 0x43, 
	0x71, 0x03, 0x71, 0x43, 0x71, 0x03, 0x71, 0x03, 
	0x71, 0x03, 0x71, 0x03, 0x71, 0x43, 0x71, 0x03, 
	0x71, 0x03, 0x71, 0x03, 0x69, 0x03, 0x61, 0x03, 
	0x71, 0x43, 0x71, 0x43, 0x71, 0x03, 0x71, 0x43, 
	0x71, 0x43, 0x71, 0x03, 0x71, 0x43, 0x71, 0x43, 
	0x71, 0x43, 0x71, 0x43, 0x71, 0x03, 0x71, 0x43, 
	0x71, 0x43, 0x71, 0x43, 0x69, 0x03, 0x61, 0x03, 
	0x71, 0x43, 0x71, 0x43, 0x71, 0x43, 0x71, 0x43, 
	0x71, 0x03, 0x71, 0x03, 0x71, 0x43, 0x71, 0x43, 
	0x71, 0x43, 0x71, 0x03, 0x71, 0x43, 0x71, 0x03, 
	0x71, 0x43, 0x71, 0x43, 0x71, 0x03, 0x61, 0x03, 
	0x71, 0x03, 0x71, 0x43, 0x71, 0x43, 0x71, 0x43, 
	0x71, 0x43, 0x71, 0x03, 0x71, 0x43, 0x71, 0x43, 
	0x71, 0x43, 0x71, 0x03, 0x71, 0x03, 0x71, 0x43, 
	0x71, 0x43, 0x71, 0x43, 0x71, 0x43, 0x61, 0x03, 
	0x71, 0x43, 0x71, 0x43, 0x71, 0x43, 0x71, 0x43, 
	0x71, 0x43, 0x71, 0x43, 0x71, 0x03, 0x71, 0x43, 
	0x71, 0x43, 0x71, 0x43, 0x71, 0x43, 0x71, 0x43, 
	0x71, 0x43, 0x71, 0x03, 0x71, 0x43, 0x61, 0x03, 
	0x71, 0x43, 0x71, 0x43, 0x71, 0x43, 0x71, 0x03, 
	0x71, 0x43, 0x71, 0x43, 0x71, 0x03, 0x71, 0x43, 
	0x71, 0x43, 0x71, 0x43, 0x71, 0x43, 0x71, 0x43, 
	0x71, 0x43, 0x71, 0x43, 0x71, 0x03, 0x61, 0x03, 
	0x71, 0x43, 0x71, 0x03, 0x71, 0x43, 0x71, 0x43, 
	0x71, 0x43, 0x71, 0x43, 0x71, 0x43, 0x71, 0x03, 
	0x71, 0x43, 0x71, 0x43, 0x71, 0x43, 0x71, 0x03, 
	0x71, 0x43, 0x71, 0x43, 0x71, 0x03, 0x69, 0x03, 
	0x71, 0x03, 0x79, 0x43, 0x71, 0x43, 0x71, 0x43, 
	0x71, 0x43, 0x71, 0x03, 0x71, 0x43, 0x71, 0x43, 
	0x71, 0x03, 0x71, 0x43, 0x71, 0x43, 0x71, 0x03, 
	0x71, 0x43, 0x71, 0x43, 0x71, 0x43, 0x61, 0x03, 
	0x71, 0x43, 0x71, 0x43, 0x71, 0x43, 0x71, 0x43, 
	0x71, 0x43, 0x71, 0x43, 0x71, 0x03, 0x71, 0x43, 
	0x71, 0x43, 0x71, 0x03, 0x71, 0x43, 0x71, 0x43, 
	0x71, 0x43, 0x71, 0x43, 0x71, 0x43, 0x61, 0x03, 
	0x71, 0x43, 0x79, 0x43, 0x71, 0x43, 0x71, 0x43, 
	0x71, 0x03, 0x71, 0x43, 0x71, 0x43, 0x71, 0x03, 
	0x71, 0x43, 0x71, 0x43, 0x71, 0x43, 0x71, 0x43, 
	0x71, 0x43, 0x71, 0x03, 0x71, 0x43, 0x61, 0x03, 
	0x71, 0x43, 0x71, 0x43, 0x71, 0x43, 0x71, 0x43, 
	0x71, 0x03, 0x71, 0x03, 0x71, 0x43, 0x71, 0x43, 
	0x71, 0x43, 0x71, 0x03, 0x71, 0x43, 0x71, 0x43, 
	0x71, 0x03, 0x71, 0x43, 0x71, 0x03, 0x61, 0x03, 
	0x71, 0x43, 0x71, 0x43, 0x71, 0x43, 0x71, 0x43, 
	0x71, 0x43, 0x71, 0x03, 0x71, 0x43, 0x71, 0x43, 
	0x71, 0x43, 0x71, 0x43, 0x71, 0x43, 0x71, 0x43, 
	0x71, 0x43, 0x71, 0x43, 0x71, 0x43, 0x69, 0x03, 
	0x71, 0x43, 0x71, 0x03, 0x71, 0x43, 0x71, 0x43, 
	0x71, 0x43, 0x71, 0x43, 0x71, 0x03, 0x71, 0x43, 
	0x71, 0x43, 0x71, 0x43, 0x71, 0x43, 0x71, 0x43, 
	0x71, 0x03, 0x71, 0x43, 0x71, 0x43, 0x61, 0x03, 
	0x71, 0x43, 0x71, 0x43, 0x71, 0x03, 0x71, 0x03, 
	0x71, 0x03, 0x71, 0x43, 0x71, 0x43, 0x71, 0x43, 
	0x71, 0x03, 0x71, 0x43, 0x71, 0x43, 0x71, 0x43, 
	0x71, 0x03, 0x71, 0x43, 0x71, 0x03, 0x61, 0x03, 
	0x71, 0x43, 0x79, 0x43, 0x71, 0x43, 0x71, 0x03, 
	0x71, 0x43, 0x71, 0x43, 0x71, 0x03, 0x71, 0x03, 
	0x71, 0x03, 0x71, 0x43, 0x71, 0x43, 0x71, 0x03, 
	0x71, 0x03, 0x71, 0x03, 0x71, 0x43, 0x61, 0x03, 
	0x71, 0x03, 0x69, 0x03, 0x61, 0x03, 0x61, 0x03, 
	0x61, 0x03, 0x61, 0x03, 0x61, 0x03, 0x61, 0x03, 
	0x61, 0x03, 0x61, 0x03, 0x61, 0x03, 0x61, 0x03, 
	0x61, 0x03, 0x61, 0x03, 0x61, 0x03, 0x61, 0x03, 
	0x71, 0x43, 0x69, 0x03, 0x61, 0x03, 0x61, 0x03, 
	0x61, 0x03, 0x61, 0x03, 0x61, 0x03, 0x59, 0x03, 
	0x61, 0x03, 0x61, 0x03, 0x61, 0x03, 0x61, 0x03, 
	0x61, 0x03, 0x61, 0x03, 0x61, 0x03, 0x61, 0x03, 
	0x71, 0x43, 0x69, 0x03, 0x61, 0x03, 0x61, 0x03, 
	0x61, 0x03, 0x61, 0x03, 0x61, 0x03, 0x59, 0x03, 
	0x61, 0x03, 0x61, 0x03, 0x61, 0x03, 0x61, 0x03, 
	0x61, 0x03, 0x61, 0x03, 0x59, 0x03, 0x61, 0x03, 
	0x71, 0x43, 0x69, 0x03, 0x61, 0x03, 0x61, 0x03, 
	0x61, 0x03, 0x61, 0x03, 0x61, 0x03, 0x61, 0x03, 
	0x61, 0x03, 0x61, 0x03, 0x61, 0x03, 0x61, 0x03, 
	0x61, 0x03, 0x61, 0x03, 0x61, 0x03, 0x61, 0x03, 
	0x69, 0x03, 0x59, 0x03, 0x59, 0x03, 0x59, 0x03, 
	0x59, 0x03, 0x59, 0x03, 0x59, 0x03, 0x59, 0x03, 
	0x59, 0x03, 0x59, 0x03, 0x59, 0x03, 0x59, 0x03, 
	0x59, 0x03, 0x59, 0x03, 0x59, 0x03, 0x59, 0x03, 
	0x69, 0x03, 0x59, 0x03, 0x59, 0x03, 0x59, 0x03, 
	0x59, 0x03, 0x59, 0x03, 0x59, 0x03, 0x59, 0x03, 
	0x59, 0x03, 0x59, 0x03, 0x59, 0x03, 0x59, 0x03, 
	0x59, 0x03, 0x59, 0x03, 0x59, 0x03, 0x59, 0x03, 
	0x69, 0x03, 0x59, 0x03, 0x59, 0x03, 0x59, 0x03, 
	0x59, 0x03, 0x59, 0x03, 0x59, 0x03, 0x59, 0x03, 
	0x59, 0x03, 0x59, 0x03, 0x59, 0x03, 0x59, 0x03, 
	0x59, 0x03, 0x59, 0x03, 0x59, 0x03, 0x59, 0x03, 
	0x69, 0x03, 0x59, 0x03, 0x59, 0x03, 0x59, 0x03, 
	0x59, 0x03, 0x59, 0x03, 0x59, 0x03, 0x59, 0x03, 
	0x59, 0x03, 0x59, 0x03, 0x59, 0x03, 0x59, 0x03, 
	0x59, 0x03, 0x59, 0x03, 0x59, 0x03, 0x61, 0x03, 
	0x81, 0x43, 0x79, 0x43, 0x81, 0x43, 0x79, 0x43, 
	0x79, 0x43, 0x79, 0x43, 0x79, 0x43, 0x71, 0x43, 
	0x79, 0x43, 0x81, 0x43, 0x79, 0x43, 0x81, 0x43, 
	0x79, 0x43, 0x79, 0x43, 0x81, 0x43, 0x79, 0x43, 
	0x79, 0x43, 0x81, 0x43, 0x79, 0x43, 0x79, 0x43, 
	0x81, 0x43, 0x81, 0x43, 0x79, 0x43, 0x71, 0x43, 
	0x79, 0x43, 0x79, 0x43, 0x81, 0x43, 0x81, 0x43, 
	0x79, 0x43, 0x81, 0x43, 0x79, 0x43, 0x79, 0x43, 
	0x81, 0x43, 0x81, 0x43, 0x79, 0x43, 0x79, 0x43, 
	0x79, 0x43, 0x79, 0x43, 0x79, 0x43, 0x71, 0x03, 
	0x79, 0x43, 0x79, 0x43, 0x81, 0x43, 0x79, 0x43, 
	0x79, 0x43, 0x81, 0x43, 0x81, 0x43, 0x81, 0x43, 
	0x81, 0x43, 0x81, 0x43, 0x81, 0x43, 0x81, 0x43, 
	0x81, 0x43, 0x81, 0x43, 0x81, 0x43, 0x71, 0x43, 
	0x79, 0x43, 0x79, 0x43, 0x79, 0x43, 0x79, 0x43, 
	0x79, 0x43, 0x79, 0x43, 0x81, 0x43, 0x79, 0x43, 
	0x79, 0x43, 0x71, 0x43, 0x71, 0x43, 0x71, 0x43, 
	0x71, 0x03, 0x71, 0x43, 0x71, 0x03, 0x61, 0x03, 
	0x71, 0x43, 0x71, 0x43, 0x71, 0x43, 0x71, 0x43, 
	0x71, 0x43, 0x71, 0x43, 0x79, 0x43, 0x71, 0x43, 
	0x71, 0x03, 0x71, 0x43, 0x71, 0x43, 0x71, 0x03, 
	0x71, 0x43, 0x71, 0x43, 0x71, 0x03, 0x61, 0x03, 
	0x71, 0x43, 0x79, 0x43, 0x71, 0x43, 0x71, 0x43, 
	0x71, 0x43, 0x71, 0x03, 0x71, 0x43, 0x71, 0x43, 
	0x71, 0x43, 0x71, 0x43, 0x71, 0x03, 0x71, 0x43, 
	0x71, 0x43, 0x71, 0x43, 0x71, 0x03, 0x61, 0x03, 
	0x71, 0x43, 0x79, 0x43, 0x71, 0x43, 0x71, 0x43, 
	0x71, 0x43, 0x79, 0x43, 0x71, 0x03, 0x71, 0x43, 
	0x71, 0x03, 0x71, 0x43, 0x71, 0x03, 0x71, 0x43, 
	0x71, 0x43, 0x71, 0x43, 0x71, 0x03, 0x61, 0x03, 
	0x71, 0x03, 0x79, 0x43, 0x71, 0x43, 0x71, 0x43, 
	0x71, 0x43, 0x71, 0x03, 0x71, 0x43, 0x71, 0x43, 
	0x71, 0x43, 0x71, 0x03, 0x71, 0x43, 0x71, 0x43, 
	0x71, 0x43, 0x71, 0x43, 0x69, 0x03, 0x61, 0x03, 
	0x71, 0x43, 0x79, 0x43, 0x71, 0x43, 0x71, 0x43, 
	0x71, 0x03, 0x71, 0x43, 0x71, 0x43, 0x71, 0x43, 
	0x71, 0x43, 0x71, 0x43, 0x71, 0x43, 0x71, 0x43, 
	0x71, 0x43, 0x71, 0x43, 0x69, 0x03, 0x61, 0x03, 
	0x71, 0x43, 0x71, 0x03, 0x71, 0x43, 0x71, 0x43, 
	0x71, 0x03, 0x71, 0x43, 0x71, 0x43, 0x71, 0x43, 
	0x71, 0x43, 0x71, 0x03, 0x71, 0x03, 0x71, 0x43, 
	0x71, 0x43, 0x71, 0x43, 0x69, 0x03, 0x61, 0x03, 
	0x71, 0x43, 0x71, 0x43, 0x71, 0x43, 0x71, 0x43, 
	0x71, 0x43, 0x71, 0x43, 0x71, 0x43, 0x71, 0x43, 
	0x71, 0x43, 0x71, 0x43, 0x71, 0x43, 0x71, 0x43, 
	0x71, 0x43, 0x71, 0x43, 0x69, 0x03, 0x61, 0x03, 
	0x71, 0x03, 0x71, 0x43, 0x71, 0x43, 0x71, 0x03, 
	0x71, 0x43, 0x71, 0x03, 0x71, 0x03, 0x71, 0x43, 
	0x71, 0x03, 0x71, 0x03, 0x71, 0x43, 0x71, 0x43, 
	0x71, 0x43, 0x71, 0x03, 0x71, 0x43, 0x61, 0x03, 
	0x79, 0x43, 0x71, 0x43, 0x71, 0x03, 0x71, 0x43, 
	0x71, 0x43, 0x71, 0x03, 0x71, 0x03, 0x71, 0x03, 
	0x71, 0x43, 0x71, 0x03, 0x71, 0x43, 0x71, 0x43, 
	0x71, 0x43, 0x71, 0x03, 0x71, 0x03, 0x61, 0x03, 
	0x71, 0x43, 0x71, 0x43, 0x71, 0x43, 0x71, 0x03, 
	0x71, 0x43, 0x71, 0x43, 0x71, 0x43, 0x71, 0x43, 
	0x71, 0x43, 0x71, 0x03, 0x71, 0x03, 0x71, 0x43, 
	0x71, 0x03, 0x71, 0x43, 0x71, 0x43, 0x61, 0x03, 
	0x79, 0x43, 0x79, 0x43, 0x71, 0x03, 0x71, 0x43, 
	0x71, 0x43, 0x71, 0x03, 0x71, 0x03, 0x71, 0x43, 
	0x71, 0x43, 0x71, 0x43, 0x71, 0x43, 0x71, 0x43, 
	0x71, 0x43, 0x71, 0x43, 0x71, 0x03, 0x61, 0x03, 
	0x79, 0x43, 0x79, 0x43, 0x71, 0x43, 0x71, 0x43, 
	0x71, 0x43, 0x71, 0x43, 0x71, 0x43, 0x71, 0x43, 
	0x71, 0x43, 0x71, 0x43, 0x71, 0x43, 0x71, 0x43, 
	0x71, 0x43, 0x71, 0x43, 0x71, 0x43, 0x61, 0x03, 
	0x71, 0x43, 0x71, 0x43, 0x71, 0x43, 0x71, 0x03, 
	0x71, 0x43, 0x71, 0x43, 0x71, 0x43, 0x71, 0x43, 
	0x71, 0x43, 0x71, 0x03, 0x71, 0x43, 0x71, 0x03, 
	0x71, 0x43, 0x71, 0x43, 0x69, 0x03, 0x61, 0x03, 
	0x71, 0x03, 0x71, 0x43, 0x71, 0x03, 0x71, 0x43, 
	0x71, 0x43, 0x71, 0x43, 0x71, 0x03, 0x71, 0x43, 
	0x71, 0x43, 0x71, 0x43, 0x71, 0x43, 0x71, 0x03, 
	0x71, 0x43, 0x71, 0x43, 0x69, 0x03, 0x61, 0x03, 
	0x71, 0x43, 0x71, 0x43, 0x71, 0x03, 0x71, 0x43, 
	0x71, 0x43, 0x71, 0x43, 0x71, 0x03, 0x71, 0x43, 
	0x71, 0x43, 0x71, 0x43, 0x71, 0x43, 0x71, 0x43, 
	0x71, 0x03, 0x71, 0x43, 0x69, 0x03, 0x61, 0x03, 
	0x71, 0x03, 0x71, 0x43, 0x71, 0x03, 0x71, 0x43, 
	0x71, 0x43, 0x71, 0x03, 0x71, 0x43, 0x71, 0x43, 
	0x71, 0x43, 0x71, 0x03, 0x71, 0x03, 0x71, 0x43, 
	0x71, 0x03, 0x71, 0x43, 0x69, 0x03, 0x61, 0x03, 
	0x79, 0x43, 0x71, 0x43, 0x71, 0x43, 0x71, 0x43, 
	0x71, 0x03, 0x71, 0x43, 0x71, 0x43, 0x71, 0x43, 
	0x71, 0x43, 0x71, 0x43, 0x71, 0x43, 0x71, 0x43, 
	0x71, 0x03, 0x71, 0x43, 0x71, 0x43, 0x61, 0x03, 
	0x71, 0x43, 0x71, 0x03, 0x71, 0x43, 0x71, 0x43, 
	0x71, 0x03, 0x71, 0x43, 0x71, 0x43, 0x71, 0x03, 
	0x71, 0x43, 0x71, 0x43, 0x71, 0x03, 0x71, 0x03, 
	0x71, 0x43, 0x71, 0x03, 0x71, 0x43, 0x61, 0x03, 
	0x71, 0x43, 0x71, 0x43, 0x71, 0x03, 0x71, 0x03, 
	0x71, 0x43, 0x71, 0x03, 0x71, 0x03, 0x71, 0x03, 
	0x71, 0x43, 0x71, 0x43, 0x71, 0x03, 0x71, 0x43, 
	0x71, 0x43, 0x71, 0x43, 0x71, 0x43, 0x61, 0x03, 
	0x71, 0x43, 0x71, 0x43, 0x71, 0x43, 0x71, 0x03, 
	0x71, 0x03, 0x71, 0x43, 0x71, 0x03, 0x71, 0x43, 
	0x61, 0x03, 0x61, 0x03, 0x61, 0x03, 0x59, 0x03, 
	0x61, 0x03, 0x61, 0x03, 0x61, 0x03, 0x61, 0x03, 
	0x71, 0x03, 0x69, 0x03, 0x61, 0x03, 0x61, 0x03, 
	0x61, 0x03, 0x61, 0x03, 0x61, 0x03, 0x61, 0x03, 
	0x61, 0x03, 0x61, 0x03, 0x61, 0x03, 0x61, 0x03, 
	0x61, 0x03, 0x61, 0x03, 0x61, 0x03, 0x61, 0x03, 
	0x71, 0x43, 0x69, 0x03, 0x61, 0x03, 0x61, 0x03, 
	0x61, 0x03, 0x61, 0x03, 0x61, 0x03, 0x61, 0x03, 
	0x61, 0x03, 0x61, 0x03, 0x61, 0x03, 0x59, 0x03, 
	0x61, 0x03, 0x61, 0x03, 0x61, 0x03, 0x61, 0x03, 
	0x71, 0x43, 0x69, 0x03, 0x61, 0x03, 0x61, 0x03, 
	0x61, 0x03, 0x61, 0x03, 0x61, 0x03, 0x61, 0x03, 
	0x61, 0x03, 0x61, 0x03, 0x61, 0x03, 0x59, 0x03, 
	0x61, 0x03, 0x61, 0x03, 0x61, 0x03, 0x61, 0x03, 
	0x71, 0x43, 0x69, 0x03, 0x61, 0x03, 0x61, 0x03, 
	0x61, 0x03, 0x61, 0x03, 0x61, 0x03, 0x61, 0x03, 
	0x59, 0x03, 0x59, 0x03, 0x59, 0x03, 0x59, 0x03, 
	0x59, 0x03, 0x59, 0x03, 0x59, 0x03, 0x59, 0x03, 
	0x69, 0x03, 0x59, 0x03, 0x59, 0x03, 0x59, 0x03, 
	0x59, 0x03, 0x59, 0x03, 0x59, 0x03, 0x59, 0x03, 
	0x59, 0x03, 0x59, 0x03, 0x59, 0x03, 0x59, 0x03, 
	0x59, 0x03, 0x59, 0x03, 0x59, 0x03, 0x59, 0x03, 
	0x69, 0x03, 0x59, 0x03, 0x59, 0x03, 0x59, 0x03, 
	0x59, 0x03, 0x59, 0x03, 0x59, 0x03, 0x59, 0x03, 
	0x59, 0x03, 0x59, 0x03, 0x59, 0x03, 0x59, 0x03, 
	0x59, 0x03, 0x59, 0x03, 0x59, 0x03, 0x59, 0x03, 
	0x69, 0x03, 0x59, 0x03, 0x59, 0x03, 0x59, 0x03, 
	0x59, 0x03, 0x59, 0x03, 0x59, 0x03, 0x59, 0x03, 
	0x59, 0x03, 0x59, 0x03, 0x59, 0x03, 0x59, 0x03, 
	0x59, 0x03, 0x59, 0x03, 0x59, 0x03, 0x59, 0x03, 
	0x69, 0x03, 0x59, 0x03, 0x59, 0x03, 0x59, 0x03, 
	0x59, 0x03, 0x59, 0x03, 0x59, 0x03, 0x59, 0x03, 
	
};

Gfx castle_inside_dl_BRICK_ia8_aligner[] = {gsSPEndDisplayList()};
u8 castle_inside_dl_BRICK_ia8[] = {
	0x8c, 0x9e, 0x9f, 0x9f, 0x9f, 0x9f, 0x9f, 0x9f, 
	0x9f, 0x9f, 0x9f, 0x9f, 0x9f, 0x9f, 0x9f, 0x9f, 
	0x9f, 0x9f, 0x9f, 0x9f, 0x9f, 0x9f, 0x9f, 0x9f, 
	0x9f, 0x9f, 0x9f, 0x9f, 0xaf, 0xaf, 0xce, 0xee, 
	0xee, 0xee, 0xdf, 0xdf, 0xcf, 0xcf, 0xbf, 0xbf, 
	0xaf, 0xaf, 0x9f, 0x9f, 0x9f, 0x9f, 0x9f, 0x9f, 
	0x9f, 0x9f, 0x9f, 0x9f, 0x9f, 0x9f, 0x9f, 0x9f, 
	0x9f, 0x9f, 0x9f, 0x9f, 0x9f, 0x9f, 0x9e, 0x8d, 
	0xae, 0xdf, 0xef, 0xef, 0xef, 0xef, 0xef, 0xef, 
	0xef, 0xef, 0xef, 0xef, 0xef, 0xef, 0xef, 0xef, 
	0xef, 0xef, 0xef, 0xef, 0xef, 0xef, 0xef, 0xef, 
	0xef, 0xef, 0xef, 0xef, 0xef, 0xef, 0xef, 0xef, 
	0xff, 0xff, 0xef, 0xef, 0xef, 0xef, 0xef, 0xef, 
	0xef, 0xef, 0xef, 0xef, 0xef, 0xef, 0xef, 0xef, 
	0xef, 0xef, 0xef, 0xef, 0xef, 0xef, 0xef, 0xef, 
	0xef, 0xef, 0xef, 0xef, 0xef, 0xdf, 0xcf, 0x9e, 
	0xcf, 0xdf, 0xef, 0xff, 0xff, 0xff, 0xef, 0xef, 
	0xff, 0xef, 0xff, 0xef, 0xef, 0xff, 0xef, 0xef, 
	0xef, 0xff, 0xef, 0xff, 0xef, 0xef, 0xef, 0xff, 
	0xef, 0xff, 0xff, 0xef, 0xff, 0xff, 0xef, 0xff, 
	0xef, 0xef, 0xff, 0xef, 0xef, 0xef, 0xff, 0xff, 
	0xef, 0xff, 0xef, 0xef, 0xef, 0xef, 0xff, 0xef, 
	0xef, 0xef, 0xef, 0xef, 0xef, 0xff, 0xef, 0xff, 
	0xff, 0xef, 0xef, 0xef, 0xef, 0xdf, 0xbf, 0xaf, 
	0xcf, 0xdf, 0xef, 0xef, 0xff, 0xff, 0xff, 0xff, 
	0xff, 0xef, 0xff, 0xff, 0xef, 0xff, 0xef, 0xff, 
	0xef, 0xef, 0xff, 0xff, 0xef, 0xff, 0xef, 0xef, 
	0xef, 0xff, 0xff, 0xef, 0xef, 0xff, 0xff, 0xff, 
	0xff, 0xef, 0xff, 0xef, 0xef, 0xff, 0xff, 0xff, 
	0xff, 0xef, 0xff, 0xef, 0xef, 0xef, 0xef, 0xef, 
	0xff, 0xff, 0xff, 0xef, 0xef, 0xff, 0xef, 0xef, 
	0xff, 0xef, 0xef, 0xef, 0xdf, 0xbf, 0xaf, 0xaf, 
	0xcf, 0xdf, 0xdf, 0xdf, 0xef, 0xff, 0xff, 0xff, 
	0xff, 0xef, 0xff, 0xef, 0xef, 0xef, 0xff, 0xef, 
	0xef, 0xff, 0xff, 0xef, 0xef, 0xef, 0xff, 0xff, 
	0xef, 0xff, 0xff, 0xef, 0xef, 0xef, 0xff, 0xff, 
	0xff, 0xff, 0xef, 0xff, 0xef, 0xef, 0xff, 0xff, 
	0xff, 0xef, 0xff, 0xff, 0xef, 0xff, 0xef, 0xff, 
	0xef, 0xff, 0xff, 0xef, 0xff, 0xff, 0xff, 0xff, 
	0xef, 0xef, 0xef, 0xdf, 0xbf, 0xaf, 0xaf, 0xaf, 
	0xdf, 0xdf, 0xdf, 0xdf, 0xdf, 0xef, 0xef, 0xef, 
	0xef, 0xef, 0xef, 0xef, 0xef, 0xef, 0xef, 0xef, 
	0xef, 0xef, 0xef, 0xef, 0xef, 0xef, 0xef, 0xef, 
	0xef, 0xef, 0xef, 0xef, 0xef, 0xef, 0xef, 0xef, 
	0xef, 0xef, 0xef, 0xef, 0xef, 0xef, 0xef, 0xef, 
	0xef, 0xef, 0xef, 0xef, 0xef, 0xef, 0xef, 0xef, 
	0xef, 0xef, 0xef, 0xef, 0xef, 0xef, 0xef, 0xef, 
	0xef, 0xef, 0xdf, 0xbf, 0xaf, 0xaf, 0xaf, 0xaf, 
	0xcf, 0xdf, 0xdf, 0xdf, 0xdf, 0xdf, 0xdf, 0xdf, 
	0xdf, 0xdf, 0xdf, 0xdf, 0xdf, 0xdf, 0xdf, 0xdf, 
	0xdf, 0xdf, 0xdf, 0xdf, 0xdf, 0xdf, 0xdf, 0xdf, 
	0xdf, 0xdf, 0xdf, 0xdf, 0xdf, 0xdf, 0xdf, 0xdf, 
	0xdf, 0xdf, 0xdf, 0xdf, 0xdf, 0xdf, 0xdf, 0xdf, 
	0xdf, 0xdf, 0xdf, 0xdf, 0xdf, 0xdf, 0xdf, 0xdf, 
	0xdf, 0xdf, 0xdf, 0xdf, 0xdf, 0xdf, 0xdf, 0xdf, 
	0xdf, 0xdf, 0xbf, 0xaf, 0xaf, 0xaf, 0xaf, 0xaf, 
	0xdf, 0xdf, 0xdf, 0xdf, 0xdf, 0xdf, 0xdf, 0xdf, 
	0xcf, 0xcf, 0xdf, 0xdf, 0xdf, 0xcf, 0xcf, 0xdf, 
	0xcf, 0xdf, 0xdf, 0xdf, 0xdf, 0xdf, 0xdf, 0xdf, 
	0xdf, 0xdf, 0xdf, 0xdf, 0xdf, 0xdf, 0xdf, 0xcf, 
	0xcf, 0xcf, 0xcf, 0xcf, 0xcf, 0xcf, 0xdf, 0xdf, 
	0xdf, 0xcf, 0xdf, 0xdf, 0xcf, 0xdf, 0xdf, 0xcf, 
	0xcf, 0xcf, 0xcf, 0xdf, 0xdf, 0xdf, 0xcf, 0xcf, 
	0xdf, 0xcf, 0xbf, 0xaf, 0xaf, 0xaf, 0xaf, 0xaf, 
	0xcf, 0xdf, 0xdf, 0xdf, 0xdf, 0xdf, 0xdf, 0xcf, 
	0xdf, 0xdf, 0xdf, 0xcf, 0xcf, 0xcf, 0xdf, 0xdf, 
	0xdf, 0xdf, 0xcf, 0xdf, 0xcf, 0xcf, 0xdf, 0xcf, 
	0xcf, 0xcf, 0xcf, 0xcf, 0xcf, 0xdf, 0xcf, 0xdf, 
	0xcf, 0xcf, 0xcf, 0xcf, 0xdf, 0xdf, 0xdf, 0xcf, 
	0xcf, 0xcf, 0xcf, 0xcf, 0xdf, 0xcf, 0xcf, 0xcf, 
	0xdf, 0xcf, 0xcf, 0xcf, 0xcf, 0xcf, 0xcf, 0xcf, 
	0xcf, 0xcf, 0xbf, 0xaf, 0xaf, 0xaf, 0xaf, 0xaf, 
	0xcf, 0xdf, 0xdf, 0xdf, 0xdf, 0xdf, 0xdf, 0xcf, 
	0xcf, 0xcf, 0xcf, 0xcf, 0xdf, 0xcf, 0xcf, 0xcf, 
	0xcf, 0xcf, 0xcf, 0xcf, 0xcf, 0xdf, 0xcf, 0xcf, 
	0xdf, 0xcf, 0xcf, 0xcf, 0xcf, 0xcf, 0xdf, 0xdf, 
	0xcf, 0xcf, 0xcf, 0xdf, 0xcf, 0xdf, 0xcf, 0xdf, 
	0xdf, 0xcf, 0xcf, 0xdf, 0xcf, 0xcf, 0xcf, 0xcf, 
	0xcf, 0xcf, 0xdf, 0xdf, 0xcf, 0xdf, 0xcf, 0xcf, 
	0xcf, 0xcf, 0xbf, 0xaf, 0xaf, 0xaf, 0xaf, 0xaf, 
	0xcf, 0xdf, 0xdf, 0xdf, 0xdf, 0xdf, 0xdf, 0xcf, 
	0xcf, 0xdf, 0xcf, 0xcf, 0xdf, 0xcf, 0xdf, 0xcf, 
	0xdf, 0xdf, 0xdf, 0xdf, 0xcf, 0xdf, 0xcf, 0xcf, 
	0xcf, 0xcf, 0xdf, 0xdf, 0xdf, 0xdf, 0xcf, 0xcf, 
	0xcf, 0xcf, 0xdf, 0xdf, 0xcf, 0xcf, 0xcf, 0xcf, 
	0xcf, 0xcf, 0xdf, 0xcf, 0xdf, 0xcf, 0xcf, 0xcf, 
	0xdf, 0xdf, 0xcf, 0xcf, 0xcf, 0xdf, 0xcf, 0xcf, 
	0xcf, 0xcf, 0xbf, 0xaf, 0xaf, 0xaf, 0xaf, 0xaf, 
	0xcf, 0xdf, 0xdf, 0xdf, 0xdf, 0xdf, 0xdf, 0xdf, 
	0xdf, 0xcf, 0xcf, 0xcf, 0xcf, 0xcf, 0xcf, 0xcf, 
	0xcf, 0xcf, 0xcf, 0xcf, 0xcf, 0xdf, 0xcf, 0xdf, 
	0xcf, 0xdf, 0xdf, 0xdf, 0xdf, 0xcf, 0xcf, 0xcf, 
	0xcf, 0xcf, 0xcf, 0xcf, 0xcf, 0xcf, 0xcf, 0xcf, 
	0xdf, 0xcf, 0xcf, 0xcf, 0xdf, 0xdf, 0xcf, 0xcf, 
	0xcf, 0xcf, 0xcf, 0xdf, 0xcf, 0xcf, 0xcf, 0xcf, 
	0xcf, 0xcf, 0xbf, 0xaf, 0xaf, 0xaf, 0xaf, 0xaf, 
	0xcf, 0xdf, 0xdf, 0xdf, 0xdf, 0xdf, 0xdf, 0xdf, 
	0xcf, 0xdf, 0xcf, 0xcf, 0xcf, 0xdf, 0xcf, 0xdf, 
	0xdf, 0xcf, 0xcf, 0xcf, 0xdf, 0xcf, 0xcf, 0xcf, 
	0xcf, 0xcf, 0xcf, 0xcf, 0xdf, 0xcf, 0xdf, 0xcf, 
	0xcf, 0xcf, 0xcf, 0xdf, 0xcf, 0xdf, 0xdf, 0xdf, 
	0xcf, 0xcf, 0xcf, 0xdf, 0xdf, 0xcf, 0xcf, 0xcf, 
	0xcf, 0xcf, 0xcf, 0xdf, 0xdf, 0xcf, 0xcf, 0xcf, 
	0xcf, 0xcf, 0xbf, 0xaf, 0xaf, 0xaf, 0xaf, 0xaf, 
	0xcf, 0xdf, 0xdf, 0xdf, 0xdf, 0xdf, 0xdf, 0xcf, 
	0xcf, 0xcf, 0xdf, 0xcf, 0xcf, 0xcf, 0xdf, 0xdf, 
	0xcf, 0xcf, 0xdf, 0xcf, 0xcf, 0xcf, 0xdf, 0xcf, 
	0xcf, 0xdf, 0xcf, 0xcf, 0xcf, 0xcf, 0xcf, 0xcf, 
	0xcf, 0xcf, 0xdf, 0xcf, 0xcf, 0xcf, 0xcf, 0xcf, 
	0xcf, 0xcf, 0xcf, 0xdf, 0xcf, 0xcf, 0xcf, 0xcf, 
	0xcf, 0xcf, 0xcf, 0xcf, 0xcf, 0xcf, 0xcf, 0xcf, 
	0xcf, 0xcf, 0xbf, 0xaf, 0xaf, 0xaf, 0xaf, 0xaf, 
	0xdf, 0xdf, 0xdf, 0xdf, 0xdf, 0xdf, 0xdf, 0xcf, 
	0xdf, 0xcf, 0xcf, 0xcf, 0xdf, 0xdf, 0xcf, 0xcf, 
	0xcf, 0xcf, 0xdf, 0xcf, 0xcf, 0xdf, 0xcf, 0xcf, 
	0xdf, 0xcf, 0xcf, 0xcf, 0xcf, 0xcf, 0xcf, 0xcf, 
	0xcf, 0xdf, 0xdf, 0xdf, 0xcf, 0xcf, 0xcf, 0xdf, 
	0xcf, 0xcf, 0xdf, 0xdf, 0xcf, 0xcf, 0xcf, 0xdf, 
	0xdf, 0xcf, 0xdf, 0xcf, 0xdf, 0xdf, 0xdf, 0xcf, 
	0xcf, 0xcf, 0xbf, 0xaf, 0xaf, 0xaf, 0xaf, 0xaf, 
	0xcf, 0xdf, 0xdf, 0xdf, 0xdf, 0xdf, 0xdf, 0xdf, 
	0xcf, 0xcf, 0xcf, 0xcf, 0xdf, 0xcf, 0xdf, 0xdf, 
	0xdf, 0xcf, 0xcf, 0xcf, 0xcf, 0xcf, 0xcf, 0xdf, 
	0xcf, 0xcf, 0xdf, 0xcf, 0xcf, 0xcf, 0xcf, 0xdf, 
	0xdf, 0xcf, 0xcf, 0xcf, 0xcf, 0xcf, 0xcf, 0xcf, 
	0xcf, 0xdf, 0xcf, 0xdf, 0xcf, 0xdf, 0xdf, 0xcf, 
	0xcf, 0xcf, 0xdf, 0xcf, 0xcf, 0xcf, 0xcf, 0xcf, 
	0xdf, 0xcf, 0xbf, 0xaf, 0xaf, 0xaf, 0xaf, 0xaf, 
	0xcf, 0xdf, 0xdf, 0xdf, 0xdf, 0xdf, 0xdf, 0xcf, 
	0xcf, 0xdf, 0xdf, 0xcf, 0xdf, 0xcf, 0xcf, 0xcf, 
	0xcf, 0xdf, 0xcf, 0xcf, 0xcf, 0xcf, 0xcf, 0xcf, 
	0xcf, 0xcf, 0xcf, 0xcf, 0xcf, 0xdf, 0xdf, 0xcf, 
	0xcf, 0xcf, 0xdf, 0xdf, 0xdf, 0xcf, 0xcf, 0xcf, 
	0xcf, 0xcf, 0xcf, 0xcf, 0xcf, 0xcf, 0xcf, 0xcf, 
	0xdf, 0xdf, 0xcf, 0xdf, 0xcf, 0xcf, 0xdf, 0xcf, 
	0xcf, 0xcf, 0xbf, 0xaf, 0xaf, 0xaf, 0xaf, 0xaf, 
	0xdf, 0xdf, 0xdf, 0xdf, 0xdf, 0xdf, 0xdf, 0xdf, 
	0xdf, 0xcf, 0xcf, 0xcf, 0xdf, 0xcf, 0xdf, 0xcf, 
	0xcf, 0xcf, 0xdf, 0xcf, 0xcf, 0xdf, 0xcf, 0xcf, 
	0xcf, 0xdf, 0xdf, 0xcf, 0xdf, 0xdf, 0xdf, 0xcf, 
	0xcf, 0xcf, 0xcf, 0xcf, 0xcf, 0xdf, 0xcf, 0xcf, 
	0xdf, 0xdf, 0xdf, 0xdf, 0xcf, 0xcf, 0xdf, 0xdf, 
	0xcf, 0xcf, 0xcf, 0xcf, 0xcf, 0xcf, 0xdf, 0xcf, 
	0xcf, 0xcf, 0xbf, 0xaf, 0xaf, 0xaf, 0xaf, 0xaf, 
	0xcf, 0xdf, 0xdf, 0xdf, 0xdf, 0xdf, 0xdf, 0xdf, 
	0xcf, 0xcf, 0xcf, 0xdf, 0xdf, 0xcf, 0xdf, 0xcf, 
	0xcf, 0xdf, 0xcf, 0xcf, 0xdf, 0xcf, 0xcf, 0xcf, 
	0xdf, 0xdf, 0xcf, 0xcf, 0xdf, 0xcf, 0xcf, 0xcf, 
	0xcf, 0xcf, 0xcf, 0xdf, 0xcf, 0xcf, 0xcf, 0xdf, 
	0xdf, 0xcf, 0xcf, 0xcf, 0xcf, 0xcf, 0xcf, 0xcf, 
	0xdf, 0xcf, 0xcf, 0xdf, 0xdf, 0xcf, 0xcf, 0xcf, 
	0xcf, 0xcf, 0xbf, 0xaf, 0xaf, 0xaf, 0xaf, 0xaf, 
	0xcf, 0xdf, 0xdf, 0xdf, 0xdf, 0xdf, 0xcf, 0xcf, 
	0xdf, 0xdf, 0xcf, 0xcf, 0xcf, 0xdf, 0xcf, 0xcf, 
	0xdf, 0xcf, 0xcf, 0xcf, 0xcf, 0xcf, 0xcf, 0xdf, 
	0xcf, 0xcf, 0xcf, 0xcf, 0xcf, 0xdf, 0xdf, 0xcf, 
	0xdf, 0xdf, 0xcf, 0xcf, 0xcf, 0xdf, 0xdf, 0xcf, 
	0xcf, 0xcf, 0xcf, 0xcf, 0xcf, 0xdf, 0xcf, 0xdf, 
	0xcf, 0xdf, 0xcf, 0xcf, 0xcf, 0xdf, 0xcf, 0xcf, 
	0xdf, 0xcf, 0xbf, 0xaf, 0xaf, 0xaf, 0xaf, 0xaf, 
	0xcf, 0xdf, 0xdf, 0xdf, 0xdf, 0xdf, 0xcf, 0xdf, 
	0xcf, 0xcf, 0xcf, 0xdf, 0xcf, 0xdf, 0xcf, 0xdf, 
	0xcf, 0xcf, 0xcf, 0xcf, 0xcf, 0xcf, 0xdf, 0xcf, 
	0xcf, 0xdf, 0xdf, 0xdf, 0xcf, 0xdf, 0xcf, 0xcf, 
	0xdf, 0xcf, 0xcf, 0xdf, 0xdf, 0xcf, 0xcf, 0xcf, 
	0xdf, 0xcf, 0xcf, 0xdf, 0xcf, 0xcf, 0xcf, 0xcf, 
	0xcf, 0xcf, 0xdf, 0xcf, 0xcf, 0xdf, 0xcf, 0xcf, 
	0xcf, 0xcf, 0xbf, 0xaf, 0xaf, 0xaf, 0xaf, 0xaf, 
	0xcf, 0xdf, 0xdf, 0xdf, 0xdf, 0xdf, 0xdf, 0xcf, 
	0xdf, 0xdf, 0xdf, 0xdf, 0xcf, 0xcf, 0xcf, 0xcf, 
	0xcf, 0xdf, 0xcf, 0xcf, 0xcf, 0xcf, 0xcf, 0xcf, 
	0xcf, 0xdf, 0xcf, 0xcf, 0xdf, 0xcf, 0xdf, 0xdf, 
	0xcf, 0xcf, 0xdf, 0xcf, 0xcf, 0xcf, 0xcf, 0xdf, 
	0xcf, 0xcf, 0xdf, 0xdf, 0xcf, 0xdf, 0xdf, 0xdf, 
	0xcf, 0xdf, 0xcf, 0xcf, 0xdf, 0xcf, 0xdf, 0xcf, 
	0xcf, 0xcf, 0xbf, 0xaf, 0xaf, 0xaf, 0xaf, 0xaf, 
	0xdf, 0xdf, 0xdf, 0xdf, 0xdf, 0xdf, 0xdf, 0xcf, 
	0xcf, 0xdf, 0xcf, 0xcf, 0xdf, 0xcf, 0xcf, 0xcf, 
	0xdf, 0xdf, 0xcf, 0xcf, 0xcf, 0xcf, 0xcf, 0xcf, 
	0xcf, 0xdf, 0xdf, 0xcf, 0xcf, 0xcf, 0xcf, 0xcf, 
	0xcf, 0xcf, 0xcf, 0xdf, 0xdf, 0xdf, 0xdf, 0xcf, 
	0xcf, 0xdf, 0xcf, 0xcf, 0xcf, 0xcf, 0xcf, 0xcf, 
	0xcf, 0xcf, 0xcf, 0xcf, 0xcf, 0xcf, 0xcf, 0xcf, 
	0xcf, 0xcf, 0xbf, 0xaf, 0xaf, 0xaf, 0xaf, 0xaf, 
	0xcf, 0xdf, 0xdf, 0xdf, 0xdf, 0xdf, 0xcf, 0xcf, 
	0xcf, 0xdf, 0xcf, 0xdf, 0xcf, 0xcf, 0xdf, 0xcf, 
	0xcf, 0xcf, 0xcf, 0xdf, 0xcf, 0xcf, 0xcf, 0xcf, 
	0xdf, 0xcf, 0xcf, 0xcf, 0xcf, 0xcf, 0xcf, 0xcf, 
	0xcf, 0xcf, 0xdf, 0xcf, 0xcf, 0xcf, 0xcf, 0xcf, 
	0xdf, 0xdf, 0xcf, 0xcf, 0xcf, 0xcf, 0xcf, 0xcf, 
	0xcf, 0xdf, 0xcf, 0xdf, 0xcf, 0xcf, 0xcf, 0xcf, 
	0xcf, 0xcf, 0xbf, 0xaf, 0xaf, 0xaf, 0xaf, 0xaf, 
	0xdf, 0xdf, 0xdf, 0xdf, 0xdf, 0xdf, 0xdf, 0xdf, 
	0xcf, 0xcf, 0xcf, 0xcf, 0xcf, 0xcf, 0xcf, 0xcf, 
	0xcf, 0xcf, 0xcf, 0xcf, 0xcf, 0xcf, 0xcf, 0xcf, 
	0xdf, 0xcf, 0xcf, 0xcf, 0xdf, 0xcf, 0xcf, 0xcf, 
	0xcf, 0xcf, 0xcf, 0xcf, 0xcf, 0xcf, 0xcf, 0xcf, 
	0xcf, 0xcf, 0xcf, 0xcf, 0xcf, 0xdf, 0xcf, 0xcf, 
	0xcf, 0xcf, 0xcf, 0xcf, 0xcf, 0xcf, 0xcf, 0xcf, 
	0xcf, 0xcf, 0xbf, 0xaf, 0xaf, 0xaf, 0xaf, 0xaf, 
	0xcf, 0xdf, 0xdf, 0xdf, 0xdf, 0xdf, 0xcf, 0xcf, 
	0xcf, 0xcf, 0xcf, 0xcf, 0xcf, 0xcf, 0xcf, 0xcf, 
	0xcf, 0xcf, 0xcf, 0xcf, 0xcf, 0xcf, 0xcf, 0xcf, 
	0xcf, 0xcf, 0xcf, 0xcf, 0xcf, 0xcf, 0xcf, 0xcf, 
	0xcf, 0xcf, 0xcf, 0xcf, 0xcf, 0xcf, 0xcf, 0xcf, 
	0xcf, 0xcf, 0xcf, 0xcf, 0xcf, 0xcf, 0xcf, 0xcf, 
	0xcf, 0xcf, 0xcf, 0xcf, 0xcf, 0xcf, 0xcf, 0xcf, 
	0xcf, 0xcf, 0xbf, 0xaf, 0xaf, 0xaf, 0xaf, 0xaf, 
	0xcf, 0xdf, 0xdf, 0xdf, 0xdf, 0xbf, 0xaf, 0xaf, 
	0xaf, 0xaf, 0xaf, 0xaf, 0xaf, 0xaf, 0xaf, 0xaf, 
	0xaf, 0xaf, 0xaf, 0xaf, 0xaf, 0xaf, 0xaf, 0xaf, 
	0xaf, 0xaf, 0xaf, 0xaf, 0xaf, 0x9f, 0xaf, 0xaf, 
	0xaf, 0xaf, 0xaf, 0x9f, 0xaf, 0xaf, 0xaf, 0xaf, 
	0xaf, 0xaf, 0xaf, 0xaf, 0xaf, 0xaf, 0xaf, 0xaf, 
	0xaf, 0xaf, 0xaf, 0xaf, 0xaf, 0xaf, 0xaf, 0xaf, 
	0xaf, 0xaf, 0x9f, 0xaf, 0xaf, 0xaf, 0xaf, 0xaf, 
	0xcf, 0xdf, 0xdf, 0xdf, 0xcf, 0x9f, 0x9f, 0x9f, 
	0x9f, 0x9f, 0x9f, 0x9f, 0x9f, 0x9f, 0x9f, 0x9f, 
	0x9f, 0x9f, 0x9f, 0x9f, 0x9f, 0x9f, 0x9f, 0x9f, 
	0x9f, 0x9f, 0x9f, 0x9f, 0x9f, 0x9f, 0x9f, 0x9f, 
	0x9f, 0x9f, 0x9f, 0x9f, 0x9f, 0x9f, 0x9f, 0x9f, 
	0x9f, 0x9f, 0x9f, 0x9f, 0x9f, 0x9f, 0x9f, 0x9f, 
	0x9f, 0x9f, 0x9f, 0x9f, 0x9f, 0x9f, 0x9f, 0x9f, 
	0x9f, 0x9f, 0x9f, 0x9f, 0xaf, 0xaf, 0xaf, 0xaf, 
	0xcf, 0xdf, 0xdf, 0xbf, 0x9f, 0x9f, 0x9f, 0x9f, 
	0x9f, 0x9f, 0x9f, 0x9f, 0x9f, 0x9f, 0x9f, 0x9f, 
	0x9f, 0x9f, 0x9f, 0x9f, 0x9f, 0x9f, 0x9f, 0x9f, 
	0x9f, 0x9f, 0x9f, 0x9f, 0x9f, 0x9f, 0x9f, 0x8f, 
	0x9f, 0x9f, 0x9f, 0x9f, 0x9f, 0x9f, 0x9f, 0x9f, 
	0x9f, 0x9f, 0x9f, 0x9f, 0x9f, 0x9f, 0x9f, 0x9f, 
	0x9f, 0x9f, 0x9f, 0x9f, 0x9f, 0x9f, 0x9f, 0x9f, 
	0x9f, 0x9f, 0x9f, 0x9f, 0x9f, 0xaf, 0xaf, 0xaf, 
	0xcf, 0xdf, 0xcf, 0x9f, 0x9f, 0x9f, 0x9f, 0x9f, 
	0x9f, 0x9f, 0x9f, 0x9f, 0x9f, 0x9f, 0x9f, 0x9f, 
	0x9f, 0x9f, 0x9f, 0x9f, 0x9f, 0x9f, 0x9f, 0x9f, 
	0x9f, 0x9f, 0x9f, 0x9f, 0x9f, 0x9f, 0x9f, 0x9f, 
	0x9f, 0x9f, 0x9f, 0x9f, 0x9f, 0x9f, 0x9f, 0x9f, 
	0x9f, 0x9f, 0x9f, 0x9f, 0x9f, 0x9f, 0x9f, 0x9f, 
	0x9f, 0x9f, 0x9f, 0x9f, 0x9f, 0x9f, 0x9f, 0x9f, 
	0x9f, 0x9f, 0x9f, 0x9f, 0x9f, 0x9f, 0xaf, 0xaf, 
	0xce, 0xbf, 0x9f, 0x9f, 0x9f, 0x9f, 0x9f, 0x9f, 
	0x9f, 0x9f, 0x9f, 0x9f, 0x9f, 0x9f, 0x9f, 0x9f, 
	0x9f, 0x9f, 0x9f, 0x9f, 0x9f, 0x9f, 0x9f, 0x9f, 
	0x9f, 0x9f, 0x9f, 0x9f, 0x9f, 0x9f, 0x9f, 0x9f, 
	0x8f, 0x9f, 0x8f, 0x9f, 0x9f, 0x9f, 0x9f, 0x9f, 
	0x9f, 0x9f, 0x9f, 0x9f, 0x9f, 0x9f, 0x9f, 0x9f, 
	0x9f, 0x9f, 0x9f, 0x9f, 0x9f, 0x8f, 0x9f, 0x9f, 
	0x9f, 0x9f, 0x9f, 0x9f, 0x9f, 0x9f, 0x9f, 0xae, 
	0xcc, 0xae, 0x9f, 0x9f, 0x9f, 0x8f, 0x8f, 0x8f, 
	0x8f, 0x8f, 0x8f, 0x8f, 0x8f, 0x8f, 0x8f, 0x8f, 
	0x8f, 0x8f, 0x8f, 0x8f, 0x8f, 0x8f, 0x8f, 0x8f, 
	0x8f, 0x8f, 0x8f, 0x8f, 0x8f, 0x8f, 0x8f, 0x8e, 
	0x8e, 0x8f, 0x8f, 0x8f, 0x8f, 0x8f, 0x8f, 0x8f, 
	0x8f, 0x8f, 0x8f, 0x8f, 0x8f, 0x8f, 0x8f, 0x8f, 
	0x8f, 0x8f, 0x8f, 0x8f, 0x8f, 0x8f, 0x8f, 0x8f, 
	0x8f, 0x8f, 0x8f, 0x8f, 0x8f, 0x8f, 0x8e, 0xac, 
	0xee, 0xee, 0xdf, 0xdf, 0xcf, 0xcf, 0xbf, 0xbf, 
	0xaf, 0xaf, 0x9f, 0x9f, 0x9f, 0x9f, 0x9f, 0x9f, 
	0x9f, 0x9f, 0x9f, 0x9f, 0x9f, 0x9f, 0x9f, 0x9f, 
	0x9f, 0x9f, 0x9f, 0x9f, 0x9f, 0x9f, 0x9e, 0x8c, 
	0x8c, 0x9e, 0x9f, 0x9f, 0x9f, 0x9f, 0x9f, 0x9f, 
	0x9f, 0x9f, 0x9f, 0x9f, 0x9f, 0x9f, 0x9f, 0x9f, 
	0x9f, 0x9f, 0x9f, 0x9f, 0x9f, 0x9f, 0x9f, 0x9f, 
	0x9f, 0x9f, 0x9f, 0xaf, 0xaf, 0xaf, 0xce, 0xee, 
	0xef, 0xff, 0xef, 0xff, 0xef, 0xef, 0xef, 0xef, 
	0xef, 0xef, 0xef, 0xef, 0xef, 0xef, 0xef, 0xef, 
	0xef, 0xef, 0xef, 0xef, 0xef, 0xef, 0xef, 0xef, 
	0xef, 0xef, 0xef, 0xef, 0xef, 0xdf, 0xcf, 0x9e, 
	0xae, 0xdf, 0xef, 0xef, 0xef, 0xef, 0xef, 0xef, 
	0xef, 0xef, 0xef, 0xef, 0xef, 0xef, 0xef, 0xef, 
	0xef, 0xef, 0xef, 0xef, 0xef, 0xef, 0xef, 0xef, 
	0xef, 0xef, 0xef, 0xef, 0xef, 0xef, 0xef, 0xef, 
	0xff, 0xff, 0xff, 0xff, 0xff, 0xef, 0xff, 0xff, 
	0xef, 0xef, 0xff, 0xff, 0xef, 0xef, 0xff, 0xef, 
	0xef, 0xef, 0xff, 0xef, 0xef, 0xef, 0xff, 0xef, 
	0xff, 0xef, 0xef, 0xef, 0xef, 0xdf, 0xbf, 0xaf, 
	0xcf, 0xdf, 0xef, 0xef, 0xff, 0xef, 0xef, 0xef, 
	0xff, 0xef, 0xef, 0xef, 0xef, 0xff, 0xef, 0xff, 
	0xff, 0xef, 0xef, 0xef, 0xef, 0xff, 0xef, 0xef, 
	0xef, 0xef, 0xff, 0xef, 0xff, 0xff, 0xff, 0xff, 
	0xef, 0xff, 0xff, 0xef, 0xff, 0xef, 0xef, 0xff, 
	0xef, 0xef, 0xff, 0xff, 0xef, 0xff, 0xef, 0xff, 
	0xff, 0xef, 0xef, 0xef, 0xff, 0xff, 0xef, 0xff, 
	0xff, 0xff, 0xef, 0xef, 0xdf, 0xbf, 0xaf, 0xaf, 
	0xcf, 0xdf, 0xdf, 0xef, 0xff, 0xff, 0xff, 0xff, 
	0xff, 0xff, 0xff, 0xef, 0xff, 0xef, 0xff, 0xef, 
	0xff, 0xff, 0xef, 0xff, 0xef, 0xef, 0xff, 0xff, 
	0xff, 0xff, 0xef, 0xef, 0xff, 0xff, 0xff, 0xff, 
	0xef, 0xff, 0xff, 0xff, 0xff, 0xef, 0xff, 0xff, 
	0xff, 0xff, 0xef, 0xff, 0xff, 0xff, 0xef, 0xff, 
	0xff, 0xff, 0xff, 0xef, 0xef, 0xff, 0xff, 0xef, 
	0xef, 0xef, 0xef, 0xdf, 0xbf, 0xaf, 0xaf, 0xaf, 
	0xcf, 0xdf, 0xdf, 0xdf, 0xef, 0xff, 0xff, 0xff, 
	0xff, 0xff, 0xff, 0xef, 0xff, 0xef, 0xff, 0xef, 
	0xff, 0xff, 0xff, 0xef, 0xff, 0xef, 0xff, 0xff, 
	0xff, 0xef, 0xff, 0xff, 0xff, 0xff, 0xef, 0xff, 
	0xef, 0xef, 0xef, 0xef, 0xef, 0xef, 0xef, 0xef, 
	0xef, 0xef, 0xef, 0xef, 0xef, 0xef, 0xef, 0xef, 
	0xef, 0xef, 0xef, 0xef, 0xef, 0xef, 0xef, 0xef, 
	0xef, 0xef, 0xdf, 0xbf, 0xbf, 0xaf, 0xaf, 0xaf, 
	0xdf, 0xdf, 0xdf, 0xdf, 0xdf, 0xef, 0xef, 0xef, 
	0xef, 0xef, 0xef, 0xef, 0xef, 0xef, 0xef, 0xef, 
	0xef, 0xef, 0xef, 0xef, 0xef, 0xef, 0xef, 0xef, 
	0xef, 0xef, 0xef, 0xef, 0xef, 0xef, 0xef, 0xef, 
	0xdf, 0xdf, 0xdf, 0xdf, 0xdf, 0xdf, 0xdf, 0xdf, 
	0xdf, 0xdf, 0xdf, 0xdf, 0xdf, 0xdf, 0xdf, 0xdf, 
	0xdf, 0xdf, 0xdf, 0xdf, 0xdf, 0xdf, 0xdf, 0xdf, 
	0xdf, 0xcf, 0xbf, 0xaf, 0xaf, 0xaf, 0xaf, 0xaf, 
	0xcf, 0xdf, 0xdf, 0xdf, 0xdf, 0xdf, 0xdf, 0xdf, 
	0xdf, 0xdf, 0xdf, 0xdf, 0xdf, 0xdf, 0xdf, 0xdf, 
	0xdf, 0xdf, 0xdf, 0xdf, 0xdf, 0xdf, 0xdf, 0xdf, 
	0xdf, 0xdf, 0xdf, 0xdf, 0xdf, 0xdf, 0xdf, 0xdf, 
	0xdf, 0xcf, 0xcf, 0xcf, 0xcf, 0xdf, 0xcf, 0xdf, 
	0xdf, 0xdf, 0xdf, 0xdf, 0xcf, 0xdf, 0xcf, 0xdf, 
	0xdf, 0xcf, 0xcf, 0xdf, 0xdf, 0xdf, 0xdf, 0xcf, 
	0xdf, 0xcf, 0xbf, 0xaf, 0xaf, 0xaf, 0xaf, 0xaf, 
	0xcf, 0xdf, 0xdf, 0xdf, 0xdf, 0xdf, 0xdf, 0xdf, 
	0xdf, 0xcf, 0xdf, 0xdf, 0xcf, 0xdf, 0xdf, 0xdf, 
	0xdf, 0xdf, 0xdf, 0xdf, 0xdf, 0xcf, 0xdf, 0xcf, 
	0xcf, 0xcf, 0xcf, 0xdf, 0xcf, 0xdf, 0xdf, 0xcf, 
	0xdf, 0xcf, 0xcf, 0xcf, 0xcf, 0xcf, 0xdf, 0xcf, 
	0xcf, 0xcf, 0xcf, 0xcf, 0xdf, 0xdf, 0xdf, 0xcf, 
	0xcf, 0xcf, 0xcf, 0xdf, 0xcf, 0xcf, 0xcf, 0xcf, 
	0xdf, 0xcf, 0xbf, 0xaf, 0xaf, 0xaf, 0xaf, 0xaf, 
	0xcf, 0xdf, 0xdf, 0xdf, 0xdf, 0xdf, 0xdf, 0xdf, 
	0xcf, 0xcf, 0xcf, 0xcf, 0xcf, 0xcf, 0xcf, 0xcf, 
	0xcf, 0xcf, 0xdf, 0xdf, 0xcf, 0xdf, 0xcf, 0xdf, 
	0xdf, 0xcf, 0xcf, 0xdf, 0xcf, 0xcf, 0xcf, 0xcf, 
	0xdf, 0xcf, 0xcf, 0xcf, 0xdf, 0xdf, 0xcf, 0xcf, 
	0xcf, 0xcf, 0xcf, 0xdf, 0xcf, 0xcf, 0xcf, 0xcf, 
	0xdf, 0xcf, 0xdf, 0xcf, 0xcf, 0xcf, 0xdf, 0xcf, 
	0xdf, 0xcf, 0xbf, 0xaf, 0xaf, 0xaf, 0xaf, 0xaf, 
	0xdf, 0xdf, 0xdf, 0xdf, 0xdf, 0xdf, 0xcf, 0xdf, 
	0xcf, 0xdf, 0xcf, 0xdf, 0xcf, 0xcf, 0xcf, 0xcf, 
	0xdf, 0xcf, 0xdf, 0xcf, 0xcf, 0xdf, 0xcf, 0xcf, 
	0xcf, 0xcf, 0xdf, 0xcf, 0xdf, 0xdf, 0xcf, 0xcf, 
	0xcf, 0xcf, 0xdf, 0xdf, 0xdf, 0xdf, 0xcf, 0xcf, 
	0xdf, 0xcf, 0xcf, 0xcf, 0xcf, 0xcf, 0xcf, 0xdf, 
	0xcf, 0xcf, 0xdf, 0xcf, 0xdf, 0xdf, 0xcf, 0xcf, 
	0xcf, 0xcf, 0xbf, 0xaf, 0xaf, 0xaf, 0xaf, 0xaf, 
	0xcf, 0xdf, 0xdf, 0xdf, 0xdf, 0xdf, 0xdf, 0xdf, 
	0xcf, 0xcf, 0xcf, 0xdf, 0xdf, 0xdf, 0xdf, 0xdf, 
	0xdf, 0xdf, 0xdf, 0xcf, 0xdf, 0xcf, 0xcf, 0xcf, 
	0xcf, 0xdf, 0xdf, 0xcf, 0xcf, 0xdf, 0xcf, 0xcf, 
	0xcf, 0xcf, 0xcf, 0xcf, 0xcf, 0xcf, 0xcf, 0xcf, 
	0xdf, 0xcf, 0xdf, 0xcf, 0xdf, 0xdf, 0xcf, 0xcf, 
	0xcf, 0xcf, 0xcf, 0xcf, 0xcf, 0xcf, 0xcf, 0xdf, 
	0xcf, 0xcf, 0xbf, 0xbf, 0xaf, 0xaf, 0xaf, 0xaf, 
	0xcf, 0xdf, 0xdf, 0xdf, 0xdf, 0xdf, 0xcf, 0xdf, 
	0xcf, 0xcf, 0xcf, 0xcf, 0xcf, 0xcf, 0xcf, 0xdf, 
	0xcf, 0xcf, 0xcf, 0xcf, 0xcf, 0xcf, 0xdf, 0xcf, 
	0xdf, 0xdf, 0xcf, 0xcf, 0xdf, 0xcf, 0xcf, 0xdf, 
	0xcf, 0xcf, 0xdf, 0xcf, 0xcf, 0xcf, 0xcf, 0xdf, 
	0xcf, 0xcf, 0xcf, 0xcf, 0xdf, 0xdf, 0xcf, 0xcf, 
	0xdf, 0xcf, 0xdf, 0xdf, 0xcf, 0xcf, 0xdf, 0xcf, 
	0xcf, 0xcf, 0xbf, 0xaf, 0xaf, 0xaf, 0xaf, 0xaf, 
	0xdf, 0xdf, 0xdf, 0xdf, 0xdf, 0xdf, 0xdf, 0xdf, 
	0xdf, 0xcf, 0xcf, 0xcf, 0xcf, 0xcf, 0xcf, 0xcf, 
	0xcf, 0xcf, 0xdf, 0xcf, 0xcf, 0xdf, 0xdf, 0xdf, 
	0xdf, 0xcf, 0xcf, 0xdf, 0xcf, 0xcf, 0xcf, 0xcf, 
	0xcf, 0xcf, 0xcf, 0xdf, 0xcf, 0xcf, 0xcf, 0xcf, 
	0xcf, 0xcf, 0xcf, 0xdf, 0xcf, 0xcf, 0xcf, 0xdf, 
	0xcf, 0xdf, 0xdf, 0xdf, 0xdf, 0xcf, 0xdf, 0xdf, 
	0xdf, 0xcf, 0xbf, 0xaf, 0xbf, 0xaf, 0xaf, 0xaf, 
	0xcf, 0xdf, 0xdf, 0xdf, 0xdf, 0xdf, 0xdf, 0xcf, 
	0xcf, 0xdf, 0xdf, 0xcf, 0xcf, 0xdf, 0xdf, 0xcf, 
	0xcf, 0xdf, 0xcf, 0xcf, 0xcf, 0xcf, 0xdf, 0xcf, 
	0xcf, 0xdf, 0xdf, 0xdf, 0xcf, 0xcf, 0xdf, 0xdf, 
	0xdf, 0xdf, 0xdf, 0xcf, 0xcf, 0xcf, 0xcf, 0xcf, 
	0xcf, 0xdf, 0xcf, 0xcf, 0xcf, 0xcf, 0xcf, 0xdf, 
	0xcf, 0xcf, 0xcf, 0xcf, 0xcf, 0xcf, 0xdf, 0xdf, 
	0xcf, 0xcf, 0xbf, 0xaf, 0xaf, 0xaf, 0xaf, 0xaf, 
	0xcf, 0xdf, 0xdf, 0xdf, 0xdf, 0xdf, 0xdf, 0xcf, 
	0xdf, 0xcf, 0xcf, 0xdf, 0xdf, 0xcf, 0xcf, 0xcf, 
	0xdf, 0xcf, 0xcf, 0xcf, 0xcf, 0xcf, 0xdf, 0xcf, 
	0xcf, 0xcf, 0xcf, 0xcf, 0xcf, 0xdf, 0xcf, 0xcf, 
	0xdf, 0xcf, 0xcf, 0xcf, 0xdf, 0xcf, 0xdf, 0xcf, 
	0xdf, 0xdf, 0xcf, 0xcf, 0xdf, 0xcf, 0xcf, 0xcf, 
	0xcf, 0xcf, 0xcf, 0xcf, 0xcf, 0xcf, 0xcf, 0xcf, 
	0xcf, 0xcf, 0xbf, 0xaf, 0xaf, 0xaf, 0xaf, 0xaf, 
	0xcf, 0xdf, 0xdf, 0xdf, 0xdf, 0xdf, 0xcf, 0xcf, 
	0xcf, 0xcf, 0xdf, 0xcf, 0xdf, 0xcf, 0xcf, 0xcf, 
	0xcf, 0xcf, 0xdf, 0xcf, 0xdf, 0xdf, 0xcf, 0xcf, 
	0xcf, 0xcf, 0xcf, 0xcf, 0xcf, 0xdf, 0xcf, 0xcf, 
	0xcf, 0xcf, 0xcf, 0xcf, 0xdf, 0xdf, 0xcf, 0xcf, 
	0xcf, 0xcf, 0xcf, 0xcf, 0xcf, 0xcf, 0xcf, 0xcf, 
	0xcf, 0xcf, 0xcf, 0xcf, 0xdf, 0xcf, 0xcf, 0xcf, 
	0xcf, 0xcf, 0xbf, 0xaf, 0xaf, 0xaf, 0xaf, 0xaf, 
	0xcf, 0xdf, 0xdf, 0xdf, 0xdf, 0xdf, 0xdf, 0xcf, 
	0xcf, 0xcf, 0xcf, 0xcf, 0xcf, 0xcf, 0xcf, 0xcf, 
	0xdf, 0xdf, 0xdf, 0xcf, 0xcf, 0xcf, 0xdf, 0xdf, 
	0xcf, 0xcf, 0xdf, 0xcf, 0xdf, 0xcf, 0xdf, 0xdf, 
	0xcf, 0xcf, 0xcf, 0xdf, 0xcf, 0xcf, 0xdf, 0xcf, 
	0xcf, 0xcf, 0xcf, 0xcf, 0xcf, 0xcf, 0xdf, 0xdf, 
	0xcf, 0xcf, 0xdf, 0xdf, 0xcf, 0xdf, 0xdf, 0xdf, 
	0xcf, 0xcf, 0xbf, 0xaf, 0xaf, 0xaf, 0xaf, 0xaf, 
	0xdf, 0xdf, 0xdf, 0xdf, 0xdf, 0xdf, 0xdf, 0xdf, 
	0xcf, 0xcf, 0xdf, 0xdf, 0xcf, 0xcf, 0xcf, 0xcf, 
	0xcf, 0xdf, 0xcf, 0xdf, 0xdf, 0xdf, 0xcf, 0xcf, 
	0xdf, 0xdf, 0xdf, 0xcf, 0xcf, 0xcf, 0xdf, 0xcf, 
	0xdf, 0xdf, 0xcf, 0xdf, 0xdf, 0xcf, 0xcf, 0xdf, 
	0xdf, 0xdf, 0xcf, 0xdf, 0xdf, 0xcf, 0xdf, 0xcf, 
	0xcf, 0xcf, 0xcf, 0xcf, 0xdf, 0xcf, 0xcf, 0xcf, 
	0xcf, 0xcf, 0xbf, 0xaf, 0xaf, 0xaf, 0xaf, 0xaf, 
	0xcf, 0xdf, 0xdf, 0xdf, 0xdf, 0xdf, 0xcf, 0xcf, 
	0xcf, 0xcf, 0xcf, 0xdf, 0xdf, 0xdf, 0xcf, 0xcf, 
	0xdf, 0xcf, 0xcf, 0xcf, 0xcf, 0xcf, 0xdf, 0xdf, 
	0xcf, 0xcf, 0xcf, 0xdf, 0xdf, 0xdf, 0xcf, 0xcf, 
	0xcf, 0xdf, 0xcf, 0xcf, 0xcf, 0xcf, 0xcf, 0xcf, 
	0xcf, 0xcf, 0xdf, 0xdf, 0xcf, 0xcf, 0xcf, 0xcf, 
	0xcf, 0xcf, 0xdf, 0xcf, 0xcf, 0xcf, 0xdf, 0xcf, 
	0xcf, 0xcf, 0xbf, 0xaf, 0xaf, 0xaf, 0xaf, 0xaf, 
	0xcf, 0xdf, 0xdf, 0xdf, 0xdf, 0xdf, 0xcf, 0xcf, 
	0xdf, 0xcf, 0xdf, 0xcf, 0xcf, 0xcf, 0xdf, 0xdf, 
	0xcf, 0xcf, 0xcf, 0xcf, 0xcf, 0xcf, 0xcf, 0xdf, 
	0xdf, 0xdf, 0xdf, 0xcf, 0xcf, 0xdf, 0xcf, 0xdf, 
	0xcf, 0xcf, 0xcf, 0xdf, 0xcf, 0xcf, 0xcf, 0xcf, 
	0xcf, 0xdf, 0xcf, 0xcf, 0xcf, 0xcf, 0xdf, 0xcf, 
	0xcf, 0xcf, 0xdf, 0xcf, 0xcf, 0xdf, 0xcf, 0xcf, 
	0xcf, 0xcf, 0xbf, 0xaf, 0xaf, 0xaf, 0xaf, 0xaf, 
	0xcf, 0xdf, 0xdf, 0xdf, 0xdf, 0xdf, 0xdf, 0xdf, 
	0xcf, 0xcf, 0xcf, 0xcf, 0xcf, 0xcf, 0xdf, 0xcf, 
	0xcf, 0xcf, 0xdf, 0xcf, 0xcf, 0xcf, 0xcf, 0xcf, 
	0xdf, 0xdf, 0xcf, 0xcf, 0xcf, 0xcf, 0xcf, 0xcf, 
	0xcf, 0xcf, 0xcf, 0xcf, 0xcf, 0xcf, 0xdf, 0xcf, 
	0xdf, 0xdf, 0xcf, 0xcf, 0xcf, 0xcf, 0xcf, 0xcf, 
	0xdf, 0xdf, 0xcf, 0xcf, 0xdf, 0xcf, 0xcf, 0xdf, 
	0xcf, 0xcf, 0xbf, 0xaf, 0xaf, 0xaf, 0xaf, 0xaf, 
	0xcf, 0xdf, 0xdf, 0xdf, 0xdf, 0xdf, 0xdf, 0xcf, 
	0xcf, 0xdf, 0xcf, 0xdf, 0xcf, 0xdf, 0xcf, 0xcf, 
	0xcf, 0xdf, 0xcf, 0xdf, 0xdf, 0xdf, 0xcf, 0xdf, 
	0xcf, 0xcf, 0xcf, 0xcf, 0xcf, 0xcf, 0xcf, 0xcf, 
	0xdf, 0xcf, 0xcf, 0xcf, 0xcf, 0xcf, 0xdf, 0xcf, 
	0xcf, 0xcf, 0xcf, 0xdf, 0xcf, 0xdf, 0xcf, 0xcf, 
	0xcf, 0xcf, 0xcf, 0xcf, 0xcf, 0xcf, 0xdf, 0xcf, 
	0xcf, 0xcf, 0xbf, 0xbf, 0xaf, 0xaf, 0xaf, 0xaf, 
	0xcf, 0xdf, 0xdf, 0xdf, 0xdf, 0xdf, 0xcf, 0xcf, 
	0xcf, 0xdf, 0xcf, 0xcf, 0xcf, 0xcf, 0xdf, 0xcf, 
	0xcf, 0xcf, 0xcf, 0xcf, 0xcf, 0xcf, 0xdf, 0xcf, 
	0xcf, 0xcf, 0xcf, 0xcf, 0xdf, 0xdf, 0xcf, 0xcf, 
	0xcf, 0xcf, 0xcf, 0xcf, 0xcf, 0xdf, 0xcf, 0xcf, 
	0xcf, 0xdf, 0xcf, 0xcf, 0xcf, 0xcf, 0xcf, 0xdf, 
	0xcf, 0xcf, 0xdf, 0xcf, 0xdf, 0xcf, 0xcf, 0xcf, 
	0xcf, 0xcf, 0xbf, 0xaf, 0xaf, 0xaf, 0xaf, 0xaf, 
	0xdf, 0xdf, 0xdf, 0xdf, 0xdf, 0xdf, 0xdf, 0xdf, 
	0xcf, 0xcf, 0xcf, 0xcf, 0xdf, 0xcf, 0xdf, 0xcf, 
	0xcf, 0xcf, 0xcf, 0xdf, 0xdf, 0xcf, 0xcf, 0xcf, 
	0xdf, 0xcf, 0xcf, 0xdf, 0xdf, 0xcf, 0xcf, 0xcf, 
	0xcf, 0xcf, 0xcf, 0xcf, 0xcf, 0xcf, 0xcf, 0xdf, 
	0xcf, 0xcf, 0xcf, 0xcf, 0xdf, 0xdf, 0xcf, 0xcf, 
	0xcf, 0xcf, 0xcf, 0xcf, 0xcf, 0xdf, 0xcf, 0xcf, 
	0xcf, 0xcf, 0xbf, 0xaf, 0xaf, 0xaf, 0xaf, 0xaf, 
	0xcf, 0xdf, 0xdf, 0xdf, 0xdf, 0xdf, 0xdf, 0xcf, 
	0xdf, 0xcf, 0xcf, 0xcf, 0xcf, 0xcf, 0xcf, 0xcf, 
	0xcf, 0xcf, 0xcf, 0xcf, 0xcf, 0xcf, 0xcf, 0xcf, 
	0xcf, 0xcf, 0xcf, 0xdf, 0xcf, 0xcf, 0xcf, 0xcf, 
	0xcf, 0xcf, 0xcf, 0xcf, 0xcf, 0xcf, 0xcf, 0xcf, 
	0xcf, 0xcf, 0xcf, 0xcf, 0xcf, 0xcf, 0xcf, 0xcf, 
	0xcf, 0xcf, 0xcf, 0xcf, 0xcf, 0xcf, 0xcf, 0xcf, 
	0xcf, 0xcf, 0xbf, 0xaf, 0xaf, 0xaf, 0xaf, 0xaf, 
	0xcf, 0xdf, 0xdf, 0xdf, 0xdf, 0xdf, 0xcf, 0xcf, 
	0xcf, 0xcf, 0xcf, 0xcf, 0xcf, 0xcf, 0xcf, 0xcf, 
	0xcf, 0xcf, 0xcf, 0xcf, 0xcf, 0xcf, 0xcf, 0xcf, 
	0xcf, 0xcf, 0xcf, 0xcf, 0xcf, 0xcf, 0xcf, 0xcf, 
	0xaf, 0xaf, 0xaf, 0xaf, 0xaf, 0xaf, 0xaf, 0xaf, 
	0xaf, 0xaf, 0xaf, 0xaf, 0xaf, 0x9f, 0xaf, 0xaf, 
	0xaf, 0xaf, 0xaf, 0xaf, 0xaf, 0xaf, 0xaf, 0xaf, 
	0xaf, 0xaf, 0x9f, 0xaf, 0xaf, 0xaf, 0xaf, 0xaf, 
	0xdf, 0xdf, 0xdf, 0xdf, 0xdf, 0xbf, 0xaf, 0xaf, 
	0xaf, 0xaf, 0xaf, 0xaf, 0xaf, 0xaf, 0x9f, 0xaf, 
	0xaf, 0xaf, 0xaf, 0xaf, 0xaf, 0xaf, 0xaf, 0xaf, 
	0xaf, 0xaf, 0xaf, 0xaf, 0xaf, 0xaf, 0xaf, 0xaf, 
	0x9f, 0x9f, 0x9f, 0x9f, 0x9f, 0x9f, 0x9f, 0x9f, 
	0x9f, 0x9f, 0x9f, 0x9f, 0x9f, 0x9f, 0x9f, 0x9f, 
	0x9f, 0x9f, 0x9f, 0x9f, 0x9f, 0x9f, 0x9f, 0x9f, 
	0x9f, 0x9f, 0x9f, 0x9f, 0xaf, 0xaf, 0xaf, 0xaf, 
	0xcf, 0xdf, 0xdf, 0xdf, 0xbf, 0x9f, 0x9f, 0x9f, 
	0x9f, 0x9f, 0x9f, 0x9f, 0x9f, 0x9f, 0x9f, 0x9f, 
	0x9f, 0x9f, 0x9f, 0x9f, 0x9f, 0x9f, 0x9f, 0x9f, 
	0x9f, 0x9f, 0x9f, 0x9f, 0x9f, 0x9f, 0x9f, 0x9f, 
	0x9f, 0x9f, 0x9f, 0x9f, 0x9f, 0x9f, 0x9f, 0x9f, 
	0x9f, 0x9f, 0x9f, 0x9f, 0x9f, 0x9f, 0x9f, 0x9f, 
	0x9f, 0x9f, 0x9f, 0x9f, 0x9f, 0x9f, 0x9f, 0x9f, 
	0x9f, 0x9f, 0x9f, 0x9f, 0x9f, 0xaf, 0xaf, 0xaf, 
	0xdf, 0xdf, 0xdf, 0xbf, 0x9f, 0x9f, 0x9f, 0x9f, 
	0x9f, 0x9f, 0x9f, 0x9f, 0x9f, 0x9f, 0x9f, 0x9f, 
	0x9f, 0x9f, 0x9f, 0x9f, 0x9f, 0x9f, 0x9f, 0x9f, 
	0x9f, 0x9f, 0x9f, 0x9f, 0x9f, 0x9f, 0x9f, 0x9f, 
	0x9f, 0x9f, 0x9f, 0x9f, 0x8f, 0x9f, 0x9f, 0x9f, 
	0x9f, 0x9f, 0x9f, 0x9f, 0x9f, 0x9f, 0x9f, 0x9f, 
	0x9f, 0x9f, 0x9f, 0x9f, 0x9f, 0x9f, 0x9f, 0x9f, 
	0x9f, 0x9f, 0x9f, 0x9f, 0x9f, 0x9f, 0xaf, 0xaf, 
	0xcf, 0xdf, 0xbf, 0x9f, 0x9f, 0x9f, 0x9f, 0x9f, 
	0x9f, 0x9f, 0x9f, 0x9f, 0x9f, 0x9f, 0x9f, 0x9f, 
	0x9f, 0x9f, 0x9f, 0x9f, 0x9f, 0x9f, 0x9f, 0x9f, 
	0x9f, 0x9f, 0x9f, 0x9f, 0x9f, 0x9f, 0x9f, 0x8f, 
	0x9f, 0x8f, 0x9f, 0x9f, 0x9f, 0x9f, 0x9f, 0x9f, 
	0x9f, 0x9f, 0x9f, 0x9f, 0x9f, 0x9f, 0x9f, 0x9f, 
	0x9f, 0x9f, 0x9f, 0x9f, 0x9f, 0x9f, 0x9f, 0x9f, 
	0x9f, 0x9f, 0x9f, 0x9f, 0x9f, 0x9f, 0x9f, 0xae, 
	0xce, 0xbf, 0xaf, 0x9f, 0x9f, 0x9f, 0x9f, 0x9f, 
	0x9f, 0x9f, 0x9f, 0x9f, 0x9f, 0x9f, 0x9f, 0x9f, 
	0x8f, 0x8f, 0x9f, 0x9f, 0x9f, 0x9f, 0x9f, 0x9f, 
	0x9f, 0x9f, 0x9f, 0x9f, 0x9f, 0x9f, 0x9f, 0x9f, 
	0x8e, 0x8f, 0x8f, 0x9f, 0x8f, 0x8f, 0x8f, 0x8f, 
	0x8f, 0x8f, 0x8f, 0x8f, 0x8f, 0x8f, 0x8f, 0x8f, 
	0x8f, 0x8f, 0x8f, 0x8f, 0x8f, 0x8f, 0x8f, 0x8f, 
	0x8f, 0x8f, 0x8f, 0x8f, 0x8f, 0x8f, 0x9e, 0xac, 
	0xcd, 0xae, 0x9f, 0x9f, 0x9f, 0x8f, 0x8f, 0x8f, 
	0x8f, 0x8f, 0x8f, 0x8f, 0x8f, 0x8f, 0x8f, 0x8f, 
	0x8f, 0x8f, 0x8f, 0x8f, 0x8f, 0x8f, 0x8f, 0x8f, 
	0x8f, 0x8f, 0x8f, 0x8f, 0x8f, 0x8f, 0x8e, 0x9e, 
	
};

Gfx castle_inside_dl_top_rgba32_aligner[] = {gsSPEndDisplayList()};
u8 castle_inside_dl_top_rgba32[] = {
	0xc2, 0x00, 0x01, 0xff, 0xc9, 0x00, 0x00, 0xff, 
	0xc9, 0x00, 0x00, 0xff, 0xbd, 0x00, 0x00, 0xff, 
	0xc6, 0x00, 0x01, 0xff, 0xbe, 0x00, 0x00, 0xff, 
	0xbd, 0x01, 0x01, 0xff, 0xcc, 0x00, 0x01, 0xff, 
	0xce, 0x00, 0x01, 0xff, 0xcd, 0x00, 0x01, 0xff, 
	0xc8, 0x00, 0x00, 0xff, 0xbd, 0x00, 0x01, 0xff, 
	0xc1, 0x00, 0x00, 0xff, 0xcc, 0x00, 0x01, 0xff, 
	0xc9, 0x00, 0x01, 0xff, 0xa6, 0x00, 0x01, 0xff, 
	0xcb, 0x00, 0x01, 0xff, 0xc6, 0x00, 0x01, 0xff, 
	0xcb, 0x00, 0x00, 0xff, 0xc5, 0x00, 0x01, 0xff, 
	0xc5, 0x00, 0x00, 0xff, 0xcb, 0x00, 0x01, 0xff, 
	0xc8, 0x00, 0x01, 0xff, 0xc1, 0x00, 0x01, 0xff, 
	0xc4, 0x00, 0x00, 0xff, 0xc7, 0x00, 0x01, 0xff, 
	0xc2, 0x01, 0x01, 0xff, 0xc3, 0x00, 0x00, 0xff, 
	0xcc, 0x00, 0x01, 0xff, 0xc5, 0x00, 0x01, 0xff, 
	0xbf, 0x00, 0x01, 0xff, 0xa4, 0x00, 0x00, 0xff, 
	0xc4, 0x00, 0x01, 0xff, 0xc6, 0x01, 0x01, 0xff, 
	0xc4, 0x00, 0x01, 0xff, 0xbe, 0x00, 0x01, 0xff, 
	0xc6, 0x00, 0x01, 0xff, 0xd2, 0x00, 0x00, 0xff, 
	0xca, 0x01, 0x01, 0xff, 0xc2, 0x00, 0x00, 0xff, 
	0xc0, 0x00, 0x01, 0xff, 0xc7, 0x00, 0x01, 0xff, 
	0xc5, 0x00, 0x01, 0xff, 0xd0, 0x00, 0x01, 0xff, 
	0xcd, 0x00, 0x00, 0xff, 0xc8, 0x00, 0x01, 0xff, 
	0xc8, 0x00, 0x01, 0xff, 0xa2, 0x00, 0x00, 0xff, 
	0xc8, 0x00, 0x00, 0xff, 0xcb, 0x00, 0x01, 0xff, 
	0xcb, 0x00, 0x01, 0xff, 0xc9, 0x00, 0x01, 0xff, 
	0xd0, 0x00, 0x00, 0xff, 0xc1, 0x00, 0x00, 0xff, 
	0xc9, 0x00, 0x01, 0xff, 0xc5, 0x00, 0x01, 0xff, 
	0xcf, 0x00, 0x00, 0xff, 0xc7, 0x00, 0x01, 0xff, 
	0xca, 0x01, 0x01, 0xff, 0xc8, 0x00, 0x01, 0xff, 
	0xc1, 0x00, 0x01, 0xff, 0xc3, 0x00, 0x00, 0xff, 
	0xcc, 0x01, 0x01, 0xff, 0xad, 0x00, 0x01, 0xff, 
	0xb4, 0x00, 0x01, 0xff, 0xb8, 0x00, 0x01, 0xff, 
	0xb7, 0x00, 0x01, 0xff, 0xb2, 0x00, 0x01, 0xff, 
	0xbf, 0x00, 0x01, 0xff, 0xb3, 0x00, 0x01, 0xff, 
	0xb2, 0x00, 0x01, 0xff, 0xbd, 0x01, 0x01, 0xff, 
	0xbc, 0x00, 0x00, 0xff, 0xb3, 0x00, 0x00, 0xff, 
	0xb8, 0x00, 0x01, 0xff, 0xb1, 0x00, 0x00, 0xff, 
	0xb1, 0x00, 0x01, 0xff, 0xb7, 0x00, 0x01, 0xff, 
	0xa7, 0x00, 0x01, 0xff, 0x9d, 0x00, 0x00, 0xff, 
	0xbb, 0x01, 0x01, 0xff, 0xb9, 0x00, 0x00, 0xff, 
	0xb9, 0x00, 0x01, 0xff, 0xb6, 0x00, 0x00, 0xff, 
	0xb9, 0x00, 0x00, 0xff, 0xb8, 0x00, 0x00, 0xff, 
	0xba, 0x01, 0x01, 0xff, 0xad, 0x00, 0x00, 0xff, 
	0xb8, 0x00, 0x01, 0xff, 0xbb, 0x00, 0x01, 0xff, 
	0xbb, 0x00, 0x01, 0xff, 0xba, 0x00, 0x01, 0xff, 
	0xbb, 0x00, 0x01, 0xff, 0xba, 0x00, 0x00, 0xff, 
	0xa6, 0x00, 0x00, 0xff, 0x9b, 0x00, 0x00, 0xff, 
	0xb8, 0x00, 0x01, 0xff, 0xbf, 0x01, 0x01, 0xff, 
	0xb4, 0x00, 0x00, 0xff, 0xb9, 0x00, 0x00, 0xff, 
	0xbb, 0x00, 0x00, 0xff, 0xba, 0x00, 0x00, 0xff, 
	0xb9, 0x01, 0x01, 0xff, 0xb4, 0x00, 0x00, 0xff, 
	0xb3, 0x01, 0x01, 0xff, 0xb8, 0x00, 0x00, 0xff, 
	0xba, 0x00, 0x01, 0xff, 0xbc, 0x00, 0x01, 0xff, 
	0xba, 0x00, 0x01, 0xff, 0xb3, 0x00, 0x00, 0xff, 
	0xa4, 0x00, 0x00, 0xff, 0x93, 0x00, 0x00, 0xff, 
	0xb4, 0x00, 0x00, 0xff, 0xbd, 0x01, 0x01, 0xff, 
	0xb5, 0x00, 0x00, 0xff, 0xb6, 0x00, 0x00, 0xff, 
	0xb7, 0x00, 0x01, 0xff, 0xae, 0x00, 0x00, 0xff, 
	0xba, 0x00, 0x01, 0xff, 0xb9, 0x00, 0x00, 0xff, 
	0xb8, 0x00, 0x00, 0xff, 0xb6, 0x00, 0x01, 0xff, 
	0xb5, 0x00, 0x00, 0xff, 0xb3, 0x00, 0x00, 0xff, 
	0xb1, 0x00, 0x01, 0xff, 0xb3, 0x01, 0x01, 0xff, 
	0xa4, 0x00, 0x00, 0xff, 0x98, 0x00, 0x00, 0xff, 
	0xb8, 0x00, 0x01, 0xff, 0xb6, 0x00, 0x01, 0xff, 
	0xb5, 0x00, 0x00, 0xff, 0xb0, 0x00, 0x00, 0xff, 
	0xb4, 0x00, 0x01, 0xff, 0xac, 0x01, 0x01, 0xff, 
	0xad, 0x00, 0x01, 0xff, 0xa3, 0x00, 0x00, 0xff, 
	0xa6, 0x00, 0x01, 0xff, 0xa9, 0x00, 0x01, 0xff, 
	0xad, 0x00, 0x00, 0xff, 0xb6, 0x00, 0x00, 0xff, 
	0xb3, 0x00, 0x00, 0xff, 0xaa, 0x00, 0x00, 0xff, 
	0x9d, 0x00, 0x00, 0xff, 0x94, 0x00, 0x00, 0xff, 
	0xaf, 0x00, 0x01, 0xff, 0xb2, 0x00, 0x01, 0xff, 
	0xb2, 0x00, 0x01, 0xff, 0xb1, 0x00, 0x01, 0xff, 
	0xb2, 0x00, 0x01, 0xff, 0xaa, 0x01, 0x01, 0xff, 
	0xb4, 0x00, 0x01, 0xff, 0xb1, 0x00, 0x01, 0xff, 
	0xab, 0x00, 0x00, 0xff, 0xaf, 0x00, 0x00, 0xff, 
	0xb8, 0x00, 0x01, 0xff, 0xb9, 0x00, 0x01, 0xff, 
	0xb2, 0x00, 0x00, 0xff, 0xb4, 0x00, 0x01, 0xff, 
	0xa6, 0x00, 0x00, 0xff, 0x9d, 0x00, 0x00, 0xff, 
	0xb6, 0x00, 0x00, 0xff, 0xaf, 0x00, 0x01, 0xff, 
	0xac, 0x00, 0x00, 0xff, 0xb1, 0x00, 0x00, 0xff, 
	0xaf, 0x00, 0x00, 0xff, 0xad, 0x00, 0x00, 0xff, 
	0xaf, 0x00, 0x01, 0xff, 0xae, 0x00, 0x01, 0xff, 
	0xb1, 0x00, 0x01, 0xff, 0xbb, 0x00, 0x00, 0xff, 
	0xb0, 0x00, 0x00, 0xff, 0xab, 0x00, 0x00, 0xff, 
	0xb0, 0x00, 0x00, 0xff, 0xaf, 0x00, 0x00, 0xff, 
	0xa7, 0x00, 0x01, 0xff, 0x9b, 0x00, 0x01, 0xff, 
	0xb6, 0x00, 0x00, 0xff, 0xb0, 0x00, 0x00, 0xff, 
	0xb2, 0x00, 0x00, 0xff, 0xb0, 0x00, 0x01, 0xff, 
	0xb0, 0x00, 0x00, 0xff, 0xaa, 0x00, 0x01, 0xff, 
	0xb2, 0x00, 0x00, 0xff, 0xaf, 0x01, 0x01, 0xff, 
	0xae, 0x00, 0x01, 0xff, 0xac, 0x00, 0x00, 0xff, 
	0xa9, 0x00, 0x00, 0xff, 0xa8, 0x00, 0x00, 0xff, 
	0xa9, 0x01, 0x01, 0xff, 0xab, 0x00, 0x00, 0xff, 
	0xa3, 0x00, 0x00, 0xff, 0x91, 0x00, 0x00, 0xff, 
	0xb4, 0x00, 0x01, 0xff, 0xac, 0x00, 0x01, 0xff, 
	0xb1, 0x00, 0x01, 0xff, 0xb2, 0x00, 0x01, 0xff, 
	0xb5, 0x00, 0x00, 0xff, 0xae, 0x01, 0x01, 0xff, 
	0xb2, 0x01, 0x01, 0xff, 0xad, 0x01, 0x01, 0xff, 
	0xad, 0x00, 0x00, 0xff, 0xb4, 0x00, 0x00, 0xff, 
	0xb1, 0x00, 0x00, 0xff, 0xb2, 0x00, 0x00, 0xff, 
	0xb4, 0x00, 0x00, 0xff, 0xac, 0x00, 0x00, 0xff, 
	0x9d, 0x00, 0x01, 0xff, 0x9d, 0x00, 0x00, 0xff, 
	0xb7, 0x00, 0x01, 0xff, 0xb4, 0x00, 0x01, 0xff, 
	0xab, 0x01, 0x01, 0xff, 0xac, 0x00, 0x00, 0xff, 
	0xaa, 0x00, 0x01, 0xff, 0xac, 0x00, 0x01, 0xff, 
	0xa5, 0x00, 0x00, 0xff, 0xad, 0x00, 0x00, 0xff, 
	0xaa, 0x00, 0x01, 0xff, 0xac, 0x00, 0x01, 0xff, 
	0xac, 0x00, 0x01, 0xff, 0xad, 0x00, 0x01, 0xff, 
	0xaf, 0x00, 0x00, 0xff, 0xb4, 0x01, 0x01, 0xff, 
	0xa2, 0x00, 0x01, 0xff, 0x9b, 0x00, 0x00, 0xff, 
	0xb8, 0x00, 0x00, 0xff, 0xad, 0x00, 0x00, 0xff, 
	0xac, 0x00, 0x01, 0xff, 0xb2, 0x00, 0x00, 0xff, 
	0xb2, 0x00, 0x01, 0xff, 0xae, 0x00, 0x01, 0xff, 
	0xab, 0x00, 0x00, 0xff, 0xab, 0x01, 0x01, 0xff, 
	0xb7, 0x00, 0x01, 0xff, 0xb4, 0x00, 0x00, 0xff, 
	0xac, 0x00, 0x00, 0xff, 0xad, 0x00, 0x00, 0xff, 
	0xaf, 0x00, 0x01, 0xff, 0xb2, 0x00, 0x00, 0xff, 
	0xa3, 0x00, 0x00, 0xff, 0x9e, 0x00, 0x01, 0xff, 
	0xb3, 0x00, 0x01, 0xff, 0x98, 0x00, 0x00, 0xff, 
	0x8a, 0x00, 0x01, 0xff, 0x9b, 0x00, 0x00, 0xff, 
	0xae, 0x00, 0x00, 0xff, 0xaf, 0x00, 0x00, 0xff, 
	0xae, 0x00, 0x01, 0xff, 0x9f, 0x00, 0x01, 0xff, 
	0x8b, 0x00, 0x00, 0xff, 0x8f, 0x00, 0x00, 0xff, 
	0xa8, 0x00, 0x01, 0xff, 0xa8, 0x00, 0x00, 0xff, 
	0xb2, 0x00, 0x00, 0xff, 0xb5, 0x00, 0x00, 0xff, 
	0xa6, 0x00, 0x01, 0xff, 0x97, 0x00, 0x00, 0xff, 
	0xb1, 0x00, 0x01, 0xff, 0xac, 0x00, 0x00, 0xff, 
	0xa5, 0x00, 0x01, 0xff, 0xb0, 0x00, 0x00, 0xff, 
	0xae, 0x00, 0x00, 0xff, 0xa9, 0x00, 0x00, 0xff, 
	0xb1, 0x01, 0x01, 0xff, 0xad, 0x00, 0x01, 0xff, 
	0xaa, 0x00, 0x01, 0xff, 0xb2, 0x00, 0x00, 0xff, 
	0xb3, 0x00, 0x01, 0xff, 0xab, 0x00, 0x01, 0xff, 
	0xa8, 0x00, 0x01, 0xff, 0xa5, 0x00, 0x00, 0xff, 
	0xa1, 0x00, 0x00, 0xff, 0x99, 0x00, 0x01, 0xff, 
	0xb1, 0x01, 0x01, 0xff, 0xb7, 0x00, 0x01, 0xff, 
	0xaf, 0x00, 0x01, 0xff, 0xb1, 0x00, 0x00, 0xff, 
	0xa7, 0x00, 0x00, 0xff, 0xad, 0x00, 0x00, 0xff, 
	0x9f, 0x00, 0x01, 0xff, 0xa4, 0x00, 0x00, 0xff, 
	0xa8, 0x00, 0x00, 0xff, 0xa9, 0x00, 0x01, 0xff, 
	0xac, 0x00, 0x00, 0xff, 0xae, 0x00, 0x00, 0xff, 
	0xaa, 0x00, 0x01, 0xff, 0xad, 0x00, 0x00, 0xff, 
	0xa4, 0x00, 0x01, 0xff, 0x98, 0x00, 0x01, 0xff, 
	0xb0, 0x01, 0x01, 0xff, 0xad, 0x00, 0x00, 0xff, 
	0xa6, 0x00, 0x00, 0xff, 0xab, 0x01, 0x01, 0xff, 
	0xa9, 0x00, 0x00, 0xff, 0xad, 0x00, 0x00, 0xff, 
	0xa7, 0x00, 0x01, 0xff, 0xa6, 0x00, 0x01, 0xff, 
	0xae, 0x00, 0x01, 0xff, 0xb2, 0x00, 0x00, 0xff, 
	0xb2, 0x00, 0x00, 0xff, 0xb0, 0x00, 0x00, 0xff, 
	0xaa, 0x00, 0x00, 0xff, 0xab, 0x00, 0x00, 0xff, 
	0xa1, 0x00, 0x00, 0xff, 0x90, 0x00, 0x00, 0xff, 
	0x80, 0x00, 0x01, 0xff, 0x48, 0x00, 0x00, 0xff, 
	0x3a, 0x00, 0x01, 0xff, 0x48, 0x00, 0x01, 0xff, 
	0x77, 0x00, 0x00, 0xff, 0x98, 0x00, 0x01, 0xff, 
	0x86, 0x00, 0x00, 0xff, 0x4c, 0x00, 0x00, 0xff, 
	0x39, 0x00, 0x00, 0xff, 0x3f, 0x00, 0x00, 0xff, 
	0x77, 0x00, 0x01, 0xff, 0xa7, 0x00, 0x01, 0xff, 
	0xad, 0x00, 0x00, 0xff, 0xac, 0x00, 0x01, 0xff, 
	0xa7, 0x00, 0x00, 0xff, 0x99, 0x00, 0x00, 0xff, 
	0xae, 0x00, 0x01, 0xff, 0xaa, 0x00, 0x00, 0xff, 
	0xa9, 0x00, 0x01, 0xff, 0xa9, 0x00, 0x00, 0xff, 
	0xae, 0x00, 0x00, 0xff, 0xa7, 0x01, 0x01, 0xff, 
	0xa6, 0x00, 0x00, 0xff, 0xa4, 0x00, 0x01, 0xff, 
	0xa7, 0x00, 0x01, 0xff, 0xae, 0x00, 0x00, 0xff, 
	0xb1, 0x00, 0x00, 0xff, 0xab, 0x00, 0x00, 0xff, 
	0xa6, 0x00, 0x00, 0xff, 0xa6, 0x00, 0x00, 0xff, 
	0x9c, 0x01, 0x01, 0xff, 0x9c, 0x00, 0x01, 0xff, 
	0xaf, 0x00, 0x00, 0xff, 0xad, 0x00, 0x00, 0xff, 
	0xaa, 0x00, 0x01, 0xff, 0xad, 0x00, 0x00, 0xff, 
	0xae, 0x00, 0x00, 0xff, 0xb4, 0x01, 0x01, 0xff, 
	0xac, 0x00, 0x00, 0xff, 0xa7, 0x00, 0x01, 0xff, 
	0xa9, 0x00, 0x00, 0xff, 0xa8, 0x00, 0x00, 0xff, 
	0xaf, 0x00, 0x01, 0xff, 0xa8, 0x00, 0x00, 0xff, 
	0xa6, 0x00, 0x01, 0xff, 0xab, 0x00, 0x01, 0xff, 
	0xa1, 0x00, 0x00, 0xff, 0x9e, 0x00, 0x00, 0xff, 
	0xb3, 0x00, 0x00, 0xff, 0xa9, 0x00, 0x00, 0xff, 
	0xac, 0x00, 0x00, 0xff, 0xab, 0x01, 0x01, 0xff, 
	0xa9, 0x00, 0x01, 0xff, 0xac, 0x00, 0x00, 0xff, 
	0xb3, 0x00, 0x01, 0xff, 0xa9, 0x00, 0x00, 0xff, 
	0xa9, 0x00, 0x00, 0xff, 0xb3, 0x00, 0x00, 0xff, 
	0xae, 0x00, 0x01, 0xff, 0xb1, 0x00, 0x00, 0xff, 
	0xad, 0x00, 0x01, 0xff, 0xab, 0x01, 0x01, 0xff, 
	0x95, 0x00, 0x00, 0xff, 0x6a, 0x00, 0x01, 0xff, 
	0x43, 0x00, 0x01, 0xff, 0x36, 0x00, 0x00, 0xff, 
	0x35, 0x00, 0x00, 0xff, 0x34, 0x00, 0x00, 0xff, 
	0x39, 0x00, 0x00, 0xff, 0x44, 0x00, 0x01, 0xff, 
	0x40, 0x00, 0x01, 0xff, 0x35, 0x00, 0x00, 0xff, 
	0x35, 0x01, 0x01, 0xff, 0x35, 0x00, 0x01, 0xff, 
	0x3f, 0x00, 0x00, 0xff, 0x83, 0x00, 0x01, 0xff, 
	0xa4, 0x00, 0x00, 0xff, 0xa6, 0x00, 0x00, 0xff, 
	0x9e, 0x00, 0x01, 0xff, 0x94, 0x00, 0x01, 0xff, 
	0xb2, 0x00, 0x01, 0xff, 0x92, 0x00, 0x00, 0xff, 
	0x95, 0x00, 0x01, 0xff, 0x92, 0x00, 0x00, 0xff, 
	0x94, 0x00, 0x00, 0xff, 0x8f, 0x00, 0x00, 0xff, 
	0x99, 0x00, 0x01, 0xff, 0x94, 0x00, 0x01, 0xff, 
	0x91, 0x00, 0x01, 0xff, 0x96, 0x00, 0x00, 0xff, 
	0x96, 0x01, 0x01, 0xff, 0x93, 0x00, 0x00, 0xff, 
	0x8f, 0x00, 0x00, 0xff, 0x95, 0x00, 0x00, 0xff, 
	0x94, 0x00, 0x00, 0xff, 0x94, 0x00, 0x00, 0xff, 
	0xaa, 0x00, 0x01, 0xff, 0x8c, 0x00, 0x01, 0xff, 
	0x8f, 0x00, 0x00, 0xff, 0x94, 0x00, 0x00, 0xff, 
	0x91, 0x00, 0x00, 0xff, 0x8f, 0x00, 0x00, 0xff, 
	0x95, 0x00, 0x00, 0xff, 0x93, 0x00, 0x00, 0xff, 
	0x93, 0x00, 0x01, 0xff, 0x96, 0x00, 0x01, 0xff, 
	0x96, 0x00, 0x00, 0xff, 0x98, 0x00, 0x00, 0xff, 
	0x98, 0x00, 0x01, 0xff, 0x92, 0x00, 0x00, 0xff, 
	0x92, 0x00, 0x00, 0xff, 0x99, 0x00, 0x00, 0xff, 
	0xbb, 0x00, 0x00, 0xff, 0x8d, 0x00, 0x00, 0xff, 
	0x92, 0x00, 0x01, 0xff, 0x96, 0x00, 0x00, 0xff, 
	0x8f, 0x00, 0x00, 0xff, 0x8e, 0x00, 0x00, 0xff, 
	0x91, 0x00, 0x00, 0xff, 0x91, 0x00, 0x00, 0xff, 
	0x94, 0x00, 0x01, 0xff, 0x99, 0x00, 0x00, 0xff, 
	0x93, 0x00, 0x01, 0xff, 0x96, 0x01, 0x01, 0xff, 
	0x99, 0x00, 0x00, 0xff, 0x90, 0x00, 0x00, 0xff, 
	0x5d, 0x00, 0x00, 0xff, 0x32, 0x00, 0x00, 0xff, 
	0x38, 0x00, 0x01, 0xff, 0x2d, 0x00, 0x01, 0xff, 
	0x2d, 0x00, 0x01, 0xff, 0x2d, 0x00, 0x00, 0xff, 
	0x2c, 0x00, 0x00, 0xff, 0x2c, 0x00, 0x01, 0xff, 
	0x2d, 0x00, 0x01, 0xff, 0x2d, 0x01, 0x01, 0xff, 
	0x2c, 0x00, 0x00, 0xff, 0x2e, 0x01, 0x01, 0xff, 
	0x2c, 0x00, 0x00, 0xff, 0x32, 0x00, 0x00, 0xff, 
	0x5e, 0x00, 0x00, 0xff, 0x8a, 0x00, 0x00, 0xff, 
	0x8c, 0x00, 0x00, 0xff, 0x94, 0x00, 0x01, 0xff, 
	0x94, 0x00, 0x00, 0xff, 0x8a, 0x00, 0x00, 0xff, 
	0x84, 0x00, 0x00, 0xff, 0x87, 0x00, 0x01, 0xff, 
	0x8c, 0x00, 0x00, 0xff, 0x8a, 0x00, 0x00, 0xff, 
	0x88, 0x00, 0x01, 0xff, 0x82, 0x00, 0x00, 0xff, 
	0x88, 0x00, 0x00, 0xff, 0x8c, 0x00, 0x00, 0xff, 
	0x8a, 0x00, 0x01, 0xff, 0x88, 0x00, 0x01, 0xff, 
	0x84, 0x00, 0x00, 0xff, 0x87, 0x00, 0x00, 0xff, 
	0x87, 0x00, 0x01, 0xff, 0x83, 0x00, 0x01, 0xff, 
	0x8b, 0x00, 0x00, 0xff, 0x86, 0x00, 0x01, 0xff, 
	0x89, 0x00, 0x00, 0xff, 0x84, 0x00, 0x00, 0xff, 
	0x8b, 0x00, 0x01, 0xff, 0x88, 0x00, 0x00, 0xff, 
	0x8f, 0x00, 0x00, 0xff, 0x8a, 0x00, 0x00, 0xff, 
	0x86, 0x00, 0x01, 0xff, 0x88, 0x00, 0x00, 0xff, 
	0x88, 0x00, 0x00, 0xff, 0x8c, 0x00, 0x01, 0xff, 
	0x8b, 0x00, 0x00, 0xff, 0x8c, 0x00, 0x01, 0xff, 
	0x8c, 0x00, 0x01, 0xff, 0x8a, 0x01, 0x01, 0xff, 
	0x96, 0x00, 0x00, 0xff, 0x8c, 0x00, 0x00, 0xff, 
	0x8a, 0x00, 0x00, 0xff, 0x88, 0x01, 0x01, 0xff, 
	0x89, 0x00, 0x00, 0xff, 0x85, 0x00, 0x00, 0xff, 
	0x84, 0x01, 0x01, 0xff, 0x86, 0x00, 0x00, 0xff, 
	0x8a, 0x00, 0x01, 0xff, 0x87, 0x00, 0x01, 0xff, 
	0x88, 0x00, 0x00, 0xff, 0x8a, 0x00, 0x00, 0xff, 
	0x91, 0x00, 0x00, 0xff, 0x82, 0x00, 0x00, 0xff, 
	0x37, 0x00, 0x00, 0xff, 0x2a, 0x00, 0x01, 0xff, 
	0x2c, 0x00, 0x00, 0xff, 0x2a, 0x00, 0x00, 0xff, 
	0x29, 0x00, 0x00, 0xff, 0x2a, 0x00, 0x00, 0xff, 
	0x29, 0x00, 0x00, 0xff, 0x2a, 0x00, 0x00, 0xff, 
	0x29, 0x00, 0x00, 0xff, 0x2a, 0x00, 0x00, 0xff, 
	0x29, 0x01, 0x01, 0xff, 0x29, 0x00, 0x00, 0xff, 
	0x29, 0x00, 0x00, 0xff, 0x29, 0x00, 0x00, 0xff, 
	0x37, 0x00, 0x01, 0xff, 0x7d, 0x00, 0x01, 0xff, 
	0x85, 0x00, 0x00, 0xff, 0x88, 0x00, 0x00, 0xff, 
	0xbf, 0x00, 0x01, 0xff, 0xc2, 0x00, 0x01, 0xff, 
	0xb8, 0x00, 0x01, 0xff, 0xbe, 0x00, 0x01, 0xff, 
	0xc3, 0x00, 0x00, 0xff, 0xbd, 0x00, 0x00, 0xff, 
	0xbe, 0x00, 0x01, 0xff, 0x96, 0x00, 0x00, 0xff, 
	0xb6, 0x00, 0x01, 0xff, 0xbe, 0x00, 0x00, 0xff, 
	0xb5, 0x01, 0x01, 0xff, 0xba, 0x00, 0x01, 0xff, 
	0xb8, 0x00, 0x01, 0xff, 0xb4, 0x00, 0x01, 0xff, 
	0xb5, 0x00, 0x01, 0xff, 0xb9, 0x00, 0x01, 0xff, 
	0xb7, 0x01, 0x01, 0xff, 0xbb, 0x00, 0x01, 0xff, 
	0xbe, 0x00, 0x01, 0xff, 0xb6, 0x00, 0x01, 0xff, 
	0xbb, 0x00, 0x01, 0xff, 0xc2, 0x01, 0x01, 0xff, 
	0xca, 0x00, 0x00, 0xff, 0x9e, 0x00, 0x00, 0xff, 
	0xb2, 0x00, 0x01, 0xff, 0xbe, 0x00, 0x00, 0xff, 
	0xb4, 0x00, 0x00, 0xff, 0xb6, 0x00, 0x00, 0xff, 
	0xbf, 0x00, 0x01, 0xff, 0xbe, 0x01, 0x01, 0xff, 
	0xc0, 0x00, 0x01, 0xff, 0xb6, 0x00, 0x00, 0xff, 
	0xb8, 0x00, 0x00, 0xff, 0xc2, 0x00, 0x01, 0xff, 
	0xbf, 0x00, 0x00, 0xff, 0xba, 0x01, 0x01, 0xff, 
	0xc0, 0x00, 0x00, 0xff, 0xc2, 0x00, 0x01, 0xff, 
	0xb9, 0x00, 0x01, 0xff, 0x95, 0x00, 0x00, 0xff, 
	0xb5, 0x00, 0x00, 0xff, 0xb4, 0x00, 0x01, 0xff, 
	0xb8, 0x00, 0x01, 0xff, 0xb0, 0x00, 0x00, 0xff, 
	0xc2, 0x00, 0x01, 0xff, 0xae, 0x00, 0x00, 0xff, 
	0x50, 0x00, 0x00, 0xff, 0x3c, 0x00, 0x01, 0xff, 
	0x3c, 0x00, 0x01, 0xff, 0x3c, 0x00, 0x01, 0xff, 
	0x3c, 0x00, 0x01, 0xff, 0x3d, 0x00, 0x01, 0xff, 
	0x3c, 0x00, 0x00, 0xff, 0x3d, 0x00, 0x01, 0xff, 
	0x3d, 0x01, 0x01, 0xff, 0x30, 0x00, 0x00, 0xff, 
	0x3a, 0x00, 0x00, 0xff, 0x3c, 0x00, 0x00, 0xff, 
	0x3b, 0x00, 0x00, 0xff, 0x3c, 0x00, 0x00, 0xff, 
	0x5b, 0x00, 0x00, 0xff, 0xba, 0x00, 0x01, 0xff, 
	0xc1, 0x00, 0x00, 0xff, 0xc4, 0x00, 0x00, 0xff, 
	0xab, 0x00, 0x00, 0xff, 0xb2, 0x00, 0x00, 0xff, 
	0xb1, 0x00, 0x00, 0xff, 0xa8, 0x00, 0x01, 0xff, 
	0xa9, 0x00, 0x00, 0xff, 0xa5, 0x00, 0x00, 0xff, 
	0x82, 0x00, 0x00, 0xff, 0x64, 0x00, 0x00, 0xff, 
	0x7a, 0x00, 0x00, 0xff, 0x99, 0x00, 0x01, 0xff, 
	0xa4, 0x00, 0x00, 0xff, 0xa9, 0x01, 0x01, 0xff, 
	0x96, 0x00, 0x00, 0xff, 0x7b, 0x00, 0x00, 0xff, 
	0x73, 0x00, 0x01, 0xff, 0x8c, 0x00, 0x00, 0xff, 
	0x9e, 0x00, 0x01, 0xff, 0xa9, 0x00, 0x00, 0xff, 
	0xa8, 0x00, 0x00, 0xff, 0xa1, 0x00, 0x00, 0xff, 
	0xa7, 0x00, 0x00, 0xff, 0xb2, 0x00, 0x01, 0xff, 
	0x9d, 0x00, 0x01, 0xff, 0x8f, 0x00, 0x00, 0xff, 
	0xa9, 0x00, 0x00, 0xff, 0xad, 0x00, 0x00, 0xff, 
	0xa8, 0x00, 0x00, 0xff, 0xb0, 0x00, 0x01, 0xff, 
	0xb2, 0x00, 0x01, 0xff, 0xb3, 0x00, 0x01, 0xff, 
	0xaa, 0x00, 0x01, 0xff, 0xa6, 0x00, 0x01, 0xff, 
	0xab, 0x00, 0x01, 0xff, 0xb0, 0x00, 0x00, 0xff, 
	0xab, 0x00, 0x01, 0xff, 0xa5, 0x00, 0x00, 0xff, 
	0xaa, 0x01, 0x01, 0xff, 0xa8, 0x12, 0x12, 0xff, 
	0x9c, 0x2a, 0x2a, 0xff, 0x92, 0x39, 0x39, 0xff, 
	0xac, 0x46, 0x46, 0xff, 0xac, 0x31, 0x31, 0xff, 
	0xb3, 0x11, 0x11, 0xff, 0xaa, 0x01, 0x01, 0xff, 
	0xa8, 0x00, 0x01, 0xff, 0xa3, 0x00, 0x00, 0xff, 
	0x6d, 0x00, 0x00, 0xff, 0x3e, 0x00, 0x00, 0xff, 
	0x38, 0x00, 0x00, 0xff, 0x36, 0x00, 0x01, 0xff, 
	0x3a, 0x0d, 0x0e, 0xff, 0x48, 0x2f, 0x2f, 0xff, 
	0x59, 0x49, 0x49, 0xff, 0x60, 0x52, 0x52, 0xff, 
	0x4d, 0x3d, 0x3d, 0xff, 0x36, 0x1a, 0x1b, 0xff, 
	0x38, 0x04, 0x04, 0xff, 0x36, 0x00, 0x00, 0xff, 
	0x3c, 0x00, 0x00, 0xff, 0x57, 0x00, 0x01, 0xff, 
	0x94, 0x00, 0x00, 0xff, 0xb4, 0x00, 0x01, 0xff, 
	0xac, 0x00, 0x01, 0xff, 0xb0, 0x00, 0x01, 0xff, 
	0x9d, 0x00, 0x01, 0xff, 0xa6, 0x00, 0x00, 0xff, 
	0xa9, 0x00, 0x01, 0xff, 0xae, 0x00, 0x01, 0xff, 
	0xa3, 0x00, 0x00, 0xff, 0x87, 0x00, 0x00, 0xff, 
	0x3e, 0x00, 0x00, 0xff, 0x2d, 0x00, 0x00, 0xff, 
	0x3a, 0x00, 0x01, 0xff, 0x49, 0x00, 0x00, 0xff, 
	0x79, 0x00, 0x01, 0xff, 0x80, 0x01, 0x01, 0xff, 
	0x54, 0x00, 0x00, 0xff, 0x37, 0x00, 0x00, 0xff, 
	0x36, 0x00, 0x00, 0xff, 0x40, 0x00, 0x00, 0xff, 
	0x7f, 0x01, 0x01, 0xff, 0x9d, 0x00, 0x01, 0xff, 
	0x9c, 0x00, 0x00, 0xff, 0xa2, 0x00, 0x00, 0xff, 
	0xa6, 0x00, 0x00, 0xff, 0x9e, 0x00, 0x00, 0xff, 
	0x94, 0x00, 0x00, 0xff, 0x8c, 0x00, 0x00, 0xff, 
	0xab, 0x00, 0x01, 0xff, 0xa9, 0x00, 0x01, 0xff, 
	0xa8, 0x00, 0x01, 0xff, 0xac, 0x00, 0x01, 0xff, 
	0xaa, 0x00, 0x01, 0xff, 0xaa, 0x00, 0x00, 0xff, 
	0xaa, 0x01, 0x01, 0xff, 0xa0, 0x01, 0x01, 0xff, 
	0xa9, 0x00, 0x00, 0xff, 0xaa, 0x00, 0x01, 0xff, 
	0xa7, 0x00, 0x01, 0xff, 0xad, 0x0d, 0x0e, 0xff, 
	0xac, 0x49, 0x49, 0xff, 0xae, 0x81, 0x81, 0xff, 
	0xa2, 0x92, 0x92, 0xff, 0x9c, 0x94, 0x94, 0xff, 
	0xbb, 0xb3, 0xb3, 0xff, 0xb5, 0xa4, 0xa4, 0xff, 
	0xb0, 0x7c, 0x7c, 0xff, 0xa9, 0x48, 0x48, 0xff, 
	0xa9, 0x0a, 0x0b, 0xff, 0xa1, 0x00, 0x01, 0xff, 
	0x9e, 0x00, 0x01, 0xff, 0x86, 0x00, 0x00, 0xff, 
	0x5f, 0x01, 0x01, 0xff, 0x48, 0x31, 0x31, 0xff, 
	0x7c, 0x75, 0x76, 0xff, 0xa2, 0xa0, 0xa0, 0xff, 
	0xae, 0xad, 0xad, 0xff, 0xaf, 0xaf, 0xaf, 0xff, 
	0x9c, 0x9b, 0x9b, 0xff, 0x81, 0x7f, 0x7f, 0xff, 
	0x6f, 0x65, 0x65, 0xff, 0x3d, 0x18, 0x18, 0xff, 
	0x5f, 0x00, 0x00, 0xff, 0x9c, 0x00, 0x01, 0xff, 
	0xad, 0x00, 0x00, 0xff, 0xa6, 0x00, 0x01, 0xff, 
	0xa5, 0x00, 0x00, 0xff, 0xa4, 0x00, 0x00, 0xff, 
	0x98, 0x00, 0x01, 0xff, 0xa4, 0x01, 0x01, 0xff, 
	0xa2, 0x00, 0x01, 0xff, 0x9f, 0x00, 0x01, 0xff, 
	0x78, 0x01, 0x01, 0xff, 0x48, 0x00, 0x01, 0xff, 
	0x31, 0x00, 0x00, 0xff, 0x2e, 0x00, 0x01, 0xff, 
	0x37, 0x00, 0x00, 0xff, 0x36, 0x00, 0x01, 0xff, 
	0x37, 0x00, 0x01, 0xff, 0x37, 0x00, 0x00, 0xff, 
	0x36, 0x00, 0x01, 0xff, 0x35, 0x00, 0x00, 0xff, 
	0x35, 0x00, 0x00, 0xff, 0x35, 0x00, 0x01, 0xff, 
	0x4c, 0x00, 0x00, 0xff, 0x86, 0x00, 0x00, 0xff, 
	0xa3, 0x00, 0x00, 0xff, 0xa7, 0x00, 0x01, 0xff, 
	0x9b, 0x00, 0x00, 0xff, 0x9b, 0x00, 0x00, 0xff, 
	0x94, 0x00, 0x01, 0xff, 0x93, 0x00, 0x01, 0xff, 
	0xa4, 0x00, 0x00, 0xff, 0xa0, 0x00, 0x00, 0xff, 
	0xa4, 0x00, 0x00, 0xff, 0xa8, 0x00, 0x00, 0xff, 
	0xab, 0x00, 0x01, 0xff, 0xa7, 0x00, 0x00, 0xff, 
	0xa1, 0x00, 0x00, 0xff, 0xa2, 0x00, 0x01, 0xff, 
	0xa2, 0x00, 0x01, 0xff, 0xaa, 0x00, 0x01, 0xff, 
	0xa8, 0x0f, 0x0f, 0xff, 0xaa, 0x64, 0x64, 0xff, 
	0xb3, 0xa6, 0xa6, 0xff, 0xb7, 0xb5, 0xb5, 0xff, 
	0xa9, 0xa9, 0xa9, 0xff, 0xa1, 0xa1, 0xa1, 0xff, 
	0xbc, 0xbc, 0xbc, 0xff, 0xb7, 0xb7, 0xb7, 0xff, 
	0xb4, 0xb2, 0xb2, 0xff, 0xb1, 0xa5, 0xa5, 0xff, 
	0xaa, 0x61, 0x61, 0xff, 0xa4, 0x0f, 0x0f, 0xff, 
	0xa0, 0x03, 0x03, 0xff, 0xa6, 0x01, 0x02, 0xff, 
	0x8f, 0x38, 0x38, 0xff, 0x97, 0x91, 0x91, 0xff, 
	0xb3, 0xb2, 0xb2, 0xff, 0xb6, 0xb6, 0xb6, 0xff, 
	0xb6, 0xb6, 0xb6, 0xff, 0xb7, 0xb7, 0xb7, 0xff, 
	0xa9, 0xa9, 0xa9, 0xff, 0xa1, 0xa1, 0xa1, 0xff, 
	0xb3, 0xb3, 0xb3, 0xff, 0x83, 0x74, 0x74, 0xff, 
	0x8b, 0x1a, 0x1b, 0xff, 0x9d, 0x00, 0x01, 0xff, 
	0x9c, 0x00, 0x01, 0xff, 0xa6, 0x00, 0x00, 0xff, 
	0xa8, 0x00, 0x01, 0xff, 0xa5, 0x00, 0x00, 0xff, 
	0x9f, 0x00, 0x00, 0xff, 0xa1, 0x00, 0x00, 0xff, 
	0x9b, 0x00, 0x00, 0xff, 0x84, 0x00, 0x01, 0xff, 
	0x3d, 0x00, 0x01, 0xff, 0x35, 0x00, 0x00, 0xff, 
	0x30, 0x00, 0x00, 0xff, 0x2e, 0x00, 0x00, 0xff, 
	0x37, 0x00, 0x00, 0xff, 0x34, 0x00, 0x00, 0xff, 
	0x35, 0x00, 0x00, 0xff, 0x35, 0x00, 0x00, 0xff, 
	0x34, 0x00, 0x00, 0xff, 0x35, 0x00, 0x00, 0xff, 
	0x35, 0x00, 0x00, 0xff, 0x35, 0x00, 0x00, 0xff, 
	0x35, 0x00, 0x00, 0xff, 0x3f, 0x00, 0x01, 0xff, 
	0x80, 0x00, 0x01, 0xff, 0xa3, 0x00, 0x01, 0xff, 
	0xa7, 0x00, 0x01, 0xff, 0xa4, 0x00, 0x00, 0xff, 
	0x91, 0x00, 0x01, 0xff, 0x8f, 0x00, 0x01, 0xff, 
	0xa0, 0x00, 0x00, 0xff, 0x9b, 0x00, 0x01, 0xff, 
	0xa7, 0x00, 0x00, 0xff, 0xa0, 0x00, 0x00, 0xff, 
	0xa2, 0x01, 0x01, 0xff, 0xa9, 0x00, 0x01, 0xff, 
	0xa8, 0x00, 0x01, 0xff, 0xa6, 0x00, 0x00, 0xff, 
	0xa3, 0x00, 0x01, 0xff, 0xa1, 0x03, 0x03, 0xff, 
	0xa2, 0x54, 0x54, 0xff, 0xb2, 0xa8, 0xa8, 0xff, 
	0xb6, 0xb6, 0xb6, 0xff, 0xb4, 0xb4, 0xb4, 0xff, 
	0xa8, 0xa8, 0xa8, 0xff, 0xa1, 0xa1, 0xa1, 0xff, 
	0xbb, 0xbb, 0xbb, 0xff, 0xb6, 0xb6, 0xb6, 0xff, 
	0xb5, 0xb5, 0xb5, 0xff, 0xb4, 0xb4, 0xb4, 0xff, 
	0xb2, 0xa6, 0xa6, 0xff, 0xaf, 0x73, 0x73, 0xff, 
	0xac, 0x6d, 0x6d, 0xff, 0xa7, 0x5e, 0x5e, 0xff, 
	0xad, 0x8c, 0x8c, 0xff, 0xb4, 0xb3, 0xb3, 0xff, 
	0xb5, 0xb5, 0xb5, 0xff, 0xb7, 0xb7, 0xb7, 0xff, 
	0xb6, 0xb6, 0xb6, 0xff, 0xb4, 0xb4, 0xb4, 0xff, 
	0xa9, 0xa9, 0xa9, 0xff, 0xa2, 0xa2, 0xa2, 0xff, 
	0xba, 0xba, 0xba, 0xff, 0xb3, 0xae, 0xae, 0xff, 
	0xa0, 0x67, 0x67, 0xff, 0x9d, 0x07, 0x08, 0xff, 
	0xa3, 0x00, 0x01, 0xff, 0xa2, 0x00, 0x01, 0xff, 
	0xa5, 0x00, 0x00, 0xff, 0xa3, 0x00, 0x00, 0xff, 
	0xa2, 0x00, 0x00, 0xff, 0xaa, 0x00, 0x01, 0xff, 
	0x9c, 0x00, 0x01, 0xff, 0x67, 0x00, 0x01, 0xff, 
	0x35, 0x00, 0x00, 0xff, 0x36, 0x00, 0x01, 0xff, 
	0x31, 0x01, 0x01, 0xff, 0x2e, 0x00, 0x00, 0xff, 
	0x36, 0x00, 0x00, 0xff, 0x35, 0x01, 0x01, 0xff, 
	0x35, 0x00, 0x00, 0xff, 0x35, 0x00, 0x00, 0xff, 
	0x34, 0x00, 0x00, 0xff, 0x35, 0x00, 0x01, 0xff, 
	0x35, 0x01, 0x01, 0xff, 0x35, 0x00, 0x01, 0xff, 
	0x35, 0x00, 0x01, 0xff, 0x36, 0x00, 0x01, 0xff, 
	0x6c, 0x00, 0x01, 0xff, 0x9c, 0x00, 0x00, 0xff, 
	0xa6, 0x00, 0x01, 0xff, 0xaa, 0x00, 0x01, 0xff, 
	0x92, 0x00, 0x00, 0xff, 0x91, 0x00, 0x01, 0xff, 
	0xa0, 0x00, 0x00, 0xff, 0xa4, 0x00, 0x00, 0xff, 
	0xa4, 0x00, 0x00, 0xff, 0x9c, 0x00, 0x01, 0xff, 
	0x9d, 0x00, 0x00, 0xff, 0xa6, 0x00, 0x00, 0xff, 
	0xa5, 0x00, 0x00, 0xff, 0xa4, 0x00, 0x00, 0xff, 
	0xa5, 0x11, 0x11, 0xff, 0xac, 0x46, 0x46, 0xff, 
	0xb1, 0x96, 0x96, 0xff, 0xb4, 0xb3, 0xb3, 0xff, 
	0xb6, 0xb6, 0xb6, 0xff, 0xb8, 0xb8, 0xb8, 0xff, 
	0xa7, 0xa7, 0xa7, 0xff, 0xa1, 0xa1, 0xa1, 0xff, 
	0xba, 0xba, 0xba, 0xff, 0xb6, 0xb6, 0xb6, 0xff, 
	0xb5, 0xb5, 0xb5, 0xff, 0xb7, 0xb7, 0xb7, 0xff, 
	0xb3, 0xb3, 0xb3, 0xff, 0xb6, 0xb4, 0xb4, 0xff, 
	0xb3, 0xb2, 0xb2, 0xff, 0xb5, 0xb1, 0xb1, 0xff, 
	0xb5, 0xb4, 0xb4, 0xff, 0xb6, 0xb6, 0xb6, 0xff, 
	0xb6, 0xb6, 0xb6, 0xff, 0xb4, 0xb4, 0xb4, 0xff, 
	0xb5, 0xb5, 0xb5, 0xff, 0xb7, 0xb7, 0xb7, 0xff, 
	0xa7, 0xa7, 0xa7, 0xff, 0xa1, 0xa1, 0xa1, 0xff, 
	0xba, 0xba, 0xba, 0xff, 0xb5, 0xb5, 0xb5, 0xff, 
	0xae, 0x9c, 0x9c, 0xff, 0xa2, 0x36, 0x36, 0xff, 
	0x9d, 0x08, 0x09, 0xff, 0x9a, 0x00, 0x01, 0xff, 
	0x9c, 0x00, 0x01, 0xff, 0x9c, 0x00, 0x00, 0xff, 
	0x8e, 0x00, 0x01, 0xff, 0x8e, 0x01, 0x01, 0xff, 
	0x85, 0x01, 0x01, 0xff, 0x5f, 0x00, 0x01, 0xff, 
	0x2e, 0x00, 0x00, 0xff, 0x2c, 0x00, 0x00, 0xff, 
	0x2c, 0x00, 0x00, 0xff, 0x2d, 0x00, 0x00, 0xff, 
	0x38, 0x00, 0x01, 0xff, 0x2d, 0x00, 0x00, 0xff, 
	0x2c, 0x00, 0x00, 0xff, 0x2c, 0x00, 0x00, 0xff, 
	0x2d, 0x00, 0x01, 0xff, 0x2c, 0x00, 0x00, 0xff, 
	0x2d, 0x00, 0x00, 0xff, 0x2d, 0x00, 0x01, 0xff, 
	0x2d, 0x00, 0x00, 0xff, 0x35, 0x00, 0x00, 0xff, 
	0x6d, 0x00, 0x00, 0xff, 0x88, 0x00, 0x00, 0xff, 
	0x83, 0x00, 0x00, 0xff, 0x87, 0x00, 0x00, 0xff, 
	0x89, 0x00, 0x00, 0xff, 0x8b, 0x00, 0x00, 0xff, 
	0xa3, 0x00, 0x00, 0xff, 0x90, 0x01, 0x01, 0xff, 
	0x8e, 0x00, 0x01, 0xff, 0x83, 0x00, 0x00, 0xff, 
	0x8c, 0x00, 0x01, 0xff, 0x8e, 0x00, 0x00, 0xff, 
	0x90, 0x01, 0x01, 0xff, 0x8c, 0x28, 0x28, 0xff, 
	0x91, 0x68, 0x68, 0xff, 0x9c, 0x91, 0x91, 0xff, 
	0x9d, 0x9b, 0x9b, 0xff, 0x9d, 0x9d, 0x9d, 0xff, 
	0x9c, 0x9c, 0x9c, 0xff, 0x9d, 0x9d, 0x9d, 0xff, 
	0x9a, 0x9a, 0x9a, 0xff, 0x9f, 0x9f, 0x9f, 0xff, 
	0xbe, 0xbe, 0xbe, 0xff, 0x9f, 0x9f, 0x9f, 0xff, 
	0x9d, 0x9d, 0x9d, 0xff, 0x9a, 0x9a, 0x9a, 0xff, 
	0x9d, 0x9d, 0x9d, 0xff, 0x9d, 0x9d, 0x9d, 0xff, 
	0x9d, 0x9d, 0x9d, 0xff, 0x9c, 0x9c, 0x9c, 0xff, 
	0x9c, 0x9c, 0x9c, 0xff, 0x9d, 0x9d, 0x9d, 0xff, 
	0x9c, 0x9c, 0x9c, 0xff, 0x9d, 0x9d, 0x9d, 0xff, 
	0x9c, 0x9c, 0x9c, 0xff, 0x9d, 0x9d, 0x9d, 0xff, 
	0x9a, 0x9a, 0x9a, 0xff, 0x9e, 0x9e, 0x9e, 0xff, 
	0xbd, 0xbd, 0xbd, 0xff, 0x9e, 0x9e, 0x9e, 0xff, 
	0x9d, 0x9b, 0x9b, 0xff, 0x96, 0x83, 0x83, 0xff, 
	0x8b, 0x5e, 0x5e, 0xff, 0x89, 0x1e, 0x1e, 0xff, 
	0x89, 0x01, 0x01, 0xff, 0x86, 0x00, 0x01, 0xff, 
	0x85, 0x00, 0x01, 0xff, 0x85, 0x00, 0x00, 0xff, 
	0x80, 0x00, 0x00, 0xff, 0x77, 0x00, 0x00, 0xff, 
	0x4d, 0x00, 0x00, 0xff, 0x30, 0x00, 0x01, 0xff, 
	0x2a, 0x00, 0x01, 0xff, 0x2b, 0x00, 0x00, 0xff, 
	0x2c, 0x00, 0x00, 0xff, 0x2a, 0x00, 0x01, 0xff, 
	0x2b, 0x00, 0x00, 0xff, 0x2b, 0x00, 0x00, 0xff, 
	0x29, 0x00, 0x00, 0xff, 0x29, 0x00, 0x00, 0xff, 
	0x2a, 0x00, 0x00, 0xff, 0x2b, 0x00, 0x00, 0xff, 
	0x4a, 0x00, 0x00, 0xff, 0x62, 0x00, 0x00, 0xff, 
	0x7a, 0x00, 0x00, 0xff, 0x7f, 0x00, 0x00, 0xff, 
	0x82, 0x00, 0x00, 0xff, 0x7c, 0x00, 0x00, 0xff, 
	0x7f, 0x00, 0x00, 0xff, 0x8a, 0x00, 0x00, 0xff, 
	0x85, 0x00, 0x00, 0xff, 0x7f, 0x00, 0x01, 0xff, 
	0x7e, 0x00, 0x00, 0xff, 0x7d, 0x00, 0x00, 0xff, 
	0x85, 0x00, 0x00, 0xff, 0x84, 0x00, 0x00, 0xff, 
	0x86, 0x21, 0x21, 0xff, 0x8d, 0x72, 0x72, 0xff, 
	0x92, 0x90, 0x90, 0xff, 0x94, 0x94, 0x94, 0xff, 
	0x95, 0x95, 0x95, 0xff, 0x94, 0x94, 0x94, 0xff, 
	0x93, 0x93, 0x93, 0xff, 0x93, 0x93, 0x93, 0xff, 
	0x90, 0x90, 0x90, 0xff, 0x98, 0x98, 0x98, 0xff, 
	0x9c, 0x9c, 0x9c, 0xff, 0x94, 0x94, 0x94, 0xff, 
	0x94, 0x94, 0x94, 0xff, 0x94, 0x94, 0x94, 0xff, 
	0x94, 0x94, 0x94, 0xff, 0x94, 0x94, 0x94, 0xff, 
	0x94, 0x94, 0x94, 0xff, 0x94, 0x94, 0x94, 0xff, 
	0x92, 0x92, 0x92, 0xff, 0x93, 0x93, 0x93, 0xff, 
	0x94, 0x94, 0x94, 0xff, 0x94, 0x94, 0x94, 0xff, 
	0x93, 0x93, 0x93, 0xff, 0x92, 0x92, 0x92, 0xff, 
	0x90, 0x90, 0x90, 0xff, 0x99, 0x99, 0x99, 0xff, 
	0x9b, 0x9b, 0x9b, 0xff, 0x95, 0x95, 0x95, 0xff, 
	0x94, 0x94, 0x94, 0xff, 0x93, 0x93, 0x93, 0xff, 
	0x93, 0x90, 0x90, 0xff, 0x8b, 0x6a, 0x6a, 0xff, 
	0x84, 0x1a, 0x1b, 0xff, 0x82, 0x00, 0x00, 0xff, 
	
};

Gfx castle_inside_dl_topb_rgba32_aligner[] = {gsSPEndDisplayList()};
u8 castle_inside_dl_topb_rgba32[] = {
	0x85, 0x00, 0x01, 0xff, 0x85, 0x00, 0x00, 0xff, 
	0x80, 0x00, 0x00, 0xff, 0x77, 0x00, 0x00, 0xff, 
	0x4d, 0x00, 0x00, 0xff, 0x30, 0x00, 0x01, 0xff, 
	0x2a, 0x00, 0x01, 0xff, 0x2b, 0x00, 0x00, 0xff, 
	0x2c, 0x00, 0x00, 0xff, 0x2a, 0x00, 0x01, 0xff, 
	0x2b, 0x00, 0x00, 0xff, 0x2b, 0x00, 0x00, 0xff, 
	0x29, 0x00, 0x00, 0xff, 0x29, 0x00, 0x00, 0xff, 
	0x2a, 0x00, 0x00, 0xff, 0x2b, 0x00, 0x00, 0xff, 
	0x4a, 0x00, 0x00, 0xff, 0x62, 0x00, 0x00, 0xff, 
	0x7a, 0x00, 0x00, 0xff, 0x7f, 0x00, 0x00, 0xff, 
	0x82, 0x00, 0x00, 0xff, 0x7c, 0x00, 0x00, 0xff, 
	0x7f, 0x00, 0x00, 0xff, 0x8a, 0x00, 0x00, 0xff, 
	0x85, 0x00, 0x00, 0xff, 0x7f, 0x00, 0x01, 0xff, 
	0x7e, 0x00, 0x00, 0xff, 0x7d, 0x00, 0x00, 0xff, 
	0x85, 0x00, 0x00, 0xff, 0x84, 0x00, 0x00, 0xff, 
	0x86, 0x21, 0x21, 0xff, 0x8d, 0x72, 0x72, 0xff, 
	0x92, 0x90, 0x90, 0xff, 0x94, 0x94, 0x94, 0xff, 
	0x95, 0x95, 0x95, 0xff, 0x94, 0x94, 0x94, 0xff, 
	0x93, 0x93, 0x93, 0xff, 0x93, 0x93, 0x93, 0xff, 
	0x90, 0x90, 0x90, 0xff, 0x98, 0x98, 0x98, 0xff, 
	0x9c, 0x9c, 0x9c, 0xff, 0x94, 0x94, 0x94, 0xff, 
	0x94, 0x94, 0x94, 0xff, 0x94, 0x94, 0x94, 0xff, 
	0x94, 0x94, 0x94, 0xff, 0x94, 0x94, 0x94, 0xff, 
	0x94, 0x94, 0x94, 0xff, 0x94, 0x94, 0x94, 0xff, 
	0x92, 0x92, 0x92, 0xff, 0x93, 0x93, 0x93, 0xff, 
	0x94, 0x94, 0x94, 0xff, 0x94, 0x94, 0x94, 0xff, 
	0x93, 0x93, 0x93, 0xff, 0x92, 0x92, 0x92, 0xff, 
	0x90, 0x90, 0x90, 0xff, 0x99, 0x99, 0x99, 0xff, 
	0x9b, 0x9b, 0x9b, 0xff, 0x95, 0x95, 0x95, 0xff, 
	0x94, 0x94, 0x94, 0xff, 0x93, 0x93, 0x93, 0xff, 
	0x93, 0x90, 0x90, 0xff, 0x8b, 0x6a, 0x6a, 0xff, 
	0x84, 0x1a, 0x1b, 0xff, 0x82, 0x00, 0x00, 0xff, 
	0xa2, 0x00, 0x00, 0xff, 0xa3, 0x00, 0x01, 0xff, 
	0xa5, 0x00, 0x01, 0xff, 0xa0, 0x00, 0x00, 0xff, 
	0x97, 0x00, 0x00, 0xff, 0x9a, 0x00, 0x00, 0xff, 
	0x83, 0x00, 0x00, 0xff, 0x5b, 0x00, 0x00, 0xff, 
	0x56, 0x00, 0x00, 0xff, 0x7e, 0x00, 0x00, 0xff, 
	0xa3, 0x00, 0x01, 0xff, 0x9f, 0x00, 0x00, 0xff, 
	0x92, 0x01, 0x01, 0xff, 0x62, 0x00, 0x00, 0xff, 
	0x5f, 0x00, 0x01, 0xff, 0x6b, 0x00, 0x00, 0xff, 
	0x9c, 0x00, 0x00, 0xff, 0xa1, 0x00, 0x00, 0xff, 
	0x9c, 0x00, 0x00, 0xff, 0x9b, 0x00, 0x00, 0xff, 
	0x9a, 0x00, 0x00, 0xff, 0xa1, 0x00, 0x01, 0xff, 
	0xa1, 0x00, 0x01, 0xff, 0xa1, 0x00, 0x00, 0xff, 
	0xa1, 0x00, 0x00, 0xff, 0x9f, 0x00, 0x00, 0xff, 
	0xa1, 0x00, 0x01, 0xff, 0x98, 0x00, 0x00, 0xff, 
	0xa4, 0x00, 0x00, 0xff, 0xa2, 0x2f, 0x2f, 0xff, 
	0xb3, 0xa2, 0xa2, 0xff, 0xa1, 0xa1, 0xa1, 0xff, 
	0xbc, 0xbc, 0xbc, 0xff, 0xbe, 0xbe, 0xbe, 0xff, 
	0xbd, 0xbd, 0xbd, 0xff, 0xbd, 0xbd, 0xbd, 0xff, 
	0xbc, 0xbc, 0xbc, 0xff, 0xbd, 0xbd, 0xbd, 0xff, 
	0xb5, 0xb5, 0xb5, 0xff, 0x97, 0x97, 0x97, 0xff, 
	0x74, 0x74, 0x74, 0xff, 0x80, 0x80, 0x80, 0xff, 
	0xa4, 0xa4, 0xa4, 0xff, 0xb2, 0xb2, 0xb2, 0xff, 
	0xbb, 0xbb, 0xbb, 0xff, 0x8b, 0x8b, 0x8b, 0xff, 
	0x78, 0x78, 0x78, 0xff, 0x80, 0x80, 0x80, 0xff, 
	0xb9, 0xb9, 0xb9, 0xff, 0xb7, 0xb7, 0xb7, 0xff, 
	0xa0, 0xa0, 0xa0, 0xff, 0x7d, 0x7d, 0x7d, 0xff, 
	0x77, 0x77, 0x77, 0xff, 0xa0, 0xa0, 0xa0, 0xff, 
	0xb8, 0xb8, 0xb8, 0xff, 0xbd, 0xbd, 0xbd, 0xff, 
	0xbd, 0xbd, 0xbd, 0xff, 0xb9, 0xb9, 0xb9, 0xff, 
	0xbc, 0xbc, 0xbc, 0xff, 0xb8, 0xb8, 0xb8, 0xff, 
	0xbe, 0xbe, 0xbe, 0xff, 0xba, 0xba, 0xba, 0xff, 
	0xb2, 0xa0, 0xa0, 0xff, 0x8a, 0x23, 0x23, 0xff, 
	0x9e, 0x00, 0x00, 0xff, 0xa0, 0x00, 0x00, 0xff, 
	0xa2, 0x00, 0x00, 0xff, 0x9e, 0x00, 0x00, 0xff, 
	0x9c, 0x00, 0x01, 0xff, 0x9b, 0x00, 0x01, 0xff, 
	0x9c, 0x00, 0x01, 0xff, 0x98, 0x00, 0x00, 0xff, 
	0x93, 0x01, 0x01, 0xff, 0x98, 0x00, 0x00, 0xff, 
	0x9f, 0x00, 0x00, 0xff, 0x9f, 0x00, 0x00, 0xff, 
	0xa0, 0x00, 0x00, 0xff, 0x98, 0x00, 0x01, 0xff, 
	0x96, 0x00, 0x00, 0xff, 0x82, 0x00, 0x00, 0xff, 
	0x98, 0x00, 0x00, 0xff, 0xa1, 0x00, 0x01, 0xff, 
	0x97, 0x00, 0x01, 0xff, 0x94, 0x00, 0x00, 0xff, 
	0x96, 0x00, 0x01, 0xff, 0x9d, 0x00, 0x00, 0xff, 
	0x9b, 0x00, 0x01, 0xff, 0x96, 0x00, 0x01, 0xff, 
	0x93, 0x00, 0x01, 0xff, 0x9b, 0x00, 0x01, 0xff, 
	0xa0, 0x00, 0x00, 0xff, 0x9e, 0x00, 0x01, 0xff, 
	0x9f, 0x00, 0x01, 0xff, 0xa2, 0x49, 0x49, 0xff, 
	0xaf, 0xa8, 0xa8, 0xff, 0xa1, 0xa1, 0xa1, 0xff, 
	0xbb, 0xbb, 0xbb, 0xff, 0xbb, 0xbb, 0xbb, 0xff, 
	0xb7, 0xb7, 0xb7, 0xff, 0xb4, 0xb4, 0xb4, 0xff, 
	0xb7, 0xb7, 0xb7, 0xff, 0xb7, 0xb7, 0xb7, 0xff, 
	0xb5, 0xb5, 0xb5, 0xff, 0xb6, 0xb6, 0xb6, 0xff, 
	0xaa, 0xaa, 0xaa, 0xff, 0x71, 0x71, 0x71, 0xff, 
	0x37, 0x37, 0x37, 0xff, 0x65, 0x65, 0x65, 0xff, 
	0x80, 0x80, 0x80, 0xff, 0x4d, 0x4d, 0x4d, 0xff, 
	0x6f, 0x6f, 0x6f, 0xff, 0x44, 0x44, 0x44, 0xff, 
	0x82, 0x82, 0x82, 0xff, 0x5f, 0x5f, 0x5f, 0xff, 
	0x36, 0x36, 0x36, 0xff, 0x80, 0x80, 0x80, 0xff, 
	0xaf, 0xaf, 0xaf, 0xff, 0xb6, 0xb6, 0xb6, 0xff, 
	0xb5, 0xb5, 0xb5, 0xff, 0xb6, 0xb6, 0xb6, 0xff, 
	0xb4, 0xb4, 0xb4, 0xff, 0xb6, 0xb6, 0xb6, 0xff, 
	0xb6, 0xb6, 0xb6, 0xff, 0xb6, 0xb6, 0xb6, 0xff, 
	0xb8, 0xb8, 0xb8, 0xff, 0xb6, 0xb6, 0xb6, 0xff, 
	0xad, 0xa6, 0xa6, 0xff, 0x89, 0x36, 0x36, 0xff, 
	0xa0, 0x00, 0x01, 0xff, 0x9c, 0x00, 0x00, 0xff, 
	0xa0, 0x00, 0x00, 0xff, 0x9f, 0x00, 0x00, 0xff, 
	0x97, 0x00, 0x00, 0xff, 0x97, 0x00, 0x01, 0xff, 
	0x9a, 0x00, 0x00, 0xff, 0x98, 0x00, 0x00, 0xff, 
	0x99, 0x01, 0x01, 0xff, 0x97, 0x00, 0x01, 0xff, 
	0x96, 0x00, 0x01, 0xff, 0x91, 0x01, 0x01, 0xff, 
	0x92, 0x00, 0x00, 0xff, 0x8f, 0x00, 0x00, 0xff, 
	0x96, 0x01, 0x01, 0xff, 0x8b, 0x00, 0x00, 0xff, 
	0xa1, 0x00, 0x00, 0xff, 0xa4, 0x00, 0x00, 0xff, 
	0x91, 0x00, 0x00, 0xff, 0x97, 0x00, 0x00, 0xff, 
	0x9b, 0x00, 0x00, 0xff, 0xa0, 0x00, 0x00, 0xff, 
	0x9b, 0x00, 0x01, 0xff, 0x9a, 0x00, 0x00, 0xff, 
	0x99, 0x00, 0x00, 0xff, 0x95, 0x00, 0x00, 0xff, 
	0x95, 0x00, 0x00, 0xff, 0x9a, 0x00, 0x00, 0xff, 
	0x8d, 0x00, 0x01, 0xff, 0x8a, 0x50, 0x50, 0xff, 
	0xaf, 0xad, 0xad, 0xff, 0xa3, 0xa3, 0xa3, 0xff, 
	0xbc, 0xbc, 0xbc, 0xff, 0xbc, 0xbc, 0xbc, 0xff, 
	0xb5, 0xb5, 0xb5, 0xff, 0xb7, 0xb7, 0xb7, 0xff, 
	0xb6, 0xb6, 0xb6, 0xff, 0xb6, 0xb6, 0xb6, 0xff, 
	0xb5, 0xb5, 0xb5, 0xff, 0xb5, 0xb5, 0xb5, 0xff, 
	0xb4, 0xb4, 0xb4, 0xff, 0x65, 0x65, 0x65, 0xff, 
	0x09, 0x09, 0x09, 0xff, 0x4e, 0x4e, 0x4e, 0xff, 
	0x61, 0x61, 0x61, 0xff, 0x85, 0x85, 0x85, 0xff, 
	0xac, 0xac, 0xac, 0xff, 0x6b, 0x6b, 0x6b, 0xff, 
	0x69, 0x69, 0x69, 0xff, 0x46, 0x46, 0x46, 0xff, 
	0x10, 0x10, 0x10, 0xff, 0x79, 0x79, 0x79, 0xff, 
	0xb4, 0xb4, 0xb4, 0xff, 0xb6, 0xb6, 0xb6, 0xff, 
	0xb4, 0xb4, 0xb4, 0xff, 0xb6, 0xb6, 0xb6, 0xff, 
	0xb9, 0xb9, 0xb9, 0xff, 0xb3, 0xb3, 0xb3, 0xff, 
	0xb3, 0xb3, 0xb3, 0xff, 0xb4, 0xb4, 0xb4, 0xff, 
	0xb5, 0xb5, 0xb5, 0xff, 0xb6, 0xb6, 0xb6, 0xff, 
	0xb0, 0xa9, 0xa9, 0xff, 0x89, 0x39, 0x39, 0xff, 
	0x9a, 0x00, 0x01, 0xff, 0xa0, 0x00, 0x00, 0xff, 
	0x93, 0x00, 0x00, 0xff, 0x9c, 0x00, 0x00, 0xff, 
	0x9b, 0x00, 0x00, 0xff, 0x94, 0x00, 0x01, 0xff, 
	0x99, 0x00, 0x00, 0xff, 0x97, 0x00, 0x00, 0xff, 
	0x95, 0x00, 0x01, 0xff, 0x95, 0x01, 0x01, 0xff, 
	0x97, 0x01, 0x01, 0xff, 0x97, 0x02, 0x02, 0xff, 
	0x99, 0x01, 0x01, 0xff, 0x91, 0x00, 0x00, 0xff, 
	0x94, 0x00, 0x00, 0xff, 0x84, 0x00, 0x00, 0xff, 
	0xa0, 0x00, 0x00, 0xff, 0xa1, 0x00, 0x00, 0xff, 
	0x90, 0x00, 0x00, 0xff, 0x94, 0x00, 0x00, 0xff, 
	0x9f, 0x00, 0x00, 0xff, 0x9b, 0x01, 0x01, 0xff, 
	0x9c, 0x03, 0x04, 0xff, 0x94, 0x01, 0x01, 0xff, 
	0x96, 0x00, 0x00, 0xff, 0x97, 0x00, 0x01, 0xff, 
	0x9b, 0x00, 0x00, 0xff, 0x85, 0x00, 0x00, 0xff, 
	0x48, 0x00, 0x00, 0xff, 0x51, 0x3e, 0x3e, 0xff, 
	0xaa, 0xa9, 0xa9, 0xff, 0xa0, 0xa0, 0xa0, 0xff, 
	0xbc, 0xbc, 0xbc, 0xff, 0xbe, 0xbe, 0xbe, 0xff, 
	0xb4, 0xb4, 0xb4, 0xff, 0xb5, 0xb5, 0xb5, 0xff, 
	0xb8, 0xb8, 0xb8, 0xff, 0xb5, 0xb5, 0xb5, 0xff, 
	0xb6, 0xb6, 0xb6, 0xff, 0xb5, 0xb5, 0xb5, 0xff, 
	0xab, 0xab, 0xab, 0xff, 0x50, 0x50, 0x50, 0xff, 
	0x08, 0x08, 0x08, 0xff, 0x74, 0x74, 0x74, 0xff, 
	0xac, 0xac, 0xac, 0xff, 0xb0, 0xb0, 0xb0, 0xff, 
	0xb5, 0xb5, 0xb5, 0xff, 0x9c, 0x9c, 0x9c, 0xff, 
	0xb3, 0xb3, 0xb3, 0xff, 0x67, 0x67, 0x67, 0xff, 
	0x05, 0x05, 0x05, 0xff, 0x63, 0x63, 0x63, 0xff, 
	0xb2, 0xb2, 0xb2, 0xff, 0xb5, 0xb5, 0xb5, 0xff, 
	0xb7, 0xb7, 0xb7, 0xff, 0xb4, 0xb4, 0xb4, 0xff, 
	0xb5, 0xb5, 0xb5, 0xff, 0xb5, 0xb5, 0xb5, 0xff, 
	0xb5, 0xb5, 0xb5, 0xff, 0xb4, 0xb4, 0xb4, 0xff, 
	0xb4, 0xb4, 0xb4, 0xff, 0xb3, 0xb3, 0xb3, 0xff, 
	0xad, 0x9d, 0x9d, 0xff, 0x83, 0x25, 0x25, 0xff, 
	0x9b, 0x00, 0x00, 0xff, 0x9e, 0x00, 0x00, 0xff, 
	0x92, 0x00, 0x00, 0xff, 0x98, 0x00, 0x00, 0xff, 
	0xa0, 0x00, 0x00, 0xff, 0x9e, 0x00, 0x01, 0xff, 
	0x9b, 0x00, 0x00, 0xff, 0x98, 0x00, 0x00, 0xff, 
	0x96, 0x0f, 0x0f, 0xff, 0x99, 0x3a, 0x3a, 0xff, 
	0xa4, 0x5b, 0x5b, 0xff, 0xa3, 0x5f, 0x5f, 0xff, 
	0x9e, 0x52, 0x52, 0xff, 0x94, 0x2a, 0x2a, 0xff, 
	0x92, 0x06, 0x06, 0xff, 0x86, 0x01, 0x01, 0xff, 
	0x99, 0x00, 0x00, 0xff, 0x9b, 0x00, 0x01, 0xff, 
	0x91, 0x00, 0x00, 0xff, 0x93, 0x0e, 0x0e, 0xff, 
	0x99, 0x3a, 0x3a, 0xff, 0x9e, 0x60, 0x60, 0xff, 
	0xa4, 0x6c, 0x6c, 0xff, 0xa3, 0x59, 0x59, 0xff, 
	0x9a, 0x34, 0x35, 0xff, 0x95, 0x0b, 0x0c, 0xff, 
	0x7b, 0x00, 0x00, 0xff, 0x50, 0x00, 0x00, 0xff, 
	0x36, 0x00, 0x01, 0xff, 0x40, 0x24, 0x24, 0xff, 
	0x96, 0x93, 0x93, 0xff, 0xa2, 0xa2, 0xa2, 0xff, 
	0xba, 0xba, 0xba, 0xff, 0xbc, 0xbc, 0xbc, 0xff, 
	0xb7, 0xb7, 0xb7, 0xff, 0xb6, 0xb6, 0xb6, 0xff, 
	0xb8, 0xb8, 0xb8, 0xff, 0xb5, 0xb5, 0xb5, 0xff, 
	0xb6, 0xb6, 0xb6, 0xff, 0xb4, 0xb4, 0xb4, 0xff, 
	0x99, 0x99, 0x99, 0xff, 0x6b, 0x6b, 0x6b, 0xff, 
	0x50, 0x50, 0x50, 0xff, 0x97, 0x97, 0x97, 0xff, 
	0xb5, 0xb5, 0xb5, 0xff, 0xb4, 0xb4, 0xb4, 0xff, 
	0xb3, 0xb3, 0xb3, 0xff, 0xa2, 0xa2, 0xa2, 0xff, 
	0xb9, 0xb9, 0xb9, 0xff, 0x91, 0x91, 0x91, 0xff, 
	0x4d, 0x4d, 0x4d, 0xff, 0x75, 0x75, 0x75, 0xff, 
	0xa5, 0xa5, 0xa5, 0xff, 0xb5, 0xb5, 0xb5, 0xff, 
	0xb7, 0xb7, 0xb7, 0xff, 0xb5, 0xb5, 0xb5, 0xff, 
	0xb5, 0xb5, 0xb5, 0xff, 0xb8, 0xb8, 0xb8, 0xff, 
	0xb6, 0xb6, 0xb6, 0xff, 0xb6, 0xb6, 0xb6, 0xff, 
	0xb6, 0xb6, 0xb6, 0xff, 0xb2, 0xaf, 0xaf, 0xff, 
	0x9f, 0x6e, 0x6e, 0xff, 0x88, 0x07, 0x08, 0xff, 
	0xa0, 0x00, 0x01, 0xff, 0x8b, 0x00, 0x00, 0xff, 
	0x81, 0x00, 0x00, 0xff, 0x80, 0x00, 0x00, 0xff, 
	0x87, 0x00, 0x01, 0xff, 0x87, 0x00, 0x00, 0xff, 
	0x88, 0x01, 0x01, 0xff, 0x7e, 0x26, 0x26, 0xff, 
	0x8c, 0x68, 0x68, 0xff, 0x97, 0x8f, 0x8f, 0xff, 
	0x9c, 0x99, 0x99, 0xff, 0x9b, 0x98, 0x98, 0xff, 
	0x9c, 0x97, 0x97, 0xff, 0x96, 0x86, 0x86, 0xff, 
	0x8e, 0x56, 0x56, 0xff, 0x84, 0x11, 0x11, 0xff, 
	0x94, 0x00, 0x00, 0xff, 0x89, 0x00, 0x00, 0xff, 
	0x82, 0x1b, 0x1b, 0xff, 0x8e, 0x64, 0x64, 0xff, 
	0x96, 0x8c, 0x8c, 0xff, 0x9b, 0x98, 0x98, 0xff, 
	0x9d, 0x9c, 0x9c, 0xff, 0x98, 0x95, 0x95, 0xff, 
	0x97, 0x8a, 0x8a, 0xff, 0x7b, 0x5c, 0x5c, 0xff, 
	0x39, 0x13, 0x14, 0xff, 0x2c, 0x00, 0x00, 0xff, 
	0x2d, 0x01, 0x01, 0xff, 0x2e, 0x03, 0x03, 0xff, 
	0x58, 0x4f, 0x4f, 0xff, 0x98, 0x97, 0x97, 0xff, 
	0xbb, 0xbb, 0xbb, 0xff, 0xab, 0xab, 0xab, 0xff, 
	0x9d, 0x9d, 0x9d, 0xff, 0xa0, 0xa0, 0xa0, 0xff, 
	0x9b, 0x9b, 0x9b, 0xff, 0x9d, 0x9d, 0x9d, 0xff, 
	0x9e, 0x9e, 0x9e, 0xff, 0x9a, 0x9a, 0x9a, 0xff, 
	0x95, 0x95, 0x95, 0xff, 0x93, 0x93, 0x93, 0xff, 
	0x95, 0x95, 0x95, 0xff, 0x9b, 0x9b, 0x9b, 0xff, 
	0x9d, 0x9d, 0x9d, 0xff, 0x9e, 0x9e, 0x9e, 0xff, 
	0x9b, 0x9b, 0x9b, 0xff, 0xa0, 0xa0, 0xa0, 0xff, 
	0xbb, 0xbb, 0xbb, 0xff, 0xa9, 0xa9, 0xa9, 0xff, 
	0x95, 0x95, 0x95, 0xff, 0x92, 0x92, 0x92, 0xff, 
	0x96, 0x96, 0x96, 0xff, 0x9d, 0x9d, 0x9d, 0xff, 
	0x9e, 0x9e, 0x9e, 0xff, 0x9a, 0x9a, 0x9a, 0xff, 
	0x9c, 0x9c, 0x9c, 0xff, 0x9e, 0x9e, 0x9e, 0xff, 
	0x9d, 0x9d, 0x9d, 0xff, 0x9c, 0x9c, 0x9c, 0xff, 
	0x9b, 0x98, 0x98, 0xff, 0x90, 0x75, 0x75, 0xff, 
	0x80, 0x20, 0x20, 0xff, 0x7e, 0x00, 0x00, 0xff, 
	0x8e, 0x00, 0x00, 0xff, 0x7d, 0x00, 0x00, 0xff, 
	0x78, 0x00, 0x00, 0xff, 0x76, 0x00, 0x00, 0xff, 
	0x7b, 0x00, 0x00, 0xff, 0x75, 0x00, 0x00, 0xff, 
	0x7b, 0x1e, 0x1e, 0xff, 0x88, 0x72, 0x72, 0xff, 
	0x93, 0x91, 0x91, 0xff, 0x94, 0x94, 0x94, 0xff, 
	0x94, 0x94, 0x94, 0xff, 0x94, 0x94, 0x94, 0xff, 
	0x95, 0x95, 0x95, 0xff, 0x92, 0x91, 0x91, 0xff, 
	0x91, 0x8d, 0x8d, 0xff, 0x86, 0x5b, 0x5b, 0xff, 
	0x8f, 0x3f, 0x3f, 0xff, 0x75, 0x2e, 0x2e, 0xff, 
	0x83, 0x5e, 0x5e, 0xff, 0x91, 0x8e, 0x8e, 0xff, 
	0x95, 0x95, 0x95, 0xff, 0x94, 0x94, 0x94, 0xff, 
	0x96, 0x96, 0x96, 0xff, 0x94, 0x94, 0x94, 0xff, 
	0x93, 0x93, 0x93, 0xff, 0x8e, 0x8d, 0x8d, 0xff, 
	0x5e, 0x58, 0x58, 0xff, 0x2c, 0x08, 0x09, 0xff, 
	0x2a, 0x00, 0x01, 0xff, 0x29, 0x00, 0x01, 0xff, 
	0x2f, 0x12, 0x12, 0xff, 0x63, 0x5d, 0x5d, 0xff, 
	0xa3, 0xa2, 0xa2, 0xff, 0x94, 0x94, 0x94, 0xff, 
	0x93, 0x93, 0x93, 0xff, 0x93, 0x93, 0x93, 0xff, 
	0x95, 0x95, 0x95, 0xff, 0x94, 0x94, 0x94, 0xff, 
	0x95, 0x95, 0x95, 0xff, 0x94, 0x94, 0x94, 0xff, 
	0x94, 0x94, 0x94, 0xff, 0x93, 0x93, 0x93, 0xff, 
	0x94, 0x94, 0x94, 0xff, 0x94, 0x94, 0x94, 0xff, 
	0x95, 0x95, 0x95, 0xff, 0x92, 0x92, 0x92, 0xff, 
	0x94, 0x94, 0x94, 0xff, 0x96, 0x96, 0x96, 0xff, 
	0xac, 0xac, 0xac, 0xff, 0x95, 0x95, 0x95, 0xff, 
	0x93, 0x93, 0x93, 0xff, 0x93, 0x93, 0x93, 0xff, 
	0x95, 0x95, 0x95, 0xff, 0x94, 0x94, 0x94, 0xff, 
	0x95, 0x95, 0x95, 0xff, 0x94, 0x94, 0x94, 0xff, 
	0x94, 0x94, 0x94, 0xff, 0x92, 0x92, 0x92, 0xff, 
	0x8e, 0x87, 0x87, 0xff, 0x8a, 0x7a, 0x7a, 0xff, 
	0x82, 0x56, 0x56, 0xff, 0x74, 0x1b, 0x1b, 0xff, 
	0x79, 0x00, 0x01, 0xff, 0x78, 0x01, 0x01, 0xff, 
	0xa0, 0x00, 0x00, 0xff, 0xa3, 0x01, 0x01, 0xff, 
	0x9e, 0x00, 0x01, 0xff, 0xa4, 0x00, 0x00, 0xff, 
	0xa9, 0x03, 0x03, 0xff, 0xa1, 0x27, 0x27, 0xff, 
	0xb2, 0x7e, 0x7e, 0xff, 0xb7, 0xb4, 0xb4, 0xff, 
	0xc0, 0xc0, 0xc0, 0xff, 0xca, 0xca, 0xca, 0xff, 
	0xca, 0xca, 0xca, 0xff, 0xcb, 0xcb, 0xcb, 0xff, 
	0xc9, 0xc9, 0xc9, 0xff, 0xcb, 0xcb, 0xcb, 0xff, 
	0xc9, 0xc9, 0xc9, 0xff, 0xc8, 0xc4, 0xc4, 0xff, 
	0xc6, 0xbf, 0xbf, 0xff, 0xc2, 0xba, 0xba, 0xff, 
	0xc7, 0xc3, 0xc3, 0xff, 0xca, 0xca, 0xca, 0xff, 
	0xca, 0xca, 0xca, 0xff, 0xca, 0xca, 0xca, 0xff, 
	0xca, 0xca, 0xca, 0xff, 0xb8, 0xb8, 0xb8, 0xff, 
	0xc0, 0xc0, 0xc0, 0xff, 0xca, 0xca, 0xca, 0xff, 
	0xb8, 0xb6, 0xb6, 0xff, 0x5b, 0x48, 0x48, 0xff, 
	0x3d, 0x07, 0x08, 0xff, 0x3c, 0x00, 0x01, 0xff, 
	0x3c, 0x00, 0x00, 0xff, 0x42, 0x19, 0x19, 0xff, 
	0x70, 0x64, 0x64, 0xff, 0xa4, 0xa0, 0xa0, 0xff, 
	0xba, 0xb9, 0xb9, 0xff, 0xc5, 0xc5, 0xc5, 0xff, 
	0xca, 0xca, 0xca, 0xff, 0xca, 0xca, 0xca, 0xff, 
	0xca, 0xca, 0xca, 0xff, 0xb9, 0xb9, 0xb9, 0xff, 
	0xbf, 0xbf, 0xbf, 0xff, 0xca, 0xca, 0xca, 0xff, 
	0xca, 0xca, 0xca, 0xff, 0xca, 0xca, 0xca, 0xff, 
	0xca, 0xc9, 0xc9, 0xff, 0xcb, 0xcb, 0xcb, 0xff, 
	0xc9, 0xc8, 0xc8, 0xff, 0xca, 0xc9, 0xc9, 0xff, 
	0xca, 0xc9, 0xc9, 0xff, 0xc9, 0xc9, 0xc9, 0xff, 
	0xca, 0xca, 0xca, 0xff, 0xca, 0xca, 0xca, 0xff, 
	0xca, 0xca, 0xca, 0xff, 0xca, 0xca, 0xca, 0xff, 
	0xca, 0xca, 0xca, 0xff, 0xb9, 0xb9, 0xb9, 0xff, 
	0xbf, 0xbf, 0xbf, 0xff, 0xbc, 0xb9, 0xb9, 0xff, 
	0x7a, 0x53, 0x53, 0xff, 0x78, 0x26, 0x26, 0xff, 
	0x97, 0x07, 0x08, 0xff, 0xa2, 0x00, 0x00, 0xff, 
	0xa1, 0x00, 0x00, 0xff, 0x9b, 0x00, 0x00, 0xff, 
	0x98, 0x00, 0x01, 0xff, 0x97, 0x00, 0x00, 0xff, 
	0x95, 0x00, 0x00, 0xff, 0x92, 0x0a, 0x0a, 0xff, 
	0x98, 0x53, 0x53, 0xff, 0xae, 0x96, 0x96, 0xff, 
	0xb3, 0xae, 0xae, 0xff, 0xa1, 0xa1, 0xa1, 0xff, 
	0xba, 0xba, 0xba, 0xff, 0xbd, 0xbd, 0xbd, 0xff, 
	0xbc, 0xbc, 0xbc, 0xff, 0xba, 0xba, 0xba, 0xff, 
	0xba, 0xba, 0xba, 0xff, 0xbc, 0xbc, 0xbc, 0xff, 
	0xbd, 0xbd, 0xbd, 0xff, 0xbb, 0xbb, 0xbb, 0xff, 
	0xbc, 0xbc, 0xbc, 0xff, 0xbb, 0xbb, 0xbb, 0xff, 
	0xbc, 0xbc, 0xbc, 0xff, 0xbc, 0xbc, 0xbc, 0xff, 
	0xba, 0xba, 0xba, 0xff, 0xbb, 0xbb, 0xbb, 0xff, 
	0xb6, 0xb6, 0xb6, 0xff, 0xa1, 0xa1, 0xa1, 0xff, 
	0xba, 0xba, 0xba, 0xff, 0xbd, 0xbd, 0xbd, 0xff, 
	0xba, 0xba, 0xba, 0xff, 0x9f, 0x9d, 0x9d, 0xff, 
	0x73, 0x6b, 0x6b, 0xff, 0x40, 0x20, 0x20, 0xff, 
	0x37, 0x00, 0x01, 0xff, 0x37, 0x00, 0x00, 0xff, 
	0x38, 0x03, 0x03, 0xff, 0x40, 0x1d, 0x1e, 0xff, 
	0x50, 0x3c, 0x3c, 0xff, 0x8f, 0x8b, 0x8b, 0xff, 
	0xb9, 0xb9, 0xb9, 0xff, 0xbb, 0xbb, 0xbb, 0xff, 
	0xb6, 0xb6, 0xb6, 0xff, 0xa1, 0xa1, 0xa1, 0xff, 
	0xba, 0xba, 0xba, 0xff, 0xbe, 0xbe, 0xbe, 0xff, 
	0xbc, 0xbc, 0xbc, 0xff, 0xb9, 0xb9, 0xb9, 0xff, 
	0xaf, 0x9b, 0x9b, 0xff, 0xaf, 0x90, 0x84, 0xff, 
	0xae, 0x93, 0x88, 0xff, 0xa2, 0x77, 0x77, 0xff, 
	0xac, 0x86, 0x86, 0xff, 0xba, 0xb8, 0xb8, 0xff, 
	0xbc, 0xbc, 0xbc, 0xff, 0xbc, 0xbc, 0xbc, 0xff, 
	0xbb, 0xbb, 0xbb, 0xff, 0xbb, 0xbb, 0xbb, 0xff, 
	0xb6, 0xb6, 0xb6, 0xff, 0xa1, 0xa1, 0xa1, 0xff, 
	0xba, 0xba, 0xba, 0xff, 0x96, 0x92, 0x92, 0xff, 
	0x3e, 0x1a, 0x1b, 0xff, 0x37, 0x00, 0x00, 0xff, 
	0x4b, 0x00, 0x00, 0xff, 0x88, 0x00, 0x00, 0xff, 
	0x98, 0x00, 0x00, 0xff, 0x97, 0x00, 0x00, 0xff, 
	0x8e, 0x00, 0x00, 0xff, 0x8f, 0x00, 0x01, 0xff, 
	0x8e, 0x01, 0x01, 0xff, 0x8a, 0x4e, 0x4e, 0xff, 
	0xab, 0xa4, 0xa4, 0xff, 0xb7, 0xb7, 0xb7, 0xff, 
	0xb0, 0xb0, 0xb0, 0xff, 0xa0, 0xa0, 0xa0, 0xff, 
	0xb8, 0xb8, 0xb8, 0xff, 0xaa, 0xaa, 0xaa, 0xff, 
	0xae, 0xae, 0xae, 0xff, 0xb6, 0xb6, 0xb6, 0xff, 
	0xb7, 0xb7, 0xb7, 0xff, 0xb5, 0xb5, 0xb5, 0xff, 
	0xb8, 0xb8, 0xb8, 0xff, 0xb7, 0xb7, 0xb7, 0xff, 
	0xb5, 0xb5, 0xb5, 0xff, 0xb6, 0xb6, 0xb6, 0xff, 
	0xb6, 0xb6, 0xb6, 0xff, 0xb6, 0xb6, 0xb6, 0xff, 
	0xb5, 0xb5, 0xb5, 0xff, 0xb7, 0xb7, 0xb7, 0xff, 
	0xaa, 0xaa, 0xaa, 0xff, 0x8f, 0x8f, 0x8f, 0xff, 
	0xb6, 0xb6, 0xb6, 0xff, 0xbc, 0xbc, 0xbc, 0xff, 
	0xb5, 0xb5, 0xb5, 0xff, 0xb6, 0xb6, 0xb6, 0xff, 
	0xb1, 0xb0, 0xb0, 0xff, 0x7f, 0x79, 0x79, 0xff, 
	0x3c, 0x18, 0x19, 0xff, 0x40, 0x00, 0x00, 0xff, 
	0x5f, 0x00, 0x00, 0xff, 0x67, 0x00, 0x01, 0xff, 
	0x44, 0x01, 0x01, 0xff, 0x54, 0x44, 0x44, 0xff, 
	0xa5, 0xa4, 0xa4, 0xff, 0xb7, 0xb7, 0xb7, 0xff, 
	0xb1, 0xb1, 0xb1, 0xff, 0xa1, 0xa1, 0xa1, 0xff, 
	0xbc, 0xbc, 0xbc, 0xff, 0xbc, 0xbc, 0xbc, 0xff, 
	0xb5, 0xb5, 0xb5, 0xff, 0xb2, 0xac, 0xac, 0xff, 
	0xa0, 0x6f, 0x55, 0xff, 0xdc, 0xcf, 0x0b, 0xff, 
	0xdd, 0xce, 0x0c, 0xff, 0x9a, 0x3b, 0x05, 0xff, 
	0x87, 0x32, 0x32, 0xff, 0x9d, 0x97, 0x97, 0xff, 
	0xb4, 0xb4, 0xb4, 0xff, 0xb6, 0xb6, 0xb6, 0xff, 
	0xb5, 0xb5, 0xb5, 0xff, 0xb8, 0xb8, 0xb8, 0xff, 
	0xb0, 0xb0, 0xb0, 0xff, 0x9f, 0x9f, 0x9f, 0xff, 
	0xae, 0xad, 0xad, 0xff, 0x61, 0x53, 0x53, 0xff, 
	0x35, 0x01, 0x02, 0xff, 0x36, 0x00, 0x01, 0xff, 
	0x36, 0x00, 0x00, 0xff, 0x51, 0x00, 0x01, 0xff, 
	0x7b, 0x00, 0x01, 0xff, 0x93, 0x00, 0x00, 0xff, 
	0x89, 0x00, 0x01, 0xff, 0x8a, 0x00, 0x01, 0xff, 
	0x7b, 0x1d, 0x1e, 0xff, 0x97, 0x8d, 0x8d, 0xff, 
	0xb5, 0xb5, 0xb5, 0xff, 0xb6, 0xb6, 0xb6, 0xff, 
	0xb3, 0xb3, 0xb3, 0xff, 0xa0, 0xa0, 0xa0, 0xff, 
	0xbb, 0xbb, 0xbb, 0xff, 0x9e, 0x9e, 0x9e, 0xff, 
	0x7d, 0x7d, 0x7d, 0xff, 0x8f, 0x8f, 0x8f, 0xff, 
	0xa8, 0xa8, 0xa8, 0xff, 0xb3, 0xb3, 0xb3, 0xff, 
	0xb6, 0xb6, 0xb6, 0xff, 0xaa, 0xaa, 0xaa, 0xff, 
	0x9c, 0x9c, 0x9c, 0xff, 0xa7, 0xa7, 0xa7, 0xff, 
	0xb6, 0xb6, 0xb6, 0xff, 0xb4, 0xb4, 0xb4, 0xff, 
	0xab, 0xab, 0xab, 0xff, 0x91, 0x91, 0x91, 0xff, 
	0x79, 0x79, 0x79, 0xff, 0x84, 0x84, 0x84, 0xff, 
	0xb9, 0xb9, 0xb9, 0xff, 0xbb, 0xbb, 0xbb, 0xff, 
	0xb5, 0xb5, 0xb5, 0xff, 0xb6, 0xb6, 0xb6, 0xff, 
	0xb5, 0xb5, 0xb5, 0xff, 0xac, 0xab, 0xab, 0xff, 
	0x68, 0x55, 0x55, 0xff, 0x6c, 0x01, 0x01, 0xff, 
	0x83, 0x00, 0x00, 0xff, 0x83, 0x00, 0x00, 0xff, 
	0x6e, 0x00, 0x00, 0xff, 0x4b, 0x0b, 0x0c, 0xff, 
	0x71, 0x5e, 0x5e, 0xff, 0xa9, 0xa1, 0xa1, 0xff, 
	0xb1, 0xb1, 0xb1, 0xff, 0xa1, 0xa0, 0xa0, 0xff, 
	0xbd, 0xbc, 0xbc, 0xff, 0xbb, 0xbb, 0xbb, 0xff, 
	0xae, 0xa7, 0xa7, 0xff, 0xa0, 0x76, 0x6a, 0xff, 
	0xd6, 0xb7, 0x14, 0xff, 0xf5, 0xe4, 0x00, 0xff, 
	0xc1, 0x9b, 0x01, 0xff, 0x89, 0x17, 0x00, 0xff, 
	0x58, 0x01, 0x02, 0xff, 0x51, 0x3f, 0x3f, 0xff, 
	0x96, 0x93, 0x93, 0xff, 0xb1, 0xb1, 0xb1, 0xff, 
	0xb5, 0xb5, 0xb5, 0xff, 0xb4, 0xb4, 0xb4, 0xff, 
	0xb0, 0xb0, 0xb0, 0xff, 0x8f, 0x8d, 0x8d, 0xff, 
	0x6f, 0x64, 0x64, 0xff, 0x3b, 0x0f, 0x10, 0xff, 
	0x34, 0x00, 0x00, 0xff, 0x34, 0x00, 0x00, 0xff, 
	0x34, 0x00, 0x00, 0xff, 0x35, 0x00, 0x00, 0xff, 
	0x45, 0x00, 0x00, 0xff, 0x7d, 0x00, 0x00, 0xff, 
	0x81, 0x00, 0x00, 0xff, 0x68, 0x00, 0x00, 0xff, 
	0x58, 0x42, 0x42, 0xff, 0xab, 0xaa, 0xaa, 0xff, 
	0xb6, 0xb6, 0xb6, 0xff, 0xb6, 0xb6, 0xb6, 0xff, 
	0xb2, 0xb2, 0xb2, 0xff, 0x9f, 0x9f, 0x9f, 0xff, 
	0xbc, 0xbc, 0xbc, 0xff, 0xbb, 0xbb, 0xbb, 0xff, 
	0xab, 0xab, 0xab, 0xff, 0x88, 0x88, 0x88, 0xff, 
	0x5a, 0x5a, 0x5a, 0xff, 0x7a, 0x7a, 0x7a, 0xff, 
	0x9a, 0x9a, 0x9a, 0xff, 0x6e, 0x6e, 0x6e, 0xff, 
	0x58, 0x58, 0x58, 0xff, 0x68, 0x68, 0x68, 0xff, 
	0x9b, 0x9b, 0x9b, 0xff, 0x7e, 0x7e, 0x7e, 0xff, 
	0x58, 0x58, 0x58, 0xff, 0x85, 0x85, 0x85, 0xff, 
	0xa6, 0xa6, 0xa6, 0xff, 0x9f, 0x9f, 0x9f, 0xff, 
	0xbc, 0xbc, 0xbc, 0xff, 0xbb, 0xbb, 0xbb, 0xff, 
	0xb5, 0xb5, 0xb5, 0xff, 0xb6, 0xb6, 0xb6, 0xff, 
	0xb4, 0xb4, 0xb4, 0xff, 0xb3, 0xb2, 0xb2, 0xff, 
	0x9a, 0x7c, 0x7c, 0xff, 0x87, 0x09, 0x0a, 0xff, 
	0x8a, 0x01, 0x01, 0xff, 0x86, 0x00, 0x00, 0xff, 
	0x8a, 0x00, 0x00, 0xff, 0x82, 0x00, 0x01, 0xff, 
	0x80, 0x09, 0x09, 0xff, 0x90, 0x3f, 0x3f, 0xff, 
	0x99, 0x72, 0x72, 0xff, 0x92, 0x7e, 0x7e, 0xff, 
	0xaa, 0x95, 0x95, 0xff, 0xa5, 0x82, 0x82, 0xff, 
	0x96, 0x51, 0x4b, 0xff, 0xd1, 0x8d, 0x0f, 0xff, 
	0xf7, 0xde, 0x00, 0xff, 0xcf, 0xac, 0x00, 0xff, 
	0x8e, 0x28, 0x01, 0xff, 0x82, 0x00, 0x00, 0xff, 
	0x44, 0x00, 0x00, 0xff, 0x35, 0x01, 0x02, 0xff, 
	0x44, 0x2a, 0x2a, 0xff, 0x6b, 0x61, 0x61, 0xff, 
	0x84, 0x7e, 0x7e, 0xff, 0x84, 0x7f, 0x7f, 0xff, 
	0x70, 0x68, 0x68, 0xff, 0x43, 0x32, 0x32, 0xff, 
	0x39, 0x09, 0x0a, 0xff, 0x37, 0x00, 0x00, 0xff, 
	0x35, 0x00, 0x01, 0xff, 0x35, 0x00, 0x00, 0xff, 
	0x34, 0x00, 0x00, 0xff, 0x35, 0x00, 0x01, 0xff, 
	0x3a, 0x00, 0x00, 0xff, 0x71, 0x00, 0x00, 0xff, 
	0x7c, 0x00, 0x00, 0xff, 0x49, 0x01, 0x01, 0xff, 
	0x5d, 0x4f, 0x50, 0xff, 0xb0, 0xaf, 0xaf, 0xff, 
	0xb5, 0xb5, 0xb5, 0xff, 0xb5, 0xb5, 0xb5, 0xff, 
	0xb2, 0xb2, 0xb2, 0xff, 0xa0, 0xa0, 0xa0, 0xff, 
	0xbe, 0xbe, 0xbe, 0xff, 0xb9, 0xb9, 0xb9, 0xff, 
	0xb7, 0xb7, 0xb7, 0xff, 0xa5, 0xa5, 0xa5, 0xff, 
	0x42, 0x42, 0x42, 0xff, 0x27, 0x27, 0x27, 0xff, 
	0x55, 0x55, 0x55, 0xff, 0x66, 0x66, 0x66, 0xff, 
	0xa3, 0xa3, 0xa3, 0xff, 0x6a, 0x6a, 0x6a, 0xff, 
	0x55, 0x55, 0x55, 0xff, 0x2b, 0x2b, 0x2b, 0xff, 
	0x3a, 0x3a, 0x3a, 0xff, 0xa1, 0xa1, 0xa1, 0xff, 
	0xb2, 0xb2, 0xb2, 0xff, 0xa0, 0xa0, 0xa0, 0xff, 
	0xbd, 0xbd, 0xbd, 0xff, 0xb9, 0xb9, 0xb9, 0xff, 
	0xb7, 0xb7, 0xb7, 0xff, 0xb5, 0xb5, 0xb5, 0xff, 
	0xb6, 0xb6, 0xb6, 0xff, 0xb5, 0xb4, 0xb4, 0xff, 
	0xa1, 0x81, 0x82, 0xff, 0x85, 0x0d, 0x0e, 0xff, 
	0x87, 0x00, 0x00, 0xff, 0x85, 0x00, 0x00, 0xff, 
	0x8d, 0x00, 0x00, 0xff, 0x8e, 0x00, 0x01, 0xff, 
	0x84, 0x00, 0x00, 0xff, 0x86, 0x00, 0x01, 0xff, 
	0x85, 0x07, 0x07, 0xff, 0x81, 0x12, 0x13, 0xff, 
	0x96, 0x18, 0x18, 0xff, 0x94, 0x25, 0x0c, 0xff, 
	0xc9, 0x9e, 0x01, 0xff, 0xf8, 0xe9, 0x00, 0xff, 
	0xdf, 0xca, 0x00, 0xff, 0x98, 0x44, 0x01, 0xff, 
	0x8a, 0x01, 0x01, 0xff, 0x83, 0x03, 0x00, 0xff, 
	0x52, 0x06, 0x01, 0xff, 0x34, 0x00, 0x00, 0xff, 
	0x36, 0x00, 0x01, 0xff, 0x36, 0x02, 0x03, 0xff, 
	0x37, 0x09, 0x09, 0xff, 0x37, 0x0a, 0x0b, 0xff, 
	0x34, 0x03, 0x04, 0xff, 0x2d, 0x00, 0x00, 0xff, 
	0x37, 0x00, 0x00, 0xff, 0x36, 0x00, 0x00, 0xff, 
	0x35, 0x00, 0x00, 0xff, 0x35, 0x00, 0x01, 0xff, 
	0x36, 0x00, 0x01, 0xff, 0x35, 0x00, 0x00, 0xff, 
	0x47, 0x00, 0x01, 0xff, 0x80, 0x00, 0x00, 0xff, 
	0x6e, 0x00, 0x00, 0xff, 0x3d, 0x00, 0x00, 0xff, 
	0x48, 0x39, 0x39, 0xff, 0x91, 0x90, 0x91, 0xff, 
	0x9b, 0x9b, 0x9b, 0xff, 0x9d, 0x9d, 0x9d, 0xff, 
	0x9c, 0x9c, 0x9c, 0xff, 0xa1, 0xa1, 0xa1, 0xff, 
	0xbc, 0xbc, 0xbc, 0xff, 0xab, 0xab, 0xab, 0xff, 
	0x9d, 0x9d, 0x9d, 0xff, 0x83, 0x83, 0x83, 0xff, 
	0x1f, 0x1f, 0x1f, 0xff, 0x38, 0x38, 0x38, 0xff, 
	0x8d, 0x8d, 0x8d, 0xff, 0x92, 0x92, 0x92, 0xff, 
	0x9c, 0x9c, 0x9c, 0xff, 0x93, 0x93, 0x93, 0xff, 
	0x8e, 0x8e, 0x8e, 0xff, 0x3d, 0x3d, 0x3d, 0xff, 
	0x19, 0x19, 0x19, 0xff, 0x80, 0x80, 0x80, 0xff, 
	0x9c, 0x9c, 0x9c, 0xff, 0xa0, 0xa0, 0xa0, 0xff, 
	0xbc, 0xbc, 0xbc, 0xff, 0xac, 0xac, 0xac, 0xff, 
	0x9d, 0x9d, 0x9d, 0xff, 0x9c, 0x9c, 0x9c, 0xff, 
	0x9e, 0x9e, 0x9e, 0xff, 0x9a, 0x99, 0x99, 0xff, 
	0x84, 0x5d, 0x5d, 0xff, 0x6f, 0x03, 0x03, 0xff, 
	0x70, 0x00, 0x00, 0xff, 0x6f, 0x00, 0x00, 0xff, 
	0x7a, 0x00, 0x00, 0xff, 0x73, 0x00, 0x00, 0xff, 
	0x72, 0x00, 0x00, 0xff, 0x6e, 0x00, 0x00, 0xff, 
	0x70, 0x00, 0x00, 0xff, 0x79, 0x00, 0x00, 0xff, 
	0x93, 0x14, 0x00, 0xff, 0xb4, 0x85, 0x00, 0xff, 
	0xf1, 0xdb, 0x00, 0xff, 0xdf, 0xcd, 0x00, 0xff, 
	0x8c, 0x53, 0x00, 0xff, 0x7a, 0x02, 0x00, 0xff, 
	0x76, 0x00, 0x00, 0xff, 0x80, 0x36, 0x00, 0xff, 
	0x8f, 0x53, 0x00, 0xff, 0x44, 0x15, 0x00, 0xff, 
	0x2f, 0x00, 0x00, 0xff, 0x2b, 0x00, 0x00, 0xff, 
	0x2c, 0x00, 0x00, 0xff, 0x2c, 0x00, 0x00, 0xff, 
	0x2d, 0x00, 0x00, 0xff, 0x2f, 0x00, 0x00, 0xff, 
	0x39, 0x00, 0x00, 0xff, 0x31, 0x00, 0x00, 0xff, 
	0x2d, 0x01, 0x01, 0xff, 0x2c, 0x00, 0x00, 0xff, 
	0x33, 0x00, 0x00, 0xff, 0x4c, 0x00, 0x00, 0xff, 
	0x65, 0x00, 0x01, 0xff, 0x73, 0x00, 0x00, 0xff, 
	0x68, 0x00, 0x00, 0xff, 0x4f, 0x00, 0x00, 0xff, 
	0x36, 0x1b, 0x1b, 0xff, 0x7b, 0x79, 0x79, 0xff, 
	0x92, 0x92, 0x92, 0xff, 0x93, 0x93, 0x93, 0xff, 
	0x93, 0x93, 0x93, 0xff, 0x94, 0x94, 0x94, 0xff, 
	0xac, 0xac, 0xac, 0xff, 0x95, 0x95, 0x95, 0xff, 
	0x91, 0x91, 0x91, 0xff, 0x73, 0x73, 0x73, 0xff, 
	0x48, 0x48, 0x48, 0xff, 0x5f, 0x5f, 0x5f, 0xff, 
	0x91, 0x91, 0x91, 0xff, 0x94, 0x94, 0x94, 0xff, 
	0x92, 0x92, 0x92, 0xff, 0x94, 0x94, 0x94, 0xff, 
	0x91, 0x91, 0x91, 0xff, 0x61, 0x61, 0x61, 0xff, 
	0x46, 0x46, 0x46, 0xff, 0x6e, 0x6e, 0x6e, 0xff, 
	0x90, 0x90, 0x90, 0xff, 0x95, 0x95, 0x95, 0xff, 
	0xac, 0xac, 0xac, 0xff, 0x94, 0x94, 0x94, 0xff, 
	0x94, 0x94, 0x94, 0xff, 0x94, 0x94, 0x94, 0xff, 
	0x92, 0x92, 0x92, 0xff, 0x8b, 0x80, 0x80, 0xff, 
	0x71, 0x2d, 0x2d, 0xff, 0x6f, 0x00, 0x00, 0xff, 
	0x69, 0x00, 0x00, 0xff, 0x6b, 0x00, 0x00, 0xff, 
	0x6d, 0x00, 0x00, 0xff, 0x6b, 0x01, 0x01, 0xff, 
	0x71, 0x00, 0x00, 0xff, 0x6b, 0x00, 0x00, 0xff, 
	0x64, 0x00, 0x00, 0xff, 0x6d, 0x01, 0x00, 0xff, 
	0xa0, 0x5d, 0x00, 0xff, 0xeb, 0xc9, 0x00, 0xff, 
	0xe9, 0xcb, 0x00, 0xff, 0x8b, 0x5e, 0x00, 0xff, 
	0x6c, 0x06, 0x00, 0xff, 0x6e, 0x00, 0x00, 0xff, 
	0x71, 0x02, 0x00, 0xff, 0x93, 0x68, 0x00, 0xff, 
	0xe9, 0xcb, 0x00, 0xff, 0x9e, 0x88, 0x00, 0xff, 
	0x56, 0x20, 0x00, 0xff, 0x2d, 0x00, 0x00, 0xff, 
	0x29, 0x00, 0x00, 0xff, 0x2a, 0x00, 0x01, 0xff, 
	0x3e, 0x00, 0x00, 0xff, 0x51, 0x00, 0x00, 0xff, 
	0x5a, 0x00, 0x00, 0xff, 0x2e, 0x00, 0x01, 0xff, 
	0x29, 0x00, 0x00, 0xff, 0x2a, 0x00, 0x00, 0xff, 
	0x46, 0x00, 0x00, 0xff, 0x69, 0x00, 0x01, 0xff, 
	0x6b, 0x00, 0x00, 0xff, 0x70, 0x00, 0x00, 0xff, 
	
};

Gfx castle_inside_dl_bottomh_rgba32_aligner[] = {gsSPEndDisplayList()};
u8 castle_inside_dl_bottomh_rgba32[] = {
	0x68, 0x00, 0x00, 0xff, 0x4f, 0x00, 0x00, 0xff, 
	0x36, 0x1b, 0x1b, 0xff, 0x7b, 0x79, 0x79, 0xff, 
	0x92, 0x92, 0x92, 0xff, 0x93, 0x93, 0x93, 0xff, 
	0x93, 0x93, 0x93, 0xff, 0x94, 0x94, 0x94, 0xff, 
	0xac, 0xac, 0xac, 0xff, 0x95, 0x95, 0x95, 0xff, 
	0x91, 0x91, 0x91, 0xff, 0x73, 0x73, 0x73, 0xff, 
	0x48, 0x48, 0x48, 0xff, 0x5f, 0x5f, 0x5f, 0xff, 
	0x91, 0x91, 0x91, 0xff, 0x94, 0x94, 0x94, 0xff, 
	0x92, 0x92, 0x92, 0xff, 0x94, 0x94, 0x94, 0xff, 
	0x91, 0x91, 0x91, 0xff, 0x61, 0x61, 0x61, 0xff, 
	0x46, 0x46, 0x46, 0xff, 0x6e, 0x6e, 0x6e, 0xff, 
	0x90, 0x90, 0x90, 0xff, 0x95, 0x95, 0x95, 0xff, 
	0xac, 0xac, 0xac, 0xff, 0x94, 0x94, 0x94, 0xff, 
	0x94, 0x94, 0x94, 0xff, 0x94, 0x94, 0x94, 0xff, 
	0x92, 0x92, 0x92, 0xff, 0x8b, 0x80, 0x80, 0xff, 
	0x71, 0x2d, 0x2d, 0xff, 0x6f, 0x00, 0x00, 0xff, 
	0x69, 0x00, 0x00, 0xff, 0x6b, 0x00, 0x00, 0xff, 
	0x6d, 0x00, 0x00, 0xff, 0x6b, 0x01, 0x01, 0xff, 
	0x71, 0x00, 0x00, 0xff, 0x6b, 0x00, 0x00, 0xff, 
	0x64, 0x00, 0x00, 0xff, 0x6d, 0x01, 0x00, 0xff, 
	0xa0, 0x5d, 0x00, 0xff, 0xeb, 0xc9, 0x00, 0xff, 
	0xe9, 0xcb, 0x00, 0xff, 0x8b, 0x5e, 0x00, 0xff, 
	0x6c, 0x06, 0x00, 0xff, 0x6e, 0x00, 0x00, 0xff, 
	0x71, 0x02, 0x00, 0xff, 0x93, 0x68, 0x00, 0xff, 
	0xe9, 0xcb, 0x00, 0xff, 0x9e, 0x88, 0x00, 0xff, 
	0x56, 0x20, 0x00, 0xff, 0x2d, 0x00, 0x00, 0xff, 
	0x29, 0x00, 0x00, 0xff, 0x2a, 0x00, 0x01, 0xff, 
	0x3e, 0x00, 0x00, 0xff, 0x51, 0x00, 0x00, 0xff, 
	0x5a, 0x00, 0x00, 0xff, 0x2e, 0x00, 0x01, 0xff, 
	0x29, 0x00, 0x00, 0xff, 0x2a, 0x00, 0x00, 0xff, 
	0x46, 0x00, 0x00, 0xff, 0x69, 0x00, 0x01, 0xff, 
	0x6b, 0x00, 0x00, 0xff, 0x70, 0x00, 0x00, 0xff, 
	0x88, 0x00, 0x00, 0xff, 0x8b, 0x00, 0x00, 0xff, 
	0x87, 0x00, 0x00, 0xff, 0x7b, 0x10, 0x11, 0xff, 
	0x79, 0x63, 0x63, 0xff, 0xa5, 0xa1, 0xa1, 0xff, 
	0xb8, 0xb6, 0xb6, 0xff, 0xbb, 0xba, 0xba, 0xff, 
	0xbc, 0xbc, 0xbc, 0xff, 0xba, 0xba, 0xba, 0xff, 
	0xbc, 0xbc, 0xbc, 0xff, 0xbc, 0xbc, 0xbc, 0xff, 
	0xbb, 0xbb, 0xbb, 0xff, 0xbe, 0xbe, 0xbe, 0xff, 
	0xaa, 0xaa, 0xaa, 0xff, 0x9d, 0x9d, 0x9d, 0xff, 
	0xbb, 0xbb, 0xbb, 0xff, 0xbd, 0xbd, 0xbd, 0xff, 
	0xbb, 0xbb, 0xbb, 0xff, 0xba, 0xba, 0xba, 0xff, 
	0xbb, 0xbb, 0xbb, 0xff, 0xbc, 0xbc, 0xbc, 0xff, 
	0xbc, 0xbc, 0xbc, 0xff, 0xbc, 0xbc, 0xbc, 0xff, 
	0xbc, 0xbc, 0xbc, 0xff, 0xb9, 0xb8, 0xb8, 0xff, 
	0xa7, 0x90, 0x90, 0xff, 0x96, 0x62, 0x62, 0xff, 
	0x81, 0x33, 0x33, 0xff, 0x89, 0x05, 0x05, 0xff, 
	0x79, 0x01, 0x01, 0xff, 0x6f, 0x00, 0x00, 0xff, 
	0x83, 0x00, 0x00, 0xff, 0x84, 0x00, 0x00, 0xff, 
	0x83, 0x00, 0x00, 0xff, 0x84, 0x01, 0x01, 0xff, 
	0x7d, 0x00, 0x00, 0xff, 0x83, 0x00, 0x00, 0xff, 
	0x85, 0x00, 0x00, 0xff, 0x82, 0x00, 0x01, 0xff, 
	0x84, 0x11, 0x00, 0xff, 0xa0, 0x6c, 0x00, 0xff, 
	0xd6, 0xb5, 0x00, 0xff, 0xd0, 0xa3, 0x00, 0xff, 
	0x9b, 0x5a, 0x00, 0xff, 0x88, 0x19, 0x00, 0xff, 
	0x79, 0x00, 0x00, 0xff, 0x6b, 0x0b, 0x00, 0xff, 
	0xb4, 0x89, 0x00, 0xff, 0xf3, 0xee, 0x00, 0xff, 
	0xea, 0xe4, 0x00, 0xff, 0x97, 0x59, 0x00, 0xff, 
	0x82, 0x01, 0x00, 0xff, 0x82, 0x00, 0x00, 0xff, 
	0x86, 0x00, 0x01, 0xff, 0x83, 0x00, 0x00, 0xff, 
	0x87, 0x00, 0x00, 0xff, 0x85, 0x00, 0x00, 0xff, 
	0x8b, 0x01, 0x01, 0xff, 0x88, 0x00, 0x00, 0xff, 
	0x89, 0x00, 0x00, 0xff, 0x88, 0x00, 0x00, 0xff, 
	0x7d, 0x01, 0x01, 0xff, 0x6f, 0x00, 0x00, 0xff, 
	0x86, 0x00, 0x01, 0xff, 0x85, 0x00, 0x00, 0xff, 
	0x7d, 0x00, 0x01, 0xff, 0x80, 0x00, 0x01, 0xff, 
	0x77, 0x06, 0x06, 0xff, 0x72, 0x30, 0x30, 0xff, 
	0x8a, 0x5b, 0x5b, 0xff, 0xa1, 0x8d, 0x8d, 0xff, 
	0xb6, 0xb6, 0xb6, 0xff, 0xb5, 0xb5, 0xb5, 0xff, 
	0xb7, 0xb7, 0xb7, 0xff, 0xb6, 0xb6, 0xb6, 0xff, 
	0xb6, 0xb6, 0xb6, 0xff, 0xb6, 0xb6, 0xb6, 0xff, 
	0xa8, 0xa6, 0xa6, 0xff, 0x98, 0x8d, 0x85, 0xff, 
	0xb9, 0xad, 0x9a, 0xff, 0xb5, 0xa6, 0x91, 0xff, 
	0xaa, 0x9c, 0x98, 0xff, 0xb6, 0xb5, 0xb5, 0xff, 
	0xb7, 0xb7, 0xb7, 0xff, 0xb4, 0xb4, 0xb4, 0xff, 
	0xb8, 0xb8, 0xb8, 0xff, 0xb5, 0xb5, 0xb5, 0xff, 
	0xb7, 0xb7, 0xb7, 0xff, 0xb1, 0xad, 0xad, 0xff, 
	0x8c, 0x52, 0x52, 0xff, 0x84, 0x03, 0x03, 0xff, 
	0x84, 0x00, 0x00, 0xff, 0x80, 0x00, 0x00, 0xff, 
	0x75, 0x00, 0x00, 0xff, 0x70, 0x00, 0x00, 0xff, 
	0x83, 0x00, 0x00, 0xff, 0x7e, 0x00, 0x00, 0xff, 
	0x83, 0x00, 0x00, 0xff, 0x82, 0x00, 0x00, 0xff, 
	0x85, 0x00, 0x00, 0xff, 0x7c, 0x00, 0x00, 0xff, 
	0x7b, 0x00, 0x00, 0xff, 0x7e, 0x00, 0x01, 0xff, 
	0x80, 0x00, 0x00, 0xff, 0x88, 0x33, 0x00, 0xff, 
	0xc5, 0xa1, 0x00, 0xff, 0xe7, 0xc8, 0x00, 0xff, 
	0xe9, 0xde, 0x00, 0xff, 0xcc, 0xaf, 0x01, 0xff, 
	0x8b, 0x4c, 0x00, 0xff, 0x69, 0x03, 0x00, 0xff, 
	0x86, 0x1d, 0x01, 0xff, 0xaf, 0x87, 0x00, 0xff, 
	0xa0, 0x6f, 0x00, 0xff, 0x82, 0x11, 0x00, 0xff, 
	0x80, 0x00, 0x00, 0xff, 0x7e, 0x00, 0x00, 0xff, 
	0x80, 0x00, 0x00, 0xff, 0x7e, 0x01, 0x01, 0xff, 
	0x7f, 0x00, 0x00, 0xff, 0x85, 0x00, 0x00, 0xff, 
	0x89, 0x00, 0x00, 0xff, 0x84, 0x00, 0x01, 0xff, 
	0x82, 0x00, 0x01, 0xff, 0x85, 0x00, 0x00, 0xff, 
	0x79, 0x00, 0x01, 0xff, 0x73, 0x00, 0x00, 0xff, 
	0x84, 0x00, 0x00, 0xff, 0x82, 0x00, 0x00, 0xff, 
	0x7c, 0x00, 0x00, 0xff, 0x7d, 0x00, 0x00, 0xff, 
	0x7f, 0x00, 0x01, 0xff, 0x7c, 0x00, 0x00, 0xff, 
	0x79, 0x01, 0x02, 0xff, 0x87, 0x46, 0x46, 0xff, 
	0xae, 0xa7, 0xa7, 0xff, 0xb6, 0xb5, 0xb5, 0xff, 
	0xb7, 0xb7, 0xb7, 0xff, 0xb5, 0xb5, 0xb5, 0xff, 
	0xb7, 0xb7, 0xb7, 0xff, 0xb6, 0xb6, 0xb6, 0xff, 
	0xa5, 0x96, 0x8c, 0xff, 0xd7, 0xbb, 0x2c, 0xff, 
	0xf3, 0xef, 0x1d, 0xff, 0xdd, 0xd4, 0x18, 0xff, 
	0x90, 0x62, 0x48, 0xff, 0xab, 0xa3, 0xa3, 0xff, 
	0xb6, 0xb5, 0xb5, 0xff, 0xb5, 0xb5, 0xb5, 0xff, 
	0xb6, 0xb6, 0xb6, 0xff, 0xb5, 0xb5, 0xb5, 0xff, 
	0xb6, 0xb5, 0xb5, 0xff, 0xa0, 0x8a, 0x8a, 0xff, 
	0x83, 0x20, 0x20, 0xff, 0x82, 0x00, 0x01, 0xff, 
	0x83, 0x00, 0x00, 0xff, 0x7a, 0x00, 0x00, 0xff, 
	0x76, 0x00, 0x00, 0xff, 0x70, 0x00, 0x00, 0xff, 
	0x88, 0x00, 0x00, 0xff, 0x80, 0x00, 0x00, 0xff, 
	0x85, 0x00, 0x01, 0xff, 0x81, 0x00, 0x00, 0xff, 
	0x80, 0x00, 0x00, 0xff, 0x80, 0x00, 0x01, 0xff, 
	0x81, 0x00, 0x00, 0xff, 0x7c, 0x00, 0x00, 0xff, 
	0x7e, 0x01, 0x01, 0xff, 0x83, 0x00, 0x00, 0xff, 
	0x86, 0x10, 0x01, 0xff, 0x8e, 0x3c, 0x00, 0xff, 
	0xbc, 0x9a, 0x01, 0xff, 0xde, 0xd2, 0x00, 0xff, 
	0xc0, 0xa1, 0x00, 0xff, 0x71, 0x16, 0x00, 0xff, 
	0x7f, 0x03, 0x00, 0xff, 0x7e, 0x08, 0x01, 0xff, 
	0x7f, 0x03, 0x00, 0xff, 0x81, 0x00, 0x01, 0xff, 
	0x77, 0x00, 0x00, 0xff, 0x79, 0x00, 0x00, 0xff, 
	0x80, 0x00, 0x01, 0xff, 0x7e, 0x00, 0x01, 0xff, 
	0x7d, 0x00, 0x01, 0xff, 0x80, 0x00, 0x00, 0xff, 
	0x83, 0x02, 0x02, 0xff, 0x7b, 0x03, 0x03, 0xff, 
	0x7b, 0x03, 0x03, 0xff, 0x7d, 0x03, 0x03, 0xff, 
	0x75, 0x01, 0x01, 0xff, 0x72, 0x00, 0x00, 0xff, 
	0x84, 0x00, 0x00, 0xff, 0x79, 0x00, 0x00, 0xff, 
	0x63, 0x01, 0x01, 0xff, 0x55, 0x00, 0x00, 0xff, 
	0x48, 0x00, 0x00, 0xff, 0x49, 0x00, 0x00, 0xff, 
	0x4c, 0x00, 0x00, 0xff, 0x6b, 0x0d, 0x0d, 0xff, 
	0x86, 0x63, 0x63, 0xff, 0xa7, 0x9d, 0x9d, 0xff, 
	0xb2, 0xb1, 0xb1, 0xff, 0xb4, 0xb3, 0xb3, 0xff, 
	0xb2, 0xb0, 0xb0, 0xff, 0xa5, 0x97, 0x94, 0xff, 
	0xbf, 0xa8, 0x44, 0xff, 0xfb, 0xe3, 0x02, 0xff, 
	0xf6, 0xef, 0x00, 0xff, 0xaf, 0x88, 0x01, 0xff, 
	0x7b, 0x12, 0x0a, 0xff, 0x8b, 0x54, 0x54, 0xff, 
	0xa5, 0x98, 0x98, 0xff, 0xb0, 0xad, 0xad, 0xff, 
	0xb2, 0xaf, 0xaf, 0xff, 0xae, 0xa8, 0xa8, 0xff, 
	0x9c, 0x86, 0x86, 0xff, 0x7f, 0x33, 0x33, 0xff, 
	0x7d, 0x01, 0x01, 0xff, 0x7e, 0x00, 0x00, 0xff, 
	0x7f, 0x00, 0x00, 0xff, 0x79, 0x00, 0x00, 0xff, 
	0x6f, 0x00, 0x00, 0xff, 0x70, 0x01, 0x01, 0xff, 
	0x88, 0x00, 0x01, 0xff, 0x82, 0x01, 0x01, 0xff, 
	0x7b, 0x00, 0x00, 0xff, 0x7f, 0x00, 0x00, 0xff, 
	0x81, 0x00, 0x00, 0xff, 0x7e, 0x00, 0x00, 0xff, 
	0x80, 0x00, 0x00, 0xff, 0x7d, 0x00, 0x00, 0xff, 
	0x7c, 0x00, 0x00, 0xff, 0x81, 0x00, 0x00, 0xff, 
	0x7b, 0x00, 0x00, 0xff, 0x7a, 0x00, 0x01, 0xff, 
	0x7d, 0x09, 0x00, 0xff, 0x87, 0x38, 0x00, 0xff, 
	0x8b, 0x4a, 0x01, 0xff, 0x75, 0x1a, 0x00, 0xff, 
	0x9b, 0x66, 0x00, 0xff, 0x85, 0x26, 0x00, 0xff, 
	0x7b, 0x00, 0x00, 0xff, 0x7d, 0x00, 0x00, 0xff, 
	0x78, 0x00, 0x00, 0xff, 0x7c, 0x00, 0x00, 0xff, 
	0x7d, 0x00, 0x00, 0xff, 0x79, 0x01, 0x01, 0xff, 
	0x75, 0x0b, 0x0b, 0xff, 0x68, 0x18, 0x18, 0xff, 
	0x59, 0x22, 0x22, 0xff, 0x4d, 0x25, 0x25, 0xff, 
	0x4e, 0x27, 0x27, 0xff, 0x55, 0x23, 0x23, 0xff, 
	0x5d, 0x1a, 0x1a, 0xff, 0x68, 0x0f, 0x0f, 0xff, 
	0x57, 0x0c, 0x0c, 0xff, 0x30, 0x01, 0x01, 0xff, 
	0x0f, 0x00, 0x00, 0xff, 0x03, 0x00, 0x00, 0xff, 
	0x01, 0x00, 0x00, 0xff, 0x01, 0x00, 0x00, 0xff, 
	0x03, 0x00, 0x00, 0xff, 0x13, 0x00, 0x00, 0xff, 
	0x2c, 0x08, 0x08, 0xff, 0x64, 0x37, 0x37, 0xff, 
	0x86, 0x64, 0x64, 0xff, 0x90, 0x6f, 0x6f, 0xff, 
	0x88, 0x5d, 0x5c, 0xff, 0x9c, 0x75, 0x2b, 0xff, 
	0xee, 0xe2, 0x02, 0xff, 0xf9, 0xe8, 0x00, 0xff, 
	0xd1, 0xb0, 0x01, 0xff, 0x83, 0x23, 0x00, 0xff, 
	0x76, 0x00, 0x00, 0xff, 0x7b, 0x04, 0x04, 0xff, 
	0x7c, 0x2c, 0x2c, 0xff, 0x84, 0x51, 0x51, 0xff, 
	0x8b, 0x5b, 0x5b, 0xff, 0x85, 0x44, 0x44, 0xff, 
	0x7e, 0x1b, 0x1b, 0xff, 0x7b, 0x00, 0x00, 0xff, 
	0x7c, 0x00, 0x01, 0xff, 0x7b, 0x01, 0x01, 0xff, 
	0x79, 0x00, 0x00, 0xff, 0x79, 0x00, 0x00, 0xff, 
	0x6c, 0x00, 0x00, 0xff, 0x6d, 0x01, 0x01, 0xff, 
	0x82, 0x00, 0x00, 0xff, 0x7b, 0x00, 0x00, 0xff, 
	0x77, 0x00, 0x00, 0xff, 0x77, 0x00, 0x00, 0xff, 
	0x7c, 0x00, 0x01, 0xff, 0x79, 0x00, 0x00, 0xff, 
	0x7c, 0x00, 0x00, 0xff, 0x7c, 0x00, 0x00, 0xff, 
	0x7d, 0x00, 0x00, 0xff, 0x80, 0x00, 0x00, 0xff, 
	0x79, 0x00, 0x00, 0xff, 0x77, 0x00, 0x01, 0xff, 
	0x7b, 0x00, 0x01, 0xff, 0x78, 0x00, 0x00, 0xff, 
	0x6f, 0x08, 0x01, 0xff, 0x96, 0x75, 0x00, 0xff, 
	0xd8, 0xcb, 0x00, 0xff, 0x7d, 0x2f, 0x00, 0xff, 
	0x70, 0x00, 0x00, 0xff, 0x74, 0x00, 0x00, 0xff, 
	0x7c, 0x00, 0x00, 0xff, 0x7b, 0x00, 0x00, 0xff, 
	0x75, 0x05, 0x06, 0xff, 0x5e, 0x1b, 0x1b, 0xff, 
	0x41, 0x28, 0x28, 0xff, 0x32, 0x2d, 0x2d, 0xff, 
	0x2f, 0x2e, 0x2e, 0xff, 0x2e, 0x2e, 0x2e, 0xff, 
	0x2e, 0x2e, 0x2e, 0xff, 0x2d, 0x2d, 0x2d, 0xff, 
	0x2c, 0x29, 0x29, 0xff, 0x31, 0x26, 0x26, 0xff, 
	0x2c, 0x2b, 0x2b, 0xff, 0x11, 0x11, 0x11, 0xff, 
	0x02, 0x02, 0x02, 0xff, 0x00, 0x00, 0x00, 0xff, 
	0x01, 0x01, 0x01, 0xff, 0x00, 0x00, 0x00, 0xff, 
	0x00, 0x00, 0x00, 0xff, 0x00, 0x00, 0x00, 0xff, 
	0x00, 0x00, 0x00, 0xff, 0x0e, 0x01, 0x01, 0xff, 
	0x3b, 0x02, 0x02, 0xff, 0x63, 0x02, 0x02, 0xff, 
	0x71, 0x2b, 0x01, 0xff, 0xc3, 0xb5, 0x01, 0xff, 
	0xfb, 0xf4, 0x00, 0xff, 0xcd, 0xb7, 0x00, 0xff, 
	0x8b, 0x3c, 0x00, 0xff, 0x65, 0x00, 0x00, 0xff, 
	0x65, 0x01, 0x01, 0xff, 0x6a, 0x00, 0x00, 0xff, 
	0x69, 0x01, 0x01, 0xff, 0x67, 0x00, 0x00, 0xff, 
	0x6b, 0x01, 0x01, 0xff, 0x68, 0x00, 0x00, 0xff, 
	0x6b, 0x01, 0x01, 0xff, 0x6b, 0x01, 0x01, 0xff, 
	0x6a, 0x00, 0x00, 0xff, 0x68, 0x00, 0x00, 0xff, 
	0x67, 0x00, 0x01, 0xff, 0x63, 0x01, 0x01, 0xff, 
	0x64, 0x00, 0x00, 0xff, 0x69, 0x00, 0x00, 0xff, 
	0x7c, 0x00, 0x00, 0xff, 0x63, 0x00, 0x00, 0xff, 
	0x64, 0x00, 0x01, 0xff, 0x67, 0x00, 0x00, 0xff, 
	0x65, 0x00, 0x00, 0xff, 0x65, 0x00, 0x00, 0xff, 
	0x69, 0x00, 0x00, 0xff, 0x68, 0x00, 0x00, 0xff, 
	0x67, 0x00, 0x00, 0xff, 0x6d, 0x00, 0x00, 0xff, 
	0x67, 0x00, 0x00, 0xff, 0x65, 0x00, 0x00, 0xff, 
	0x68, 0x00, 0x00, 0xff, 0x6a, 0x00, 0x00, 0xff, 
	0x70, 0x31, 0x00, 0xff, 0xc9, 0xb9, 0x00, 0xff, 
	0xba, 0x9c, 0x00, 0xff, 0x65, 0x0a, 0x00, 0xff, 
	0x64, 0x00, 0x00, 0xff, 0x64, 0x00, 0x01, 0xff, 
	0x66, 0x00, 0x00, 0xff, 0x62, 0x06, 0x06, 0xff, 
	0x48, 0x1d, 0x1d, 0xff, 0x2a, 0x25, 0x25, 0xff, 
	0x26, 0x26, 0x26, 0xff, 0x26, 0x26, 0x26, 0xff, 
	0x27, 0x27, 0x27, 0xff, 0x26, 0x26, 0x26, 0xff, 
	0x27, 0x27, 0x27, 0xff, 0x26, 0x26, 0x26, 0xff, 
	0x26, 0x26, 0x26, 0xff, 0x28, 0x28, 0x28, 0xff, 
	0x25, 0x25, 0x25, 0xff, 0x21, 0x21, 0x21, 0xff, 
	0x0c, 0x0c, 0x0c, 0xff, 0x00, 0x00, 0x00, 0xff, 
	0x00, 0x00, 0x00, 0xff, 0x00, 0x00, 0x00, 0xff, 
	0x00, 0x00, 0x00, 0xff, 0x00, 0x00, 0x00, 0xff, 
	0x00, 0x00, 0x00, 0xff, 0x00, 0x00, 0x00, 0xff, 
	0x05, 0x00, 0x00, 0xff, 0x37, 0x05, 0x01, 0xff, 
	0x8a, 0x6d, 0x00, 0xff, 0xf3, 0xea, 0x00, 0xff, 
	0xdd, 0xcc, 0x00, 0xff, 0x7b, 0x4d, 0x00, 0xff, 
	0x62, 0x01, 0x00, 0xff, 0x5b, 0x02, 0x00, 0xff, 
	0x71, 0x3a, 0x01, 0xff, 0x70, 0x3b, 0x00, 0xff, 
	0x64, 0x02, 0x01, 0xff, 0x60, 0x00, 0x00, 0xff, 
	0x60, 0x00, 0x00, 0xff, 0x60, 0x00, 0x00, 0xff, 
	0x63, 0x00, 0x00, 0xff, 0x60, 0x00, 0x00, 0xff, 
	0x5a, 0x01, 0x01, 0xff, 0x55, 0x00, 0x00, 0xff, 
	0x5c, 0x00, 0x00, 0xff, 0x5b, 0x00, 0x00, 0xff, 
	0x5d, 0x00, 0x00, 0xff, 0x5f, 0x00, 0x00, 0xff, 
	0x5f, 0x00, 0x00, 0xff, 0x61, 0x00, 0x00, 0xff, 
	0x60, 0x00, 0x00, 0xff, 0x5e, 0x00, 0x00, 0xff, 
	0x60, 0x00, 0x00, 0xff, 0x5f, 0x00, 0x00, 0xff, 
	0x5e, 0x00, 0x00, 0xff, 0x60, 0x00, 0x00, 0xff, 
	0x60, 0x00, 0x00, 0xff, 0x61, 0x00, 0x00, 0xff, 
	0x5d, 0x00, 0x00, 0xff, 0x60, 0x00, 0x00, 0xff, 
	0x60, 0x00, 0x00, 0xff, 0x62, 0x03, 0x00, 0xff, 
	0x83, 0x5e, 0x00, 0xff, 0x9e, 0x7e, 0x00, 0xff, 
	0x68, 0x22, 0x00, 0xff, 0x5f, 0x00, 0x00, 0xff, 
	0x5e, 0x00, 0x00, 0xff, 0x5c, 0x00, 0x00, 0xff, 
	0x5c, 0x02, 0x03, 0xff, 0x47, 0x19, 0x19, 0xff, 
	0x26, 0x23, 0x23, 0xff, 0x23, 0x23, 0x23, 0xff, 
	0x23, 0x23, 0x23, 0xff, 0x23, 0x23, 0x23, 0xff, 
	0x23, 0x23, 0x23, 0xff, 0x23, 0x23, 0x23, 0xff, 
	0x23, 0x23, 0x23, 0xff, 0x24, 0x24, 0x24, 0xff, 
	0x24, 0x24, 0x24, 0xff, 0x24, 0x24, 0x24, 0xff, 
	0x34, 0x34, 0x34, 0xff, 0x34, 0x34, 0x34, 0xff, 
	0x2b, 0x2b, 0x2b, 0xff, 0x08, 0x08, 0x08, 0xff, 
	0x00, 0x00, 0x00, 0xff, 0x00, 0x00, 0x00, 0xff, 
	0x00, 0x00, 0x00, 0xff, 0x00, 0x00, 0x00, 0xff, 
	0x00, 0x00, 0x00, 0xff, 0x00, 0x00, 0x00, 0xff, 
	0x00, 0x00, 0x00, 0xff, 0x50, 0x33, 0x00, 0xff, 
	0xec, 0xbb, 0x00, 0xff, 0xfc, 0xf1, 0x01, 0xff, 
	0xca, 0xac, 0x00, 0xff, 0x83, 0x12, 0x01, 0xff, 
	0x7f, 0x00, 0x00, 0xff, 0x8b, 0x3a, 0x00, 0xff, 
	0xe8, 0xdd, 0x00, 0xff, 0xe5, 0xcb, 0x00, 0xff, 
	0x88, 0x27, 0x00, 0xff, 0x83, 0x00, 0x00, 0xff, 
	0x85, 0x01, 0x01, 0xff, 0x6d, 0x00, 0x00, 0xff, 
	0x82, 0x00, 0x00, 0xff, 0x7f, 0x00, 0x00, 0xff, 
	0x7b, 0x00, 0x01, 0xff, 0x7c, 0x01, 0x01, 0xff, 
	0x83, 0x01, 0x01, 0xff, 0x84, 0x01, 0x01, 0xff, 
	0x81, 0x00, 0x00, 0xff, 0x81, 0x00, 0x00, 0xff, 
	0x7b, 0x00, 0x00, 0xff, 0x83, 0x00, 0x00, 0xff, 
	0x86, 0x00, 0x00, 0xff, 0x85, 0x00, 0x00, 0xff, 
	0x7f, 0x00, 0x00, 0xff, 0x86, 0x00, 0x00, 0xff, 
	0x84, 0x00, 0x00, 0xff, 0x6d, 0x00, 0x00, 0xff, 
	0x7e, 0x00, 0x00, 0xff, 0x82, 0x00, 0x00, 0xff, 
	0x87, 0x00, 0x00, 0xff, 0x84, 0x01, 0x01, 0xff, 
	0x83, 0x01, 0x01, 0xff, 0x86, 0x20, 0x01, 0xff, 
	0xb6, 0x85, 0x01, 0xff, 0x8e, 0x40, 0x00, 0xff, 
	0x81, 0x00, 0x01, 0xff, 0x80, 0x00, 0x00, 0xff, 
	0x81, 0x00, 0x01, 0xff, 0x84, 0x01, 0x02, 0xff, 
	0x75, 0x1c, 0x1c, 0xff, 0x3e, 0x32, 0x32, 0xff, 
	0x34, 0x34, 0x34, 0xff, 0x2a, 0x2a, 0x2a, 0xff, 
	0x32, 0x32, 0x32, 0xff, 0x34, 0x34, 0x34, 0xff, 
	0x34, 0x34, 0x34, 0xff, 0x34, 0x34, 0x34, 0xff, 
	0x34, 0x34, 0x34, 0xff, 0x34, 0x34, 0x34, 0xff, 
	0x35, 0x35, 0x35, 0xff, 0x34, 0x34, 0x34, 0xff, 
	0x30, 0x30, 0x30, 0xff, 0x2f, 0x2f, 0x2f, 0xff, 
	0x2f, 0x2f, 0x2f, 0xff, 0x18, 0x18, 0x18, 0xff, 
	0x01, 0x01, 0x01, 0xff, 0x01, 0x01, 0x01, 0xff, 
	0x00, 0x00, 0x00, 0xff, 0x00, 0x00, 0x00, 0xff, 
	0x00, 0x00, 0x00, 0xff, 0x00, 0x00, 0x00, 0xff, 
	0x08, 0x08, 0x01, 0xff, 0x9a, 0x90, 0x00, 0xff, 
	0xf9, 0xe7, 0x00, 0xff, 0xfe, 0xf6, 0x00, 0xff, 
	0xdd, 0xd5, 0x00, 0xff, 0x86, 0x44, 0x00, 0xff, 
	0x79, 0x00, 0x00, 0xff, 0x7a, 0x24, 0x00, 0xff, 
	0xc7, 0xae, 0x00, 0xff, 0xed, 0xde, 0x00, 0xff, 
	0x99, 0x6b, 0x00, 0xff, 0x72, 0x01, 0x00, 0xff, 
	0x69, 0x00, 0x00, 0xff, 0x65, 0x00, 0x00, 0xff, 
	0x6f, 0x03, 0x03, 0xff, 0x6e, 0x0c, 0x0d, 0xff, 
	0x67, 0x18, 0x18, 0xff, 0x5e, 0x1d, 0x1d, 0xff, 
	0x5f, 0x1e, 0x1e, 0xff, 0x63, 0x1a, 0x1a, 0xff, 
	0x6f, 0x0f, 0x0f, 0xff, 0x75, 0x04, 0x04, 0xff, 
	0x72, 0x01, 0x01, 0xff, 0x75, 0x01, 0x01, 0xff, 
	0x75, 0x00, 0x00, 0xff, 0x67, 0x00, 0x00, 0xff, 
	0x59, 0x00, 0x00, 0xff, 0x5c, 0x00, 0x00, 0xff, 
	0x59, 0x00, 0x00, 0xff, 0x60, 0x00, 0x00, 0xff, 
	0x74, 0x00, 0x00, 0xff, 0x73, 0x00, 0x01, 0xff, 
	0x7f, 0x00, 0x00, 0xff, 0x79, 0x00, 0x00, 0xff, 
	0x76, 0x06, 0x00, 0xff, 0x7a, 0x11, 0x01, 0xff, 
	0x7e, 0x24, 0x00, 0xff, 0x77, 0x03, 0x01, 0xff, 
	0x74, 0x00, 0x00, 0xff, 0x73, 0x00, 0x00, 0xff, 
	0x77, 0x00, 0x01, 0xff, 0x79, 0x07, 0x07, 0xff, 
	0x4c, 0x29, 0x29, 0xff, 0x31, 0x30, 0x30, 0xff, 
	0x2b, 0x2b, 0x2b, 0xff, 0x28, 0x28, 0x28, 0xff, 
	0x31, 0x31, 0x31, 0xff, 0x2f, 0x2f, 0x2f, 0xff, 
	0x30, 0x30, 0x30, 0xff, 0x2f, 0x2f, 0x2f, 0xff, 
	0x2f, 0x2f, 0x2f, 0xff, 0x30, 0x30, 0x30, 0xff, 
	0x30, 0x30, 0x30, 0xff, 0x30, 0x30, 0x30, 0xff, 
	0x2e, 0x2e, 0x2e, 0xff, 0x2e, 0x2e, 0x2e, 0xff, 
	0x2e, 0x2e, 0x2e, 0xff, 0x22, 0x22, 0x22, 0xff, 
	0x01, 0x01, 0x01, 0xff, 0x00, 0x00, 0x00, 0xff, 
	0x00, 0x00, 0x00, 0xff, 0x00, 0x00, 0x00, 0xff, 
	0x00, 0x00, 0x00, 0xff, 0x00, 0x00, 0x00, 0xff, 
	0x01, 0x01, 0x00, 0xff, 0x5b, 0x4f, 0x00, 0xff, 
	0xd6, 0xce, 0x00, 0xff, 0xfb, 0xf7, 0x01, 0xff, 
	0xfb, 0xf9, 0x00, 0xff, 0xca, 0xb9, 0x00, 0xff, 
	0x78, 0x2d, 0x01, 0xff, 0x6d, 0x00, 0x00, 0xff, 
	0x74, 0x29, 0x00, 0xff, 0xa5, 0x7d, 0x00, 0xff, 
	0x7f, 0x44, 0x00, 0xff, 0x6c, 0x01, 0x01, 0xff, 
	0x63, 0x01, 0x01, 0xff, 0x58, 0x09, 0x09, 0xff, 
	0x57, 0x23, 0x23, 0xff, 0x3e, 0x2b, 0x2b, 0xff, 
	0x31, 0x2c, 0x2c, 0xff, 0x30, 0x2e, 0x2e, 0xff, 
	0x30, 0x2e, 0x2e, 0xff, 0x30, 0x2d, 0x2d, 0xff, 
	0x39, 0x2c, 0x2c, 0xff, 0x4c, 0x23, 0x23, 0xff, 
	0x5f, 0x10, 0x10, 0xff, 0x4a, 0x00, 0x00, 0xff, 
	0x2b, 0x00, 0x00, 0xff, 0x13, 0x00, 0x00, 0xff, 
	0x07, 0x00, 0x00, 0xff, 0x07, 0x00, 0x00, 0xff, 
	0x0c, 0x00, 0x00, 0xff, 0x1e, 0x00, 0x00, 0xff, 
	0x49, 0x00, 0x00, 0xff, 0x63, 0x00, 0x00, 0xff, 
	0x6f, 0x00, 0x00, 0xff, 0x78, 0x2a, 0x01, 0xff, 
	0xaf, 0x94, 0x00, 0xff, 0xba, 0x9c, 0x00, 0xff, 
	0x89, 0x51, 0x00, 0xff, 0x6f, 0x06, 0x00, 0xff, 
	0x74, 0x00, 0x00, 0xff, 0x72, 0x00, 0x01, 0xff, 
	0x6f, 0x00, 0x00, 0xff, 0x6a, 0x10, 0x10, 0xff, 
	0x37, 0x2c, 0x2c, 0xff, 0x2e, 0x2e, 0x2e, 0xff, 
	0x29, 0x29, 0x29, 0xff, 0x26, 0x26, 0x26, 0xff, 
	0x30, 0x30, 0x30, 0xff, 0x2f, 0x2f, 0x2f, 0xff, 
	0x2e, 0x2e, 0x2e, 0xff, 0x2e, 0x2e, 0x2e, 0xff, 
	0x2e, 0x2e, 0x2e, 0xff, 0x2e, 0x2e, 0x2e, 0xff, 
	0x2f, 0x2f, 0x2f, 0xff, 0x2e, 0x2e, 0x2e, 0xff, 
	0x2f, 0x2f, 0x2f, 0xff, 0x2d, 0x2d, 0x2d, 0xff, 
	0x2e, 0x2e, 0x2e, 0xff, 0x24, 0x24, 0x24, 0xff, 
	0x03, 0x03, 0x03, 0xff, 0x00, 0x00, 0x00, 0xff, 
	0x00, 0x00, 0x00, 0xff, 0x01, 0x01, 0x01, 0xff, 
	0x00, 0x00, 0x00, 0xff, 0x01, 0x01, 0x01, 0xff, 
	0x01, 0x01, 0x01, 0xff, 0x02, 0x01, 0x00, 0xff, 
	0x43, 0x3d, 0x00, 0xff, 0xc5, 0xb2, 0x00, 0xff, 
	0xf8, 0xf6, 0x00, 0xff, 0xf8, 0xee, 0x00, 0xff, 
	0xb6, 0x9e, 0x00, 0xff, 0x6c, 0x1a, 0x00, 0xff, 
	0x71, 0x01, 0x01, 0xff, 0x6c, 0x04, 0x00, 0xff, 
	0x6b, 0x01, 0x01, 0xff, 0x70, 0x01, 0x01, 0xff, 
	0x59, 0x11, 0x11, 0xff, 0x38, 0x23, 0x23, 0xff, 
	0x31, 0x2f, 0x2f, 0xff, 0x2e, 0x2e, 0x2e, 0xff, 
	0x2d, 0x2d, 0x2d, 0xff, 0x2e, 0x2e, 0x2e, 0xff, 
	0x2d, 0x2d, 0x2d, 0xff, 0x2f, 0x2f, 0x2f, 0xff, 
	0x2e, 0x2e, 0x2e, 0xff, 0x2e, 0x2d, 0x2d, 0xff, 
	0x31, 0x2a, 0x2a, 0xff, 0x1b, 0x18, 0x18, 0xff, 
	0x01, 0x01, 0x01, 0xff, 0x00, 0x00, 0x00, 0xff, 
	0x00, 0x00, 0x00, 0xff, 0x00, 0x00, 0x00, 0xff, 
	0x00, 0x00, 0x00, 0xff, 0x00, 0x00, 0x00, 0xff, 
	0x04, 0x00, 0x00, 0xff, 0x26, 0x00, 0x00, 0xff, 
	0x5b, 0x03, 0x00, 0xff, 0x9d, 0x7b, 0x01, 0xff, 
	0xf4, 0xe4, 0x00, 0xff, 0xfb, 0xf0, 0x00, 0xff, 
	0xe1, 0xda, 0x00, 0xff, 0x91, 0x66, 0x00, 0xff, 
	0x6f, 0x02, 0x00, 0xff, 0x70, 0x00, 0x00, 0xff, 
	0x6c, 0x00, 0x00, 0xff, 0x5d, 0x13, 0x13, 0xff, 
	0x32, 0x2c, 0x2c, 0xff, 0x2e, 0x2e, 0x2e, 0xff, 
	0x2a, 0x2a, 0x2a, 0xff, 0x27, 0x27, 0x27, 0xff, 
	0x30, 0x30, 0x30, 0xff, 0x2e, 0x2e, 0x2e, 0xff, 
	0x2d, 0x2d, 0x2d, 0xff, 0x2e, 0x2e, 0x2e, 0xff, 
	0x2e, 0x2e, 0x2e, 0xff, 0x2f, 0x2f, 0x2f, 0xff, 
	0x2e, 0x2e, 0x2e, 0xff, 0x2e, 0x2e, 0x2e, 0xff, 
	0x2e, 0x2e, 0x2e, 0xff, 0x2e, 0x2e, 0x2e, 0xff, 
	0x2e, 0x2e, 0x2e, 0xff, 0x25, 0x25, 0x25, 0xff, 
	0x03, 0x03, 0x03, 0xff, 0x00, 0x00, 0x00, 0xff, 
	0x00, 0x00, 0x00, 0xff, 0x00, 0x00, 0x00, 0xff, 
	0x00, 0x00, 0x00, 0xff, 0x00, 0x00, 0x00, 0xff, 
	0x00, 0x00, 0x00, 0xff, 0x00, 0x00, 0x00, 0xff, 
	0x09, 0x00, 0x00, 0xff, 0x5e, 0x33, 0x00, 0xff, 
	0xba, 0x9f, 0x00, 0xff, 0xf2, 0xe4, 0x00, 0xff, 
	0xf1, 0xe8, 0x00, 0xff, 0x9e, 0x7c, 0x00, 0xff, 
	0x6b, 0x09, 0x00, 0xff, 0x6c, 0x00, 0x00, 0xff, 
	0x67, 0x00, 0x00, 0xff, 0x63, 0x0e, 0x0e, 0xff, 
	0x3b, 0x26, 0x26, 0xff, 0x28, 0x28, 0x28, 0xff, 
	0x2f, 0x2f, 0x2f, 0xff, 0x2e, 0x2e, 0x2e, 0xff, 
	0x2e, 0x2e, 0x2e, 0xff, 0x2e, 0x2e, 0x2e, 0xff, 
	0x2e, 0x2e, 0x2e, 0xff, 0x2e, 0x2e, 0x2e, 0xff, 
	0x2f, 0x2f, 0x2f, 0xff, 0x2e, 0x2e, 0x2e, 0xff, 
	0x2e, 0x2e, 0x2e, 0xff, 0x2b, 0x2b, 0x2b, 0xff, 
	0x14, 0x14, 0x14, 0xff, 0x00, 0x00, 0x00, 0xff, 
	0x00, 0x00, 0x00, 0xff, 0x00, 0x00, 0x00, 0xff, 
	0x00, 0x00, 0x00, 0xff, 0x00, 0x00, 0x00, 0xff, 
	0x00, 0x00, 0x00, 0xff, 0x00, 0x00, 0x00, 0xff, 
	0x3b, 0x2d, 0x00, 0xff, 0xd4, 0xce, 0x00, 0xff, 
	0xf2, 0xde, 0x01, 0xff, 0xe7, 0xdb, 0x00, 0xff, 
	0xe6, 0xde, 0x00, 0xff, 0x96, 0x72, 0x00, 0xff, 
	0x6f, 0x04, 0x00, 0xff, 0x6d, 0x00, 0x00, 0xff, 
	0x4c, 0x00, 0x00, 0xff, 0x25, 0x14, 0x14, 0xff, 
	0x2d, 0x2d, 0x2d, 0xff, 0x2e, 0x2e, 0x2e, 0xff, 
	0x2b, 0x2b, 0x2b, 0xff, 0x28, 0x28, 0x28, 0xff, 
	0x2f, 0x2f, 0x2f, 0xff, 0x2e, 0x2e, 0x2e, 0xff, 
	0x2d, 0x2d, 0x2d, 0xff, 0x2e, 0x2e, 0x2e, 0xff, 
	0x2d, 0x2d, 0x2d, 0xff, 0x2e, 0x2e, 0x2e, 0xff, 
	0x2e, 0x2e, 0x2e, 0xff, 0x2e, 0x2e, 0x2e, 0xff, 
	0x2e, 0x2e, 0x2e, 0xff, 0x2e, 0x2e, 0x2e, 0xff, 
	0x2e, 0x2e, 0x2e, 0xff, 0x25, 0x25, 0x25, 0xff, 
	0x03, 0x03, 0x03, 0xff, 0x01, 0x01, 0x01, 0xff, 
	0x00, 0x00, 0x00, 0xff, 0x00, 0x00, 0x00, 0xff, 
	0x00, 0x00, 0x00, 0xff, 0x00, 0x00, 0x00, 0xff, 
	0x00, 0x00, 0x00, 0xff, 0x00, 0x00, 0x00, 0xff, 
	0x08, 0x00, 0x00, 0xff, 0x53, 0x00, 0x00, 0xff, 
	0x72, 0x19, 0x01, 0xff, 0xa8, 0x88, 0x00, 0xff, 
	0xeb, 0xe0, 0x00, 0xff, 0xe5, 0xdb, 0x01, 0xff, 
	0x88, 0x56, 0x00, 0xff, 0x67, 0x02, 0x00, 0xff, 
	0x66, 0x03, 0x03, 0xff, 0x4a, 0x22, 0x22, 0xff, 
	0x2b, 0x2a, 0x2a, 0xff, 0x28, 0x28, 0x28, 0xff, 
	0x2f, 0x2f, 0x2f, 0xff, 0x2d, 0x2d, 0x2d, 0xff, 
	0x2e, 0x2e, 0x2e, 0xff, 0x2e, 0x2e, 0x2e, 0xff, 
	0x2d, 0x2d, 0x2d, 0xff, 0x2e, 0x2e, 0x2e, 0xff, 
	0x2d, 0x2d, 0x2d, 0xff, 0x2e, 0x2e, 0x2e, 0xff, 
	0x2e, 0x2e, 0x2e, 0xff, 0x2e, 0x2e, 0x2e, 0xff, 
	0x27, 0x27, 0x27, 0xff, 0x07, 0x07, 0x07, 0xff, 
	0x00, 0x00, 0x00, 0xff, 0x00, 0x00, 0x00, 0xff, 
	0x00, 0x00, 0x00, 0xff, 0x00, 0x00, 0x00, 0xff, 
	0x00, 0x00, 0x00, 0xff, 0x01, 0x01, 0x00, 0xff, 
	0x5d, 0x5c, 0x00, 0xff, 0xc8, 0xc4, 0x00, 0xff, 
	0x94, 0x73, 0x00, 0xff, 0x7b, 0x3e, 0x00, 0xff, 
	0x7c, 0x4a, 0x01, 0xff, 0x69, 0x10, 0x00, 0xff, 
	0x68, 0x00, 0x00, 0xff, 0x4e, 0x00, 0x00, 0xff, 
	0x12, 0x01, 0x01, 0xff, 0x15, 0x15, 0x15, 0xff, 
	0x2d, 0x2d, 0x2d, 0xff, 0x2e, 0x2e, 0x2e, 0xff, 
	0x2a, 0x2a, 0x2a, 0xff, 0x28, 0x28, 0x28, 0xff, 
	0x2f, 0x2f, 0x2f, 0xff, 0x2e, 0x2e, 0x2e, 0xff, 
	0x2e, 0x2e, 0x2e, 0xff, 0x2e, 0x2e, 0x2e, 0xff, 
	0x2d, 0x2d, 0x2d, 0xff, 0x2f, 0x2f, 0x2f, 0xff, 
	0x2e, 0x2e, 0x2e, 0xff, 0x2e, 0x2e, 0x2e, 0xff, 
	0x27, 0x27, 0x27, 0xff, 0x26, 0x26, 0x26, 0xff, 
	0x27, 0x27, 0x27, 0xff, 0x1f, 0x1f, 0x1f, 0xff, 
	0x02, 0x02, 0x02, 0xff, 0x00, 0x00, 0x00, 0xff, 
	0x00, 0x00, 0x00, 0xff, 0x00, 0x00, 0x00, 0xff, 
	0x01, 0x01, 0x01, 0xff, 0x00, 0x00, 0x00, 0xff, 
	0x01, 0x01, 0x01, 0xff, 0x00, 0x00, 0x00, 0xff, 
	0x05, 0x00, 0x00, 0xff, 0x41, 0x00, 0x00, 0xff, 
	0x56, 0x00, 0x00, 0xff, 0x5c, 0x0a, 0x01, 0xff, 
	0x82, 0x56, 0x00, 0xff, 0xdb, 0xb6, 0x00, 0xff, 
	0xb0, 0x8b, 0x00, 0xff, 0x5c, 0x13, 0x00, 0xff, 
	0x52, 0x0b, 0x0b, 0xff, 0x2e, 0x24, 0x24, 0xff, 
	0x25, 0x25, 0x25, 0xff, 0x26, 0x26, 0x26, 0xff, 
	0x30, 0x30, 0x30, 0xff, 0x27, 0x27, 0x27, 0xff, 
	0x27, 0x27, 0x27, 0xff, 0x25, 0x25, 0x25, 0xff, 
	0x26, 0x26, 0x26, 0xff, 0x26, 0x26, 0x26, 0xff, 
	0x26, 0x26, 0x26, 0xff, 0x26, 0x26, 0x26, 0xff, 
	0x26, 0x26, 0x26, 0xff, 0x27, 0x27, 0x27, 0xff, 
	0x25, 0x25, 0x25, 0xff, 0x12, 0x12, 0x12, 0xff, 
	0x00, 0x00, 0x00, 0xff, 0x00, 0x00, 0x00, 0xff, 
	0x00, 0x00, 0x00, 0xff, 0x00, 0x00, 0x00, 0xff, 
	0x00, 0x00, 0x00, 0xff, 0x00, 0x00, 0x00, 0xff, 
	0x1d, 0x1b, 0x01, 0xff, 0x2c, 0x26, 0x03, 0xff, 
	0x4c, 0x05, 0x02, 0xff, 0x5b, 0x02, 0x02, 0xff, 
	0x58, 0x00, 0x00, 0xff, 0x56, 0x00, 0x00, 0xff, 
	0x4f, 0x00, 0x00, 0xff, 0x19, 0x00, 0x00, 0xff, 
	0x00, 0x00, 0x00, 0xff, 0x11, 0x11, 0x11, 0xff, 
	0x26, 0x26, 0x26, 0xff, 0x27, 0x27, 0x27, 0xff, 
	0x25, 0x25, 0x25, 0xff, 0x26, 0x26, 0x26, 0xff, 
	0x30, 0x30, 0x30, 0xff, 0x27, 0x27, 0x27, 0xff, 
	0x27, 0x27, 0x27, 0xff, 0x25, 0x25, 0x25, 0xff, 
	0x27, 0x27, 0x27, 0xff, 0x26, 0x26, 0x26, 0xff, 
	0x27, 0x27, 0x27, 0xff, 0x26, 0x26, 0x26, 0xff, 
	0x23, 0x23, 0x23, 0xff, 0x23, 0x23, 0x23, 0xff, 
	0x23, 0x23, 0x23, 0xff, 0x1e, 0x1e, 0x1e, 0xff, 
	0x02, 0x02, 0x02, 0xff, 0x00, 0x00, 0x00, 0xff, 
	0x00, 0x00, 0x00, 0xff, 0x00, 0x00, 0x00, 0xff, 
	0x00, 0x00, 0x00, 0xff, 0x01, 0x01, 0x01, 0xff, 
	0x00, 0x00, 0x00, 0xff, 0x01, 0x01, 0x01, 0xff, 
	0x05, 0x00, 0x00, 0xff, 0x3e, 0x00, 0x00, 0xff, 
	0x4f, 0x00, 0x00, 0xff, 0x51, 0x00, 0x00, 0xff, 
	0x59, 0x26, 0x00, 0xff, 0xb0, 0x9f, 0x00, 0xff, 
	0x7b, 0x6c, 0x00, 0xff, 0x39, 0x04, 0x00, 0xff, 
	0x2e, 0x0f, 0x0f, 0xff, 0x25, 0x23, 0x23, 0xff, 
	0x24, 0x24, 0x24, 0xff, 0x25, 0x25, 0x25, 0xff, 
	0x25, 0x25, 0x25, 0xff, 0x24, 0x24, 0x24, 0xff, 
	0x24, 0x24, 0x24, 0xff, 0x23, 0x23, 0x23, 0xff, 
	0x23, 0x23, 0x23, 0xff, 0x24, 0x24, 0x24, 0xff, 
	0x24, 0x24, 0x24, 0xff, 0x23, 0x23, 0x23, 0xff, 
	0x23, 0x23, 0x23, 0xff, 0x23, 0x23, 0x23, 0xff, 
	0x23, 0x23, 0x23, 0xff, 0x15, 0x15, 0x15, 0xff, 
	0x00, 0x00, 0x00, 0xff, 0x00, 0x00, 0x00, 0xff, 
	0x00, 0x00, 0x00, 0xff, 0x04, 0x04, 0x04, 0xff, 
	0x0f, 0x0f, 0x0f, 0xff, 0x17, 0x17, 0x17, 0xff, 
	0x1b, 0x1b, 0x1b, 0xff, 0x1e, 0x1d, 0x1d, 0xff, 
	0x32, 0x1d, 0x1d, 0xff, 0x3c, 0x19, 0x19, 0xff, 
	0x44, 0x11, 0x12, 0xff, 0x4c, 0x08, 0x08, 0xff, 
	0x30, 0x01, 0x01, 0xff, 0x02, 0x00, 0x00, 0xff, 
	0x00, 0x00, 0x00, 0xff, 0x10, 0x10, 0x10, 0xff, 
	0x23, 0x23, 0x23, 0xff, 0x23, 0x23, 0x23, 0xff, 
	0x23, 0x23, 0x23, 0xff, 0x25, 0x25, 0x25, 0xff, 
	0x26, 0x26, 0x26, 0xff, 0x24, 0x24, 0x24, 0xff, 
	0x24, 0x24, 0x24, 0xff, 0x23, 0x23, 0x23, 0xff, 
	0x23, 0x23, 0x23, 0xff, 0x23, 0x23, 0x23, 0xff, 
	0x23, 0x23, 0x23, 0xff, 0x24, 0x24, 0x24, 0xff, 
	
};

Gfx castle_inside_dl_bottom_rgba32_aligner[] = {gsSPEndDisplayList()};
u8 castle_inside_dl_bottom_rgba32[] = {
	0x23, 0x23, 0x23, 0xff, 0x23, 0x23, 0x23, 0xff, 
	0x23, 0x23, 0x23, 0xff, 0x1e, 0x1e, 0x1e, 0xff, 
	0x02, 0x02, 0x02, 0xff, 0x00, 0x00, 0x00, 0xff, 
	0x00, 0x00, 0x00, 0xff, 0x00, 0x00, 0x00, 0xff, 
	0x00, 0x00, 0x00, 0xff, 0x01, 0x01, 0x01, 0xff, 
	0x00, 0x00, 0x00, 0xff, 0x01, 0x01, 0x01, 0xff, 
	0x05, 0x00, 0x00, 0xff, 0x3e, 0x00, 0x00, 0xff, 
	0x4f, 0x00, 0x00, 0xff, 0x51, 0x00, 0x00, 0xff, 
	0x59, 0x26, 0x00, 0xff, 0xb0, 0x9f, 0x00, 0xff, 
	0x7b, 0x6c, 0x00, 0xff, 0x39, 0x04, 0x00, 0xff, 
	0x2e, 0x0f, 0x0f, 0xff, 0x25, 0x23, 0x23, 0xff, 
	0x24, 0x24, 0x24, 0xff, 0x25, 0x25, 0x25, 0xff, 
	0x25, 0x25, 0x25, 0xff, 0x24, 0x24, 0x24, 0xff, 
	0x24, 0x24, 0x24, 0xff, 0x23, 0x23, 0x23, 0xff, 
	0x23, 0x23, 0x23, 0xff, 0x24, 0x24, 0x24, 0xff, 
	0x24, 0x24, 0x24, 0xff, 0x23, 0x23, 0x23, 0xff, 
	0x23, 0x23, 0x23, 0xff, 0x23, 0x23, 0x23, 0xff, 
	0x23, 0x23, 0x23, 0xff, 0x15, 0x15, 0x15, 0xff, 
	0x00, 0x00, 0x00, 0xff, 0x00, 0x00, 0x00, 0xff, 
	0x00, 0x00, 0x00, 0xff, 0x04, 0x04, 0x04, 0xff, 
	0x0f, 0x0f, 0x0f, 0xff, 0x17, 0x17, 0x17, 0xff, 
	0x1b, 0x1b, 0x1b, 0xff, 0x1e, 0x1d, 0x1d, 0xff, 
	0x32, 0x1d, 0x1d, 0xff, 0x3c, 0x19, 0x19, 0xff, 
	0x44, 0x11, 0x12, 0xff, 0x4c, 0x08, 0x08, 0xff, 
	0x30, 0x01, 0x01, 0xff, 0x02, 0x00, 0x00, 0xff, 
	0x00, 0x00, 0x00, 0xff, 0x10, 0x10, 0x10, 0xff, 
	0x23, 0x23, 0x23, 0xff, 0x23, 0x23, 0x23, 0xff, 
	0x23, 0x23, 0x23, 0xff, 0x25, 0x25, 0x25, 0xff, 
	0x26, 0x26, 0x26, 0xff, 0x24, 0x24, 0x24, 0xff, 
	0x24, 0x24, 0x24, 0xff, 0x23, 0x23, 0x23, 0xff, 
	0x23, 0x23, 0x23, 0xff, 0x23, 0x23, 0x23, 0xff, 
	0x23, 0x23, 0x23, 0xff, 0x24, 0x24, 0x24, 0xff, 
	0x30, 0x30, 0x30, 0xff, 0x31, 0x31, 0x31, 0xff, 
	0x30, 0x30, 0x30, 0xff, 0x2a, 0x2a, 0x2a, 0xff, 
	0x05, 0x05, 0x05, 0xff, 0x00, 0x00, 0x00, 0xff, 
	0x00, 0x00, 0x00, 0xff, 0x00, 0x00, 0x00, 0xff, 
	0x00, 0x00, 0x00, 0xff, 0x00, 0x00, 0x00, 0xff, 
	0x00, 0x00, 0x00, 0xff, 0x00, 0x00, 0x00, 0xff, 
	0x05, 0x00, 0x00, 0xff, 0x4a, 0x00, 0x00, 0xff, 
	0x56, 0x00, 0x00, 0xff, 0x3f, 0x25, 0x00, 0xff, 
	0xb0, 0xa8, 0x00, 0xff, 0x5f, 0x5d, 0x00, 0xff, 
	0x01, 0x01, 0x00, 0xff, 0x02, 0x02, 0x01, 0xff, 
	0x18, 0x18, 0x18, 0xff, 0x30, 0x30, 0x30, 0xff, 
	0x30, 0x30, 0x30, 0xff, 0x30, 0x30, 0x30, 0xff, 
	0x30, 0x30, 0x30, 0xff, 0x2f, 0x2f, 0x2f, 0xff, 
	0x30, 0x30, 0x30, 0xff, 0x2f, 0x2f, 0x2f, 0xff, 
	0x31, 0x31, 0x31, 0xff, 0x30, 0x30, 0x30, 0xff, 
	0x2f, 0x2f, 0x2f, 0xff, 0x28, 0x28, 0x28, 0xff, 
	0x30, 0x30, 0x30, 0xff, 0x30, 0x30, 0x30, 0xff, 
	0x30, 0x30, 0x30, 0xff, 0x1f, 0x1f, 0x1f, 0xff, 
	0x05, 0x05, 0x05, 0xff, 0x1f, 0x1f, 0x1f, 0xff, 
	0x2e, 0x2e, 0x2e, 0xff, 0x31, 0x31, 0x31, 0xff, 
	0x30, 0x30, 0x30, 0xff, 0x2f, 0x2f, 0x2f, 0xff, 
	0x31, 0x31, 0x31, 0xff, 0x2f, 0x2f, 0x2f, 0xff, 
	0x31, 0x31, 0x31, 0xff, 0x30, 0x30, 0x30, 0xff, 
	0x2f, 0x2f, 0x2f, 0xff, 0x27, 0x27, 0x27, 0xff, 
	0x2f, 0x2f, 0x2f, 0xff, 0x29, 0x29, 0x29, 0xff, 
	0x0f, 0x0f, 0x0f, 0xff, 0x1a, 0x1a, 0x1a, 0xff, 
	0x2f, 0x2f, 0x2f, 0xff, 0x31, 0x31, 0x31, 0xff, 
	0x2f, 0x2f, 0x2f, 0xff, 0x30, 0x30, 0x30, 0xff, 
	0x30, 0x30, 0x30, 0xff, 0x2f, 0x2f, 0x2f, 0xff, 
	0x31, 0x31, 0x31, 0xff, 0x2f, 0x2f, 0x2f, 0xff, 
	0x30, 0x30, 0x30, 0xff, 0x2f, 0x2f, 0x2f, 0xff, 
	0x30, 0x30, 0x30, 0xff, 0x28, 0x28, 0x28, 0xff, 
	0x30, 0x30, 0x30, 0xff, 0x2f, 0x2f, 0x2f, 0xff, 
	0x2e, 0x2e, 0x2e, 0xff, 0x28, 0x28, 0x28, 0xff, 
	0x05, 0x05, 0x05, 0xff, 0x01, 0x01, 0x01, 0xff, 
	0x00, 0x00, 0x00, 0xff, 0x00, 0x00, 0x00, 0xff, 
	0x00, 0x00, 0x00, 0xff, 0x04, 0x04, 0x04, 0xff, 
	0x09, 0x09, 0x09, 0xff, 0x0d, 0x0d, 0x0d, 0xff, 
	0x10, 0x0e, 0x0e, 0xff, 0x3e, 0x0b, 0x0c, 0xff, 
	0x39, 0x08, 0x04, 0xff, 0x65, 0x60, 0x00, 0xff, 
	0x90, 0x8b, 0x00, 0xff, 0x14, 0x13, 0x00, 0xff, 
	0x2a, 0x29, 0x00, 0xff, 0x72, 0x67, 0x00, 0xff, 
	0x34, 0x2d, 0x18, 0xff, 0x2e, 0x2e, 0x2e, 0xff, 
	0x2e, 0x2e, 0x2e, 0xff, 0x2e, 0x2e, 0x2e, 0xff, 
	0x2e, 0x2e, 0x2e, 0xff, 0x2e, 0x2e, 0x2e, 0xff, 
	0x2e, 0x2e, 0x2e, 0xff, 0x2e, 0x2e, 0x2e, 0xff, 
	0x2f, 0x2f, 0x2f, 0xff, 0x2e, 0x2e, 0x2e, 0xff, 
	0x2d, 0x2d, 0x2d, 0xff, 0x27, 0x27, 0x27, 0xff, 
	0x2f, 0x2f, 0x2f, 0xff, 0x30, 0x30, 0x30, 0xff, 
	0x2d, 0x2d, 0x2d, 0xff, 0x20, 0x20, 0x20, 0xff, 
	0x1c, 0x1c, 0x1c, 0xff, 0x2d, 0x2d, 0x2d, 0xff, 
	0x2d, 0x2d, 0x2d, 0xff, 0x2f, 0x2f, 0x2f, 0xff, 
	0x2d, 0x2d, 0x2d, 0xff, 0x2e, 0x2e, 0x2e, 0xff, 
	0x2e, 0x2e, 0x2e, 0xff, 0x2e, 0x2e, 0x2e, 0xff, 
	0x2f, 0x2f, 0x2f, 0xff, 0x2f, 0x2f, 0x2f, 0xff, 
	0x2c, 0x2c, 0x2c, 0xff, 0x28, 0x28, 0x28, 0xff, 
	0x2f, 0x2f, 0x2f, 0xff, 0x2f, 0x2f, 0x2f, 0xff, 
	0x26, 0x26, 0x26, 0xff, 0x1e, 0x1e, 0x1e, 0xff, 
	0x2d, 0x2d, 0x2d, 0xff, 0x2e, 0x2e, 0x2e, 0xff, 
	0x2e, 0x2e, 0x2e, 0xff, 0x2e, 0x2e, 0x2e, 0xff, 
	0x2e, 0x2e, 0x2e, 0xff, 0x2e, 0x2e, 0x2e, 0xff, 
	0x2e, 0x2e, 0x2e, 0xff, 0x2e, 0x2e, 0x2e, 0xff, 
	0x2f, 0x2f, 0x2f, 0xff, 0x2e, 0x2e, 0x2e, 0xff, 
	0x2d, 0x2d, 0x2d, 0xff, 0x28, 0x28, 0x28, 0xff, 
	0x30, 0x30, 0x30, 0xff, 0x30, 0x30, 0x30, 0xff, 
	0x2e, 0x2e, 0x2e, 0xff, 0x28, 0x28, 0x28, 0xff, 
	0x06, 0x06, 0x06, 0xff, 0x00, 0x00, 0x00, 0xff, 
	0x01, 0x01, 0x01, 0xff, 0x09, 0x09, 0x09, 0xff, 
	0x1b, 0x1b, 0x1b, 0xff, 0x24, 0x24, 0x24, 0xff, 
	0x29, 0x29, 0x29, 0xff, 0x2b, 0x2b, 0x2b, 0xff, 
	0x2c, 0x2c, 0x2c, 0xff, 0x2f, 0x2b, 0x2b, 0xff, 
	0x2c, 0x2a, 0x26, 0xff, 0x69, 0x60, 0x19, 0xff, 
	0x40, 0x3c, 0x10, 0xff, 0x07, 0x07, 0x02, 0xff, 
	0x84, 0x84, 0x00, 0xff, 0xd5, 0xcf, 0x01, 0xff, 
	0x58, 0x51, 0x19, 0xff, 0x2e, 0x2e, 0x2e, 0xff, 
	0x2e, 0x2e, 0x2e, 0xff, 0x2e, 0x2e, 0x2e, 0xff, 
	0x2f, 0x2f, 0x2f, 0xff, 0x2d, 0x2d, 0x2d, 0xff, 
	0x2d, 0x2d, 0x2d, 0xff, 0x2e, 0x2e, 0x2e, 0xff, 
	0x2e, 0x2e, 0x2e, 0xff, 0x2e, 0x2e, 0x2e, 0xff, 
	0x2e, 0x2e, 0x2e, 0xff, 0x29, 0x29, 0x29, 0xff, 
	0x30, 0x30, 0x30, 0xff, 0x30, 0x30, 0x30, 0xff, 
	0x2d, 0x2d, 0x2d, 0xff, 0x27, 0x27, 0x27, 0xff, 
	0x2b, 0x2b, 0x2b, 0xff, 0x2e, 0x2e, 0x2e, 0xff, 
	0x2d, 0x2d, 0x2d, 0xff, 0x2e, 0x2e, 0x2e, 0xff, 
	0x2f, 0x2f, 0x2f, 0xff, 0x2e, 0x2e, 0x2e, 0xff, 
	0x2d, 0x2d, 0x2d, 0xff, 0x2e, 0x2e, 0x2e, 0xff, 
	0x2e, 0x2e, 0x2e, 0xff, 0x2e, 0x2e, 0x2e, 0xff, 
	0x2d, 0x2d, 0x2d, 0xff, 0x28, 0x28, 0x28, 0xff, 
	0x30, 0x30, 0x30, 0xff, 0x30, 0x30, 0x30, 0xff, 
	0x2e, 0x2e, 0x2e, 0xff, 0x2a, 0x2a, 0x2a, 0xff, 
	0x2d, 0x2d, 0x2d, 0xff, 0x2e, 0x2e, 0x2e, 0xff, 
	0x2e, 0x2e, 0x2e, 0xff, 0x2e, 0x2e, 0x2e, 0xff, 
	0x2e, 0x2e, 0x2e, 0xff, 0x2e, 0x2e, 0x2e, 0xff, 
	0x2e, 0x2e, 0x2e, 0xff, 0x2d, 0x2d, 0x2d, 0xff, 
	0x2e, 0x2e, 0x2e, 0xff, 0x2e, 0x2e, 0x2e, 0xff, 
	0x2d, 0x2d, 0x2d, 0xff, 0x29, 0x29, 0x29, 0xff, 
	0x30, 0x30, 0x30, 0xff, 0x30, 0x30, 0x30, 0xff, 
	0x2e, 0x2e, 0x2e, 0xff, 0x29, 0x29, 0x29, 0xff, 
	0x06, 0x06, 0x06, 0xff, 0x03, 0x03, 0x03, 0xff, 
	0x18, 0x18, 0x18, 0xff, 0x28, 0x28, 0x28, 0xff, 
	0x2d, 0x2d, 0x2d, 0xff, 0x2e, 0x2e, 0x2e, 0xff, 
	0x2e, 0x2e, 0x2e, 0xff, 0x2e, 0x2e, 0x2e, 0xff, 
	0x2e, 0x2e, 0x2e, 0xff, 0x2d, 0x2d, 0x2d, 0xff, 
	0x2e, 0x2e, 0x2e, 0xff, 0x2b, 0x2a, 0x27, 0xff, 
	0x2d, 0x2d, 0x2d, 0xff, 0x20, 0x20, 0x1e, 0xff, 
	0x5e, 0x5d, 0x05, 0xff, 0x64, 0x64, 0x01, 0xff, 
	0x20, 0x1f, 0x1a, 0xff, 0x2d, 0x2d, 0x2d, 0xff, 
	0x2e, 0x2e, 0x2e, 0xff, 0x2d, 0x2d, 0x2d, 0xff, 
	0x2e, 0x2e, 0x2e, 0xff, 0x2e, 0x2e, 0x2e, 0xff, 
	0x2d, 0x2d, 0x2d, 0xff, 0x2d, 0x2d, 0x2d, 0xff, 
	0x2e, 0x2e, 0x2e, 0xff, 0x2e, 0x2e, 0x2e, 0xff, 
	0x2e, 0x2e, 0x2e, 0xff, 0x27, 0x27, 0x27, 0xff, 
	0x2f, 0x2f, 0x2f, 0xff, 0x30, 0x30, 0x30, 0xff, 
	0x2d, 0x2d, 0x2d, 0xff, 0x2d, 0x2d, 0x2d, 0xff, 
	0x2e, 0x2e, 0x2e, 0xff, 0x2d, 0x2d, 0x2d, 0xff, 
	0x2e, 0x2e, 0x2e, 0xff, 0x2e, 0x2e, 0x2e, 0xff, 
	0x2e, 0x2e, 0x2e, 0xff, 0x2d, 0x2d, 0x2d, 0xff, 
	0x2e, 0x2e, 0x2e, 0xff, 0x2e, 0x2e, 0x2e, 0xff, 
	0x2d, 0x2d, 0x2d, 0xff, 0x2d, 0x2d, 0x2d, 0xff, 
	0x2e, 0x2e, 0x2e, 0xff, 0x28, 0x28, 0x28, 0xff, 
	0x30, 0x30, 0x30, 0xff, 0x30, 0x30, 0x30, 0xff, 
	0x2d, 0x2d, 0x2d, 0xff, 0x2d, 0x2d, 0x2d, 0xff, 
	0x2e, 0x2e, 0x2e, 0xff, 0x2d, 0x2d, 0x2d, 0xff, 
	0x2f, 0x2f, 0x2f, 0xff, 0x2e, 0x2e, 0x2e, 0xff, 
	0x2e, 0x2e, 0x2e, 0xff, 0x2d, 0x2d, 0x2d, 0xff, 
	0x2e, 0x2e, 0x2e, 0xff, 0x2d, 0x2d, 0x2d, 0xff, 
	0x2d, 0x2d, 0x2d, 0xff, 0x2e, 0x2e, 0x2e, 0xff, 
	0x2e, 0x2e, 0x2e, 0xff, 0x27, 0x27, 0x27, 0xff, 
	0x2f, 0x2f, 0x2f, 0xff, 0x30, 0x30, 0x30, 0xff, 
	0x2e, 0x2e, 0x2e, 0xff, 0x29, 0x29, 0x29, 0xff, 
	0x09, 0x09, 0x09, 0xff, 0x1b, 0x1b, 0x1b, 0xff, 
	0x2c, 0x2c, 0x2c, 0xff, 0x2e, 0x2e, 0x2e, 0xff, 
	0x2d, 0x2d, 0x2d, 0xff, 0x2e, 0x2e, 0x2e, 0xff, 
	0x2e, 0x2e, 0x2e, 0xff, 0x2e, 0x2e, 0x2e, 0xff, 
	0x2d, 0x2d, 0x2d, 0xff, 0x2e, 0x2e, 0x2e, 0xff, 
	0x2d, 0x2d, 0x2d, 0xff, 0x28, 0x28, 0x28, 0xff, 
	0x2f, 0x2f, 0x2f, 0xff, 0x2e, 0x2e, 0x2e, 0xff, 
	0x24, 0x24, 0x23, 0xff, 0x08, 0x08, 0x07, 0xff, 
	0x1c, 0x1c, 0x1c, 0xff, 0x2d, 0x2d, 0x2d, 0xff, 
	0x2e, 0x2e, 0x2e, 0xff, 0x2e, 0x2e, 0x2e, 0xff, 
	0x2e, 0x2e, 0x2e, 0xff, 0x2f, 0x2f, 0x2f, 0xff, 
	0x2f, 0x2f, 0x2f, 0xff, 0x2d, 0x2d, 0x2d, 0xff, 
	0x2e, 0x2e, 0x2e, 0xff, 0x2e, 0x2e, 0x2e, 0xff, 
	0x2d, 0x2d, 0x2d, 0xff, 0x28, 0x28, 0x28, 0xff, 
	0x2f, 0x2f, 0x2f, 0xff, 0x31, 0x31, 0x31, 0xff, 
	0x2e, 0x2e, 0x2e, 0xff, 0x2e, 0x2e, 0x2e, 0xff, 
	0x2f, 0x2f, 0x2f, 0xff, 0x2e, 0x2e, 0x2e, 0xff, 
	0x2e, 0x2e, 0x2e, 0xff, 0x2e, 0x2e, 0x2e, 0xff, 
	0x2e, 0x2e, 0x2e, 0xff, 0x2e, 0x2e, 0x2e, 0xff, 
	0x2e, 0x2e, 0x2e, 0xff, 0x2e, 0x2e, 0x2e, 0xff, 
	0x2e, 0x2e, 0x2e, 0xff, 0x2e, 0x2e, 0x2e, 0xff, 
	0x2d, 0x2d, 0x2d, 0xff, 0x28, 0x28, 0x28, 0xff, 
	0x2f, 0x2f, 0x2f, 0xff, 0x31, 0x31, 0x31, 0xff, 
	0x2f, 0x2f, 0x2f, 0xff, 0x2e, 0x2e, 0x2e, 0xff, 
	0x2f, 0x2f, 0x2f, 0xff, 0x2e, 0x2e, 0x2e, 0xff, 
	0x2e, 0x2e, 0x2e, 0xff, 0x2e, 0x2e, 0x2e, 0xff, 
	0x2d, 0x2d, 0x2d, 0xff, 0x2f, 0x2f, 0x2f, 0xff, 
	0x2e, 0x2e, 0x2e, 0xff, 0x2e, 0x2e, 0x2e, 0xff, 
	0x2e, 0x2e, 0x2e, 0xff, 0x2d, 0x2d, 0x2d, 0xff, 
	0x2d, 0x2d, 0x2d, 0xff, 0x28, 0x28, 0x28, 0xff, 
	0x30, 0x30, 0x30, 0xff, 0x2a, 0x2a, 0x2a, 0xff, 
	0x27, 0x27, 0x27, 0xff, 0x23, 0x23, 0x23, 0xff, 
	0x15, 0x15, 0x15, 0xff, 0x24, 0x24, 0x24, 0xff, 
	0x26, 0x26, 0x26, 0xff, 0x25, 0x25, 0x25, 0xff, 
	0x26, 0x26, 0x26, 0xff, 0x27, 0x27, 0x27, 0xff, 
	0x27, 0x27, 0x27, 0xff, 0x25, 0x25, 0x25, 0xff, 
	0x27, 0x27, 0x27, 0xff, 0x27, 0x27, 0x27, 0xff, 
	0x26, 0x26, 0x26, 0xff, 0x28, 0x28, 0x28, 0xff, 
	0x2f, 0x2f, 0x2f, 0xff, 0x2b, 0x2b, 0x2b, 0xff, 
	0x26, 0x26, 0x26, 0xff, 0x1b, 0x1b, 0x1b, 0xff, 
	0x18, 0x18, 0x18, 0xff, 0x26, 0x26, 0x26, 0xff, 
	0x27, 0x27, 0x27, 0xff, 0x26, 0x26, 0x26, 0xff, 
	0x26, 0x26, 0x26, 0xff, 0x27, 0x27, 0x27, 0xff, 
	0x27, 0x27, 0x27, 0xff, 0x26, 0x26, 0x26, 0xff, 
	0x26, 0x26, 0x26, 0xff, 0x27, 0x27, 0x27, 0xff, 
	0x26, 0x26, 0x26, 0xff, 0x27, 0x27, 0x27, 0xff, 
	0x2f, 0x2f, 0x2f, 0xff, 0x2b, 0x2b, 0x2b, 0xff, 
	0x26, 0x26, 0x26, 0xff, 0x26, 0x26, 0x26, 0xff, 
	0x26, 0x26, 0x26, 0xff, 0x26, 0x26, 0x26, 0xff, 
	0x27, 0x27, 0x27, 0xff, 0x26, 0x26, 0x26, 0xff, 
	0x26, 0x26, 0x26, 0xff, 0x27, 0x27, 0x27, 0xff, 
	0x26, 0x26, 0x26, 0xff, 0x26, 0x26, 0x26, 0xff, 
	0x27, 0x27, 0x27, 0xff, 0x27, 0x27, 0x27, 0xff, 
	0x27, 0x27, 0x27, 0xff, 0x27, 0x27, 0x27, 0xff, 
	0x2f, 0x2f, 0x2f, 0xff, 0x2b, 0x2b, 0x2b, 0xff, 
	0x26, 0x26, 0x26, 0xff, 0x27, 0x27, 0x27, 0xff, 
	0x26, 0x26, 0x26, 0xff, 0x26, 0x26, 0x26, 0xff, 
	0x27, 0x27, 0x27, 0xff, 0x26, 0x26, 0x26, 0xff, 
	0x26, 0x26, 0x26, 0xff, 0x26, 0x26, 0x26, 0xff, 
	0x27, 0x27, 0x27, 0xff, 0x26, 0x26, 0x26, 0xff, 
	0x27, 0x27, 0x27, 0xff, 0x26, 0x26, 0x26, 0xff, 
	0x26, 0x26, 0x26, 0xff, 0x27, 0x27, 0x27, 0xff, 
	0x2b, 0x2b, 0x2b, 0xff, 0x25, 0x25, 0x25, 0xff, 
	0x23, 0x23, 0x23, 0xff, 0x22, 0x22, 0x22, 0xff, 
	0x21, 0x21, 0x21, 0xff, 0x23, 0x23, 0x23, 0xff, 
	0x25, 0x25, 0x25, 0xff, 0x23, 0x23, 0x23, 0xff, 
	0x23, 0x23, 0x23, 0xff, 0x23, 0x23, 0x23, 0xff, 
	0x24, 0x24, 0x24, 0xff, 0x24, 0x24, 0x24, 0xff, 
	0x24, 0x24, 0x24, 0xff, 0x23, 0x23, 0x23, 0xff, 
	0x24, 0x24, 0x24, 0xff, 0x25, 0x25, 0x25, 0xff, 
	0x2b, 0x2b, 0x2b, 0xff, 0x24, 0x24, 0x24, 0xff, 
	0x23, 0x23, 0x23, 0xff, 0x22, 0x22, 0x22, 0xff, 
	0x1c, 0x1c, 0x1c, 0xff, 0x23, 0x23, 0x23, 0xff, 
	0x24, 0x24, 0x24, 0xff, 0x24, 0x24, 0x24, 0xff, 
	0x24, 0x24, 0x24, 0xff, 0x23, 0x23, 0x23, 0xff, 
	0x23, 0x23, 0x23, 0xff, 0x24, 0x24, 0x24, 0xff, 
	0x24, 0x24, 0x24, 0xff, 0x23, 0x23, 0x23, 0xff, 
	0x23, 0x23, 0x23, 0xff, 0x24, 0x24, 0x24, 0xff, 
	0x2b, 0x2b, 0x2b, 0xff, 0x25, 0x25, 0x25, 0xff, 
	0x24, 0x24, 0x24, 0xff, 0x23, 0x23, 0x23, 0xff, 
	0x25, 0x25, 0x25, 0xff, 0x24, 0x24, 0x24, 0xff, 
	0x24, 0x24, 0x24, 0xff, 0x24, 0x24, 0x24, 0xff, 
	0x23, 0x23, 0x23, 0xff, 0x23, 0x23, 0x23, 0xff, 
	0x24, 0x24, 0x24, 0xff, 0x23, 0x23, 0x23, 0xff, 
	0x24, 0x24, 0x24, 0xff, 0x23, 0x23, 0x23, 0xff, 
	0x24, 0x24, 0x24, 0xff, 0x24, 0x24, 0x24, 0xff, 
	0x2b, 0x2b, 0x2b, 0xff, 0x24, 0x24, 0x24, 0xff, 
	0x24, 0x24, 0x24, 0xff, 0x24, 0x24, 0x24, 0xff, 
	0x24, 0x24, 0x24, 0xff, 0x24, 0x24, 0x24, 0xff, 
	0x25, 0x25, 0x25, 0xff, 0x23, 0x23, 0x23, 0xff, 
	0x24, 0x24, 0x24, 0xff, 0x23, 0x23, 0x23, 0xff, 
	0x23, 0x23, 0x23, 0xff, 0x23, 0x23, 0x23, 0xff, 
	0x25, 0x25, 0x25, 0xff, 0x23, 0x23, 0x23, 0xff, 
	0x23, 0x23, 0x23, 0xff, 0x24, 0x24, 0x24, 0xff, 
	0x35, 0x35, 0x35, 0xff, 0x35, 0x35, 0x35, 0xff, 
	0x34, 0x34, 0x34, 0xff, 0x34, 0x34, 0x34, 0xff, 
	0x34, 0x34, 0x34, 0xff, 0x35, 0x35, 0x35, 0xff, 
	0x34, 0x34, 0x34, 0xff, 0x2f, 0x2f, 0x2f, 0xff, 
	0x31, 0x31, 0x31, 0xff, 0x34, 0x34, 0x34, 0xff, 
	0x34, 0x34, 0x34, 0xff, 0x35, 0x35, 0x35, 0xff, 
	0x34, 0x34, 0x34, 0xff, 0x35, 0x35, 0x35, 0xff, 
	0x34, 0x34, 0x34, 0xff, 0x34, 0x34, 0x34, 0xff, 
	0x34, 0x34, 0x34, 0xff, 0x34, 0x34, 0x34, 0xff, 
	0x34, 0x34, 0x34, 0xff, 0x33, 0x33, 0x33, 0xff, 
	0x33, 0x33, 0x33, 0xff, 0x33, 0x33, 0x33, 0xff, 
	0x35, 0x35, 0x35, 0xff, 0x2f, 0x2f, 0x2f, 0xff, 
	0x31, 0x31, 0x31, 0xff, 0x34, 0x34, 0x34, 0xff, 
	0x34, 0x34, 0x34, 0xff, 0x34, 0x34, 0x34, 0xff, 
	0x34, 0x34, 0x34, 0xff, 0x35, 0x35, 0x35, 0xff, 
	0x34, 0x34, 0x34, 0xff, 0x34, 0x34, 0x34, 0xff, 
	0x35, 0x35, 0x35, 0xff, 0x34, 0x34, 0x34, 0xff, 
	0x34, 0x34, 0x34, 0xff, 0x33, 0x33, 0x33, 0xff, 
	0x35, 0x35, 0x35, 0xff, 0x35, 0x35, 0x35, 0xff, 
	0x35, 0x35, 0x35, 0xff, 0x30, 0x30, 0x30, 0xff, 
	0x31, 0x31, 0x31, 0xff, 0x34, 0x34, 0x34, 0xff, 
	0x35, 0x35, 0x35, 0xff, 0x34, 0x34, 0x34, 0xff, 
	0x34, 0x34, 0x34, 0xff, 0x35, 0x35, 0x35, 0xff, 
	0x34, 0x34, 0x34, 0xff, 0x34, 0x34, 0x34, 0xff, 
	0x35, 0x35, 0x35, 0xff, 0x34, 0x34, 0x34, 0xff, 
	0x34, 0x34, 0x34, 0xff, 0x34, 0x34, 0x34, 0xff, 
	0x35, 0x35, 0x35, 0xff, 0x34, 0x34, 0x34, 0xff, 
	0x34, 0x34, 0x34, 0xff, 0x2f, 0x2f, 0x2f, 0xff, 
	0x31, 0x31, 0x31, 0xff, 0x34, 0x34, 0x34, 0xff, 
	0x35, 0x35, 0x35, 0xff, 0x34, 0x34, 0x34, 0xff, 
	0x34, 0x34, 0x34, 0xff, 0x34, 0x34, 0x34, 0xff, 
	0x34, 0x34, 0x34, 0xff, 0x34, 0x34, 0x34, 0xff, 
	0x30, 0x30, 0x30, 0xff, 0x2f, 0x2f, 0x2f, 0xff, 
	0x30, 0x30, 0x30, 0xff, 0x30, 0x30, 0x30, 0xff, 
	0x2f, 0x2f, 0x2f, 0xff, 0x30, 0x30, 0x30, 0xff, 
	0x2f, 0x2f, 0x2f, 0xff, 0x28, 0x28, 0x28, 0xff, 
	0x30, 0x30, 0x30, 0xff, 0x30, 0x30, 0x30, 0xff, 
	0x30, 0x30, 0x30, 0xff, 0x2f, 0x2f, 0x2f, 0xff, 
	0x2f, 0x2f, 0x2f, 0xff, 0x30, 0x30, 0x30, 0xff, 
	0x30, 0x30, 0x30, 0xff, 0x2f, 0x2f, 0x2f, 0xff, 
	0x2f, 0x2f, 0x2f, 0xff, 0x2f, 0x2f, 0x2f, 0xff, 
	0x30, 0x30, 0x30, 0xff, 0x30, 0x30, 0x30, 0xff, 
	0x2f, 0x2f, 0x2f, 0xff, 0x2f, 0x2f, 0x2f, 0xff, 
	0x2e, 0x2e, 0x2e, 0xff, 0x27, 0x27, 0x27, 0xff, 
	0x30, 0x30, 0x30, 0xff, 0x30, 0x30, 0x30, 0xff, 
	0x30, 0x30, 0x30, 0xff, 0x30, 0x30, 0x30, 0xff, 
	0x2f, 0x2f, 0x2f, 0xff, 0x30, 0x30, 0x30, 0xff, 
	0x30, 0x30, 0x30, 0xff, 0x2e, 0x2e, 0x2e, 0xff, 
	0x28, 0x28, 0x28, 0xff, 0x21, 0x21, 0x21, 0xff, 
	0x1c, 0x1c, 0x1c, 0xff, 0x1e, 0x1e, 0x1e, 0xff, 
	0x24, 0x24, 0x24, 0xff, 0x2a, 0x2a, 0x2a, 0xff, 
	0x2d, 0x2d, 0x2d, 0xff, 0x28, 0x28, 0x28, 0xff, 
	0x2f, 0x2f, 0x2f, 0xff, 0x30, 0x30, 0x30, 0xff, 
	0x30, 0x30, 0x30, 0xff, 0x2f, 0x2f, 0x2f, 0xff, 
	0x30, 0x30, 0x30, 0xff, 0x30, 0x30, 0x30, 0xff, 
	0x30, 0x30, 0x30, 0xff, 0x30, 0x30, 0x30, 0xff, 
	0x30, 0x30, 0x30, 0xff, 0x2f, 0x2f, 0x2f, 0xff, 
	0x30, 0x30, 0x30, 0xff, 0x2f, 0x2f, 0x2f, 0xff, 
	0x2f, 0x2f, 0x2f, 0xff, 0x2f, 0x2f, 0x2f, 0xff, 
	0x2e, 0x2e, 0x2e, 0xff, 0x27, 0x27, 0x27, 0xff, 
	0x30, 0x30, 0x30, 0xff, 0x31, 0x31, 0x31, 0xff, 
	0x30, 0x30, 0x30, 0xff, 0x30, 0x30, 0x30, 0xff, 
	0x2f, 0x2f, 0x2f, 0xff, 0x30, 0x30, 0x30, 0xff, 
	0x30, 0x30, 0x30, 0xff, 0x30, 0x30, 0x30, 0xff, 
	0x2e, 0x2e, 0x2e, 0xff, 0x2e, 0x2e, 0x2e, 0xff, 
	0x2d, 0x2d, 0x2d, 0xff, 0x2e, 0x2e, 0x2e, 0xff, 
	0x2e, 0x2e, 0x2e, 0xff, 0x2e, 0x2e, 0x2e, 0xff, 
	0x2c, 0x2c, 0x2c, 0xff, 0x28, 0x28, 0x28, 0xff, 
	0x30, 0x30, 0x30, 0xff, 0x30, 0x30, 0x30, 0xff, 
	0x2e, 0x2e, 0x2e, 0xff, 0x2e, 0x2e, 0x2e, 0xff, 
	0x2e, 0x2e, 0x2e, 0xff, 0x2e, 0x2e, 0x2e, 0xff, 
	0x2f, 0x2f, 0x2f, 0xff, 0x2e, 0x2e, 0x2e, 0xff, 
	0x2e, 0x2e, 0x2e, 0xff, 0x2f, 0x2f, 0x2f, 0xff, 
	0x2e, 0x2e, 0x2e, 0xff, 0x2e, 0x2e, 0x2e, 0xff, 
	0x2e, 0x2e, 0x2e, 0xff, 0x2e, 0x2e, 0x2e, 0xff, 
	0x2d, 0x2d, 0x2d, 0xff, 0x27, 0x27, 0x27, 0xff, 
	0x30, 0x30, 0x30, 0xff, 0x30, 0x30, 0x30, 0xff, 
	0x2e, 0x2e, 0x2e, 0xff, 0x2e, 0x2e, 0x2e, 0xff, 
	0x2e, 0x2e, 0x2e, 0xff, 0x2c, 0x2c, 0x2c, 0xff, 
	0x24, 0x24, 0x24, 0xff, 0x11, 0x11, 0x11, 0xff, 
	0x05, 0x05, 0x05, 0xff, 0x01, 0x01, 0x01, 0xff, 
	0x00, 0x00, 0x00, 0xff, 0x01, 0x01, 0x01, 0xff, 
	0x02, 0x02, 0x02, 0xff, 0x08, 0x08, 0x08, 0xff, 
	0x16, 0x16, 0x16, 0xff, 0x20, 0x20, 0x20, 0xff, 
	0x2e, 0x2e, 0x2e, 0xff, 0x30, 0x30, 0x30, 0xff, 
	0x2e, 0x2e, 0x2e, 0xff, 0x2e, 0x2e, 0x2e, 0xff, 
	0x2e, 0x2e, 0x2e, 0xff, 0x2e, 0x2e, 0x2e, 0xff, 
	0x2f, 0x2f, 0x2f, 0xff, 0x2f, 0x2f, 0x2f, 0xff, 
	0x2e, 0x2e, 0x2e, 0xff, 0x2e, 0x2e, 0x2e, 0xff, 
	0x2e, 0x2e, 0x2e, 0xff, 0x2e, 0x2e, 0x2e, 0xff, 
	0x2e, 0x2e, 0x2e, 0xff, 0x2f, 0x2f, 0x2f, 0xff, 
	0x2d, 0x2d, 0x2d, 0xff, 0x28, 0x28, 0x28, 0xff, 
	0x30, 0x30, 0x30, 0xff, 0x2f, 0x2f, 0x2f, 0xff, 
	0x2e, 0x2e, 0x2e, 0xff, 0x2e, 0x2e, 0x2e, 0xff, 
	0x2e, 0x2e, 0x2e, 0xff, 0x2d, 0x2d, 0x2d, 0xff, 
	0x2f, 0x2f, 0x2f, 0xff, 0x2f, 0x2f, 0x2f, 0xff, 
	0x2e, 0x2e, 0x2e, 0xff, 0x2d, 0x2d, 0x2d, 0xff, 
	0x2e, 0x2e, 0x2e, 0xff, 0x2d, 0x2d, 0x2d, 0xff, 
	0x2e, 0x2e, 0x2e, 0xff, 0x2e, 0x2e, 0x2e, 0xff, 
	0x2d, 0x2d, 0x2d, 0xff, 0x28, 0x28, 0x28, 0xff, 
	0x30, 0x30, 0x30, 0xff, 0x30, 0x30, 0x30, 0xff, 
	0x2d, 0x2d, 0x2d, 0xff, 0x2d, 0x2d, 0x2d, 0xff, 
	0x2e, 0x2e, 0x2e, 0xff, 0x2d, 0x2d, 0x2d, 0xff, 
	0x2e, 0x2e, 0x2e, 0xff, 0x2e, 0x2e, 0x2e, 0xff, 
	0x2e, 0x2e, 0x2e, 0xff, 0x2e, 0x2e, 0x2e, 0xff, 
	0x2f, 0x2f, 0x2f, 0xff, 0x2e, 0x2e, 0x2e, 0xff, 
	0x2e, 0x2e, 0x2e, 0xff, 0x2e, 0x2e, 0x2e, 0xff, 
	0x2d, 0x2d, 0x2d, 0xff, 0x28, 0x28, 0x28, 0xff, 
	0x30, 0x30, 0x30, 0xff, 0x30, 0x30, 0x30, 0xff, 
	0x2e, 0x2e, 0x2e, 0xff, 0x2c, 0x2c, 0x2c, 0xff, 
	0x23, 0x23, 0x23, 0xff, 0x12, 0x12, 0x12, 0xff, 
	0x03, 0x03, 0x03, 0xff, 0x00, 0x00, 0x00, 0xff, 
	0x00, 0x00, 0x00, 0xff, 0x00, 0x00, 0x00, 0xff, 
	0x00, 0x00, 0x00, 0xff, 0x00, 0x00, 0x00, 0xff, 
	0x00, 0x00, 0x00, 0xff, 0x00, 0x00, 0x00, 0xff, 
	0x01, 0x01, 0x01, 0xff, 0x04, 0x04, 0x04, 0xff, 
	0x19, 0x19, 0x19, 0xff, 0x28, 0x28, 0x28, 0xff, 
	0x2d, 0x2d, 0x2d, 0xff, 0x2e, 0x2e, 0x2e, 0xff, 
	0x2d, 0x2d, 0x2d, 0xff, 0x2e, 0x2e, 0x2e, 0xff, 
	0x2e, 0x2e, 0x2e, 0xff, 0x2f, 0x2f, 0x2f, 0xff, 
	0x2e, 0x2e, 0x2e, 0xff, 0x2e, 0x2e, 0x2e, 0xff, 
	0x2e, 0x2e, 0x2e, 0xff, 0x2e, 0x2e, 0x2e, 0xff, 
	0x2d, 0x2d, 0x2d, 0xff, 0x2e, 0x2e, 0x2e, 0xff, 
	0x2a, 0x2a, 0x2a, 0xff, 0x22, 0x22, 0x22, 0xff, 
	0x25, 0x25, 0x25, 0xff, 0x1e, 0x1e, 0x1e, 0xff, 
	0x20, 0x20, 0x20, 0xff, 0x25, 0x25, 0x25, 0xff, 
	0x2b, 0x2b, 0x2b, 0xff, 0x2d, 0x2d, 0x2d, 0xff, 
	0x2e, 0x2e, 0x2e, 0xff, 0x2e, 0x2e, 0x2e, 0xff, 
	0x2e, 0x2e, 0x2e, 0xff, 0x2e, 0x2e, 0x2e, 0xff, 
	0x2f, 0x2f, 0x2f, 0xff, 0x2e, 0x2e, 0x2e, 0xff, 
	0x2e, 0x2e, 0x2e, 0xff, 0x2e, 0x2e, 0x2e, 0xff, 
	0x2d, 0x2d, 0x2d, 0xff, 0x26, 0x26, 0x26, 0xff, 
	0x2c, 0x2c, 0x2c, 0xff, 0x26, 0x26, 0x26, 0xff, 
	0x22, 0x22, 0x22, 0xff, 0x1f, 0x1f, 0x1f, 0xff, 
	0x1e, 0x1e, 0x1e, 0xff, 0x1f, 0x1f, 0x1f, 0xff, 
	0x22, 0x22, 0x22, 0xff, 0x27, 0x27, 0x27, 0xff, 
	0x2a, 0x2a, 0x2a, 0xff, 0x2d, 0x2d, 0x2d, 0xff, 
	0x2e, 0x2e, 0x2e, 0xff, 0x2e, 0x2e, 0x2e, 0xff, 
	0x2e, 0x2e, 0x2e, 0xff, 0x2e, 0x2e, 0x2e, 0xff, 
	0x2c, 0x2c, 0x2c, 0xff, 0x27, 0x27, 0x27, 0xff, 
	0x30, 0x30, 0x30, 0xff, 0x2e, 0x2e, 0x2e, 0xff, 
	0x24, 0x24, 0x24, 0xff, 0x13, 0x13, 0x13, 0xff, 
	0x04, 0x04, 0x04, 0xff, 0x00, 0x00, 0x00, 0xff, 
	0x00, 0x00, 0x00, 0xff, 0x00, 0x00, 0x00, 0xff, 
	0x01, 0x01, 0x01, 0xff, 0x00, 0x00, 0x00, 0xff, 
	0x00, 0x00, 0x00, 0xff, 0x00, 0x00, 0x00, 0xff, 
	0x00, 0x00, 0x00, 0xff, 0x00, 0x00, 0x00, 0xff, 
	0x00, 0x00, 0x00, 0xff, 0x00, 0x00, 0x00, 0xff, 
	0x01, 0x01, 0x01, 0xff, 0x07, 0x07, 0x07, 0xff, 
	0x1a, 0x1a, 0x1a, 0xff, 0x29, 0x29, 0x29, 0xff, 
	0x2d, 0x2d, 0x2d, 0xff, 0x2d, 0x2d, 0x2d, 0xff, 
	0x2e, 0x2e, 0x2e, 0xff, 0x2e, 0x2e, 0x2e, 0xff, 
	0x2e, 0x2e, 0x2e, 0xff, 0x2e, 0x2e, 0x2e, 0xff, 
	0x2e, 0x2e, 0x2e, 0xff, 0x2c, 0x2c, 0x2c, 0xff, 
	0x25, 0x25, 0x25, 0xff, 0x1b, 0x1b, 0x1b, 0xff, 
	0x0e, 0x0e, 0x0e, 0xff, 0x05, 0x05, 0x05, 0xff, 
	0x02, 0x02, 0x02, 0xff, 0x01, 0x01, 0x01, 0xff, 
	0x01, 0x01, 0x01, 0xff, 0x03, 0x03, 0x03, 0xff, 
	0x0f, 0x0f, 0x0f, 0xff, 0x24, 0x24, 0x24, 0xff, 
	0x2d, 0x2d, 0x2d, 0xff, 0x2e, 0x2e, 0x2e, 0xff, 
	0x2e, 0x2e, 0x2e, 0xff, 0x2d, 0x2d, 0x2d, 0xff, 
	0x2e, 0x2e, 0x2e, 0xff, 0x2f, 0x2f, 0x2f, 0xff, 
	0x2d, 0x2d, 0x2d, 0xff, 0x28, 0x28, 0x28, 0xff, 
	0x1e, 0x1e, 0x1e, 0xff, 0x0f, 0x0f, 0x0f, 0xff, 
	0x09, 0x09, 0x09, 0xff, 0x03, 0x03, 0x03, 0xff, 
	0x01, 0x01, 0x01, 0xff, 0x00, 0x00, 0x00, 0xff, 
	0x01, 0x01, 0x01, 0xff, 0x01, 0x01, 0x01, 0xff, 
	0x01, 0x01, 0x01, 0xff, 0x04, 0x04, 0x04, 0xff, 
	0x09, 0x09, 0x09, 0xff, 0x14, 0x14, 0x14, 0xff, 
	0x22, 0x22, 0x22, 0xff, 0x2a, 0x2a, 0x2a, 0xff, 
	0x2d, 0x2d, 0x2d, 0xff, 0x2d, 0x2d, 0x2d, 0xff, 
	0x2d, 0x2d, 0x2d, 0xff, 0x27, 0x27, 0x27, 0xff, 
	0x28, 0x28, 0x28, 0xff, 0x16, 0x16, 0x16, 0xff, 
	0x04, 0x04, 0x04, 0xff, 0x00, 0x00, 0x00, 0xff, 
	0x00, 0x00, 0x00, 0xff, 0x00, 0x00, 0x00, 0xff, 
	0x00, 0x00, 0x00, 0xff, 0x00, 0x00, 0x00, 0xff, 
	0x00, 0x00, 0x00, 0xff, 0x00, 0x00, 0x00, 0xff, 
	0x01, 0x01, 0x01, 0xff, 0x00, 0x00, 0x00, 0xff, 
	0x00, 0x00, 0x00, 0xff, 0x00, 0x00, 0x00, 0xff, 
	0x00, 0x00, 0x00, 0xff, 0x00, 0x00, 0x00, 0xff, 
	0x00, 0x00, 0x00, 0xff, 0x00, 0x00, 0x00, 0xff, 
	0x01, 0x01, 0x01, 0xff, 0x0a, 0x0a, 0x0a, 0xff, 
	0x1c, 0x1c, 0x1c, 0xff, 0x26, 0x26, 0x26, 0xff, 
	0x2c, 0x2c, 0x2c, 0xff, 0x2e, 0x2e, 0x2e, 0xff, 
	0x2e, 0x2e, 0x2e, 0xff, 0x2b, 0x2b, 0x2b, 0xff, 
	0x20, 0x20, 0x20, 0xff, 0x11, 0x11, 0x11, 0xff, 
	0x04, 0x04, 0x04, 0xff, 0x01, 0x01, 0x01, 0xff, 
	0x00, 0x00, 0x00, 0xff, 0x00, 0x00, 0x00, 0xff, 
	0x01, 0x01, 0x01, 0xff, 0x00, 0x00, 0x00, 0xff, 
	0x00, 0x00, 0x00, 0xff, 0x00, 0x00, 0x00, 0xff, 
	0x00, 0x00, 0x00, 0xff, 0x06, 0x06, 0x06, 0xff, 
	0x20, 0x20, 0x20, 0xff, 0x2c, 0x2c, 0x2c, 0xff, 
	0x27, 0x27, 0x27, 0xff, 0x26, 0x26, 0x26, 0xff, 
	0x24, 0x24, 0x24, 0xff, 0x1b, 0x1b, 0x1b, 0xff, 
	0x10, 0x10, 0x10, 0xff, 0x05, 0x05, 0x05, 0xff, 
	0x01, 0x01, 0x01, 0xff, 0x00, 0x00, 0x00, 0xff, 
	0x00, 0x00, 0x00, 0xff, 0x01, 0x01, 0x01, 0xff, 
	0x01, 0x01, 0x01, 0xff, 0x00, 0x00, 0x00, 0xff, 
	0x00, 0x00, 0x00, 0xff, 0x00, 0x00, 0x00, 0xff, 
	0x00, 0x00, 0x00, 0xff, 0x00, 0x00, 0x00, 0xff, 
	0x00, 0x00, 0x00, 0xff, 0x00, 0x00, 0x00, 0xff, 
	0x01, 0x01, 0x01, 0xff, 0x08, 0x08, 0x08, 0xff, 
	0x1a, 0x1a, 0x1a, 0xff, 0x24, 0x24, 0x24, 0xff, 
	0x22, 0x22, 0x22, 0xff, 0x17, 0x17, 0x17, 0xff, 
	0x08, 0x08, 0x08, 0xff, 0x00, 0x00, 0x00, 0xff, 
	0x00, 0x00, 0x00, 0xff, 0x00, 0x00, 0x00, 0xff, 
	0x00, 0x00, 0x00, 0xff, 0x00, 0x00, 0x00, 0xff, 
	0x00, 0x00, 0x00, 0xff, 0x00, 0x00, 0x00, 0xff, 
	0x00, 0x00, 0x00, 0xff, 0x00, 0x00, 0x00, 0xff, 
	0x00, 0x00, 0x00, 0xff, 0x00, 0x00, 0x00, 0xff, 
	0x00, 0x00, 0x00, 0xff, 0x00, 0x00, 0x00, 0xff, 
	0x00, 0x00, 0x00, 0xff, 0x00, 0x00, 0x00, 0xff, 
	0x00, 0x00, 0x00, 0xff, 0x00, 0x00, 0x00, 0xff, 
	0x00, 0x00, 0x00, 0xff, 0x00, 0x00, 0x00, 0xff, 
	0x01, 0x01, 0x01, 0xff, 0x03, 0x03, 0x03, 0xff, 
	0x0d, 0x0d, 0x0d, 0xff, 0x19, 0x19, 0x19, 0xff, 
	0x1c, 0x1c, 0x1c, 0xff, 0x0f, 0x0f, 0x0f, 0xff, 
	0x02, 0x02, 0x02, 0xff, 0x00, 0x00, 0x00, 0xff, 
	0x00, 0x00, 0x00, 0xff, 0x00, 0x00, 0x00, 0xff, 
	0x00, 0x00, 0x00, 0xff, 0x00, 0x00, 0x00, 0xff, 
	0x00, 0x00, 0x00, 0xff, 0x00, 0x00, 0x00, 0xff, 
	0x00, 0x00, 0x00, 0xff, 0x00, 0x00, 0x00, 0xff, 
	0x00, 0x00, 0x00, 0xff, 0x00, 0x00, 0x00, 0xff, 
	0x03, 0x03, 0x03, 0xff, 0x13, 0x13, 0x13, 0xff, 
	0x21, 0x21, 0x21, 0xff, 0x1d, 0x1d, 0x1d, 0xff, 
	0x0e, 0x0e, 0x0e, 0xff, 0x03, 0x03, 0x03, 0xff, 
	0x00, 0x00, 0x00, 0xff, 0x00, 0x00, 0x00, 0xff, 
	0x00, 0x00, 0x00, 0xff, 0x00, 0x00, 0x00, 0xff, 
	0x00, 0x00, 0x00, 0xff, 0x00, 0x00, 0x00, 0xff, 
	0x00, 0x00, 0x00, 0xff, 0x00, 0x00, 0x00, 0xff, 
	0x00, 0x00, 0x00, 0xff, 0x00, 0x00, 0x00, 0xff, 
	0x00, 0x00, 0x00, 0xff, 0x00, 0x00, 0x00, 0xff, 
	0x00, 0x00, 0x00, 0xff, 0x00, 0x00, 0x00, 0xff, 
	0x00, 0x00, 0x00, 0xff, 0x01, 0x01, 0x01, 0xff, 
	0x02, 0x02, 0x02, 0xff, 0x10, 0x10, 0x10, 0xff, 
	0x0a, 0x0a, 0x0a, 0xff, 0x01, 0x01, 0x01, 0xff, 
	0x00, 0x00, 0x00, 0xff, 0x00, 0x00, 0x00, 0xff, 
	0x00, 0x00, 0x00, 0xff, 0x00, 0x00, 0x00, 0xff, 
	0x00, 0x00, 0x00, 0xff, 0x00, 0x00, 0x00, 0xff, 
	0x01, 0x01, 0x01, 0xff, 0x00, 0x00, 0x00, 0xff, 
	0x00, 0x00, 0x00, 0xff, 0x00, 0x00, 0x00, 0xff, 
	0x00, 0x00, 0x00, 0xff, 0x00, 0x00, 0x00, 0xff, 
	0x01, 0x01, 0x01, 0xff, 0x00, 0x00, 0x00, 0xff, 
	0x00, 0x00, 0x00, 0xff, 0x00, 0x00, 0x00, 0xff, 
	0x00, 0x00, 0x00, 0xff, 0x00, 0x00, 0x00, 0xff, 
	0x00, 0x00, 0x00, 0xff, 0x00, 0x00, 0x00, 0xff, 
	0x00, 0x00, 0x00, 0xff, 0x00, 0x00, 0x00, 0xff, 
	0x00, 0x00, 0x00, 0xff, 0x01, 0x01, 0x01, 0xff, 
	0x01, 0x01, 0x01, 0xff, 0x00, 0x00, 0x00, 0xff, 
	0x00, 0x00, 0x00, 0xff, 0x00, 0x00, 0x00, 0xff, 
	0x00, 0x00, 0x00, 0xff, 0x00, 0x00, 0x00, 0xff, 
	0x00, 0x00, 0x00, 0xff, 0x00, 0x00, 0x00, 0xff, 
	0x00, 0x00, 0x00, 0xff, 0x01, 0x01, 0x01, 0xff, 
	0x00, 0x00, 0x00, 0xff, 0x01, 0x01, 0x01, 0xff, 
	0x00, 0x00, 0x00, 0xff, 0x00, 0x00, 0x00, 0xff, 
	0x00, 0x00, 0x00, 0xff, 0x01, 0x01, 0x01, 0xff, 
	
};

Gfx castle_inside_dl_fellpeach_rgba16_aligner[] = {gsSPEndDisplayList()};
u8 castle_inside_dl_fellpeach_rgba16[] = {
	0x00, 0x00, 0x00, 0x00, 0x00, 0x00, 0x00, 0x00, 
	0x00, 0x00, 0x00, 0x00, 0x00, 0x00, 0x00, 0x00, 
	0x00, 0x00, 0x00, 0x00, 0x00, 0x00, 0x00, 0x00, 
	0x00, 0x00, 0x00, 0x00, 0x00, 0x00, 0x00, 0x00, 
	0x00, 0x00, 0x00, 0x00, 0x00, 0x00, 0x00, 0x00, 
	0x00, 0x00, 0x00, 0x00, 0x00, 0x00, 0x00, 0x00, 
	0x00, 0x00, 0x00, 0x00, 0x00, 0x00, 0x00, 0x00, 
	0x00, 0x00, 0x00, 0x00, 0x00, 0x00, 0x00, 0x00, 
	0x00, 0x00, 0x00, 0x00, 0x00, 0x00, 0x00, 0x00, 
	0x00, 0x00, 0x00, 0x00, 0x00, 0x00, 0x00, 0x00, 
	0x00, 0x00, 0x00, 0x00, 0x00, 0x00, 0x00, 0x00, 
	0x00, 0x00, 0x00, 0x00, 0x00, 0x00, 0x00, 0x00, 
	0x00, 0x00, 0x00, 0x00, 0x00, 0x00, 0x00, 0x00, 
	0x00, 0x00, 0x00, 0x00, 0x00, 0x00, 0x00, 0x00, 
	0x00, 0x00, 0x00, 0x00, 0x00, 0x00, 0x00, 0x00, 
	0x00, 0x00, 0x00, 0x00, 0x00, 0x00, 0x00, 0x00, 
	0x00, 0x00, 0x00, 0x00, 0x00, 0x00, 0x00, 0x00, 
	0x00, 0x00, 0x00, 0x00, 0x00, 0x00, 0x00, 0x00, 
	0x00, 0x00, 0x00, 0x00, 0x00, 0x00, 0x00, 0x00, 
	0x00, 0x00, 0x00, 0x00, 0x00, 0x01, 0x00, 0x01, 
	0x00, 0x01, 0x00, 0x01, 0x00, 0x01, 0x00, 0x00, 
	0x00, 0x00, 0x00, 0x00, 0x00, 0x00, 0x00, 0x00, 
	0x00, 0x00, 0x00, 0x00, 0x00, 0x00, 0x00, 0x00, 
	0x00, 0x00, 0x00, 0x00, 0x00, 0x00, 0x00, 0x00, 
	0x00, 0x00, 0x00, 0x00, 0x00, 0x00, 0x00, 0x00, 
	0x00, 0x00, 0x00, 0x00, 0x00, 0x00, 0x00, 0x00, 
	0x00, 0x00, 0x00, 0x00, 0x00, 0x00, 0x00, 0x01, 
	0x00, 0x01, 0x08, 0x01, 0x10, 0x01, 0x10, 0x01, 
	0x20, 0x01, 0x18, 0x01, 0x08, 0x01, 0x00, 0x01, 
	0x00, 0x01, 0x00, 0x00, 0x00, 0x00, 0x00, 0x00, 
	0x00, 0x00, 0x00, 0x00, 0x00, 0x00, 0x00, 0x00, 
	0x00, 0x00, 0x00, 0x00, 0x00, 0x00, 0x00, 0x00, 
	0x00, 0x00, 0x00, 0x00, 0x00, 0x00, 0x00, 0x00, 
	0x00, 0x00, 0x00, 0x00, 0x00, 0x00, 0x00, 0x00, 
	0x00, 0x00, 0x00, 0x00, 0x00, 0x01, 0x08, 0x01, 
	0x40, 0x03, 0x68, 0x07, 0x70, 0x09, 0x58, 0x07, 
	0x90, 0x4b, 0x90, 0x4b, 0x70, 0x09, 0x40, 0x03, 
	0x00, 0x01, 0x00, 0x01, 0x00, 0x00, 0x00, 0x00, 
	0x00, 0x00, 0x00, 0x00, 0x00, 0x00, 0x00, 0x00, 
	0x00, 0x00, 0x00, 0x00, 0x00, 0x00, 0x00, 0x00, 
	0x00, 0x00, 0x00, 0x00, 0x00, 0x00, 0x00, 0x00, 
	0x00, 0x00, 0x00, 0x00, 0x00, 0x00, 0x00, 0x00, 
	0x00, 0x00, 0x00, 0x01, 0x00, 0x81, 0x40, 0x45, 
	0x98, 0x4b, 0xa8, 0x4d, 0x88, 0x4b, 0x68, 0x07, 
	0x98, 0x4b, 0xb0, 0x4d, 0xb0, 0x4d, 0x90, 0x4b, 
	0x38, 0x03, 0x00, 0x01, 0x00, 0x01, 0x00, 0x00, 
	0x00, 0x00, 0x00, 0x00, 0x00, 0x00, 0x00, 0x00, 
	0x00, 0x00, 0x00, 0x00, 0x00, 0x00, 0x00, 0x00, 
	0x00, 0x00, 0x00, 0x00, 0x00, 0x00, 0x00, 0x00, 
	0x00, 0x00, 0x00, 0x00, 0x00, 0x00, 0x00, 0x00, 
	0x00, 0x01, 0x01, 0x43, 0x1b, 0x49, 0x71, 0x89, 
	0xb0, 0x4d, 0xa8, 0x4d, 0x78, 0x49, 0x98, 0x4b, 
	0x78, 0x49, 0x80, 0x49, 0x88, 0x4b, 0x90, 0x4b, 
	0x60, 0x07, 0x18, 0x01, 0x08, 0x01, 0x00, 0x01, 
	0x00, 0x00, 0x00, 0x00, 0x00, 0x00, 0x00, 0x00, 
	0x00, 0x00, 0x00, 0x00, 0x00, 0x00, 0x00, 0x00, 
	0x00, 0x00, 0x00, 0x00, 0x00, 0x00, 0x00, 0x00, 
	0x00, 0x00, 0x00, 0x00, 0x00, 0x00, 0x00, 0x01, 
	0x10, 0x01, 0x1a, 0xc7, 0x23, 0xcb, 0x81, 0x09, 
	0xb0, 0x4d, 0x90, 0x4b, 0x78, 0x49, 0x80, 0x49, 
	0x88, 0x4b, 0x88, 0x4b, 0x58, 0x07, 0x80, 0x49, 
	0x68, 0x07, 0x48, 0x01, 0x48, 0x01, 0x20, 0x01, 
	0x00, 0x01, 0x00, 0x00, 0x00, 0x00, 0x00, 0x00, 
	0x00, 0x00, 0x00, 0x00, 0x00, 0x00, 0x00, 0x00, 
	0x00, 0x00, 0x00, 0x00, 0x00, 0x00, 0x00, 0x00, 
	0x00, 0x00, 0x00, 0x00, 0x00, 0x00, 0x00, 0x01, 
	0x38, 0x01, 0x32, 0x05, 0x31, 0xc5, 0x78, 0x49, 
	0xa8, 0x8d, 0x78, 0x49, 0x60, 0x07, 0x88, 0x4b, 
	0x70, 0x49, 0xa0, 0x4d, 0x70, 0x09, 0x98, 0x4b, 
	0xa0, 0x4d, 0x50, 0x05, 0x60, 0x01, 0x58, 0x01, 
	0x10, 0x01, 0x00, 0x00, 0x00, 0x00, 0x00, 0x00, 
	0x00, 0x00, 0x00, 0x00, 0x00, 0x00, 0x00, 0x00, 
	0x00, 0x00, 0x00, 0x00, 0x00, 0x00, 0x00, 0x00, 
	0x00, 0x00, 0x00, 0x00, 0x00, 0x01, 0x18, 0x01, 
	0x38, 0x03, 0x40, 0x43, 0x50, 0xc1, 0x92, 0x43, 
	0xb2, 0xc5, 0x92, 0x43, 0x81, 0x09, 0x68, 0x07, 
	0x78, 0x49, 0x90, 0x4b, 0x80, 0x49, 0xa8, 0x4d, 
	0x80, 0x49, 0x60, 0x03, 0x70, 0x03, 0x68, 0x83, 
	0x19, 0xc5, 0x00, 0x81, 0x00, 0x00, 0x00, 0x00, 
	0x00, 0x00, 0x00, 0x00, 0x00, 0x00, 0x00, 0x00, 
	0x00, 0x00, 0x00, 0x00, 0x00, 0x00, 0x00, 0x00, 
	0x00, 0x00, 0x00, 0x01, 0x10, 0x01, 0x48, 0x05, 
	0x70, 0x49, 0x90, 0xcb, 0xb3, 0x03, 0xec, 0x01, 
	0xf4, 0x41, 0xf4, 0x01, 0xc3, 0x43, 0x91, 0x09, 
	0xa0, 0x4d, 0x78, 0x49, 0xa0, 0x4d, 0x98, 0x4b, 
	0x60, 0x03, 0x70, 0x01, 0x70, 0x03, 0x58, 0x83, 
	0x2a, 0xc7, 0x09, 0x03, 0x00, 0x01, 0x00, 0x00, 
	0x00, 0x00, 0x00, 0x00, 0x00, 0x00, 0x00, 0x00, 
	0x00, 0x00, 0x00, 0x00, 0x00, 0x00, 0x00, 0x00, 
	0x00, 0x00, 0x00, 0x01, 0x38, 0x03, 0x90, 0x4b, 
	0x78, 0x49, 0xa2, 0x09, 0xec, 0x01, 0xf4, 0x41, 
	0xfc, 0x41, 0xf4, 0x41, 0xf4, 0x01, 0xa2, 0x85, 
	0x60, 0x87, 0x78, 0x89, 0x98, 0x8b, 0x60, 0x07, 
	0x70, 0x03, 0x70, 0x03, 0x68, 0x07, 0x88, 0x4b, 
	0x80, 0x89, 0x40, 0x45, 0x10, 0x01, 0x00, 0x00, 
	0x00, 0x00, 0x00, 0x00, 0x00, 0x00, 0x00, 0x00, 
	0x00, 0x00, 0x00, 0x00, 0x00, 0x00, 0x00, 0x00, 
	0x00, 0x01, 0x18, 0x01, 0x80, 0x49, 0xa8, 0x4d, 
	0x68, 0x47, 0xbb, 0x03, 0xf4, 0x41, 0xfc, 0x41, 
	0xf4, 0x41, 0xfc, 0x41, 0xf4, 0x41, 0xdb, 0xc1, 
	0xbb, 0x41, 0xcb, 0x43, 0xbb, 0x03, 0x92, 0x41, 
	0x71, 0x01, 0x60, 0x05, 0xa0, 0x4d, 0xb0, 0x4d, 
	0x98, 0x4b, 0x88, 0x4b, 0x50, 0x05, 0x00, 0x01, 
	0x00, 0x00, 0x00, 0x00, 0x00, 0x00, 0x00, 0x00, 
	0x00, 0x00, 0x00, 0x00, 0x00, 0x00, 0x00, 0x00, 
	0x00, 0x01, 0x40, 0x05, 0xa0, 0x4d, 0xa8, 0x4d, 
	0x68, 0xc7, 0xd3, 0x81, 0xf4, 0x41, 0xf4, 0x41, 
	0xf4, 0x41, 0xfc, 0x41, 0xfc, 0x41, 0xf4, 0x41, 
	0xf4, 0x41, 0xf4, 0x41, 0xf4, 0x41, 0xf4, 0x01, 
	0xcb, 0x41, 0x91, 0x89, 0xb0, 0x4d, 0xb0, 0x4d, 
	0x90, 0x4b, 0x90, 0x4b, 0x88, 0x49, 0x20, 0x01, 
	0x00, 0x00, 0x00, 0x00, 0x00, 0x00, 0x00, 0x00, 
	0x00, 0x00, 0x00, 0x00, 0x00, 0x00, 0x00, 0x00, 
	0x18, 0x01, 0x68, 0x07, 0xb0, 0x4d, 0xa0, 0x4b, 
	0x81, 0x09, 0xdb, 0x83, 0xf4, 0x41, 0xfc, 0x41, 
	0xfc, 0x41, 0xf4, 0x41, 0xfc, 0x41, 0xfc, 0x41, 
	0xf4, 0x41, 0xf4, 0x41, 0xfc, 0x41, 0xfc, 0x41, 
	0xf4, 0x41, 0xc3, 0x43, 0x98, 0xcb, 0x98, 0x4b, 
	0x68, 0x09, 0x90, 0x4b, 0xa8, 0x4d, 0x50, 0x05, 
	0x00, 0x00, 0x00, 0x00, 0x00, 0x00, 0x00, 0x00, 
	0x00, 0x00, 0x00, 0x00, 0x00, 0x00, 0x08, 0x01, 
	0x40, 0x01, 0x78, 0x49, 0xb0, 0x4d, 0x90, 0x4b, 
	0x78, 0xc9, 0xdb, 0xc1, 0xf4, 0x41, 0xf4, 0x41, 
	0xf4, 0x41, 0xf4, 0x41, 0xf4, 0x41, 0xfc, 0x41, 
	0xfc, 0x41, 0xf4, 0x41, 0xf4, 0x41, 0xf4, 0x41, 
	0xf4, 0x41, 0xec, 0x01, 0x9a, 0x45, 0x78, 0x49, 
	0x98, 0x4b, 0x88, 0x4b, 0xb0, 0x4d, 0x78, 0x09, 
	0x10, 0x01, 0x00, 0x00, 0x00, 0x00, 0x00, 0x00, 
	0x00, 0x00, 0x00, 0x00, 0x00, 0x00, 0x18, 0x01, 
	0x48, 0x81, 0x68, 0xc7, 0xa8, 0x4d, 0x78, 0x09, 
	0x68, 0xc7, 0xd3, 0x81, 0xf4, 0x41, 0xe4, 0x03, 
	0xcb, 0x8b, 0xc3, 0x49, 0xf4, 0x41, 0xfc, 0x41, 
	0xfc, 0x41, 0xf4, 0x41, 0xf4, 0x41, 0xfc, 0x41, 
	0xfc, 0x41, 0xf4, 0x41, 0xd3, 0x81, 0x79, 0x07, 
	0x80, 0x49, 0x78, 0x49, 0xa8, 0x4d, 0x98, 0x4b, 
	0x20, 0x03, 0x00, 0x00, 0x00, 0x00, 0x00, 0x00, 
	0x00, 0x00, 0x00, 0x00, 0x00, 0x00, 0x28, 0x01, 
	0x3a, 0x05, 0x42, 0x47, 0xa0, 0x4b, 0x78, 0x49, 
	0x88, 0x89, 0xcb, 0x43, 0xdb, 0xc7, 0xc3, 0xd5, 
	0xe4, 0xdb, 0xc3, 0xd3, 0xf4, 0x41, 0xf4, 0x41, 
	0xf4, 0x41, 0xf4, 0x41, 0xf4, 0x41, 0xf4, 0x41, 
	0xf4, 0x41, 0xfc, 0x41, 0xec, 0x01, 0x92, 0x07, 
	0x80, 0x49, 0x60, 0x07, 0xa8, 0x4d, 0x90, 0x8b, 
	0x20, 0xc3, 0x00, 0x00, 0x00, 0x00, 0x00, 0x00, 
	0x00, 0x00, 0x00, 0x00, 0x00, 0x01, 0x18, 0x41, 
	0x29, 0xc5, 0x51, 0x03, 0x80, 0x49, 0x70, 0x09, 
	0x70, 0x49, 0x8a, 0x05, 0xbb, 0xd3, 0xf5, 0x1d, 
	0xf5, 0x1d, 0xcc, 0x15, 0xec, 0x01, 0xf4, 0x41, 
	0xf4, 0x41, 0xfc, 0x41, 0xfc, 0x41, 0xf4, 0x41, 
	0xfc, 0x41, 0xf4, 0x41, 0xf4, 0x41, 0xaa, 0xc3, 
	0x90, 0x4b, 0x68, 0x07, 0xa0, 0x4d, 0x71, 0x49, 
	0x12, 0x47, 0x00, 0x41, 0x00, 0x00, 0x00, 0x00, 
	0x00, 0x00, 0x00, 0x00, 0x00, 0x01, 0x30, 0x01, 
	0x60, 0x01, 0x70, 0x03, 0x60, 0x05, 0x70, 0x09, 
	0x98, 0x4b, 0x80, 0xcb, 0xcc, 0x19, 0xf5, 0x1d, 
	0xf5, 0x1d, 0xdc, 0x99, 0xe4, 0x05, 0xf4, 0x41, 
	0xf4, 0x41, 0xfc, 0x41, 0xf4, 0x41, 0xf4, 0x41, 
	0xf4, 0x41, 0xf4, 0x41, 0xf4, 0x41, 0xc3, 0x43, 
	0x88, 0x89, 0x60, 0x07, 0x90, 0x4b, 0x58, 0x85, 
	0x39, 0x43, 0x08, 0x41, 0x00, 0x00, 0x00, 0x00, 
	0x00, 0x00, 0x00, 0x00, 0x20, 0x01, 0x68, 0x01, 
	0x70, 0x03, 0x78, 0x03, 0x58, 0x03, 0x60, 0x07, 
	0xa8, 0x4d, 0xa1, 0x8d, 0xdc, 0x9b, 0xf5, 0x1d, 
	0xf5, 0x1d, 0xec, 0xdd, 0xcb, 0xcd, 0xf4, 0x41, 
	0xf4, 0x41, 0xf4, 0x41, 0xfc, 0x41, 0xf4, 0x41, 
	0xf4, 0x41, 0xf4, 0x41, 0xfc, 0x41, 0xd3, 0x81, 
	0x90, 0xc9, 0x88, 0x4b, 0x68, 0x07, 0x68, 0x03, 
	0x68, 0x01, 0x28, 0x01, 0x00, 0x00, 0x00, 0x00, 
	0x00, 0x00, 0x00, 0x00, 0x30, 0x01, 0x70, 0x03, 
	0x78, 0x03, 0x78, 0x03, 0x60, 0x01, 0x40, 0x03, 
	0x88, 0xcb, 0xb3, 0x53, 0xf5, 0x1d, 0xf5, 0x1d, 
	0xf5, 0x1d, 0xf5, 0x1d, 0xc4, 0x15, 0xec, 0x03, 
	0xf4, 0x41, 0xfc, 0x41, 0xf4, 0x41, 0xf4, 0x41, 
	0xf4, 0x41, 0xf4, 0x41, 0xfc, 0x41, 0xdb, 0x83, 
	0xa1, 0x0b, 0x90, 0x4b, 0x48, 0x03, 0x70, 0x03, 
	0x70, 0x03, 0x38, 0x01, 0x00, 0x00, 0x00, 0x00, 
	0x00, 0x00, 0x00, 0x00, 0x48, 0x01, 0x70, 0x03, 
	0x78, 0x03, 0x70, 0x03, 0x68, 0x01, 0x60, 0x01, 
	0x82, 0x8f, 0xec, 0xdd, 0xf5, 0x1d, 0xf5, 0x1d, 
	0xf5, 0x1d, 0xf5, 0x1d, 0xcc, 0x15, 0xec, 0x03, 
	0xf4, 0x41, 0xf4, 0x41, 0xf4, 0x41, 0xf4, 0x41, 
	0xfc, 0x41, 0xf4, 0x41, 0xfc, 0x41, 0xdb, 0xc1, 
	0x91, 0x0b, 0x68, 0x07, 0x48, 0x01, 0x70, 0x01, 
	0x70, 0x03, 0x48, 0x01, 0x08, 0x01, 0x00, 0x00, 
	0x00, 0x00, 0x08, 0x01, 0x50, 0x01, 0x70, 0x03, 
	0x78, 0x03, 0x70, 0x03, 0x70, 0x01, 0x70, 0x03, 
	0x8a, 0x8f, 0xed, 0x1d, 0xf5, 0x1d, 0xf5, 0x1d, 
	0xf5, 0x1d, 0xec, 0xdd, 0xcb, 0xcd, 0xf4, 0x41, 
	0xf4, 0x41, 0xd3, 0xc5, 0xbb, 0x47, 0xec, 0x01, 
	0xfc, 0x41, 0xfc, 0x41, 0xfc, 0x41, 0xe3, 0xc1, 
	0x69, 0x03, 0x68, 0x03, 0x60, 0x01, 0x70, 0x03, 
	0x78, 0x03, 0x58, 0x01, 0x10, 0x01, 0x00, 0x00, 
	0x00, 0x00, 0x10, 0x01, 0x60, 0x01, 0x70, 0x03, 
	0x78, 0x03, 0x70, 0x03, 0x58, 0x01, 0x70, 0x43, 
	0xa3, 0x53, 0xf5, 0x1d, 0xf5, 0x1d, 0xf5, 0x1d, 
	0xf5, 0x1d, 0xcc, 0x15, 0xec, 0x05, 0xf4, 0x41, 
	0xdb, 0xc7, 0xcc, 0x17, 0xc3, 0xd3, 0xf4, 0x01, 
	0xfc, 0x41, 0xfc, 0x41, 0xf4, 0x41, 0xec, 0x01, 
	0x81, 0xc1, 0x70, 0x03, 0x70, 0x03, 0x78, 0x03, 
	0x78, 0x03, 0x60, 0x01, 0x18, 0x01, 0x00, 0x00, 
	0x00, 0x00, 0x18, 0x01, 0x68, 0x01, 0x70, 0x03, 
	0x78, 0x03, 0x70, 0x03, 0x50, 0x41, 0x68, 0x43, 
	0xb3, 0x95, 0xf5, 0x1d, 0xf5, 0x1d, 0xf5, 0x1d, 
	0xd4, 0x57, 0xd3, 0xc9, 0xf4, 0x41, 0xf4, 0x01, 
	0xc3, 0xd3, 0xed, 0x1d, 0xc3, 0xd1, 0xf4, 0x41, 
	0xf4, 0x41, 0xf4, 0x41, 0xfc, 0x41, 0xf4, 0x41, 
	0xaa, 0xc1, 0x70, 0x81, 0x70, 0x03, 0x70, 0x03, 
	0x78, 0x03, 0x68, 0x01, 0x20, 0x01, 0x00, 0x00, 
	0x00, 0x00, 0x20, 0x01, 0x68, 0x01, 0x68, 0xc3, 
	0x68, 0x83, 0x70, 0x03, 0x41, 0x83, 0x60, 0xc3, 
	0xa3, 0x53, 0xf5, 0x1d, 0xed, 0x1d, 0xbb, 0xd5, 
	0xc3, 0x89, 0xf4, 0x41, 0xf4, 0x41, 0xd3, 0x87, 
	0xbb, 0xd7, 0xd4, 0x57, 0xd3, 0xc9, 0xf4, 0x41, 
	0xfc, 0x41, 0xfc, 0x41, 0xf4, 0x41, 0xf4, 0x41, 
	0xec, 0x01, 0xa2, 0x81, 0x70, 0x81, 0x70, 0x03, 
	0x78, 0x03, 0x68, 0x01, 0x28, 0x01, 0x00, 0x00, 
	0x00, 0x00, 0x20, 0x41, 0x49, 0xc5, 0x33, 0x89, 
	0x52, 0x05, 0x68, 0x83, 0x32, 0xc7, 0x61, 0x03, 
	0x8a, 0x4d, 0xed, 0x1d, 0xf5, 0x1d, 0xd4, 0x59, 
	0xab, 0x4d, 0xec, 0x01, 0xdb, 0xc5, 0x8b, 0x55, 
	0x8b, 0x9b, 0xc3, 0x8b, 0xf4, 0x41, 0xfc, 0x41, 
	0xf4, 0x41, 0xfc, 0x41, 0xf4, 0x41, 0xf4, 0x41, 
	0xec, 0x01, 0xcb, 0x41, 0x69, 0x41, 0x70, 0x03, 
	0x78, 0x03, 0x70, 0x01, 0x30, 0x01, 0x00, 0x00, 
	0x00, 0x00, 0x09, 0xc5, 0x24, 0x4b, 0x24, 0x8d, 
	0x33, 0x49, 0x50, 0xc3, 0x42, 0x47, 0x60, 0xc5, 
	0x71, 0x89, 0xdc, 0x9b, 0xf5, 0x1d, 0xdc, 0x9b, 
	0x92, 0xcb, 0xb3, 0x4d, 0x8b, 0x55, 0x94, 0x1f, 
	0x94, 0x1f, 0xd3, 0xcd, 0xf4, 0x41, 0xfc, 0x41, 
	0xf4, 0x41, 0xf4, 0x41, 0xf4, 0x41, 0xbb, 0x41, 
	0x81, 0xc1, 0x70, 0xc1, 0x70, 0x03, 0x70, 0x01, 
	0x78, 0x03, 0x70, 0x01, 0x38, 0x01, 0x00, 0x00, 
	0x00, 0x00, 0x12, 0x45, 0x43, 0x09, 0x4a, 0x87, 
	0x24, 0x0b, 0x61, 0x87, 0x88, 0x4b, 0xa0, 0x4d, 
	0x78, 0x89, 0x82, 0x4f, 0xab, 0x95, 0x92, 0x8f, 
	0x82, 0x8f, 0xe4, 0xdb, 0xab, 0xd9, 0x8b, 0xdd, 
	0x93, 0x99, 0xe4, 0x07, 0xf4, 0x41, 0xf4, 0x41, 
	0xfc, 0x41, 0xf4, 0x41, 0xf4, 0x41, 0xbb, 0x01, 
	0x70, 0x41, 0x78, 0x03, 0x78, 0x03, 0x78, 0x03, 
	0x78, 0x03, 0x70, 0x03, 0x38, 0x01, 0x00, 0x00, 
	0x00, 0x00, 0x21, 0x43, 0x61, 0x03, 0x70, 0x43, 
	0x61, 0x47, 0x98, 0x8b, 0x88, 0x4b, 0xb0, 0x4d, 
	0xa8, 0x4d, 0x70, 0x07, 0x68, 0x43, 0x70, 0x03, 
	0x79, 0xcb, 0xd4, 0x59, 0xbb, 0xd7, 0x6a, 0x97, 
	0xab, 0x0d, 0xec, 0x01, 0xf4, 0x41, 0xfc, 0x41, 
	0xf4, 0x41, 0xf4, 0x41, 0xf4, 0x41, 0xd3, 0x81, 
	0x70, 0xc1, 0x78, 0x03, 0x78, 0x03, 0x78, 0x03, 
	0x78, 0x03, 0x70, 0x01, 0x40, 0x01, 0x00, 0x00, 
	0x00, 0x00, 0x38, 0x01, 0x70, 0x03, 0x68, 0x03, 
	0x90, 0x4b, 0xa0, 0x4d, 0x70, 0x09, 0xa0, 0x4d, 
	0xa8, 0x4d, 0x98, 0x4b, 0x50, 0x05, 0x48, 0x87, 
	0x51, 0x4d, 0x6a, 0x97, 0x6a, 0x95, 0x72, 0xdb, 
	0x7a, 0x91, 0x92, 0x81, 0xdb, 0xc1, 0xf4, 0x01, 
	0xf4, 0x41, 0xf4, 0x41, 0xf4, 0x41, 0xec, 0x01, 
	0x89, 0xc1, 0x70, 0x03, 0x78, 0x03, 0x78, 0x03, 
	0x78, 0x03, 0x60, 0x41, 0x28, 0x41, 0x00, 0x00, 
	0x00, 0x00, 0x40, 0x01, 0x70, 0x03, 0x68, 0x05, 
	0xa8, 0x4d, 0x98, 0x4b, 0x90, 0x4b, 0x80, 0x49, 
	0x70, 0x09, 0x70, 0x49, 0x70, 0x49, 0x52, 0x13, 
	0x6a, 0x99, 0x73, 0x1b, 0x72, 0xdb, 0x72, 0xdb, 
	0x52, 0x13, 0x49, 0x8f, 0x6a, 0x51, 0x92, 0xcf, 
	0xc3, 0x49, 0xdb, 0xc1, 0xe3, 0xc1, 0xdb, 0xc1, 
	0x92, 0x41, 0x68, 0x43, 0x70, 0x03, 0x70, 0x03, 
	0x70, 0x43, 0x3a, 0x05, 0x09, 0x03, 0x00, 0x00, 
	0x00, 0x00, 0x38, 0x01, 0x70, 0x01, 0x70, 0x07, 
	0xa8, 0x4d, 0x88, 0x4b, 0x80, 0x49, 0x80, 0x49, 
	0x98, 0x4b, 0x80, 0x49, 0xa0, 0x4d, 0x59, 0x0b, 
	0x62, 0x97, 0x73, 0x1b, 0x72, 0xdb, 0x5a, 0x55, 
	0x62, 0x97, 0x72, 0xdb, 0x72, 0xdb, 0x72, 0xdb, 
	0x6a, 0x97, 0x61, 0xcd, 0x61, 0x41, 0x51, 0x01, 
	0x50, 0x83, 0x60, 0x05, 0x68, 0x07, 0x70, 0x07, 
	0x51, 0x45, 0x23, 0x09, 0x28, 0xc1, 0x00, 0x00, 
	0x00, 0x00, 0x38, 0x01, 0x68, 0x43, 0x59, 0x47, 
	0xa8, 0x4d, 0x78, 0x49, 0x78, 0x09, 0x78, 0x49, 
	0x90, 0x4b, 0x98, 0x4b, 0x88, 0x49, 0x68, 0x03, 
	0x59, 0xd1, 0x72, 0xdb, 0x62, 0x97, 0x62, 0x99, 
	0x72, 0xdb, 0x73, 0x1b, 0x73, 0x1b, 0x73, 0x1b, 
	0x72, 0xdb, 0x62, 0x97, 0x40, 0xc9, 0x60, 0x07, 
	0x80, 0x49, 0xa0, 0x4d, 0xa8, 0x4d, 0xa8, 0x4d, 
	0x90, 0xcb, 0x41, 0x45, 0x30, 0x01, 0x00, 0x00, 
	0x00, 0x00, 0x30, 0x01, 0x51, 0x43, 0x3a, 0x87, 
	0x90, 0x8b, 0x78, 0x09, 0x90, 0x4b, 0x98, 0x4b, 
	0x88, 0x49, 0x98, 0x4b, 0x68, 0x05, 0x61, 0x09, 
	0x6a, 0x97, 0x6a, 0xd9, 0x5a, 0x55, 0x72, 0xdb, 
	0x73, 0x1b, 0x73, 0x1b, 0x72, 0xdb, 0x72, 0xdb, 
	0x73, 0x1b, 0x72, 0xdb, 0x61, 0x8f, 0xa0, 0x4d, 
	0x78, 0x49, 0x90, 0x4b, 0xb0, 0x4d, 0xb0, 0x4d, 
	0x88, 0x49, 0x58, 0x05, 0x20, 0x01, 0x00, 0x00, 
	0x00, 0x00, 0x18, 0x01, 0x38, 0xc3, 0x60, 0xc3, 
	0x68, 0x87, 0x69, 0x0b, 0x70, 0xcb, 0x60, 0x89, 
	0x58, 0x05, 0x68, 0x85, 0x72, 0x83, 0x62, 0x93, 
	0x72, 0xdb, 0x62, 0x57, 0x6a, 0xd9, 0x73, 0x1b, 
	0x73, 0x1b, 0x73, 0x1b, 0x73, 0x1b, 0x72, 0xdb, 
	0x72, 0xdb, 0x72, 0xdb, 0x69, 0xd3, 0xa0, 0x4d, 
	0x78, 0x09, 0x78, 0x49, 0x88, 0x4b, 0x78, 0x49, 
	0x88, 0x4b, 0x78, 0x09, 0x20, 0x01, 0x00, 0x00, 
	0x00, 0x00, 0x20, 0x01, 0x60, 0x01, 0x70, 0x03, 
	0x72, 0x53, 0xad, 0x29, 0x8b, 0x9f, 0x73, 0x19, 
	0x60, 0x03, 0x81, 0x83, 0xc5, 0x87, 0x7b, 0x95, 
	0x72, 0xdb, 0x5a, 0x55, 0x72, 0xdb, 0x73, 0x1b, 
	0x73, 0x1b, 0x73, 0x1b, 0x73, 0x1b, 0x73, 0x1b, 
	0x72, 0xdb, 0x72, 0xdb, 0x72, 0x13, 0x98, 0x4b, 
	0x90, 0x4b, 0x88, 0x49, 0x90, 0x4b, 0x80, 0x49, 
	0xa0, 0x4d, 0x88, 0x49, 0x18, 0x01, 0x00, 0x00, 
	0x00, 0x00, 0x20, 0x01, 0x68, 0x03, 0x70, 0x03, 
	0x72, 0x11, 0xde, 0xb5, 0xd6, 0xb5, 0x9c, 0xe7, 
	0x90, 0xc7, 0xd1, 0xc3, 0xd5, 0xc7, 0x7b, 0x55, 
	0x72, 0xdb, 0x5a, 0x55, 0x72, 0xdb, 0x72, 0xdb, 
	0x72, 0xdb, 0x72, 0xdb, 0x73, 0x1b, 0x73, 0x1b, 
	0x73, 0x1b, 0x72, 0xdb, 0x61, 0xd3, 0x88, 0x4b, 
	0x90, 0x4b, 0x78, 0x49, 0x78, 0x49, 0x80, 0x49, 
	0xa8, 0x4d, 0x80, 0x49, 0x10, 0x01, 0x00, 0x00, 
	0x00, 0x00, 0x18, 0x01, 0x60, 0x01, 0x78, 0x03, 
	0x72, 0x53, 0xe7, 0x39, 0xff, 0xff, 0xe7, 0x39, 
	0xc2, 0x95, 0xda, 0x43, 0xcd, 0xc9, 0x73, 0x57, 
	0x72, 0xdb, 0x5a, 0x57, 0x62, 0x97, 0x72, 0xdb, 
	0x73, 0x1b, 0x73, 0x1b, 0x73, 0x1b, 0x73, 0x1b, 
	0x73, 0x1b, 0x72, 0xdb, 0x51, 0x8f, 0x58, 0x05, 
	0x88, 0x4b, 0x88, 0x4b, 0x70, 0x49, 0x88, 0x4b, 
	0xa8, 0x4d, 0x68, 0x07, 0x08, 0x01, 0x00, 0x00, 
	0x00, 0x00, 0x10, 0x01, 0x58, 0x01, 0x70, 0x03, 
	0x7a, 0xd7, 0xef, 0x7b, 0xff, 0xff, 0xf7, 0xbd, 
	0xc4, 0xa5, 0xc3, 0x85, 0xc5, 0x8b, 0x73, 0x19, 
	0x73, 0x1b, 0x72, 0xdb, 0x52, 0x55, 0x6a, 0xd9, 
	0x72, 0xdb, 0x73, 0x1b, 0x72, 0xdb, 0x73, 0x1b, 
	0x73, 0x1b, 0x6a, 0xd9, 0x61, 0x09, 0x60, 0x05, 
	0x78, 0x49, 0x88, 0x4b, 0x68, 0x09, 0xa0, 0x4d, 
	0x98, 0x4b, 0x48, 0x03, 0x08, 0x01, 0x00, 0x00, 
	0x00, 0x00, 0x08, 0x01, 0x48, 0x01, 0x70, 0x03, 
	0x8b, 0x9d, 0xf7, 0xbd, 0xff, 0xff, 0xff, 0xff, 
	0xc5, 0xed, 0xc5, 0x89, 0x9c, 0x51, 0x72, 0xdb, 
	0x73, 0x1b, 0x72, 0xdb, 0x7a, 0xd5, 0x72, 0xd7, 
	0x72, 0xdb, 0x72, 0xdb, 0x73, 0x1b, 0x73, 0x1b, 
	0x72, 0xdb, 0x62, 0x55, 0x68, 0x45, 0x70, 0x07, 
	0xa8, 0x4d, 0x90, 0x4b, 0x80, 0x49, 0x90, 0x8b, 
	0x51, 0xc7, 0x38, 0x41, 0x08, 0x01, 0x00, 0x00, 
	0x00, 0x00, 0x00, 0x00, 0x38, 0x01, 0x70, 0x03, 
	0x8b, 0x9d, 0xf7, 0xbd, 0xff, 0xff, 0xff, 0xff, 
	0xd6, 0xb3, 0xa4, 0xd1, 0x73, 0x17, 0x73, 0x1b, 
	0x72, 0xdb, 0x6a, 0xd9, 0xb3, 0xd7, 0xc4, 0x19, 
	0x72, 0xd7, 0x6a, 0x99, 0x62, 0x97, 0x72, 0xdb, 
	0x6a, 0x99, 0x61, 0x0b, 0x70, 0x03, 0x70, 0x07, 
	0xa0, 0x4d, 0x78, 0x49, 0x68, 0x07, 0x58, 0x83, 
	0x2a, 0x87, 0x28, 0x81, 0x00, 0x00, 0x00, 0x00, 
	0x00, 0x00, 0x00, 0x00, 0x28, 0x01, 0x70, 0x03, 
	0x7a, 0x95, 0xde, 0xf7, 0xff, 0xff, 0xff, 0xff, 
	0xf7, 0xbd, 0xa5, 0x29, 0x73, 0x1b, 0x72, 0xdb, 
	0x72, 0xdb, 0x8c, 0x63, 0xc5, 0xed, 0xd4, 0x9d, 
	0xc4, 0x19, 0x6a, 0x53, 0x49, 0xd1, 0x5a, 0x13, 
	0x59, 0x4d, 0x70, 0x03, 0x70, 0x01, 0x50, 0x03, 
	0x60, 0x05, 0x40, 0x03, 0x68, 0x01, 0x70, 0x03, 
	0x39, 0x03, 0x10, 0x01, 0x00, 0x00, 0x00, 0x00, 
	0x00, 0x00, 0x00, 0x00, 0x18, 0x01, 0x60, 0x01, 
	0x70, 0x85, 0x83, 0x5d, 0xa4, 0xe7, 0xd6, 0xb5, 
	0xff, 0xff, 0xf7, 0xbd, 0xc6, 0x31, 0x83, 0xe1, 
	0x73, 0x1b, 0xd6, 0xb5, 0xf7, 0xbd, 0xd6, 0xb5, 
	0xa3, 0xdd, 0x6a, 0x97, 0x61, 0x0b, 0x70, 0x03, 
	0x70, 0x03, 0x78, 0x03, 0x70, 0x03, 0x70, 0x03, 
	0x70, 0x01, 0x60, 0x01, 0x70, 0x03, 0x70, 0x03, 
	0x50, 0x01, 0x08, 0x01, 0x00, 0x00, 0x00, 0x00, 
	0x00, 0x00, 0x00, 0x00, 0x08, 0x01, 0x50, 0x01, 
	0x70, 0x03, 0x70, 0x03, 0x70, 0x45, 0x83, 0x5b, 
	0xe7, 0x39, 0xff, 0xff, 0xff, 0xff, 0xef, 0x7b, 
	0xce, 0x73, 0xf7, 0xbd, 0xff, 0xff, 0xf7, 0xbd, 
	0x83, 0xe1, 0x59, 0xd1, 0x70, 0x43, 0x78, 0x03, 
	0x78, 0x03, 0x78, 0x03, 0x78, 0x03, 0x78, 0x03, 
	0x70, 0x03, 0x70, 0x03, 0x78, 0x03, 0x78, 0x03, 
	0x58, 0x01, 0x08, 0x01, 0x00, 0x00, 0x00, 0x00, 
	0x00, 0x00, 0x00, 0x00, 0x00, 0x00, 0x38, 0x01, 
	0x70, 0x03, 0x78, 0x03, 0x78, 0x03, 0x70, 0x87, 
	0x9c, 0x63, 0xef, 0x7b, 0xff, 0xff, 0xff, 0xff, 
	0xff, 0xff, 0xff, 0xff, 0xff, 0xff, 0xd6, 0xb5, 
	0x52, 0x53, 0x50, 0xc7, 0x70, 0x03, 0x78, 0x03, 
	0x78, 0x03, 0x70, 0x03, 0x70, 0x03, 0x70, 0x03, 
	0x78, 0x03, 0x78, 0x03, 0x78, 0x03, 0x70, 0x03, 
	0x40, 0x01, 0x00, 0x01, 0x00, 0x00, 0x00, 0x00, 
	0x00, 0x00, 0x00, 0x00, 0x00, 0x00, 0x20, 0x01, 
	0x68, 0x01, 0x70, 0x03, 0x78, 0x03, 0x70, 0x01, 
	0x71, 0x09, 0xa4, 0xa5, 0xef, 0x7b, 0xff, 0xff, 
	0xff, 0xff, 0xff, 0xff, 0xf7, 0xbd, 0x9c, 0xe7, 
	0x49, 0x91, 0x48, 0xc9, 0x70, 0x03, 0x70, 0x03, 
	0x78, 0x03, 0x78, 0x03, 0x78, 0x03, 0x78, 0x03, 
	0x78, 0x03, 0x78, 0x03, 0x78, 0x03, 0x68, 0x01, 
	0x28, 0x01, 0x00, 0x00, 0x00, 0x00, 0x00, 0x00, 
	0x00, 0x00, 0x00, 0x00, 0x00, 0x00, 0x08, 0x01, 
	0x58, 0x01, 0x70, 0x03, 0x78, 0x03, 0x70, 0x03, 
	0x78, 0x03, 0x71, 0x09, 0xa4, 0xa5, 0xe7, 0x39, 
	0xff, 0xff, 0xff, 0xff, 0xde, 0xf7, 0x62, 0xd9, 
	0x52, 0x13, 0x52, 0x13, 0x59, 0x8f, 0x68, 0x45, 
	0x70, 0x03, 0x78, 0x03, 0x78, 0x03, 0x78, 0x03, 
	0x78, 0x03, 0x78, 0x03, 0x70, 0x03, 0x58, 0x01, 
	0x10, 0x01, 0x00, 0x00, 0x00, 0x00, 0x00, 0x00, 
	0x00, 0x00, 0x00, 0x00, 0x00, 0x00, 0x00, 0x00, 
	0x38, 0x01, 0x70, 0x03, 0x78, 0x03, 0x78, 0x03, 
	0x70, 0x03, 0x70, 0x03, 0x59, 0xcf, 0x83, 0xe1, 
	0xce, 0x33, 0xde, 0xf7, 0x9c, 0xe7, 0x72, 0xdb, 
	0x72, 0xdb, 0x72, 0xdb, 0x6a, 0xdb, 0x5a, 0x15, 
	0x60, 0xc9, 0x70, 0x03, 0x78, 0x03, 0x78, 0x03, 
	0x78, 0x03, 0x78, 0x03, 0x70, 0x03, 0x40, 0x01, 
	0x00, 0x01, 0x00, 0x00, 0x00, 0x00, 0x00, 0x00, 
	0x00, 0x00, 0x00, 0x00, 0x00, 0x00, 0x00, 0x00, 
	0x18, 0x01, 0x60, 0x01, 0x78, 0x03, 0x78, 0x03, 
	0x70, 0x03, 0x61, 0x0b, 0x6a, 0x99, 0x72, 0xdb, 
	0x6a, 0xdb, 0x6b, 0x1b, 0x72, 0xdb, 0x73, 0x1b, 
	0x73, 0x1b, 0x72, 0xdb, 0x73, 0x1b, 0x72, 0xdb, 
	0x62, 0x55, 0x68, 0xc9, 0x70, 0x03, 0x78, 0x03, 
	0x78, 0x03, 0x78, 0x03, 0x68, 0x01, 0x20, 0x01, 
	0x00, 0x00, 0x00, 0x00, 0x00, 0x00, 0x00, 0x00, 
	0x00, 0x00, 0x00, 0x00, 0x00, 0x00, 0x00, 0x00, 
	0x00, 0x01, 0x40, 0x01, 0x70, 0x03, 0x78, 0x03, 
	0x68, 0x87, 0x62, 0x55, 0x72, 0xdb, 0x73, 0x1b, 
	0x73, 0x1b, 0x72, 0xdb, 0x73, 0x1b, 0x73, 0x1b, 
	0x73, 0x1b, 0x73, 0x1b, 0x73, 0x1b, 0x73, 0x1b, 
	0x72, 0xdb, 0x5a, 0x13, 0x68, 0x45, 0x70, 0x03, 
	0x78, 0x03, 0x70, 0x03, 0x48, 0x01, 0x08, 0x01, 
	0x00, 0x00, 0x00, 0x00, 0x00, 0x00, 0x00, 0x00, 
	0x00, 0x00, 0x00, 0x00, 0x00, 0x00, 0x00, 0x00, 
	0x00, 0x00, 0x18, 0x01, 0x60, 0x01, 0x70, 0x03, 
	0x59, 0x91, 0x72, 0xdb, 0x73, 0x1b, 0x73, 0x1b, 
	0x73, 0x1b, 0x73, 0x1b, 0x73, 0x1b, 0x73, 0x1b, 
	0x73, 0x1b, 0x73, 0x1b, 0x73, 0x1b, 0x73, 0x1b, 
	0x73, 0x1b, 0x72, 0xdb, 0x59, 0x8f, 0x70, 0x03, 
	0x78, 0x03, 0x68, 0x01, 0x20, 0x01, 0x00, 0x00, 
	0x00, 0x00, 0x00, 0x00, 0x00, 0x00, 0x00, 0x00, 
	0x00, 0x00, 0x00, 0x00, 0x00, 0x00, 0x00, 0x00, 
	0x00, 0x00, 0x00, 0x01, 0x38, 0x01, 0x60, 0x87, 
	0x62, 0x97, 0x73, 0x1b, 0x73, 0x1b, 0x73, 0x1b, 
	0x72, 0xdb, 0x73, 0x1b, 0x72, 0xdb, 0x73, 0x1b, 
	0x72, 0xdb, 0x72, 0xdb, 0x73, 0x1b, 0x72, 0xdb, 
	0x73, 0x1b, 0x72, 0xdb, 0x62, 0x97, 0x68, 0x87, 
	0x70, 0x03, 0x40, 0x01, 0x00, 0x01, 0x00, 0x00, 
	0x00, 0x00, 0x00, 0x00, 0x00, 0x00, 0x00, 0x00, 
	0x00, 0x00, 0x00, 0x00, 0x00, 0x00, 0x00, 0x00, 
	0x00, 0x00, 0x00, 0x00, 0x10, 0x01, 0x41, 0x4b, 
	0x6a, 0xdb, 0x73, 0x1b, 0x73, 0x1b, 0x72, 0xdb, 
	0x73, 0x1b, 0x73, 0x1b, 0x73, 0x1b, 0x73, 0x1b, 
	0x73, 0x1b, 0x73, 0x1b, 0x73, 0x1b, 0x73, 0x1b, 
	0x73, 0x1b, 0x73, 0x1b, 0x72, 0xdb, 0x59, 0x8f, 
	0x58, 0x01, 0x18, 0x01, 0x00, 0x00, 0x00, 0x00, 
	0x00, 0x00, 0x00, 0x00, 0x00, 0x00, 0x00, 0x00, 
	0x00, 0x00, 0x00, 0x00, 0x00, 0x00, 0x00, 0x00, 
	0x00, 0x00, 0x00, 0x00, 0x00, 0x01, 0x20, 0xc7, 
	0x62, 0x97, 0x72, 0xdb, 0x73, 0x1b, 0x73, 0x1b, 
	0x73, 0x1b, 0x73, 0x1b, 0x73, 0x1b, 0x73, 0x1b, 
	0x73, 0x1b, 0x73, 0x1b, 0x73, 0x1b, 0x73, 0x1b, 
	0x73, 0x1b, 0x72, 0xdb, 0x72, 0xdb, 0x5a, 0x55, 
	0x20, 0x43, 0x00, 0x01, 0x00, 0x00, 0x00, 0x00, 
	0x00, 0x00, 0x00, 0x00, 0x00, 0x00, 0x00, 0x00, 
	0x00, 0x00, 0x00, 0x00, 0x00, 0x00, 0x00, 0x00, 
	0x00, 0x00, 0x00, 0x00, 0x00, 0x00, 0x00, 0x01, 
	0x31, 0x0b, 0x62, 0x99, 0x73, 0x1b, 0x73, 0x1b, 
	0x73, 0x1b, 0x73, 0x1b, 0x73, 0x1b, 0x73, 0x1b, 
	0x73, 0x1b, 0x73, 0x1b, 0x73, 0x1b, 0x72, 0xdb, 
	0x73, 0x1b, 0x72, 0xdb, 0x6a, 0x99, 0x39, 0x4d, 
	0x00, 0x01, 0x00, 0x00, 0x00, 0x00, 0x00, 0x00, 
	0x00, 0x00, 0x00, 0x00, 0x00, 0x00, 0x00, 0x00, 
	0x00, 0x00, 0x00, 0x00, 0x00, 0x00, 0x00, 0x00, 
	0x00, 0x00, 0x00, 0x00, 0x00, 0x00, 0x00, 0x00, 
	0x00, 0x01, 0x31, 0x4b, 0x62, 0x97, 0x72, 0xdb, 
	0x73, 0x1b, 0x73, 0x1b, 0x73, 0x1b, 0x73, 0x1b, 
	0x72, 0xdb, 0x73, 0x1b, 0x73, 0x1b, 0x73, 0x1b, 
	0x73, 0x1b, 0x6a, 0x99, 0x39, 0x4d, 0x08, 0x01, 
	0x00, 0x00, 0x00, 0x00, 0x00, 0x00, 0x00, 0x00, 
	0x00, 0x00, 0x00, 0x00, 0x00, 0x00, 0x00, 0x00, 
	0x00, 0x00, 0x00, 0x00, 0x00, 0x00, 0x00, 0x00, 
	0x00, 0x00, 0x00, 0x00, 0x00, 0x00, 0x00, 0x00, 
	0x00, 0x00, 0x00, 0x01, 0x29, 0x09, 0x5a, 0x55, 
	0x72, 0xdb, 0x73, 0x1b, 0x73, 0x1b, 0x73, 0x1b, 
	0x73, 0x1b, 0x73, 0x1b, 0x72, 0xdb, 0x72, 0xdb, 
	0x62, 0x57, 0x31, 0x0b, 0x08, 0x01, 0x00, 0x00, 
	0x00, 0x00, 0x00, 0x00, 0x00, 0x00, 0x00, 0x00, 
	0x00, 0x00, 0x00, 0x00, 0x00, 0x00, 0x00, 0x00, 
	0x00, 0x00, 0x00, 0x00, 0x00, 0x00, 0x00, 0x00, 
	0x00, 0x00, 0x00, 0x00, 0x00, 0x00, 0x00, 0x00, 
	0x00, 0x00, 0x00, 0x00, 0x00, 0x01, 0x18, 0x85, 
	0x41, 0x8f, 0x5a, 0x55, 0x6a, 0x99, 0x6a, 0xd9, 
	0x6a, 0xdb, 0x6a, 0xd9, 0x62, 0x57, 0x41, 0x8f, 
	0x18, 0x87, 0x00, 0x01, 0x00, 0x00, 0x00, 0x00, 
	0x00, 0x00, 0x00, 0x00, 0x00, 0x00, 0x00, 0x00, 
	0x00, 0x00, 0x00, 0x00, 0x00, 0x00, 0x00, 0x00, 
	0x00, 0x00, 0x00, 0x00, 0x00, 0x00, 0x00, 0x00, 
	0x00, 0x00, 0x00, 0x00, 0x00, 0x00, 0x00, 0x00, 
	0x00, 0x00, 0x00, 0x00, 0x00, 0x00, 0x00, 0x01, 
	0x00, 0x01, 0x10, 0x43, 0x20, 0xc9, 0x29, 0x0b, 
	0x29, 0x0b, 0x20, 0xc9, 0x10, 0x45, 0x00, 0x01, 
	0x00, 0x01, 0x00, 0x00, 0x00, 0x00, 0x00, 0x00, 
	0x00, 0x00, 0x00, 0x00, 0x00, 0x00, 0x00, 0x00, 
	0x00, 0x00, 0x00, 0x00, 0x00, 0x00, 0x00, 0x00, 
	0x00, 0x00, 0x00, 0x00, 0x00, 0x00, 0x00, 0x00, 
	0x00, 0x00, 0x00, 0x00, 0x00, 0x00, 0x00, 0x00, 
	0x00, 0x00, 0x00, 0x00, 0x00, 0x00, 0x00, 0x00, 
	0x00, 0x00, 0x00, 0x01, 0x00, 0x01, 0x00, 0x01, 
	0x00, 0x01, 0x00, 0x01, 0x00, 0x01, 0x00, 0x00, 
	0x00, 0x00, 0x00, 0x00, 0x00, 0x00, 0x00, 0x00, 
	0x00, 0x00, 0x00, 0x00, 0x00, 0x00, 0x00, 0x00, 
	0x00, 0x00, 0x00, 0x00, 0x00, 0x00, 0x00, 0x00, 
	0x00, 0x00, 0x00, 0x00, 0x00, 0x00, 0x00, 0x00, 
	0x00, 0x00, 0x00, 0x00, 0x00, 0x00, 0x00, 0x00, 
	0x00, 0x00, 0x00, 0x00, 0x00, 0x00, 0x00, 0x00, 
	0x00, 0x00, 0x00, 0x00, 0x00, 0x00, 0x00, 0x00, 
	0x00, 0x00, 0x00, 0x00, 0x00, 0x00, 0x00, 0x00, 
	0x00, 0x00, 0x00, 0x00, 0x00, 0x00, 0x00, 0x00, 
	0x00, 0x00, 0x00, 0x00, 0x00, 0x00, 0x00, 0x00, 
	0x00, 0x00, 0x00, 0x00, 0x00, 0x00, 0x00, 0x00, 
	0x00, 0x00, 0x00, 0x00, 0x00, 0x00, 0x00, 0x00, 
	0x00, 0x00, 0x00, 0x00, 0x00, 0x00, 0x00, 0x00, 
	0x00, 0x00, 0x00, 0x00, 0x00, 0x00, 0x00, 0x00, 
	0x00, 0x00, 0x00, 0x00, 0x00, 0x00, 0x00, 0x00, 
	0x00, 0x00, 0x00, 0x00, 0x00, 0x00, 0x00, 0x00, 
	0x00, 0x00, 0x00, 0x00, 0x00, 0x00, 0x00, 0x00, 
	0x00, 0x00, 0x00, 0x00, 0x00, 0x00, 0x00, 0x00, 
	0x00, 0x00, 0x00, 0x00, 0x00, 0x00, 0x00, 0x00, 
	
};

Vtx castle_inside_dl_inside_castle_seg7_dl_0702FD30_mesh_mesh_layer_1_vtx_0[76] = {
	{{ {-642, -618, -1148}, 0, {-6162, 480}, {255, 255, 255, 255} }},
	{{ {-1148, -618, -642}, 0, {990, 478}, {255, 255, 255, 255} }},
	{{ {-1148, -567, -642}, 0, {990, 0}, {255, 255, 255, 255} }},
	{{ {-642, -567, -1148}, 0, {-6162, 0}, {255, 255, 255, 255} }},
	{{ {-1076, -567, -1583}, 0, {6100, 0}, {255, 255, 255, 255} }},
	{{ {-1583, -567, -1076}, 0, {-1052, 0}, {255, 255, 255, 255} }},
	{{ {-1583, -618, -1076}, 0, {-1052, 478}, {255, 255, 255, 255} }},
	{{ {-1076, -618, -1583}, 0, {6100, 480}, {255, 255, 255, 255} }},
	{{ {-2524, -567, -3031}, 0, {3544, -12296}, {255, 255, 255, 255} }},
	{{ {-3031, -567, -2524}, 0, {0, -12296}, {255, 255, 255, 255} }},
	{{ {-1583, -567, -1076}, 0, {0, -2076}, {255, 255, 255, 255} }},
	{{ {-1076, -567, -1583}, 0, {3546, -2076}, {255, 255, 255, 255} }},
	{{ {-642, -567, -1148}, 0, {3546, 990}, {255, 255, 255, 255} }},
	{{ {-1148, -567, -642}, 0, {0, 990}, {255, 255, 255, 255} }},
	{{ {752, -567, 1259}, 0, {0, 14402}, {255, 255, 255, 255} }},
	{{ {1259, -567, 752}, 0, {3546, 14402}, {255, 255, 255, 255} }},
	{{ {770, -541, 1277}, 0, {-1052, 328}, {255, 255, 255, 255} }},
	{{ {1277, -541, 770}, 0, {6100, 328}, {255, 255, 255, 255} }},
	{{ {1259, -541, 752}, 0, {6100, 160}, {255, 255, 255, 255} }},
	{{ {752, -541, 1259}, 0, {-1052, 160}, {255, 255, 255, 255} }},
	{{ {1332, -464, 825}, 0, {6100, 1408}, {182, 0, 5, 255} }},
	{{ {825, -464, 1332}, 0, {-1052, 1408}, {182, 0, 5, 255} }},
	{{ {825, -439, 1332}, 0, {-1052, 1600}, {182, 0, 5, 255} }},
	{{ {1332, -439, 825}, 0, {6100, 1600}, {182, 0, 5, 255} }},
	{{ {770, -541, 1277}, 0, {-1052, 328}, {182, 0, 5, 255} }},
	{{ {770, -516, 1277}, 0, {-1052, 520}, {182, 0, 5, 255} }},
	{{ {1277, -516, 770}, 0, {6100, 520}, {182, 0, 5, 255} }},
	{{ {1277, -541, 770}, 0, {6100, 328}, {182, 0, 5, 255} }},
	{{ {807, -464, 1313}, 0, {-1052, 1240}, {182, 0, 5, 255} }},
	{{ {1313, -464, 807}, 0, {6100, 1240}, {182, 0, 5, 255} }},
	{{ {1313, -490, 807}, 0, {6100, 1048}, {182, 0, 5, 255} }},
	{{ {807, -490, 1313}, 0, {-1052, 1048}, {182, 0, 5, 255} }},
	{{ {807, -464, 1313}, 0, {-1052, 1240}, {255, 255, 255, 255} }},
	{{ {825, -464, 1332}, 0, {-1052, 1408}, {255, 255, 255, 255} }},
	{{ {1332, -464, 825}, 0, {6100, 1408}, {255, 255, 255, 255} }},
	{{ {1313, -464, 807}, 0, {6100, 1240}, {255, 255, 255, 255} }},
	{{ {752, -541, 1259}, 0, {-1052, 160}, {182, 0, 5, 255} }},
	{{ {1259, -541, 752}, 0, {6100, 160}, {182, 0, 5, 255} }},
	{{ {1259, -567, 752}, 0, {6100, 0}, {182, 0, 5, 255} }},
	{{ {752, -567, 1259}, 0, {-1052, 0}, {182, 0, 5, 255} }},
	{{ {861, -413, 1368}, 0, {-1052, 2130}, {182, 0, 5, 255} }},
	{{ {861, -388, 1368}, 0, {-1052, 2322}, {182, 0, 5, 255} }},
	{{ {1368, -388, 861}, 0, {6100, 2322}, {182, 0, 5, 255} }},
	{{ {1368, -413, 861}, 0, {6100, 2130}, {182, 0, 5, 255} }},
	{{ {843, -413, 1350}, 0, {-1052, 1960}, {182, 0, 5, 255} }},
	{{ {1350, -413, 843}, 0, {6100, 1960}, {182, 0, 5, 255} }},
	{{ {1350, -439, 843}, 0, {6100, 1768}, {182, 0, 5, 255} }},
	{{ {843, -439, 1350}, 0, {-1052, 1768}, {182, 0, 5, 255} }},
	{{ {789, -516, 1295}, 0, {-1052, 690}, {182, 0, 5, 255} }},
	{{ {789, -490, 1295}, 0, {-1052, 882}, {182, 0, 5, 255} }},
	{{ {1295, -490, 788}, 0, {6100, 882}, {182, 0, 5, 255} }},
	{{ {1295, -516, 788}, 0, {6100, 690}, {182, 0, 5, 255} }},
	{{ {1386, -388, 879}, 0, {6100, 2490}, {182, 0, 5, 255} }},
	{{ {879, -388, 1386}, 0, {-1052, 2490}, {182, 0, 5, 255} }},
	{{ {879, -362, 1386}, 0, {-1052, 2682}, {182, 0, 5, 255} }},
	{{ {1386, -362, 879}, 0, {6100, 2682}, {182, 0, 5, 255} }},
	{{ {1277, -516, 770}, 0, {6100, 520}, {255, 255, 255, 255} }},
	{{ {770, -516, 1277}, 0, {-1052, 520}, {255, 255, 255, 255} }},
	{{ {789, -516, 1295}, 0, {-1052, 690}, {255, 255, 255, 255} }},
	{{ {1295, -516, 788}, 0, {6100, 690}, {255, 255, 255, 255} }},
	{{ {1350, -413, 843}, 0, {6100, 1960}, {255, 255, 255, 255} }},
	{{ {843, -413, 1350}, 0, {-1052, 1960}, {255, 255, 255, 255} }},
	{{ {861, -413, 1368}, 0, {-1052, 2130}, {255, 255, 255, 255} }},
	{{ {1368, -413, 861}, 0, {6100, 2130}, {255, 255, 255, 255} }},
	{{ {843, -439, 1350}, 0, {-1052, 1768}, {255, 255, 255, 255} }},
	{{ {1350, -439, 843}, 0, {6100, 1768}, {255, 255, 255, 255} }},
	{{ {1332, -439, 825}, 0, {6100, 1600}, {255, 255, 255, 255} }},
	{{ {825, -439, 1332}, 0, {-1052, 1600}, {255, 255, 255, 255} }},
	{{ {879, -388, 1386}, 0, {-1052, 2490}, {255, 255, 255, 255} }},
	{{ {1386, -388, 879}, 0, {6100, 2490}, {255, 255, 255, 255} }},
	{{ {1368, -388, 861}, 0, {6100, 2322}, {255, 255, 255, 255} }},
	{{ {861, -388, 1368}, 0, {-1052, 2322}, {255, 255, 255, 255} }},
	{{ {807, -490, 1313}, 0, {-1052, 1048}, {255, 255, 255, 255} }},
	{{ {1313, -490, 807}, 0, {6100, 1048}, {255, 255, 255, 255} }},
	{{ {1295, -490, 788}, 0, {6100, 882}, {255, 255, 255, 255} }},
	{{ {789, -490, 1295}, 0, {-1052, 882}, {255, 255, 255, 255} }},
};

Gfx castle_inside_dl_inside_castle_seg7_dl_0702FD30_mesh_mesh_layer_1_tri_0[] = {
	gsSPVertex(castle_inside_dl_inside_castle_seg7_dl_0702FD30_mesh_mesh_layer_1_vtx_0 + 0, 16, 0),
	gsSP1Triangle(0, 1, 2, 0),
	gsSP1Triangle(0, 2, 3, 0),
	gsSP1Triangle(4, 5, 6, 0),
	gsSP1Triangle(4, 6, 7, 0),
	gsSP1Triangle(8, 9, 10, 0),
	gsSP1Triangle(8, 10, 11, 0),
	gsSP1Triangle(12, 13, 14, 0),
	gsSP1Triangle(12, 14, 15, 0),
	gsSPVertex(castle_inside_dl_inside_castle_seg7_dl_0702FD30_mesh_mesh_layer_1_vtx_0 + 16, 16, 0),
	gsSP1Triangle(0, 1, 2, 0),
	gsSP1Triangle(0, 2, 3, 0),
	gsSP1Triangle(4, 5, 6, 0),
	gsSP1Triangle(4, 6, 7, 0),
	gsSP1Triangle(8, 9, 10, 0),
	gsSP1Triangle(8, 10, 11, 0),
	gsSP1Triangle(12, 13, 14, 0),
	gsSP1Triangle(12, 14, 15, 0),
	gsSPVertex(castle_inside_dl_inside_castle_seg7_dl_0702FD30_mesh_mesh_layer_1_vtx_0 + 32, 16, 0),
	gsSP1Triangle(0, 1, 2, 0),
	gsSP1Triangle(0, 2, 3, 0),
	gsSP1Triangle(4, 5, 6, 0),
	gsSP1Triangle(4, 6, 7, 0),
	gsSP1Triangle(8, 9, 10, 0),
	gsSP1Triangle(8, 10, 11, 0),
	gsSP1Triangle(12, 13, 14, 0),
	gsSP1Triangle(12, 14, 15, 0),
	gsSPVertex(castle_inside_dl_inside_castle_seg7_dl_0702FD30_mesh_mesh_layer_1_vtx_0 + 48, 16, 0),
	gsSP1Triangle(0, 1, 2, 0),
	gsSP1Triangle(0, 2, 3, 0),
	gsSP1Triangle(4, 5, 6, 0),
	gsSP1Triangle(4, 6, 7, 0),
	gsSP1Triangle(8, 9, 10, 0),
	gsSP1Triangle(8, 10, 11, 0),
	gsSP1Triangle(12, 13, 14, 0),
	gsSP1Triangle(12, 14, 15, 0),
	gsSPVertex(castle_inside_dl_inside_castle_seg7_dl_0702FD30_mesh_mesh_layer_1_vtx_0 + 64, 12, 0),
	gsSP1Triangle(0, 1, 2, 0),
	gsSP1Triangle(0, 2, 3, 0),
	gsSP1Triangle(4, 5, 6, 0),
	gsSP1Triangle(4, 6, 7, 0),
	gsSP1Triangle(8, 9, 10, 0),
	gsSP1Triangle(8, 10, 11, 0),
	gsSPEndDisplayList(),
};

Vtx castle_inside_dl_inside_castle_seg7_dl_0702FD30_mesh_mesh_layer_1_vtx_1[8] = {
	{{ {1386, -362, 879}, 0, {-1562, -1566}, {255, 255, 255, 255} }},
	{{ {879, -362, 1386}, 0, {-1562, 2010}, {255, 255, 255, 255} }},
	{{ {1458, -362, 1965}, 0, {2522, 2010}, {255, 255, 255, 255} }},
	{{ {1965, -362, 1458}, 0, {2524, -1566}, {255, 255, 255, 255} }},
	{{ {1603, -362, 1820}, 0, {2522, 990}, {255, 255, 255, 255} }},
	{{ {1639, -362, 1856}, 0, {2778, 990}, {255, 255, 255, 255} }},
	{{ {1857, -362, 1639}, 0, {2778, -542}, {255, 255, 255, 255} }},
	{{ {1820, -362, 1603}, 0, {2524, -542}, {255, 255, 255, 255} }},
};

Gfx castle_inside_dl_inside_castle_seg7_dl_0702FD30_mesh_mesh_layer_1_tri_1[] = {
	gsSPVertex(castle_inside_dl_inside_castle_seg7_dl_0702FD30_mesh_mesh_layer_1_vtx_1 + 0, 8, 0),
	gsSP1Triangle(0, 1, 2, 0),
	gsSP1Triangle(0, 2, 3, 0),
	gsSP1Triangle(4, 5, 6, 0),
	gsSP1Triangle(4, 6, 7, 0),
	gsSPEndDisplayList(),
};

Vtx castle_inside_dl_inside_castle_seg7_dl_0702FD30_mesh_mesh_layer_1_vtx_2[54] = {
	{{ {1820, -362, 1603}, 0, {0, 990}, {255, 255, 255, 255} }},
	{{ {1857, -362, 1639}, 0, {478, 990}, {255, 255, 255, 255} }},
	{{ {1857, -106, 1639}, 0, {480, -1564}, {255, 255, 255, 255} }},
	{{ {1820, -106, 1603}, 0, {0, -1564}, {255, 255, 255, 255} }},
	{{ {1603, -106, 1820}, 0, {0, -1564}, {255, 255, 255, 255} }},
	{{ {1639, -106, 1856}, 0, {480, -1564}, {255, 255, 255, 255} }},
	{{ {1639, -362, 1856}, 0, {478, 990}, {255, 255, 255, 255} }},
	{{ {1603, -362, 1820}, 0, {0, 990}, {255, 255, 255, 255} }},
	{{ {1458, 252, 1965}, 0, {2521, -30}, {0, 0, 0, 255} }},
	{{ {1965, 252, 1458}, 0, {-1033, -30}, {0, 0, 0, 255} }},
	{{ {1820, -106, 1603}, 0, {0, 3542}, {255, 255, 255, 255} }},
	{{ {1603, -106, 1820}, 0, {1502, 3542}, {255, 255, 255, 255} }},
	{{ {1458, -362, 1965}, 0, {2524, 6098}, {255, 255, 255, 255} }},
	{{ {1458, 252, 1965}, 0, {2524, -29}, {0, 0, 0, 255} }},
	{{ {1603, -362, 1820}, 0, {1502, 6098}, {255, 255, 255, 255} }},
	{{ {1965, -362, 1458}, 0, {-1052, 6098}, {255, 255, 255, 255} }},
	{{ {1820, -362, 1603}, 0, {0, 6098}, {255, 255, 255, 255} }},
	{{ {1820, -106, 1603}, 0, {0, 3542}, {255, 255, 255, 255} }},
	{{ {1965, 252, 1458}, 0, {-1052, -29}, {0, 0, 0, 255} }},
	{{ {-2524, -567, -3031}, 0, {-7694, 990}, {255, 255, 255, 255} }},
	{{ {-316, -567, -823}, 0, {7888, 990}, {255, 154, 0, 255} }},
	{{ {-316, 252, -823}, 0, {7888, -7186}, {0, 0, 0, 255} }},
	{{ {-2524, 252, -3031}, 0, {-7694, -7186}, {0, 0, 0, 255} }},
	{{ {-207, 252, -714}, 0, {7634, -6164}, {0, 0, 0, 255} }},
	{{ {-207, -567, -714}, 0, {7634, 2010}, {255, 154, 0, 255} }},
	{{ {1965, -567, 1458}, 0, {-7696, 2010}, {255, 255, 255, 255} }},
	{{ {1965, 252, 1458}, 0, {-7696, -6164}, {0, 0, 0, 255} }},
	{{ {-714, 252, -207}, 0, {-4118, -2586}, {0, 0, 0, 255} }},
	{{ {-207, 252, -714}, 0, {-4118, 990}, {0, 0, 0, 255} }},
	{{ {1965, 252, 1458}, 0, {11210, 990}, {0, 0, 0, 255} }},
	{{ {1458, 252, 1965}, 0, {11210, -2588}, {0, 0, 0, 255} }},
	{{ {-714, 252, -207}, 0, {7634, -6164}, {0, 0, 0, 255} }},
	{{ {1458, 252, 1965}, 0, {-7696, -6164}, {0, 0, 0, 255} }},
	{{ {1458, -567, 1965}, 0, {-7694, 2010}, {255, 255, 255, 255} }},
	{{ {-714, -567, -207}, 0, {7634, 2010}, {255, 154, 0, 255} }},
	{{ {-3031, -567, -2524}, 0, {-7694, 990}, {255, 255, 255, 255} }},
	{{ {-3031, 252, -2524}, 0, {-7694, -7186}, {0, 0, 0, 255} }},
	{{ {-823, 252, -316}, 0, {7888, -7186}, {0, 0, 0, 255} }},
	{{ {-823, -567, -316}, 0, {7888, 990}, {255, 154, 0, 255} }},
	{{ {-3031, 252, -2524}, 0, {-10250, -2588}, {0, 0, 0, 255} }},
	{{ {-2524, 252, -3031}, 0, {-10250, 990}, {0, 0, 0, 255} }},
	{{ {-316, 252, -823}, 0, {5334, 990}, {0, 0, 0, 255} }},
	{{ {-823, 252, -316}, 0, {5334, -2588}, {0, 0, 0, 255} }},
	{{ {-2995, -465, -2560}, 0, {-1052, 6098}, {255, 255, 255, 255} }},
	{{ {-3031, -567, -2524}, 0, {-1308, 7120}, {255, 255, 255, 255} }},
	{{ {-2524, -567, -3031}, 0, {2268, 7120}, {255, 255, 255, 255} }},
	{{ {-3031, 252, -2524}, 0, {-1308, -1054}, {0, 0, 0, 255} }},
	{{ {-3031, 252, -2524}, 0, {-1308, -1054}, {0, 0, 0, 255} }},
	{{ {-2995, -465, -2560}, 0, {-1052, 6098}, {255, 255, 255, 255} }},
	{{ {-2995, 150, -2560}, 0, {-1052, 0}, {255, 255, 255, 255} }},
	{{ {-2560, 150, -2995}, 0, {2012, 0}, {255, 255, 255, 255} }},
	{{ {-2524, 252, -3031}, 0, {2268, -1054}, {0, 0, 0, 255} }},
	{{ {-2524, -567, -3031}, 0, {2268, 7120}, {255, 255, 255, 255} }},
	{{ {-2560, -465, -2995}, 0, {2012, 6098}, {255, 255, 255, 255} }},
};

Gfx castle_inside_dl_inside_castle_seg7_dl_0702FD30_mesh_mesh_layer_1_tri_2[] = {
	gsSPVertex(castle_inside_dl_inside_castle_seg7_dl_0702FD30_mesh_mesh_layer_1_vtx_2 + 0, 15, 0),
	gsSP1Triangle(0, 1, 2, 0),
	gsSP1Triangle(0, 2, 3, 0),
	gsSP1Triangle(4, 3, 2, 0),
	gsSP1Triangle(4, 2, 5, 0),
	gsSP1Triangle(6, 4, 5, 0),
	gsSP1Triangle(6, 7, 4, 0),
	gsSP1Triangle(8, 9, 10, 0),
	gsSP1Triangle(8, 10, 11, 0),
	gsSP1Triangle(11, 12, 13, 0),
	gsSP1Triangle(11, 14, 12, 0),
	gsSPVertex(castle_inside_dl_inside_castle_seg7_dl_0702FD30_mesh_mesh_layer_1_vtx_2 + 15, 16, 0),
	gsSP1Triangle(0, 1, 2, 0),
	gsSP1Triangle(0, 2, 3, 0),
	gsSP1Triangle(4, 5, 6, 0),
	gsSP1Triangle(4, 6, 7, 0),
	gsSP1Triangle(8, 9, 10, 0),
	gsSP1Triangle(8, 10, 11, 0),
	gsSP1Triangle(12, 13, 14, 0),
	gsSP1Triangle(12, 14, 15, 0),
	gsSPVertex(castle_inside_dl_inside_castle_seg7_dl_0702FD30_mesh_mesh_layer_1_vtx_2 + 31, 16, 0),
	gsSP1Triangle(0, 1, 2, 0),
	gsSP1Triangle(0, 2, 3, 0),
	gsSP1Triangle(4, 5, 6, 0),
	gsSP1Triangle(4, 6, 7, 0),
	gsSP1Triangle(8, 9, 10, 0),
	gsSP1Triangle(8, 10, 11, 0),
	gsSP1Triangle(12, 13, 14, 0),
	gsSP1Triangle(15, 13, 12, 0),
	gsSPVertex(castle_inside_dl_inside_castle_seg7_dl_0702FD30_mesh_mesh_layer_1_vtx_2 + 47, 7, 0),
	gsSP1Triangle(0, 1, 2, 0),
	gsSP1Triangle(0, 2, 3, 0),
	gsSP1Triangle(0, 3, 4, 0),
	gsSP1Triangle(3, 5, 4, 0),
	gsSP1Triangle(3, 6, 5, 0),
	gsSP1Triangle(1, 5, 6, 0),
	gsSPEndDisplayList(),
};

Vtx castle_inside_dl_inside_castle_seg7_dl_0702FD30_mesh_mesh_layer_1_vtx_3[89] = {
	{{ {-1655, 252, -2162}, 0, {990, 2012}, {0, 0, 0, 255} }},
	{{ {-2162, 252, -1655}, 0, {990, 0}, {0, 0, 0, 255} }},
	{{ {-2162, 201, -1728}, 0, {650, 116}, {0, 0, 0, 255} }},
	{{ {-1728, 201, -2162}, 0, {650, 1868}, {0, 0, 0, 255} }},
	{{ {-2198, 201, -1764}, 0, {308, 116}, {0, 0, 0, 255} }},
	{{ {-1764, 201, -2198}, 0, {308, 1868}, {0, 0, 0, 255} }},
	{{ {-2271, 252, -1764}, 0, {0, 0}, {0, 0, 0, 255} }},
	{{ {-1764, 252, -2271}, 0, {0, 2012}, {0, 0, 0, 255} }},
	{{ {-1764, 252, -2271}, 0, {0, 0}, {0, 0, 0, 255} }},
	{{ {-1764, -567, -2271}, 0, {0, 2012}, {255, 154, 0, 255} }},
	{{ {-1764, -567, -2198}, 0, {308, 2012}, {255, 154, 0, 255} }},
	{{ {-1764, 201, -2198}, 0, {308, 96}, {0, 0, 0, 255} }},
	{{ {-1728, -567, -2162}, 0, {650, 2012}, {255, 154, 0, 255} }},
	{{ {-1728, 201, -2162}, 0, {650, 96}, {0, 0, 0, 255} }},
	{{ {-1655, -567, -2162}, 0, {990, 2012}, {255, 154, 0, 255} }},
	{{ {-1655, 252, -2162}, 0, {990, 0}, {0, 0, 0, 255} }},
	{{ {-714, 201, -280}, 0, {650, 112}, {0, 0, 0, 255} }},
	{{ {-207, 252, -714}, 0, {990, 2012}, {0, 0, 0, 255} }},
	{{ {-714, 252, -207}, 0, {990, 0}, {0, 0, 0, 255} }},
	{{ {-279, 201, -714}, 0, {650, 1864}, {0, 0, 0, 255} }},
	{{ {-750, 201, -316}, 0, {308, 112}, {0, 0, 0, 255} }},
	{{ {-316, 201, -750}, 0, {308, 1864}, {0, 0, 0, 255} }},
	{{ {-823, 252, -316}, 0, {0, 0}, {0, 0, 0, 255} }},
	{{ {-316, 252, -823}, 0, {0, 2012}, {0, 0, 0, 255} }},
	{{ {-750, 201, -316}, 0, {308, 96}, {0, 0, 0, 255} }},
	{{ {-823, -567, -316}, 0, {0, 2012}, {255, 154, 0, 255} }},
	{{ {-750, -567, -316}, 0, {308, 2012}, {255, 154, 0, 255} }},
	{{ {-714, 201, -280}, 0, {650, 96}, {0, 0, 0, 255} }},
	{{ {-714, -567, -280}, 0, {650, 2012}, {255, 154, 0, 255} }},
	{{ {-714, -567, -207}, 0, {990, 2012}, {255, 154, 0, 255} }},
	{{ {-2162, 252, -1655}, 0, {0, 0}, {0, 0, 0, 255} }},
	{{ {-2162, -567, -1655}, 0, {0, 2012}, {255, 154, 0, 255} }},
	{{ {-2162, -567, -1728}, 0, {308, 2012}, {255, 154, 0, 255} }},
	{{ {-2162, 201, -1728}, 0, {308, 96}, {0, 0, 0, 255} }},
	{{ {-2198, -567, -1764}, 0, {650, 2012}, {255, 154, 0, 255} }},
	{{ {-2198, 201, -1764}, 0, {650, 96}, {0, 0, 0, 255} }},
	{{ {-2271, -567, -1764}, 0, {990, 2012}, {255, 154, 0, 255} }},
	{{ {-2271, 252, -1764}, 0, {990, 0}, {0, 0, 0, 255} }},
	{{ {-1583, -772, -1076}, 0, {0, 0}, {0, 0, 0, 255} }},
	{{ {-1076, -618, -1583}, 0, {0, 0}, {0, 0, 0, 255} }},
	{{ {-1583, -618, -1076}, 0, {0, 0}, {0, 0, 0, 255} }},
	{{ {-1076, -772, -1583}, 0, {0, 0}, {0, 0, 0, 255} }},
	{{ {-1148, -772, -642}, 0, {0, 0}, {0, 0, 0, 255} }},
	{{ {-1148, -567, -642}, 0, {0, 0}, {0, 0, 0, 255} }},
	{{ {-1583, -567, -1076}, 0, {0, 0}, {0, 0, 0, 255} }},
	{{ {-642, -772, -1148}, 0, {0, 0}, {0, 0, 0, 255} }},
	{{ {-1148, -618, -642}, 0, {0, 0}, {0, 0, 0, 255} }},
	{{ {-642, -772, -1148}, 0, {0, 0}, {0, 0, 0, 255} }},
	{{ {-1148, -772, -642}, 0, {0, 0}, {0, 0, 0, 255} }},
	{{ {-642, -618, -1148}, 0, {0, 0}, {0, 0, 0, 255} }},
	{{ {-1076, -567, -1583}, 0, {0, 0}, {0, 0, 0, 255} }},
	{{ {-1076, -772, -1583}, 0, {0, 0}, {0, 0, 0, 255} }},
	{{ {-642, -567, -1148}, 0, {0, 0}, {0, 0, 0, 255} }},
	{{ {626, 252, 1132}, 0, {990, 2012}, {0, 0, 0, 255} }},
	{{ {1132, 252, 626}, 0, {990, 0}, {0, 0, 0, 255} }},
	{{ {1132, 201, 698}, 0, {650, 116}, {0, 0, 0, 255} }},
	{{ {698, 201, 1132}, 0, {650, 1868}, {0, 0, 0, 255} }},
	{{ {1169, 201, 734}, 0, {308, 116}, {0, 0, 0, 255} }},
	{{ {734, 201, 1169}, 0, {308, 1868}, {0, 0, 0, 255} }},
	{{ {-316, 252, -823}, 0, {0, 0}, {0, 0, 0, 255} }},
	{{ {-316, -567, -823}, 0, {0, 2012}, {255, 154, 0, 255} }},
	{{ {-316, -567, -750}, 0, {308, 2012}, {255, 154, 0, 255} }},
	{{ {-316, 252, -823}, 0, {0, 0}, {0, 0, 0, 255} }},
	{{ {-316, -567, -750}, 0, {308, 2012}, {255, 154, 0, 255} }},
	{{ {-316, 201, -750}, 0, {308, 96}, {0, 0, 0, 255} }},
	{{ {-279, -567, -714}, 0, {650, 2012}, {255, 154, 0, 255} }},
	{{ {-279, 201, -714}, 0, {650, 96}, {0, 0, 0, 255} }},
	{{ {-207, -567, -714}, 0, {990, 2012}, {255, 154, 0, 255} }},
	{{ {-207, 252, -714}, 0, {990, 0}, {0, 0, 0, 255} }},
	{{ {1132, -567, 698}, 0, {650, 2012}, {255, 154, 0, 255} }},
	{{ {1132, 252, 626}, 0, {990, 0}, {0, 0, 0, 255} }},
	{{ {1132, -567, 626}, 0, {990, 2012}, {255, 154, 0, 255} }},
	{{ {1132, 201, 698}, 0, {650, 96}, {0, 0, 0, 255} }},
	{{ {1169, -567, 734}, 0, {308, 2012}, {255, 154, 0, 255} }},
	{{ {1169, 201, 734}, 0, {308, 96}, {0, 0, 0, 255} }},
	{{ {1241, -567, 734}, 0, {0, 2012}, {255, 154, 0, 255} }},
	{{ {1241, 252, 734}, 0, {0, 0}, {0, 0, 0, 255} }},
	{{ {626, -567, 1132}, 0, {990, 2012}, {255, 154, 0, 255} }},
	{{ {626, 252, 1132}, 0, {990, 0}, {0, 0, 0, 255} }},
	{{ {698, 201, 1132}, 0, {650, 96}, {0, 0, 0, 255} }},
	{{ {698, -567, 1132}, 0, {650, 2012}, {255, 154, 0, 255} }},
	{{ {734, 201, 1169}, 0, {308, 96}, {0, 0, 0, 255} }},
	{{ {734, -567, 1169}, 0, {308, 2012}, {255, 154, 0, 255} }},
	{{ {734, 252, 1241}, 0, {0, 0}, {0, 0, 0, 255} }},
	{{ {734, -567, 1241}, 0, {0, 2012}, {255, 154, 0, 255} }},
	{{ {734, 201, 1169}, 0, {308, 1864}, {0, 0, 0, 255} }},
	{{ {1169, 201, 734}, 0, {308, 116}, {0, 0, 0, 255} }},
	{{ {1241, 252, 734}, 0, {0, 0}, {0, 0, 0, 255} }},
	{{ {734, 252, 1241}, 0, {0, 2012}, {0, 0, 0, 255} }},
};

Gfx castle_inside_dl_inside_castle_seg7_dl_0702FD30_mesh_mesh_layer_1_tri_3[] = {
	gsSPVertex(castle_inside_dl_inside_castle_seg7_dl_0702FD30_mesh_mesh_layer_1_vtx_3 + 0, 16, 0),
	gsSP1Triangle(0, 1, 2, 0),
	gsSP1Triangle(0, 2, 3, 0),
	gsSP1Triangle(4, 3, 2, 0),
	gsSP1Triangle(4, 5, 3, 0),
	gsSP1Triangle(5, 4, 6, 0),
	gsSP1Triangle(5, 6, 7, 0),
	gsSP1Triangle(8, 9, 10, 0),
	gsSP1Triangle(8, 10, 11, 0),
	gsSP1Triangle(12, 11, 10, 0),
	gsSP1Triangle(12, 13, 11, 0),
	gsSP1Triangle(14, 13, 12, 0),
	gsSP1Triangle(14, 15, 13, 0),
	gsSPVertex(castle_inside_dl_inside_castle_seg7_dl_0702FD30_mesh_mesh_layer_1_vtx_3 + 16, 14, 0),
	gsSP1Triangle(0, 1, 2, 0),
	gsSP1Triangle(0, 3, 1, 0),
	gsSP1Triangle(4, 3, 0, 0),
	gsSP1Triangle(4, 5, 3, 0),
	gsSP1Triangle(6, 5, 4, 0),
	gsSP1Triangle(6, 7, 5, 0),
	gsSP1Triangle(8, 9, 6, 0),
	gsSP1Triangle(8, 10, 9, 0),
	gsSP1Triangle(11, 10, 8, 0),
	gsSP1Triangle(11, 12, 10, 0),
	gsSP1Triangle(2, 12, 11, 0),
	gsSP1Triangle(2, 13, 12, 0),
	gsSPVertex(castle_inside_dl_inside_castle_seg7_dl_0702FD30_mesh_mesh_layer_1_vtx_3 + 30, 16, 0),
	gsSP1Triangle(0, 1, 2, 0),
	gsSP1Triangle(0, 2, 3, 0),
	gsSP1Triangle(3, 2, 4, 0),
	gsSP1Triangle(3, 4, 5, 0),
	gsSP1Triangle(5, 4, 6, 0),
	gsSP1Triangle(5, 6, 7, 0),
	gsSP1Triangle(8, 9, 10, 0),
	gsSP1Triangle(8, 11, 9, 0),
	gsSP1Triangle(11, 8, 12, 0),
	gsSP1Triangle(13, 12, 8, 0),
	gsSP1Triangle(13, 8, 14, 0),
	gsSP1Triangle(11, 12, 15, 0),
	gsSPVertex(castle_inside_dl_inside_castle_seg7_dl_0702FD30_mesh_mesh_layer_1_vtx_3 + 46, 16, 0),
	gsSP1Triangle(0, 1, 2, 0),
	gsSP1Triangle(0, 3, 1, 0),
	gsSP1Triangle(1, 4, 5, 0),
	gsSP1Triangle(1, 6, 4, 0),
	gsSP1Triangle(7, 8, 9, 0),
	gsSP1Triangle(7, 9, 10, 0),
	gsSP1Triangle(10, 9, 11, 0),
	gsSP1Triangle(10, 11, 12, 0),
	gsSP1Triangle(13, 14, 15, 0),
	gsSPVertex(castle_inside_dl_inside_castle_seg7_dl_0702FD30_mesh_mesh_layer_1_vtx_3 + 62, 15, 0),
	gsSP1Triangle(0, 1, 2, 0),
	gsSP1Triangle(3, 2, 1, 0),
	gsSP1Triangle(3, 4, 2, 0),
	gsSP1Triangle(5, 4, 3, 0),
	gsSP1Triangle(5, 6, 4, 0),
	gsSP1Triangle(7, 8, 9, 0),
	gsSP1Triangle(7, 10, 8, 0),
	gsSP1Triangle(10, 7, 11, 0),
	gsSP1Triangle(10, 11, 12, 0),
	gsSP1Triangle(12, 11, 13, 0),
	gsSP1Triangle(12, 13, 14, 0),
	gsSPVertex(castle_inside_dl_inside_castle_seg7_dl_0702FD30_mesh_mesh_layer_1_vtx_3 + 77, 12, 0),
	gsSP1Triangle(0, 1, 2, 0),
	gsSP1Triangle(0, 2, 3, 0),
	gsSP1Triangle(4, 3, 2, 0),
	gsSP1Triangle(4, 5, 3, 0),
	gsSP1Triangle(6, 5, 4, 0),
	gsSP1Triangle(6, 7, 5, 0),
	gsSP1Triangle(8, 9, 10, 0),
	gsSP1Triangle(8, 10, 11, 0),
	gsSPEndDisplayList(),
};

Vtx castle_inside_dl_LAYER_ALPHA_inside_castle_seg7_dl_07033158_mesh_mesh_layer_6_vtx_0[8] = {
	{{ {-1007, -232, -493}, 0, {990, 990}, {255, 255, 255, 255} }},
	{{ {-1007, -78, -493}, 0, {990, 0}, {255, 255, 255, 255} }},
	{{ {-1007, -78, -340}, 0, {0, 0}, {255, 255, 255, 255} }},
	{{ {-1007, -232, -340}, 0, {0, 990}, {255, 255, 255, 255} }},
	{{ {-1007, -78, 18}, 0, {0, 0}, {255, 255, 255, 255} }},
	{{ {-1007, -232, 18}, 0, {0, 990}, {255, 255, 255, 255} }},
	{{ {-1007, -232, -135}, 0, {990, 990}, {255, 255, 255, 255} }},
	{{ {-1007, -78, -135}, 0, {990, 0}, {255, 255, 255, 255} }},
};

Gfx castle_inside_dl_LAYER_ALPHA_inside_castle_seg7_dl_07033158_mesh_mesh_layer_6_tri_0[] = {
	gsSPVertex(castle_inside_dl_LAYER_ALPHA_inside_castle_seg7_dl_07033158_mesh_mesh_layer_6_vtx_0 + 0, 8, 0),
	gsSP1Triangle(0, 1, 2, 0),
	gsSP1Triangle(0, 2, 3, 0),
	gsSP1Triangle(4, 5, 6, 0),
	gsSP1Triangle(4, 6, 7, 0),
	gsSPEndDisplayList(),
};

Vtx castle_inside_dl_LAYER_ALPHA_inside_castle_seg7_dl_07033158_mesh_mesh_layer_6_vtx_1[16] = {
	{{ {539, -87, 1018}, 0, {-16, 2032}, {255, 0, 11, 255} }},
	{{ {311, -87, 1018}, 0, {1008, 2032}, {255, 0, 11, 255} }},
	{{ {311, 330, 1018}, 0, {1008, -16}, {255, 0, 11, 255} }},
	{{ {539, 330, 1018}, 0, {-16, -16}, {255, 0, 11, 255} }},
	{{ {541, -87, -1029}, 0, {-16, 2032}, {255, 0, 11, 255} }},
	{{ {541, 330, -1029}, 0, {-16, -16}, {255, 0, 11, 255} }},
	{{ {312, 330, -1029}, 0, {1008, -16}, {255, 0, 11, 255} }},
	{{ {312, -87, -1029}, 0, {1008, 2032}, {255, 0, 11, 255} }},
	{{ {-314, -87, 1018}, 0, {-16, 2032}, {255, 0, 11, 255} }},
	{{ {-542, -87, 1018}, 0, {1008, 2032}, {255, 0, 11, 255} }},
	{{ {-542, 330, 1018}, 0, {1008, -16}, {255, 0, 11, 255} }},
	{{ {-314, 330, 1018}, 0, {-16, -16}, {255, 0, 11, 255} }},
	{{ {-312, -87, -1029}, 0, {-16, 2032}, {255, 0, 11, 255} }},
	{{ {-312, 330, -1029}, 0, {-16, -16}, {255, 0, 11, 255} }},
	{{ {-541, 330, -1029}, 0, {1008, -16}, {255, 0, 11, 255} }},
	{{ {-541, -87, -1029}, 0, {1008, 2032}, {255, 0, 11, 255} }},
};

Gfx castle_inside_dl_LAYER_ALPHA_inside_castle_seg7_dl_07033158_mesh_mesh_layer_6_tri_1[] = {
	gsSPVertex(castle_inside_dl_LAYER_ALPHA_inside_castle_seg7_dl_07033158_mesh_mesh_layer_6_vtx_1 + 0, 16, 0),
	gsSP1Triangle(0, 1, 2, 0),
	gsSP1Triangle(0, 2, 3, 0),
	gsSP1Triangle(4, 5, 6, 0),
	gsSP1Triangle(4, 6, 7, 0),
	gsSP1Triangle(8, 9, 10, 0),
	gsSP1Triangle(8, 10, 11, 0),
	gsSP1Triangle(12, 13, 14, 0),
	gsSP1Triangle(12, 14, 15, 0),
	gsSPEndDisplayList(),
};

Vtx castle_inside_dl_LAYER_ALPHA_inside_castle_seg7_dl_07033158_mesh_mesh_layer_1_vtx_0[52] = {
	{{ {57, -308, -159}, 0, {3034, 172}, {126, 77, 82, 255} }},
	{{ {57, -283, -159}, 0, {3034, 0}, {126, 77, 82, 255} }},
	{{ {57, -283, 148}, 0, {0, 0}, {126, 77, 82, 255} }},
	{{ {57, -308, 148}, 0, {0, 172}, {126, 77, 82, 255} }},
	{{ {108, -334, -159}, 0, {3034, 684}, {126, 77, 82, 255} }},
	{{ {108, -334, 148}, 0, {0, 684}, {126, 77, 82, 255} }},
	{{ {108, -360, 148}, 0, {0, 888}, {126, 77, 82, 255} }},
	{{ {108, -360, -159}, 0, {3034, 888}, {126, 77, 82, 255} }},
	{{ {57, -283, 148}, 0, {0, 326}, {255, 255, 255, 255} }},
	{{ {57, -283, -159}, 0, {3034, 326}, {255, 255, 255, 255} }},
	{{ {6, -283, -159}, 0, {3034, 172}, {255, 255, 255, 255} }},
	{{ {6, -283, 148}, 0, {0, 172}, {255, 255, 255, 255} }},
	{{ {82, -308, 148}, 0, {0, 326}, {255, 255, 255, 255} }},
	{{ {82, -308, -159}, 0, {3034, 326}, {255, 255, 255, 255} }},
	{{ {57, -308, -159}, 0, {3034, 172}, {255, 255, 255, 255} }},
	{{ {57, -308, 148}, 0, {0, 172}, {255, 255, 255, 255} }},
	{{ {82, -308, -159}, 0, {3034, 326}, {126, 77, 82, 255} }},
	{{ {82, -308, 148}, 0, {0, 326}, {126, 77, 82, 255} }},
	{{ {82, -334, 148}, 0, {0, 530}, {126, 77, 82, 255} }},
	{{ {82, -334, -159}, 0, {3034, 530}, {126, 77, 82, 255} }},
	{{ {1029, -283, 1019}, 0, {5078, -3098}, {255, 148, 154, 255} }},
	{{ {1030, -283, 404}, 0, {2012, -3098}, {255, 255, 255, 255} }},
	{{ {211, -283, 403}, 0, {2012, 990}, {255, 255, 255, 255} }},
	{{ {-1019, -283, 1017}, 0, {5078, 7120}, {255, 148, 154, 255} }},
	{{ {6, -283, 199}, 0, {990, 2010}, {255, 255, 255, 255} }},
	{{ {185, -283, 199}, 0, {990, 3032}, {255, 156, 167, 255} }},
	{{ {390, -283, 403}, 0, {2012, 2010}, {255, 156, 167, 255} }},
	{{ {-1017, -283, -1030}, 0, {-5140, 7120}, {255, 148, 154, 255} }},
	{{ {6, -283, -211}, 0, {-1052, 2010}, {255, 255, 255, 255} }},
	{{ {211, -283, -416}, 0, {-2074, 990}, {255, 255, 255, 255} }},
	{{ {390, -283, -416}, 0, {-2074, 2010}, {255, 156, 167, 255} }},
	{{ {185, -283, -211}, 0, {-1052, 3032}, {255, 156, 167, 255} }},
	{{ {1031, -283, -1028}, 0, {-5140, -3098}, {255, 148, 154, 255} }},
	{{ {-1017, -283, -1030}, 0, {-5140, 7120}, {255, 148, 154, 255} }},
	{{ {211, -283, -416}, 0, {-2074, 990}, {255, 255, 255, 255} }},
	{{ {1030, -283, -415}, 0, {-2074, -3098}, {255, 255, 255, 255} }},
	{{ {-1018, -283, 249}, 0, {2012, 734}, {255, 255, 255, 255} }},
	{{ {-1069, -283, 249}, 0, {2268, 734}, {255, 255, 255, 255} }},
	{{ {-1069, -283, 402}, 0, {2268, 0}, {255, 255, 255, 255} }},
	{{ {-1018, -283, 402}, 0, {2012, 0}, {255, 255, 255, 255} }},
	{{ {82, -334, -159}, 0, {3034, 530}, {255, 255, 255, 255} }},
	{{ {82, -334, 148}, 0, {0, 530}, {255, 255, 255, 255} }},
	{{ {108, -334, 148}, 0, {0, 684}, {255, 255, 255, 255} }},
	{{ {108, -334, -159}, 0, {3034, 684}, {255, 255, 255, 255} }},
	{{ {108, -360, -159}, 0, {3034, 888}, {255, 255, 255, 255} }},
	{{ {108, -360, 148}, 0, {0, 888}, {255, 255, 255, 255} }},
	{{ {134, -360, 148}, 0, {0, 1040}, {255, 255, 255, 255} }},
	{{ {134, -360, -159}, 0, {3034, 1040}, {255, 255, 255, 255} }},
	{{ {134, -385, 148}, 0, {0, 1244}, {126, 77, 82, 255} }},
	{{ {134, -385, -159}, 0, {3034, 1244}, {126, 77, 82, 255} }},
	{{ {134, -360, -159}, 0, {3034, 1040}, {126, 77, 82, 255} }},
	{{ {134, -360, 148}, 0, {0, 1040}, {126, 77, 82, 255} }},
};

Gfx castle_inside_dl_LAYER_ALPHA_inside_castle_seg7_dl_07033158_mesh_mesh_layer_1_tri_0[] = {
	gsSPVertex(castle_inside_dl_LAYER_ALPHA_inside_castle_seg7_dl_07033158_mesh_mesh_layer_1_vtx_0 + 0, 16, 0),
	gsSP1Triangle(0, 1, 2, 0),
	gsSP1Triangle(0, 2, 3, 0),
	gsSP1Triangle(4, 5, 6, 0),
	gsSP1Triangle(4, 6, 7, 0),
	gsSP1Triangle(8, 9, 10, 0),
	gsSP1Triangle(8, 10, 11, 0),
	gsSP1Triangle(12, 13, 14, 0),
	gsSP1Triangle(12, 14, 15, 0),
	gsSPVertex(castle_inside_dl_LAYER_ALPHA_inside_castle_seg7_dl_07033158_mesh_mesh_layer_1_vtx_0 + 16, 16, 0),
	gsSP1Triangle(0, 1, 2, 0),
	gsSP1Triangle(0, 2, 3, 0),
	gsSP1Triangle(4, 5, 6, 0),
	gsSP1Triangle(7, 4, 6, 0),
	gsSP1Triangle(7, 6, 8, 0),
	gsSP1Triangle(6, 9, 8, 0),
	gsSP1Triangle(6, 10, 9, 0),
	gsSP1Triangle(8, 11, 7, 0),
	gsSP1Triangle(8, 12, 11, 0),
	gsSP1Triangle(11, 12, 13, 0),
	gsSP1Triangle(12, 14, 13, 0),
	gsSP1Triangle(12, 15, 14, 0),
	gsSPVertex(castle_inside_dl_LAYER_ALPHA_inside_castle_seg7_dl_07033158_mesh_mesh_layer_1_vtx_0 + 32, 16, 0),
	gsSP1Triangle(0, 1, 2, 0),
	gsSP1Triangle(3, 0, 2, 0),
	gsSP1Triangle(4, 5, 6, 0),
	gsSP1Triangle(4, 6, 7, 0),
	gsSP1Triangle(8, 9, 10, 0),
	gsSP1Triangle(8, 10, 11, 0),
	gsSP1Triangle(12, 13, 14, 0),
	gsSP1Triangle(12, 14, 15, 0),
	gsSPVertex(castle_inside_dl_LAYER_ALPHA_inside_castle_seg7_dl_07033158_mesh_mesh_layer_1_vtx_0 + 48, 4, 0),
	gsSP1Triangle(0, 1, 2, 0),
	gsSP1Triangle(0, 2, 3, 0),
	gsSPEndDisplayList(),
};

Vtx castle_inside_dl_LAYER_ALPHA_inside_castle_seg7_dl_07033158_mesh_mesh_layer_1_vtx_1[30] = {
	{{ {1030, -385, -415}, 0, {-2074, -1183}, {255, 156, 167, 255} }},
	{{ {390, -385, 403}, 0, {2012, 2010}, {255, 156, 167, 255} }},
	{{ {1030, -385, 404}, 0, {2012, -1183}, {255, 156, 167, 255} }},
	{{ {390, -385, -416}, 0, {-2074, 2010}, {255, 156, 167, 255} }},
	{{ {185, -385, -211}, 0, {-1052, 3032}, {255, 156, 167, 255} }},
	{{ {185, -385, 199}, 0, {990, 3032}, {255, 156, 167, 255} }},
	{{ {-609, 946, 608}, 0, {3034, -4120}, {0, 0, 0, 255} }},
	{{ {-608, 946, -620}, 0, {-3096, -4120}, {0, 0, 0, 255} }},
	{{ {621, 946, -620}, 0, {-3096, 2010}, {0, 0, 0, 255} }},
	{{ {620, 946, 608}, 0, {3034, 2010}, {0, 0, 0, 255} }},
	{{ {185, -385, -159}, 0, {734, 3288}, {255, 156, 167, 255} }},
	{{ {134, -385, -159}, 0, {734, 3032}, {255, 156, 167, 255} }},
	{{ {134, -385, 148}, 0, {-796, 3032}, {255, 156, 167, 255} }},
	{{ {185, -385, 148}, 0, {-796, 3288}, {255, 156, 167, 255} }},
	{{ {554, 946, -620}, 0, {-3096, 1674}, {0, 0, 0, 255} }},
	{{ {724, 638, -1029}, 0, {-5140, 2520}, {0, 0, 0, 255} }},
	{{ {1030, 638, -721}, 0, {-3608, 4054}, {0, 0, 0, 255} }},
	{{ {-541, 946, -620}, 0, {-3096, -3784}, {0, 0, 0, 255} }},
	{{ {-709, 638, -1030}, 0, {-5140, -4630}, {0, 0, 0, 255} }},
	{{ {-1018, 638, -723}, 0, {-3608, -6164}, {0, 0, 0, 255} }},
	{{ {-608, 946, -552}, 0, {-2760, -4120}, {0, 0, 0, 255} }},
	{{ {-608, 946, 541}, 0, {2698, -4120}, {0, 0, 0, 255} }},
	{{ {-1019, 638, 710}, 0, {3546, -6164}, {0, 0, 0, 255} }},
	{{ {-542, 946, 608}, 0, {3034, -3784}, {0, 0, 0, 255} }},
	{{ {-711, 638, 1017}, 0, {5078, -4630}, {0, 0, 0, 255} }},
	{{ {553, 946, 608}, 0, {3034, 1674}, {0, 0, 0, 255} }},
	{{ {722, 638, 1018}, 0, {5078, 2522}, {0, 0, 0, 255} }},
	{{ {621, 946, 541}, 0, {2698, 2010}, {0, 0, 0, 255} }},
	{{ {1029, 638, 712}, 0, {3546, 4054}, {0, 0, 0, 255} }},
	{{ {621, 946, -552}, 0, {-2760, 2010}, {0, 0, 0, 255} }},
};

Gfx castle_inside_dl_LAYER_ALPHA_inside_castle_seg7_dl_07033158_mesh_mesh_layer_1_tri_1[] = {
	gsSPVertex(castle_inside_dl_LAYER_ALPHA_inside_castle_seg7_dl_07033158_mesh_mesh_layer_1_vtx_1 + 0, 14, 0),
	gsSP1Triangle(0, 1, 2, 0),
	gsSP1Triangle(0, 3, 1, 0),
	gsSP1Triangle(1, 3, 4, 0),
	gsSP1Triangle(1, 4, 5, 0),
	gsSP1Triangle(6, 7, 8, 0),
	gsSP1Triangle(6, 8, 9, 0),
	gsSP1Triangle(10, 11, 12, 0),
	gsSP1Triangle(10, 12, 13, 0),
	gsSPVertex(castle_inside_dl_LAYER_ALPHA_inside_castle_seg7_dl_07033158_mesh_mesh_layer_1_vtx_1 + 14, 16, 0),
	gsSP1Triangle(0, 1, 2, 0),
	gsSP1Triangle(1, 0, 3, 0),
	gsSP1Triangle(1, 3, 4, 0),
	gsSP1Triangle(3, 5, 4, 0),
	gsSP1Triangle(3, 6, 5, 0),
	gsSP1Triangle(7, 5, 6, 0),
	gsSP1Triangle(7, 8, 5, 0),
	gsSP1Triangle(8, 7, 9, 0),
	gsSP1Triangle(8, 9, 10, 0),
	gsSP1Triangle(10, 9, 11, 0),
	gsSP1Triangle(10, 11, 12, 0),
	gsSP1Triangle(13, 12, 11, 0),
	gsSP1Triangle(13, 14, 12, 0),
	gsSP1Triangle(15, 14, 13, 0),
	gsSP1Triangle(15, 2, 14, 0),
	gsSP1Triangle(0, 2, 15, 0),
	gsSPEndDisplayList(),
};

Vtx castle_inside_dl_LAYER_ALPHA_inside_castle_seg7_dl_07033158_mesh_mesh_layer_1_vtx_2[86] = {
	{{ {185, -385, -211}, 0, {-240, 990}, {255, 156, 167, 255} }},
	{{ {134, -283, -211}, 0, {-602, 224}, {255, 255, 255, 255} }},
	{{ {185, -283, -211}, 0, {-240, 224}, {255, 156, 167, 255} }},
	{{ {185, -283, -211}, 0, {1373, -36}, {255, 156, 167, 255} }},
	{{ {185, -283, -159}, 0, {1901, -36}, {255, 156, 167, 255} }},
	{{ {185, -385, -159}, 0, {1901, 999}, {255, 156, 167, 255} }},
	{{ {185, -385, -211}, 0, {1373, 999}, {255, 156, 167, 255} }},
	{{ {185, -385, 148}, 0, {3371, 999}, {255, 156, 167, 255} }},
	{{ {6, -385, 148}, 0, {5188, 999}, {255, 255, 255, 255} }},
	{{ {6, -232, 148}, 0, {5188, -554}, {255, 255, 255, 255} }},
	{{ {57, -232, 148}, 0, {4670, -554}, {255, 255, 255, 255} }},
	{{ {134, -283, 148}, 0, {3889, -36}, {255, 255, 255, 255} }},
	{{ {185, -283, 148}, 0, {3371, -36}, {255, 156, 167, 255} }},
	{{ {185, -385, -159}, 0, {3371, 999}, {255, 156, 167, 255} }},
	{{ {6, -232, -159}, 0, {5188, -554}, {255, 255, 255, 255} }},
	{{ {6, -385, -159}, 0, {5188, 999}, {255, 255, 255, 255} }},
	{{ {185, -385, -159}, 0, {3371, 999}, {255, 156, 167, 255} }},
	{{ {57, -232, -159}, 0, {4670, -554}, {255, 255, 255, 255} }},
	{{ {6, -232, -159}, 0, {5188, -554}, {255, 255, 255, 255} }},
	{{ {134, -283, -159}, 0, {3889, -36}, {255, 255, 255, 255} }},
	{{ {185, -283, -159}, 0, {3371, -36}, {255, 156, 167, 255} }},
	{{ {57, -232, 148}, 0, {1008, 1008}, {255, 255, 255, 255} }},
	{{ {57, -232, 199}, 0, {1008, -16}, {255, 255, 255, 255} }},
	{{ {134, -283, 199}, 0, {-16, -16}, {255, 255, 255, 255} }},
	{{ {134, -283, 148}, 0, {-16, 1008}, {255, 255, 255, 255} }},
	{{ {6, -232, -211}, 0, {1373, -554}, {255, 255, 255, 255} }},
	{{ {6, -283, -211}, 0, {1373, -36}, {255, 255, 255, 255} }},
	{{ {6, -283, -159}, 0, {1901, -36}, {255, 255, 255, 255} }},
	{{ {6, -232, -159}, 0, {1901, -554}, {255, 255, 255, 255} }},
	{{ {57, -232, -211}, 0, {-16, -16}, {255, 255, 255, 255} }},
	{{ {57, -232, -159}, 0, {-16, 1008}, {255, 255, 255, 255} }},
	{{ {134, -283, -159}, 0, {1008, 1008}, {255, 255, 255, 255} }},
	{{ {57, -232, -211}, 0, {-16, -16}, {255, 255, 255, 255} }},
	{{ {134, -283, -159}, 0, {1008, 1008}, {255, 255, 255, 255} }},
	{{ {134, -283, -211}, 0, {1008, -16}, {255, 255, 255, 255} }},
	{{ {185, -385, -211}, 0, {3371, 999}, {255, 156, 167, 255} }},
	{{ {57, -232, -211}, 0, {4670, -554}, {255, 255, 255, 255} }},
	{{ {134, -283, -211}, 0, {3889, -36}, {255, 255, 255, 255} }},
	{{ {6, -232, -211}, 0, {5188, -554}, {255, 255, 255, 255} }},
	{{ {6, -385, -211}, 0, {5188, 999}, {255, 255, 255, 255} }},
	{{ {134, -283, -159}, 0, {-16, 1008}, {255, 255, 255, 255} }},
	{{ {185, -283, -159}, 0, {1008, 1008}, {255, 156, 167, 255} }},
	{{ {185, -283, -211}, 0, {1008, -16}, {255, 156, 167, 255} }},
	{{ {134, -283, -211}, 0, {-16, -16}, {255, 255, 255, 255} }},
	{{ {57, -232, 199}, 0, {-16, -16}, {255, 255, 255, 255} }},
	{{ {57, -232, 148}, 0, {-16, 1008}, {255, 255, 255, 255} }},
	{{ {6, -232, 148}, 0, {1008, 1008}, {255, 255, 255, 255} }},
	{{ {6, -232, 199}, 0, {1008, -16}, {255, 255, 255, 255} }},
	{{ {6, -283, 148}, 0, {5018, -36}, {255, 255, 255, 255} }},
	{{ {6, -283, 199}, 0, {5536, -36}, {255, 255, 255, 255} }},
	{{ {6, -232, 199}, 0, {5536, -554}, {255, 255, 255, 255} }},
	{{ {6, -232, 148}, 0, {5018, -554}, {255, 255, 255, 255} }},
	{{ {185, -385, 199}, 0, {5536, 999}, {255, 156, 167, 255} }},
	{{ {185, -385, 148}, 0, {5018, 999}, {255, 156, 167, 255} }},
	{{ {185, -283, 148}, 0, {5018, -36}, {255, 156, 167, 255} }},
	{{ {185, -283, 199}, 0, {5536, -36}, {255, 156, 167, 255} }},
	{{ {57, -232, -159}, 0, {1008, 1008}, {255, 255, 255, 255} }},
	{{ {57, -232, -211}, 0, {1008, -16}, {255, 255, 255, 255} }},
	{{ {6, -232, -211}, 0, {-16, -16}, {255, 255, 255, 255} }},
	{{ {6, -232, -159}, 0, {-16, 1008}, {255, 255, 255, 255} }},
	{{ {185, -385, 199}, 0, {3371, 999}, {255, 156, 167, 255} }},
	{{ {6, -232, 199}, 0, {5188, -554}, {255, 255, 255, 255} }},
	{{ {6, -385, 199}, 0, {5188, 999}, {255, 255, 255, 255} }},
	{{ {57, -232, 199}, 0, {4670, -554}, {255, 255, 255, 255} }},
	{{ {185, -385, 199}, 0, {3371, 999}, {255, 156, 167, 255} }},
	{{ {134, -283, 199}, 0, {3889, -36}, {255, 255, 255, 255} }},
	{{ {57, -232, 199}, 0, {4670, -554}, {255, 255, 255, 255} }},
	{{ {185, -283, 199}, 0, {3371, -36}, {255, 156, 167, 255} }},
	{{ {390, -385, 403}, 0, {1289, 999}, {255, 156, 167, 255} }},
	{{ {390, -283, 403}, 0, {1289, -36}, {255, 156, 167, 255} }},
	{{ {1030, -385, 404}, 0, {-5209, 999}, {255, 156, 167, 255} }},
	{{ {1030, -283, 404}, 0, {-5209, -36}, {255, 255, 255, 255} }},
	{{ {134, -283, 148}, 0, {1008, 1008}, {255, 255, 255, 255} }},
	{{ {134, -283, 199}, 0, {1008, -16}, {255, 255, 255, 255} }},
	{{ {185, -283, 199}, 0, {-16, -16}, {255, 156, 167, 255} }},
	{{ {185, -283, 148}, 0, {-16, 1008}, {255, 156, 167, 255} }},
	{{ {185, -385, -211}, 0, {3371, 999}, {255, 156, 167, 255} }},
	{{ {390, -283, -416}, 0, {1289, -36}, {255, 156, 167, 255} }},
	{{ {185, -283, -211}, 0, {3371, -36}, {255, 156, 167, 255} }},
	{{ {390, -385, -416}, 0, {1289, 999}, {255, 156, 167, 255} }},
	{{ {390, -385, -416}, 0, {1289, 999}, {255, 156, 167, 255} }},
	{{ {1030, -283, -415}, 0, {-5209, -36}, {255, 255, 255, 255} }},
	{{ {390, -283, -416}, 0, {1289, -36}, {255, 156, 167, 255} }},
	{{ {1030, -385, -415}, 0, {-5209, 999}, {255, 156, 167, 255} }},
	{{ {1030, -283, 404}, 0, {-13525, -36}, {255, 255, 255, 255} }},
	{{ {1030, -385, 404}, 0, {-13525, 999}, {255, 156, 167, 255} }},
};

Gfx castle_inside_dl_LAYER_ALPHA_inside_castle_seg7_dl_07033158_mesh_mesh_layer_1_tri_2[] = {
	gsSPVertex(castle_inside_dl_LAYER_ALPHA_inside_castle_seg7_dl_07033158_mesh_mesh_layer_1_vtx_2 + 0, 16, 0),
	gsSP1Triangle(0, 1, 2, 0),
	gsSP1Triangle(3, 4, 5, 0),
	gsSP1Triangle(3, 5, 6, 0),
	gsSP1Triangle(7, 8, 9, 0),
	gsSP1Triangle(7, 9, 10, 0),
	gsSP1Triangle(7, 10, 11, 0),
	gsSP1Triangle(7, 11, 12, 0),
	gsSP1Triangle(13, 14, 15, 0),
	gsSPVertex(castle_inside_dl_LAYER_ALPHA_inside_castle_seg7_dl_07033158_mesh_mesh_layer_1_vtx_2 + 16, 16, 0),
	gsSP1Triangle(0, 1, 2, 0),
	gsSP1Triangle(0, 3, 1, 0),
	gsSP1Triangle(0, 4, 3, 0),
	gsSP1Triangle(5, 6, 7, 0),
	gsSP1Triangle(5, 7, 8, 0),
	gsSP1Triangle(9, 10, 11, 0),
	gsSP1Triangle(9, 11, 12, 0),
	gsSP1Triangle(13, 14, 15, 0),
	gsSPVertex(castle_inside_dl_LAYER_ALPHA_inside_castle_seg7_dl_07033158_mesh_mesh_layer_1_vtx_2 + 32, 16, 0),
	gsSP1Triangle(0, 1, 2, 0),
	gsSP1Triangle(3, 4, 5, 0),
	gsSP1Triangle(3, 6, 4, 0),
	gsSP1Triangle(3, 7, 6, 0),
	gsSP1Triangle(8, 9, 10, 0),
	gsSP1Triangle(8, 10, 11, 0),
	gsSP1Triangle(12, 13, 14, 0),
	gsSP1Triangle(12, 14, 15, 0),
	gsSPVertex(castle_inside_dl_LAYER_ALPHA_inside_castle_seg7_dl_07033158_mesh_mesh_layer_1_vtx_2 + 48, 16, 0),
	gsSP1Triangle(0, 1, 2, 0),
	gsSP1Triangle(0, 2, 3, 0),
	gsSP1Triangle(4, 5, 6, 0),
	gsSP1Triangle(4, 6, 7, 0),
	gsSP1Triangle(8, 9, 10, 0),
	gsSP1Triangle(8, 10, 11, 0),
	gsSP1Triangle(12, 13, 14, 0),
	gsSP1Triangle(12, 15, 13, 0),
	gsSPVertex(castle_inside_dl_LAYER_ALPHA_inside_castle_seg7_dl_07033158_mesh_mesh_layer_1_vtx_2 + 64, 16, 0),
	gsSP1Triangle(0, 1, 2, 0),
	gsSP1Triangle(0, 3, 1, 0),
	gsSP1Triangle(4, 0, 3, 0),
	gsSP1Triangle(4, 3, 5, 0),
	gsSP1Triangle(6, 4, 5, 0),
	gsSP1Triangle(6, 5, 7, 0),
	gsSP1Triangle(8, 9, 10, 0),
	gsSP1Triangle(8, 10, 11, 0),
	gsSP1Triangle(12, 13, 14, 0),
	gsSP1Triangle(12, 15, 13, 0),
	gsSPVertex(castle_inside_dl_LAYER_ALPHA_inside_castle_seg7_dl_07033158_mesh_mesh_layer_1_vtx_2 + 80, 6, 0),
	gsSP1Triangle(0, 1, 2, 0),
	gsSP1Triangle(0, 3, 1, 0),
	gsSP1Triangle(3, 4, 1, 0),
	gsSP1Triangle(3, 5, 4, 0),
	gsSPEndDisplayList(),
};

Vtx castle_inside_dl_LAYER_ALPHA_inside_castle_seg7_dl_07033158_mesh_mesh_layer_1_vtx_3[32] = {
	{{ {-1019, -283, 710}, 0, {990, 2012}, {242, 214, 0, 255} }},
	{{ {-1019, 638, 710}, 0, {990, 260}, {0, 0, 0, 255} }},
	{{ {-814, 747, 710}, 0, {650, 52}, {0, 0, 0, 255} }},
	{{ {-814, -283, 710}, 0, {650, 2012}, {242, 214, 0, 255} }},
	{{ {-711, 747, 812}, 0, {308, 52}, {0, 0, 0, 255} }},
	{{ {-711, -283, 812}, 0, {308, 2012}, {242, 214, 0, 255} }},
	{{ {-711, 638, 1017}, 0, {0, 260}, {0, 0, 0, 255} }},
	{{ {-711, -283, 1017}, 0, {0, 2012}, {255, 0, 17, 255} }},
	{{ {723, -283, -824}, 0, {308, 2012}, {242, 214, 0, 255} }},
	{{ {724, 638, -1029}, 0, {0, 340}, {0, 0, 0, 255} }},
	{{ {724, -283, -1029}, 0, {0, 2012}, {255, 0, 17, 255} }},
	{{ {723, 747, -824}, 0, {308, 144}, {0, 0, 0, 255} }},
	{{ {826, -283, -722}, 0, {650, 2012}, {242, 214, 0, 255} }},
	{{ {826, 747, -722}, 0, {650, 144}, {0, 0, 0, 255} }},
	{{ {1030, -283, -721}, 0, {990, 2012}, {242, 214, 0, 255} }},
	{{ {1030, 638, -721}, 0, {990, 340}, {0, 0, 0, 255} }},
	{{ {722, -283, 1018}, 0, {990, 2012}, {255, 0, 17, 255} }},
	{{ {722, 638, 1018}, 0, {990, 260}, {0, 0, 0, 255} }},
	{{ {722, 747, 813}, 0, {650, 52}, {0, 0, 0, 255} }},
	{{ {722, -283, 813}, 0, {650, 2012}, {242, 214, 0, 255} }},
	{{ {825, 747, 711}, 0, {308, 52}, {0, 0, 0, 255} }},
	{{ {825, -283, 711}, 0, {308, 2012}, {242, 214, 0, 255} }},
	{{ {1029, 638, 712}, 0, {0, 260}, {0, 0, 0, 255} }},
	{{ {1029, -283, 712}, 0, {0, 2012}, {242, 214, 0, 255} }},
	{{ {-709, -283, -1030}, 0, {990, 2012}, {255, 0, 17, 255} }},
	{{ {-709, 638, -1030}, 0, {990, 260}, {0, 0, 0, 255} }},
	{{ {-710, 747, -825}, 0, {650, 52}, {0, 0, 0, 255} }},
	{{ {-710, -283, -825}, 0, {650, 2012}, {242, 214, 0, 255} }},
	{{ {-813, 747, -723}, 0, {308, 52}, {0, 0, 0, 255} }},
	{{ {-813, -283, -723}, 0, {308, 2012}, {242, 214, 0, 255} }},
	{{ {-1018, 638, -723}, 0, {0, 260}, {0, 0, 0, 255} }},
	{{ {-1018, -283, -723}, 0, {0, 2012}, {242, 214, 0, 255} }},
};

Gfx castle_inside_dl_LAYER_ALPHA_inside_castle_seg7_dl_07033158_mesh_mesh_layer_1_tri_3[] = {
	gsSPVertex(castle_inside_dl_LAYER_ALPHA_inside_castle_seg7_dl_07033158_mesh_mesh_layer_1_vtx_3 + 0, 16, 0),
	gsSP1Triangle(0, 1, 2, 0),
	gsSP1Triangle(0, 2, 3, 0),
	gsSP1Triangle(3, 2, 4, 0),
	gsSP1Triangle(3, 4, 5, 0),
	gsSP1Triangle(5, 4, 6, 0),
	gsSP1Triangle(5, 6, 7, 0),
	gsSP1Triangle(8, 9, 10, 0),
	gsSP1Triangle(8, 11, 9, 0),
	gsSP1Triangle(11, 8, 12, 0),
	gsSP1Triangle(11, 12, 13, 0),
	gsSP1Triangle(14, 13, 12, 0),
	gsSP1Triangle(14, 15, 13, 0),
	gsSPVertex(castle_inside_dl_LAYER_ALPHA_inside_castle_seg7_dl_07033158_mesh_mesh_layer_1_vtx_3 + 16, 16, 0),
	gsSP1Triangle(0, 1, 2, 0),
	gsSP1Triangle(0, 2, 3, 0),
	gsSP1Triangle(4, 3, 2, 0),
	gsSP1Triangle(4, 5, 3, 0),
	gsSP1Triangle(6, 5, 4, 0),
	gsSP1Triangle(6, 7, 5, 0),
	gsSP1Triangle(8, 9, 10, 0),
	gsSP1Triangle(8, 10, 11, 0),
	gsSP1Triangle(11, 10, 12, 0),
	gsSP1Triangle(11, 12, 13, 0),
	gsSP1Triangle(13, 12, 14, 0),
	gsSP1Triangle(13, 14, 15, 0),
	gsSPEndDisplayList(),
};

Vtx castle_inside_dl_LAYER_ALPHA_inside_castle_seg7_dl_07033158_mesh_mesh_layer_1_vtx_4[12] = {
	{{ {-1018, -27, 402}, 0, {-16, -16}, {70, 0, 3, 255} }},
	{{ {-1069, -27, 402}, 0, {-16, 1008}, {70, 0, 3, 255} }},
	{{ {-1069, -27, 249}, 0, {1008, 1008}, {70, 0, 3, 255} }},
	{{ {-1018, -27, 249}, 0, {1008, -16}, {70, 0, 3, 255} }},
	{{ {-1018, -283, 402}, 0, {-16, -16}, {70, 0, 3, 255} }},
	{{ {-1069, -283, 402}, 0, {-16, 1008}, {70, 0, 3, 255} }},
	{{ {-1069, -27, 402}, 0, {1008, 1008}, {70, 0, 3, 255} }},
	{{ {-1018, -27, 402}, 0, {1008, -16}, {70, 0, 3, 255} }},
	{{ {-1018, -27, 249}, 0, {-16, -16}, {70, 0, 3, 255} }},
	{{ {-1069, -27, 249}, 0, {-16, 1008}, {70, 0, 3, 255} }},
	{{ {-1069, -283, 249}, 0, {1008, 1008}, {70, 0, 3, 255} }},
	{{ {-1018, -283, 249}, 0, {1008, -16}, {70, 0, 3, 255} }},
};

Gfx castle_inside_dl_LAYER_ALPHA_inside_castle_seg7_dl_07033158_mesh_mesh_layer_1_tri_4[] = {
	gsSPVertex(castle_inside_dl_LAYER_ALPHA_inside_castle_seg7_dl_07033158_mesh_mesh_layer_1_vtx_4 + 0, 12, 0),
	gsSP1Triangle(0, 1, 2, 0),
	gsSP1Triangle(0, 2, 3, 0),
	gsSP1Triangle(4, 5, 6, 0),
	gsSP1Triangle(4, 6, 7, 0),
	gsSP1Triangle(8, 9, 10, 0),
	gsSP1Triangle(8, 10, 11, 0),
	gsSPEndDisplayList(),
};

Vtx castle_inside_dl_LAYER_ALPHA_inside_castle_seg7_dl_07033158_mesh_mesh_layer_1_vtx_5[28] = {
	{{ {724, 638, -1029}, 0, {-790, -19}, {0, 0, 0, 255} }},
	{{ {-709, 638, -1030}, 0, {2237, -19}, {0, 0, 0, 255} }},
	{{ {-709, -283, -1030}, 0, {2237, 1927}, {255, 0, 17, 255} }},
	{{ {724, -283, -1029}, 0, {-790, 1927}, {255, 0, 17, 255} }},
	{{ {722, -283, 1018}, 0, {-790, 1927}, {255, 0, 17, 255} }},
	{{ {-711, -283, 1017}, 0, {2237, 1927}, {255, 0, 17, 255} }},
	{{ {-711, 638, 1017}, 0, {2237, -19}, {0, 0, 0, 255} }},
	{{ {722, 638, 1018}, 0, {-790, -19}, {0, 0, 0, 255} }},
	{{ {-1019, -283, 710}, 0, {1808, 1927}, {255, 235, 241, 255} }},
	{{ {-1018, -283, 402}, 0, {1158, 1927}, {255, 235, 241, 255} }},
	{{ {-1018, -27, 402}, 0, {1158, 1386}, {255, 235, 241, 255} }},
	{{ {-1019, 638, 710}, 0, {1808, -19}, {0, 0, 0, 255} }},
	{{ {-1018, -27, 249}, 0, {834, 1386}, {255, 235, 241, 255} }},
	{{ {-1018, 638, -723}, 0, {-1219, -19}, {0, 0, 0, 255} }},
	{{ {-1018, -283, -723}, 0, {-1219, 1927}, {255, 235, 241, 255} }},
	{{ {-1018, -283, 249}, 0, {834, 1927}, {255, 235, 241, 255} }},
	{{ {1030, 418, 302}, 0, {942, 445}, {255, 0, 0, 255} }},
	{{ {1030, 111, 302}, 0, {942, 1094}, {255, 0, 0, 255} }},
	{{ {1030, -196, 302}, 0, {942, 1742}, {255, 235, 241, 255} }},
	{{ {1029, -283, 712}, 0, {1808, 1927}, {255, 235, 241, 255} }},
	{{ {1030, -283, 404}, 0, {1158, 1927}, {255, 235, 241, 255} }},
	{{ {1030, -283, -415}, 0, {-572, 1927}, {255, 235, 241, 255} }},
	{{ {1030, -196, -312}, 0, {-355, 1742}, {255, 235, 241, 255} }},
	{{ {1030, -283, -721}, 0, {-1219, 1927}, {255, 235, 241, 255} }},
	{{ {1030, 111, -312}, 0, {-355, 1094}, {255, 0, 0, 255} }},
	{{ {1030, 418, -312}, 0, {-355, 445}, {255, 0, 0, 255} }},
	{{ {1030, 638, -721}, 0, {-1219, -19}, {0, 0, 0, 255} }},
	{{ {1029, 638, 712}, 0, {1808, -19}, {0, 0, 0, 255} }},
};

Gfx castle_inside_dl_LAYER_ALPHA_inside_castle_seg7_dl_07033158_mesh_mesh_layer_1_tri_5[] = {
	gsSPVertex(castle_inside_dl_LAYER_ALPHA_inside_castle_seg7_dl_07033158_mesh_mesh_layer_1_vtx_5 + 0, 16, 0),
	gsSP1Triangle(0, 1, 2, 0),
	gsSP1Triangle(0, 2, 3, 0),
	gsSP1Triangle(4, 5, 6, 0),
	gsSP1Triangle(4, 6, 7, 0),
	gsSP1Triangle(8, 9, 10, 0),
	gsSP1Triangle(11, 8, 10, 0),
	gsSP1Triangle(11, 10, 12, 0),
	gsSP1Triangle(11, 12, 13, 0),
	gsSP1Triangle(12, 14, 13, 0),
	gsSP1Triangle(12, 15, 14, 0),
	gsSPVertex(castle_inside_dl_LAYER_ALPHA_inside_castle_seg7_dl_07033158_mesh_mesh_layer_1_vtx_5 + 16, 12, 0),
	gsSP1Triangle(0, 1, 2, 0),
	gsSP1Triangle(0, 2, 3, 0),
	gsSP1Triangle(4, 3, 2, 0),
	gsSP1Triangle(5, 4, 2, 0),
	gsSP1Triangle(5, 2, 6, 0),
	gsSP1Triangle(6, 7, 5, 0),
	gsSP1Triangle(7, 6, 8, 0),
	gsSP1Triangle(7, 8, 9, 0),
	gsSP1Triangle(7, 9, 10, 0),
	gsSP1Triangle(10, 9, 0, 0),
	gsSP1Triangle(10, 0, 11, 0),
	gsSP1Triangle(0, 3, 11, 0),
	gsSPEndDisplayList(),
};

Vtx castle_inside_dl_inside_castle_seg7_dl_0702E408_mesh_001_mesh_layer_1_vtx_0[267] = {
	{{ {-5180, -2897, 2876}, 0, {-6062, -21842}, {105, 105, 105, 255} }},
	{{ {-4566, -2897, 6400}, 0, {-1660, 11845}, {202, 202, 202, 255} }},
	{{ {-4566, -2897, 2876}, 0, {-1660, -21842}, {105, 105, 105, 255} }},
	{{ {-5180, -2897, 6400}, 0, {-6062, 11845}, {202, 202, 202, 255} }},
	{{ {-5180, -2897, 7240}, 0, {-6062, 19870}, {202, 202, 202, 255} }},
	{{ {-4566, -2897, 7240}, 0, {-1660, 19870}, {202, 202, 202, 255} }},
	{{ {-4310, -2776, 7216}, 0, {177, 19642}, {255, 255, 255, 255} }},
	{{ {-4220, -2788, 6451}, 0, {824, 12332}, {255, 255, 255, 255} }},
	{{ {-4117, -2719, 7215}, 0, {1558, 19631}, {255, 255, 255, 255} }},
	{{ {-3910, -2750, 6543}, 0, {3042, 13208}, {255, 255, 255, 255} }},
	{{ {-3997, -2687, 7227}, 0, {2419, 19750}, {255, 255, 255, 255} }},
	{{ {-3639, -2742, 6698}, 0, {4987, 14693}, {255, 255, 255, 255} }},
	{{ {-3928, -2655, 7248}, 0, {2913, 19947}, {255, 255, 255, 255} }},
	{{ {-3437, -2710, 6937}, 0, {6432, 16972}, {255, 255, 255, 255} }},
	{{ {-3876, -2586, 7318}, 0, {3288, 20619}, {255, 255, 255, 255} }},
	{{ {-3350, -2610, 7231}, 0, {7054, 19781}, {255, 255, 255, 255} }},
	{{ {-3350, -2610, 7231}, 0, {7054, 19781}, {255, 255, 255, 255} }},
	{{ {-3876, -2586, 7318}, 0, {3288, 20619}, {255, 255, 255, 255} }},
	{{ {-3857, -2422, 7482}, 0, {3419, 22185}, {255, 255, 255, 255} }},
	{{ {-3371, -2422, 7550}, 0, {6907, 22834}, {255, 255, 255, 255} }},
	{{ {-3524, -2422, 8026}, 0, {5272, 778}, {255, 255, 255, 255} }},
	{{ {-3524, -2422, 7975}, 0, {5090, 960}, {255, 255, 255, 255} }},
	{{ {-3678, -2422, 7974}, 0, {4548, 418}, {255, 255, 255, 255} }},
	{{ {-3678, -2422, 8025}, 0, {4730, 236}, {255, 255, 255, 255} }},
	{{ {-4566, -3230, 7700}, 0, {-2318, 3032}, {202, 202, 202, 255} }},
	{{ {-5180, -3230, 7700}, 0, {-2318, -3098}, {202, 202, 202, 255} }},
	{{ {-5180, -3230, 7739}, 0, {-2638, -3098}, {202, 202, 202, 255} }},
	{{ {-4566, -3230, 7739}, 0, {-2638, 3032}, {202, 202, 202, 255} }},
	{{ {-4566, -3358, 7892}, 0, {-4622, 3032}, {202, 202, 202, 255} }},
	{{ {-5180, -3358, 7892}, 0, {-4622, -3098}, {202, 202, 202, 255} }},
	{{ {-5180, -3358, 7930}, 0, {-4940, -3098}, {202, 202, 202, 255} }},
	{{ {-4566, -3358, 7930}, 0, {-4940, 3032}, {202, 202, 202, 255} }},
	{{ {-4566, -3333, 7892}, 0, {-4480, 3032}, {118, 15, 13, 255} }},
	{{ {-5180, -3333, 7892}, 0, {-4480, -3098}, {118, 15, 13, 255} }},
	{{ {-5180, -3358, 7892}, 0, {-4622, -3098}, {118, 15, 13, 255} }},
	{{ {-4566, -3358, 7892}, 0, {-4622, 3032}, {118, 15, 13, 255} }},
	{{ {-4566, -3281, 7816}, 0, {-3558, 3032}, {118, 15, 13, 255} }},
	{{ {-5180, -3281, 7816}, 0, {-3558, -3098}, {118, 15, 13, 255} }},
	{{ {-5180, -3307, 7816}, 0, {-3700, -3098}, {118, 15, 13, 255} }},
	{{ {-4566, -3307, 7816}, 0, {-3700, 3032}, {118, 15, 13, 255} }},
	{{ {-5180, -3205, 7700}, 0, {-2178, -3098}, {202, 202, 202, 255} }},
	{{ {-4566, -3205, 7700}, 0, {-2178, 3032}, {202, 202, 202, 255} }},
	{{ {-4566, -3205, 7662}, 0, {-1858, 3032}, {202, 202, 202, 255} }},
	{{ {-5180, -3205, 7662}, 0, {-1858, -3098}, {202, 202, 202, 255} }},
	{{ {-5180, -2974, 7316}, 0, {2286, -3098}, {118, 15, 13, 255} }},
	{{ {-4566, -2974, 7316}, 0, {2286, 3032}, {118, 15, 13, 255} }},
	{{ {-4566, -2949, 7316}, 0, {2426, 3032}, {118, 15, 13, 255} }},
	{{ {-5180, -2949, 7316}, 0, {2426, -3098}, {118, 15, 13, 255} }},
	{{ {-4566, -3281, 7777}, 0, {-3240, 3032}, {202, 202, 202, 255} }},
	{{ {-5180, -3281, 7777}, 0, {-3240, -3098}, {202, 202, 202, 255} }},
	{{ {-5180, -3281, 7816}, 0, {-3558, -3098}, {202, 202, 202, 255} }},
	{{ {-4566, -3281, 7816}, 0, {-3558, 3032}, {202, 202, 202, 255} }},
	{{ {-4566, -3025, 7432}, 0, {1046, 3032}, {118, 15, 13, 255} }},
	{{ {-5180, -3025, 7432}, 0, {1046, -3098}, {118, 15, 13, 255} }},
	{{ {-5180, -3051, 7432}, 0, {904, -3098}, {118, 15, 13, 255} }},
	{{ {-4566, -3051, 7432}, 0, {904, 3032}, {118, 15, 13, 255} }},
	{{ {-5180, -3256, 7739}, 0, {-2780, -3098}, {118, 15, 13, 255} }},
	{{ {-4566, -3256, 7739}, 0, {-2780, 3032}, {118, 15, 13, 255} }},
	{{ {-4566, -3230, 7739}, 0, {-2638, 3032}, {118, 15, 13, 255} }},
	{{ {-5180, -3230, 7739}, 0, {-2638, -3098}, {118, 15, 13, 255} }},
	{{ {-4566, -3461, 8045}, 0, {-6464, 3032}, {202, 202, 202, 255} }},
	{{ {-5180, -3461, 8045}, 0, {-6464, -3098}, {202, 202, 202, 255} }},
	{{ {-5180, -3461, 8083}, 0, {-6784, -3098}, {202, 202, 202, 255} }},
	{{ {-4566, -3461, 8083}, 0, {-6784, 3032}, {202, 202, 202, 255} }},
	{{ {-4566, -3051, 7432}, 0, {904, 3032}, {202, 202, 202, 255} }},
	{{ {-5180, -3051, 7432}, 0, {904, -3098}, {202, 202, 202, 255} }},
	{{ {-5180, -3051, 7470}, 0, {584, -3098}, {202, 202, 202, 255} }},
	{{ {-4566, -3051, 7470}, 0, {584, 3032}, {202, 202, 202, 255} }},
	{{ {-5180, -3000, 7355}, 0, {1824, -3098}, {118, 15, 13, 255} }},
	{{ {-4566, -3000, 7355}, 0, {1824, 3032}, {118, 15, 13, 255} }},
	{{ {-4566, -2974, 7355}, 0, {1966, 3032}, {118, 15, 13, 255} }},
	{{ {-5180, -2974, 7355}, 0, {1966, -3098}, {118, 15, 13, 255} }},
	{{ {-4566, -3102, 7508}, 0, {-18, 3032}, {202, 202, 202, 255} }},
	{{ {-5180, -3102, 7508}, 0, {-18, -3098}, {202, 202, 202, 255} }},
	{{ {-5180, -3102, 7547}, 0, {-334, -3098}, {202, 202, 202, 255} }},
	{{ {-4566, -3102, 7547}, 0, {-334, 3032}, {202, 202, 202, 255} }},
	{{ {-5180, -3153, 7585}, 0, {-938, -3098}, {118, 15, 13, 255} }},
	{{ {-4566, -3153, 7585}, 0, {-938, 3032}, {118, 15, 13, 255} }},
	{{ {-4566, -3128, 7585}, 0, {-796, 3032}, {118, 15, 13, 255} }},
	{{ {-5180, -3128, 7585}, 0, {-796, -3098}, {118, 15, 13, 255} }},
	{{ {-4566, -2949, 7278}, 0, {2746, 3032}, {202, 202, 202, 255} }},
	{{ {-5180, -2949, 7278}, 0, {2746, -3098}, {202, 202, 202, 255} }},
	{{ {-5180, -2949, 7316}, 0, {2426, -3098}, {202, 202, 202, 255} }},
	{{ {-4566, -2949, 7316}, 0, {2426, 3032}, {202, 202, 202, 255} }},
	{{ {-4566, -3384, 7968}, 0, {-5402, 3032}, {118, 15, 13, 255} }},
	{{ {-5180, -3384, 7968}, 0, {-5402, -3098}, {118, 15, 13, 255} }},
	{{ {-5180, -3409, 7968}, 0, {-5544, -3098}, {118, 15, 13, 255} }},
	{{ {-4566, -3409, 7968}, 0, {-5544, 3032}, {118, 15, 13, 255} }},
	{{ {-4566, -3179, 7662}, 0, {-1716, 3032}, {118, 15, 13, 255} }},
	{{ {-5180, -3179, 7662}, 0, {-1716, -3098}, {118, 15, 13, 255} }},
	{{ {-5180, -3205, 7662}, 0, {-1858, -3098}, {118, 15, 13, 255} }},
	{{ {-4566, -3205, 7662}, 0, {-1858, 3032}, {118, 15, 13, 255} }},
	{{ {-4566, -3512, 8122}, 0, {-7386, 3032}, {202, 202, 202, 255} }},
	{{ {-5180, -3512, 8122}, 0, {-7386, -3098}, {202, 202, 202, 255} }},
	{{ {-5180, -3512, 8160}, 0, {-7704, -3098}, {202, 202, 202, 255} }},
	{{ {-4566, -3512, 8160}, 0, {-7704, 3032}, {202, 202, 202, 255} }},
	{{ {-4566, -3563, 8237}, 0, {-8626, 3032}, {118, 15, 13, 255} }},
	{{ {-5180, -3563, 8237}, 0, {-8626, -3098}, {118, 15, 13, 255} }},
	{{ {-5180, -3589, 8237}, 0, {-8768, -3098}, {118, 15, 13, 255} }},
	{{ {-4566, -3589, 8237}, 0, {-8768, 3032}, {118, 15, 13, 255} }},
	{{ {-4566, -3051, 7470}, 0, {584, 3032}, {118, 15, 13, 255} }},
	{{ {-5180, -3051, 7470}, 0, {584, -3098}, {118, 15, 13, 255} }},
	{{ {-5180, -3077, 7470}, 0, {442, -3098}, {118, 15, 13, 255} }},
	{{ {-4566, -3077, 7470}, 0, {442, 3032}, {118, 15, 13, 255} }},
	{{ {-4566, -3102, 7547}, 0, {-334, 3032}, {118, 15, 13, 255} }},
	{{ {-5180, -3102, 7547}, 0, {-334, -3098}, {118, 15, 13, 255} }},
	{{ {-5180, -3128, 7547}, 0, {-476, -3098}, {118, 15, 13, 255} }},
	{{ {-4566, -3128, 7547}, 0, {-476, 3032}, {118, 15, 13, 255} }},
	{{ {-4566, -3409, 7968}, 0, {-5544, 3032}, {202, 202, 202, 255} }},
	{{ {-5180, -3409, 7968}, 0, {-5544, -3098}, {202, 202, 202, 255} }},
	{{ {-5180, -3409, 8007}, 0, {-5862, -3098}, {202, 202, 202, 255} }},
	{{ {-4566, -3409, 8007}, 0, {-5862, 3032}, {202, 202, 202, 255} }},
	{{ {-4566, -3025, 7393}, 0, {1364, 3032}, {202, 202, 202, 255} }},
	{{ {-5180, -3025, 7393}, 0, {1364, -3098}, {202, 202, 202, 255} }},
	{{ {-5180, -3025, 7432}, 0, {1046, -3098}, {202, 202, 202, 255} }},
	{{ {-4566, -3025, 7432}, 0, {1046, 3032}, {202, 202, 202, 255} }},
	{{ {-4566, -3307, 7816}, 0, {-3700, 3032}, {202, 202, 202, 255} }},
	{{ {-5180, -3307, 7816}, 0, {-3700, -3098}, {202, 202, 202, 255} }},
	{{ {-5180, -3307, 7854}, 0, {-4020, -3098}, {202, 202, 202, 255} }},
	{{ {-4566, -3307, 7854}, 0, {-4020, 3032}, {202, 202, 202, 255} }},
	{{ {-4566, -3486, 8122}, 0, {-7244, 3032}, {118, 15, 13, 255} }},
	{{ {-5180, -3486, 8122}, 0, {-7244, -3098}, {118, 15, 13, 255} }},
	{{ {-5180, -3512, 8122}, 0, {-7386, -3098}, {118, 15, 13, 255} }},
	{{ {-4566, -3512, 8122}, 0, {-7386, 3032}, {118, 15, 13, 255} }},
	{{ {-4566, -3000, 7355}, 0, {1824, 3032}, {202, 202, 202, 255} }},
	{{ {-4574, -3000, 7393}, 0, {1506, 2946}, {255, 255, 255, 255} }},
	{{ {-4566, -3000, 7390}, 0, {1532, 3032}, {255, 255, 255, 255} }},
	{{ {-5180, -3000, 7393}, 0, {1506, -3098}, {202, 202, 202, 255} }},
	{{ {-5180, -3000, 7393}, 0, {1506, -3098}, {202, 202, 202, 255} }},
	{{ {-4566, -3000, 7355}, 0, {1824, 3032}, {202, 202, 202, 255} }},
	{{ {-5180, -3000, 7355}, 0, {1824, -3098}, {202, 202, 202, 255} }},
	{{ {-5180, -3537, 8160}, 0, {-7846, -3098}, {118, 15, 13, 255} }},
	{{ {-4566, -3537, 8160}, 0, {-7846, 3032}, {118, 15, 13, 255} }},
	{{ {-4566, -3512, 8160}, 0, {-7704, 3032}, {118, 15, 13, 255} }},
	{{ {-5180, -3512, 8160}, 0, {-7704, -3098}, {118, 15, 13, 255} }},
	{{ {-5180, -3486, 8122}, 0, {-7244, -3098}, {202, 202, 202, 255} }},
	{{ {-4566, -3486, 8122}, 0, {-7244, 3032}, {202, 202, 202, 255} }},
	{{ {-4566, -3486, 8083}, 0, {-6924, 3032}, {202, 202, 202, 255} }},
	{{ {-5180, -3486, 8083}, 0, {-6924, -3098}, {202, 202, 202, 255} }},
	{{ {-5180, -3153, 7624}, 0, {-1256, -3098}, {202, 202, 202, 255} }},
	{{ {-4566, -3153, 7624}, 0, {-1256, 3032}, {202, 202, 202, 255} }},
	{{ {-4566, -3153, 7585}, 0, {-938, 3032}, {202, 202, 202, 255} }},
	{{ {-5180, -3153, 7585}, 0, {-938, -3098}, {202, 202, 202, 255} }},
	{{ {-5180, -3435, 8045}, 0, {-6322, -3098}, {202, 202, 202, 255} }},
	{{ {-4566, -3435, 8045}, 0, {-6322, 3032}, {202, 202, 202, 255} }},
	{{ {-4566, -3435, 8007}, 0, {-6004, 3032}, {202, 202, 202, 255} }},
	{{ {-5180, -3435, 8007}, 0, {-6004, -3098}, {202, 202, 202, 255} }},
	{{ {-4566, -3537, 8160}, 0, {-7846, 3032}, {202, 202, 202, 255} }},
	{{ {-5180, -3537, 8160}, 0, {-7846, -3098}, {202, 202, 202, 255} }},
	{{ {-5180, -3537, 8199}, 0, {-8166, -3098}, {202, 202, 202, 255} }},
	{{ {-4566, -3537, 8199}, 0, {-8166, 3032}, {202, 202, 202, 255} }},
	{{ {-5180, -3077, 7508}, 0, {124, -3098}, {202, 202, 202, 255} }},
	{{ {-4566, -3077, 7508}, 0, {124, 3032}, {202, 202, 202, 255} }},
	{{ {-4566, -3077, 7470}, 0, {442, 3032}, {202, 202, 202, 255} }},
	{{ {-5180, -3077, 7470}, 0, {442, -3098}, {202, 202, 202, 255} }},
	{{ {-4566, -3589, 8275}, 0, {-9086, 3032}, {118, 15, 13, 255} }},
	{{ {-5180, -3589, 8275}, 0, {-9086, -3098}, {118, 15, 13, 255} }},
	{{ {-5180, -3614, 8275}, 0, {-9228, -3098}, {118, 15, 13, 255} }},
	{{ {-4566, -3614, 8275}, 0, {-9228, 3032}, {118, 15, 13, 255} }},
	{{ {-4566, -3358, 7930}, 0, {-4940, 3032}, {118, 15, 13, 255} }},
	{{ {-5180, -3358, 7930}, 0, {-4940, -3098}, {118, 15, 13, 255} }},
	{{ {-5180, -3384, 7930}, 0, {-5082, -3098}, {118, 15, 13, 255} }},
	{{ {-4566, -3384, 7930}, 0, {-5082, 3032}, {118, 15, 13, 255} }},
	{{ {-4566, -3179, 7624}, 0, {-1398, 3032}, {202, 202, 202, 255} }},
	{{ {-5180, -3179, 7624}, 0, {-1398, -3098}, {202, 202, 202, 255} }},
	{{ {-5180, -3179, 7662}, 0, {-1716, -3098}, {202, 202, 202, 255} }},
	{{ {-4566, -3179, 7662}, 0, {-1716, 3032}, {202, 202, 202, 255} }},
	{{ {-5180, -3486, 8083}, 0, {-6924, -3098}, {118, 15, 13, 255} }},
	{{ {-4566, -3486, 8083}, 0, {-6924, 3032}, {118, 15, 13, 255} }},
	{{ {-4566, -3461, 8083}, 0, {-6784, 3032}, {118, 15, 13, 255} }},
	{{ {-5180, -3461, 8083}, 0, {-6784, -3098}, {118, 15, 13, 255} }},
	{{ {-5180, -3384, 7968}, 0, {-5402, -3098}, {202, 202, 202, 255} }},
	{{ {-4566, -3384, 7968}, 0, {-5402, 3032}, {202, 202, 202, 255} }},
	{{ {-4566, -3384, 7930}, 0, {-5082, 3032}, {202, 202, 202, 255} }},
	{{ {-5180, -3384, 7930}, 0, {-5082, -3098}, {202, 202, 202, 255} }},
	{{ {-5180, -3333, 7892}, 0, {-4480, -3098}, {202, 202, 202, 255} }},
	{{ {-4566, -3333, 7892}, 0, {-4480, 3032}, {202, 202, 202, 255} }},
	{{ {-4566, -3333, 7854}, 0, {-4162, 3032}, {202, 202, 202, 255} }},
	{{ {-5180, -3333, 7854}, 0, {-4162, -3098}, {202, 202, 202, 255} }},
	{{ {-5180, -3589, 8275}, 0, {-9086, -3098}, {202, 202, 202, 255} }},
	{{ {-4566, -3589, 8275}, 0, {-9086, 3032}, {202, 202, 202, 255} }},
	{{ {-4566, -3589, 8237}, 0, {-8768, 3032}, {202, 202, 202, 255} }},
	{{ {-5180, -3589, 8237}, 0, {-8768, -3098}, {202, 202, 202, 255} }},
	{{ {-5180, -3435, 8007}, 0, {-6004, -3098}, {118, 15, 13, 255} }},
	{{ {-4566, -3435, 8007}, 0, {-6004, 3032}, {118, 15, 13, 255} }},
	{{ {-4566, -3409, 8007}, 0, {-5862, 3032}, {118, 15, 13, 255} }},
	{{ {-5180, -3409, 8007}, 0, {-5862, -3098}, {118, 15, 13, 255} }},
	{{ {-5180, -3461, 8045}, 0, {-6464, -3098}, {118, 15, 13, 255} }},
	{{ {-4566, -3461, 8045}, 0, {-6464, 3032}, {118, 15, 13, 255} }},
	{{ {-4566, -3435, 8045}, 0, {-6322, 3032}, {118, 15, 13, 255} }},
	{{ {-5180, -3435, 8045}, 0, {-6322, -3098}, {118, 15, 13, 255} }},
	{{ {-5180, -3256, 7777}, 0, {-3098, -3098}, {202, 202, 202, 255} }},
	{{ {-4566, -3256, 7777}, 0, {-3098, 3032}, {202, 202, 202, 255} }},
	{{ {-4566, -3256, 7739}, 0, {-2780, 3032}, {202, 202, 202, 255} }},
	{{ {-5180, -3256, 7739}, 0, {-2780, -3098}, {202, 202, 202, 255} }},
	{{ {-4566, -3128, 7547}, 0, {-476, 3032}, {202, 202, 202, 255} }},
	{{ {-5180, -3128, 7547}, 0, {-476, -3098}, {202, 202, 202, 255} }},
	{{ {-5180, -3128, 7585}, 0, {-796, -3098}, {202, 202, 202, 255} }},
	{{ {-4566, -3128, 7585}, 0, {-796, 3032}, {202, 202, 202, 255} }},
	{{ {-4566, -3000, 7393}, 0, {1506, 3032}, {118, 15, 13, 255} }},
	{{ {-5180, -3000, 7393}, 0, {1506, -3098}, {118, 15, 13, 255} }},
	{{ {-5180, -3025, 7393}, 0, {1364, -3098}, {118, 15, 13, 255} }},
	{{ {-4566, -3025, 7393}, 0, {1364, 3032}, {118, 15, 13, 255} }},
	{{ {-5180, -3179, 7624}, 0, {-1398, -3098}, {118, 15, 13, 255} }},
	{{ {-4566, -3179, 7624}, 0, {-1398, 3032}, {118, 15, 13, 255} }},
	{{ {-4566, -3153, 7624}, 0, {-1256, 3032}, {118, 15, 13, 255} }},
	{{ {-5180, -3153, 7624}, 0, {-1256, -3098}, {118, 15, 13, 255} }},
	{{ {-4566, -3307, 7854}, 0, {-4020, 3032}, {118, 15, 13, 255} }},
	{{ {-5180, -3307, 7854}, 0, {-4020, -3098}, {118, 15, 13, 255} }},
	{{ {-5180, -3333, 7854}, 0, {-4162, -3098}, {118, 15, 13, 255} }},
	{{ {-4566, -3333, 7854}, 0, {-4162, 3032}, {118, 15, 13, 255} }},
	{{ {-4566, -3256, 7777}, 0, {-3098, 3032}, {118, 15, 13, 255} }},
	{{ {-5180, -3256, 7777}, 0, {-3098, -3098}, {118, 15, 13, 255} }},
	{{ {-5180, -3281, 7777}, 0, {-3240, -3098}, {118, 15, 13, 255} }},
	{{ {-4566, -3281, 7777}, 0, {-3240, 3032}, {118, 15, 13, 255} }},
	{{ {-4566, -2923, 7278}, 0, {2888, 3032}, {118, 15, 13, 255} }},
	{{ {-5180, -2923, 7278}, 0, {2888, -3098}, {118, 15, 13, 255} }},
	{{ {-5180, -2949, 7278}, 0, {2746, -3098}, {118, 15, 13, 255} }},
	{{ {-4566, -2949, 7278}, 0, {2746, 3032}, {118, 15, 13, 255} }},
	{{ {-5180, -3230, 7700}, 0, {-2318, -3098}, {118, 15, 13, 255} }},
	{{ {-4566, -3230, 7700}, 0, {-2318, 3032}, {118, 15, 13, 255} }},
	{{ {-4566, -3205, 7700}, 0, {-2178, 3032}, {118, 15, 13, 255} }},
	{{ {-5180, -3205, 7700}, 0, {-2178, -3098}, {118, 15, 13, 255} }},
	{{ {-4566, -2923, 7240}, 0, {3206, 3032}, {202, 202, 202, 255} }},
	{{ {-5180, -2923, 7240}, 0, {3206, -3098}, {202, 202, 202, 255} }},
	{{ {-5180, -2923, 7278}, 0, {2888, -3098}, {202, 202, 202, 255} }},
	{{ {-4566, -2923, 7278}, 0, {2888, 3032}, {202, 202, 202, 255} }},
	{{ {-4566, -3563, 8199}, 0, {-8306, 3032}, {202, 202, 202, 255} }},
	{{ {-5180, -3563, 8199}, 0, {-8306, -3098}, {202, 202, 202, 255} }},
	{{ {-5180, -3563, 8237}, 0, {-8626, -3098}, {202, 202, 202, 255} }},
	{{ {-4566, -3563, 8237}, 0, {-8626, 3032}, {202, 202, 202, 255} }},
	{{ {-5180, -3563, 8199}, 0, {-8306, -3098}, {118, 15, 13, 255} }},
	{{ {-4566, -3563, 8199}, 0, {-8306, 3032}, {118, 15, 13, 255} }},
	{{ {-4566, -3537, 8199}, 0, {-8166, 3032}, {118, 15, 13, 255} }},
	{{ {-5180, -3537, 8199}, 0, {-8166, -3098}, {118, 15, 13, 255} }},
	{{ {-5180, -2974, 7355}, 0, {1966, -3098}, {202, 202, 202, 255} }},
	{{ {-4566, -2974, 7355}, 0, {1966, 3032}, {202, 202, 202, 255} }},
	{{ {-4566, -2974, 7316}, 0, {2286, 3032}, {202, 202, 202, 255} }},
	{{ {-5180, -2974, 7316}, 0, {2286, -3098}, {202, 202, 202, 255} }},
	{{ {-5180, -3102, 7508}, 0, {-18, -3098}, {118, 15, 13, 255} }},
	{{ {-4566, -3102, 7508}, 0, {-18, 3032}, {118, 15, 13, 255} }},
	{{ {-4566, -3077, 7508}, 0, {124, 3032}, {118, 15, 13, 255} }},
	{{ {-5180, -3077, 7508}, 0, {124, -3098}, {118, 15, 13, 255} }},
	{{ {-4566, -2897, 7240}, 0, {-1660, 19870}, {118, 15, 13, 255} }},
	{{ {-5180, -2897, 7240}, 0, {-6062, 19870}, {118, 15, 13, 255} }},
	{{ {-5180, -2923, 7240}, 0, {3206, -3098}, {118, 15, 13, 255} }},
	{{ {-4566, -2923, 7240}, 0, {3206, 3032}, {118, 15, 13, 255} }},
	{{ {-6237, -2422, 8026}, 0, {-7779, 2484}, {255, 255, 255, 255} }},
	{{ {-6083, -2422, 8026}, 0, {-6837, 2479}, {255, 255, 255, 255} }},
	{{ {-6083, -2422, 7975}, 0, {-6837, 2167}, {255, 255, 255, 255} }},
	{{ {-6237, -2422, 7976}, 0, {-7779, 2171}, {255, 255, 255, 255} }},
	{{ {-5180, -2897, 6400}, 0, {-1660, 11845}, {202, 202, 202, 255} }},
	{{ {-5451, -2776, 7217}, 0, {177, 19642}, {255, 255, 255, 255} }},
	{{ {-5180, -2897, 7240}, 0, {-1660, 19870}, {202, 202, 202, 255} }},
	{{ {-5542, -2788, 6452}, 0, {824, 12332}, {255, 255, 255, 255} }},
	{{ {-5542, -2788, 6452}, 0, {824, 12332}, {255, 255, 255, 255} }},
	{{ {-5644, -2719, 7216}, 0, {1558, 19631}, {255, 255, 255, 255} }},
	{{ {-5451, -2776, 7217}, 0, {177, 19642}, {255, 255, 255, 255} }},
	{{ {-5851, -2750, 6544}, 0, {3042, 13208}, {255, 255, 255, 255} }},
	{{ {-5764, -2687, 7228}, 0, {2419, 19750}, {255, 255, 255, 255} }},
	{{ {-6122, -2742, 6699}, 0, {4987, 14693}, {255, 255, 255, 255} }},
	{{ {-5833, -2655, 7249}, 0, {2913, 19947}, {255, 255, 255, 255} }},
	{{ {-6324, -2710, 6937}, 0, {6432, 16972}, {255, 255, 255, 255} }},
	{{ {-5886, -2586, 7319}, 0, {3288, 20619}, {255, 255, 255, 255} }},
	{{ {-6411, -2610, 7231}, 0, {7054, 19781}, {255, 255, 255, 255} }},
	{{ {-5904, -2422, 7483}, 0, {3419, 22185}, {255, 255, 255, 255} }},
	{{ {-6390, -2422, 7551}, 0, {6907, 22834}, {255, 255, 255, 255} }},
};

Gfx castle_inside_dl_inside_castle_seg7_dl_0702E408_mesh_001_mesh_layer_1_tri_0[] = {
	gsSPVertex(castle_inside_dl_inside_castle_seg7_dl_0702E408_mesh_001_mesh_layer_1_vtx_0 + 0, 16, 0),
	gsSP1Triangle(0, 1, 2, 0),
	gsSP1Triangle(0, 3, 1, 0),
	gsSP1Triangle(4, 1, 3, 0),
	gsSP1Triangle(4, 5, 1, 0),
	gsSP1Triangle(1, 5, 6, 0),
	gsSP1Triangle(1, 6, 7, 0),
	gsSP1Triangle(7, 6, 8, 0),
	gsSP1Triangle(7, 8, 9, 0),
	gsSP1Triangle(9, 8, 10, 0),
	gsSP1Triangle(9, 10, 11, 0),
	gsSP1Triangle(11, 10, 12, 0),
	gsSP1Triangle(11, 12, 13, 0),
	gsSP1Triangle(13, 12, 14, 0),
	gsSP1Triangle(13, 14, 15, 0),
	gsSPVertex(castle_inside_dl_inside_castle_seg7_dl_0702E408_mesh_001_mesh_layer_1_vtx_0 + 16, 16, 0),
	gsSP1Triangle(0, 1, 2, 0),
	gsSP1Triangle(0, 2, 3, 0),
	gsSP1Triangle(4, 5, 6, 0),
	gsSP1Triangle(4, 6, 7, 0),
	gsSP1Triangle(8, 9, 10, 0),
	gsSP1Triangle(8, 10, 11, 0),
	gsSP1Triangle(12, 13, 14, 0),
	gsSP1Triangle(12, 14, 15, 0),
	gsSPVertex(castle_inside_dl_inside_castle_seg7_dl_0702E408_mesh_001_mesh_layer_1_vtx_0 + 32, 16, 0),
	gsSP1Triangle(0, 1, 2, 0),
	gsSP1Triangle(0, 2, 3, 0),
	gsSP1Triangle(4, 5, 6, 0),
	gsSP1Triangle(4, 6, 7, 0),
	gsSP1Triangle(8, 9, 10, 0),
	gsSP1Triangle(8, 10, 11, 0),
	gsSP1Triangle(12, 13, 14, 0),
	gsSP1Triangle(12, 14, 15, 0),
	gsSPVertex(castle_inside_dl_inside_castle_seg7_dl_0702E408_mesh_001_mesh_layer_1_vtx_0 + 48, 16, 0),
	gsSP1Triangle(0, 1, 2, 0),
	gsSP1Triangle(0, 2, 3, 0),
	gsSP1Triangle(4, 5, 6, 0),
	gsSP1Triangle(4, 6, 7, 0),
	gsSP1Triangle(8, 9, 10, 0),
	gsSP1Triangle(8, 10, 11, 0),
	gsSP1Triangle(12, 13, 14, 0),
	gsSP1Triangle(12, 14, 15, 0),
	gsSPVertex(castle_inside_dl_inside_castle_seg7_dl_0702E408_mesh_001_mesh_layer_1_vtx_0 + 64, 16, 0),
	gsSP1Triangle(0, 1, 2, 0),
	gsSP1Triangle(0, 2, 3, 0),
	gsSP1Triangle(4, 5, 6, 0),
	gsSP1Triangle(4, 6, 7, 0),
	gsSP1Triangle(8, 9, 10, 0),
	gsSP1Triangle(8, 10, 11, 0),
	gsSP1Triangle(12, 13, 14, 0),
	gsSP1Triangle(12, 14, 15, 0),
	gsSPVertex(castle_inside_dl_inside_castle_seg7_dl_0702E408_mesh_001_mesh_layer_1_vtx_0 + 80, 16, 0),
	gsSP1Triangle(0, 1, 2, 0),
	gsSP1Triangle(0, 2, 3, 0),
	gsSP1Triangle(4, 5, 6, 0),
	gsSP1Triangle(4, 6, 7, 0),
	gsSP1Triangle(8, 9, 10, 0),
	gsSP1Triangle(8, 10, 11, 0),
	gsSP1Triangle(12, 13, 14, 0),
	gsSP1Triangle(12, 14, 15, 0),
	gsSPVertex(castle_inside_dl_inside_castle_seg7_dl_0702E408_mesh_001_mesh_layer_1_vtx_0 + 96, 16, 0),
	gsSP1Triangle(0, 1, 2, 0),
	gsSP1Triangle(0, 2, 3, 0),
	gsSP1Triangle(4, 5, 6, 0),
	gsSP1Triangle(4, 6, 7, 0),
	gsSP1Triangle(8, 9, 10, 0),
	gsSP1Triangle(8, 10, 11, 0),
	gsSP1Triangle(12, 13, 14, 0),
	gsSP1Triangle(12, 14, 15, 0),
	gsSPVertex(castle_inside_dl_inside_castle_seg7_dl_0702E408_mesh_001_mesh_layer_1_vtx_0 + 112, 16, 0),
	gsSP1Triangle(0, 1, 2, 0),
	gsSP1Triangle(0, 2, 3, 0),
	gsSP1Triangle(4, 5, 6, 0),
	gsSP1Triangle(4, 6, 7, 0),
	gsSP1Triangle(8, 9, 10, 0),
	gsSP1Triangle(8, 10, 11, 0),
	gsSP1Triangle(12, 13, 14, 0),
	gsSP1Triangle(15, 13, 12, 0),
	gsSPVertex(castle_inside_dl_inside_castle_seg7_dl_0702E408_mesh_001_mesh_layer_1_vtx_0 + 128, 15, 0),
	gsSP1Triangle(0, 1, 2, 0),
	gsSP1Triangle(3, 4, 5, 0),
	gsSP1Triangle(3, 5, 6, 0),
	gsSP1Triangle(7, 8, 9, 0),
	gsSP1Triangle(7, 9, 10, 0),
	gsSP1Triangle(11, 12, 13, 0),
	gsSP1Triangle(11, 13, 14, 0),
	gsSPVertex(castle_inside_dl_inside_castle_seg7_dl_0702E408_mesh_001_mesh_layer_1_vtx_0 + 143, 16, 0),
	gsSP1Triangle(0, 1, 2, 0),
	gsSP1Triangle(0, 2, 3, 0),
	gsSP1Triangle(4, 5, 6, 0),
	gsSP1Triangle(4, 6, 7, 0),
	gsSP1Triangle(8, 9, 10, 0),
	gsSP1Triangle(8, 10, 11, 0),
	gsSP1Triangle(12, 13, 14, 0),
	gsSP1Triangle(12, 14, 15, 0),
	gsSPVertex(castle_inside_dl_inside_castle_seg7_dl_0702E408_mesh_001_mesh_layer_1_vtx_0 + 159, 16, 0),
	gsSP1Triangle(0, 1, 2, 0),
	gsSP1Triangle(0, 2, 3, 0),
	gsSP1Triangle(4, 5, 6, 0),
	gsSP1Triangle(4, 6, 7, 0),
	gsSP1Triangle(8, 9, 10, 0),
	gsSP1Triangle(8, 10, 11, 0),
	gsSP1Triangle(12, 13, 14, 0),
	gsSP1Triangle(12, 14, 15, 0),
	gsSPVertex(castle_inside_dl_inside_castle_seg7_dl_0702E408_mesh_001_mesh_layer_1_vtx_0 + 175, 16, 0),
	gsSP1Triangle(0, 1, 2, 0),
	gsSP1Triangle(0, 2, 3, 0),
	gsSP1Triangle(4, 5, 6, 0),
	gsSP1Triangle(4, 6, 7, 0),
	gsSP1Triangle(8, 9, 10, 0),
	gsSP1Triangle(8, 10, 11, 0),
	gsSP1Triangle(12, 13, 14, 0),
	gsSP1Triangle(12, 14, 15, 0),
	gsSPVertex(castle_inside_dl_inside_castle_seg7_dl_0702E408_mesh_001_mesh_layer_1_vtx_0 + 191, 16, 0),
	gsSP1Triangle(0, 1, 2, 0),
	gsSP1Triangle(0, 2, 3, 0),
	gsSP1Triangle(4, 5, 6, 0),
	gsSP1Triangle(4, 6, 7, 0),
	gsSP1Triangle(8, 9, 10, 0),
	gsSP1Triangle(8, 10, 11, 0),
	gsSP1Triangle(12, 13, 14, 0),
	gsSP1Triangle(12, 14, 15, 0),
	gsSPVertex(castle_inside_dl_inside_castle_seg7_dl_0702E408_mesh_001_mesh_layer_1_vtx_0 + 207, 16, 0),
	gsSP1Triangle(0, 1, 2, 0),
	gsSP1Triangle(0, 2, 3, 0),
	gsSP1Triangle(4, 5, 6, 0),
	gsSP1Triangle(4, 6, 7, 0),
	gsSP1Triangle(8, 9, 10, 0),
	gsSP1Triangle(8, 10, 11, 0),
	gsSP1Triangle(12, 13, 14, 0),
	gsSP1Triangle(12, 14, 15, 0),
	gsSPVertex(castle_inside_dl_inside_castle_seg7_dl_0702E408_mesh_001_mesh_layer_1_vtx_0 + 223, 16, 0),
	gsSP1Triangle(0, 1, 2, 0),
	gsSP1Triangle(0, 2, 3, 0),
	gsSP1Triangle(4, 5, 6, 0),
	gsSP1Triangle(4, 6, 7, 0),
	gsSP1Triangle(8, 9, 10, 0),
	gsSP1Triangle(8, 10, 11, 0),
	gsSP1Triangle(12, 13, 14, 0),
	gsSP1Triangle(12, 14, 15, 0),
	gsSPVertex(castle_inside_dl_inside_castle_seg7_dl_0702E408_mesh_001_mesh_layer_1_vtx_0 + 239, 16, 0),
	gsSP1Triangle(0, 1, 2, 0),
	gsSP1Triangle(0, 2, 3, 0),
	gsSP1Triangle(4, 5, 6, 0),
	gsSP1Triangle(4, 6, 7, 0),
	gsSP1Triangle(8, 9, 10, 0),
	gsSP1Triangle(8, 10, 11, 0),
	gsSP1Triangle(12, 13, 14, 0),
	gsSP1Triangle(12, 15, 13, 0),
	gsSPVertex(castle_inside_dl_inside_castle_seg7_dl_0702E408_mesh_001_mesh_layer_1_vtx_0 + 255, 12, 0),
	gsSP1Triangle(0, 1, 2, 0),
	gsSP1Triangle(0, 3, 1, 0),
	gsSP1Triangle(3, 4, 1, 0),
	gsSP1Triangle(3, 5, 4, 0),
	gsSP1Triangle(5, 6, 4, 0),
	gsSP1Triangle(5, 7, 6, 0),
	gsSP1Triangle(7, 8, 6, 0),
	gsSP1Triangle(7, 9, 8, 0),
	gsSP1Triangle(9, 10, 8, 0),
	gsSP1Triangle(9, 11, 10, 0),
	gsSPEndDisplayList(),
};

Vtx castle_inside_dl_inside_castle_seg7_dl_0702E408_mesh_001_mesh_layer_1_vtx_1[90] = {
	{{ {-4668, -2386, 6400}, 0, {-3562, 9712}, {155, 0, 4, 255} }},
	{{ {-4566, -2335, 7240}, 0, {-2534, -119}, {182, 0, 5, 255} }},
	{{ {-4668, -2233, 7240}, 0, {-3562, -119}, {155, 0, 4, 255} }},
	{{ {-4566, -2386, 6400}, 0, {-2534, 9712}, {182, 0, 5, 255} }},
	{{ {-4491, -2298, 6487}, 0, {-1782, 8698}, {155, 0, 4, 255} }},
	{{ {-4235, -2207, 6525}, 0, {800, 8255}, {155, 0, 4, 255} }},
	{{ {-4220, -2277, 6451}, 0, {956, 9116}, {182, 0, 5, 255} }},
	{{ {-3939, -2173, 6612}, 0, {3780, 7230}, {155, 0, 4, 255} }},
	{{ {-3910, -2239, 6543}, 0, {4074, 8043}, {182, 0, 5, 255} }},
	{{ {-3687, -2164, 6757}, 0, {6321, 5537}, {155, 0, 4, 255} }},
	{{ {-3639, -2231, 6698}, 0, {6807, 6223}, {182, 0, 5, 255} }},
	{{ {-3503, -2134, 6974}, 0, {8174, 2988}, {155, 0, 4, 255} }},
	{{ {-3437, -2199, 6937}, 0, {8838, 3431}, {182, 0, 5, 255} }},
	{{ {-3425, -2035, 7242}, 0, {8957, -141}, {155, 0, 4, 255} }},
	{{ {-3350, -2099, 7231}, 0, {9712, -11}, {182, 0, 5, 255} }},
	{{ {-3446, -1942, 7549}, 0, {8749, -3735}, {155, 0, 4, 255} }},
	{{ {-3446, -1942, 7549}, 0, {8749, -3735}, {155, 0, 4, 255} }},
	{{ {-3350, -2099, 7231}, 0, {9712, -11}, {182, 0, 5, 255} }},
	{{ {-3371, -2012, 7550}, 0, {9505, -3751}, {182, 0, 5, 255} }},
	{{ {-3446, -1938, 7899}, 0, {8749, -7841}, {155, 0, 4, 255} }},
	{{ {-3371, -2012, 7974}, 0, {9505, -8720}, {182, 0, 5, 255} }},
	{{ {-3774, -1938, 7899}, 0, {5445, -7841}, {155, 0, 4, 255} }},
	{{ {-3805, -2012, 7974}, 0, {5131, -8720}, {182, 0, 5, 255} }},
	{{ {-3854, -1938, 7819}, 0, {4637, -6902}, {155, 0, 4, 255} }},
	{{ {-3920, -2012, 7860}, 0, {3977, -7378}, {182, 0, 5, 255} }},
	{{ {-3877, -1938, 7752}, 0, {4409, -6116}, {155, 0, 4, 255} }},
	{{ {-3956, -2012, 7751}, 0, {3607, -6103}, {182, 0, 5, 255} }},
	{{ {-3781, -1938, 7491}, 0, {5378, -3057}, {155, 0, 4, 255} }},
	{{ {-3857, -2012, 7482}, 0, {4604, -2956}, {182, 0, 5, 255} }},
	{{ {-3804, -2102, 7289}, 0, {5145, -698}, {155, 0, 4, 255} }},
	{{ {-3876, -2176, 7318}, 0, {4420, -1037}, {182, 0, 5, 255} }},
	{{ {-3883, -2172, 7183}, 0, {4352, 542}, {155, 0, 4, 255} }},
	{{ {-3883, -2172, 7183}, 0, {4352, 542}, {155, 0, 4, 255} }},
	{{ {-3876, -2176, 7318}, 0, {4420, -1037}, {182, 0, 5, 255} }},
	{{ {-3928, -2245, 7248}, 0, {3892, -214}, {182, 0, 5, 255} }},
	{{ {-3982, -2202, 7153}, 0, {3345, 895}, {155, 0, 4, 255} }},
	{{ {-3997, -2277, 7227}, 0, {3199, 27}, {182, 0, 5, 255} }},
	{{ {-4114, -2231, 7140}, 0, {2018, 1052}, {155, 0, 4, 255} }},
	{{ {-4117, -2309, 7215}, 0, {1989, 173}, {182, 0, 5, 255} }},
	{{ {-4314, -2260, 7141}, 0, {7, 1039}, {155, 0, 4, 255} }},
	{{ {-4310, -2335, 7216}, 0, {47, 160}, {182, 0, 5, 255} }},
	{{ {-4493, -2249, 7157}, 0, {-1798, 847}, {155, 0, 4, 255} }},
	{{ {-4566, -2335, 7240}, 0, {-2534, -119}, {182, 0, 5, 255} }},
	{{ {-4491, -2298, 6487}, 0, {-1782, 8698}, {155, 0, 4, 255} }},
	{{ {-5078, -2386, 6400}, 0, {-7692, 9712}, {155, 0, 4, 255} }},
	{{ {-5180, -2335, 7240}, 0, {-8720, -119}, {182, 0, 5, 255} }},
	{{ {-5180, -2386, 6400}, 0, {-8720, 9712}, {182, 0, 5, 255} }},
	{{ {-5078, -2233, 7240}, 0, {-7692, -119}, {155, 0, 4, 255} }},
	{{ {-5268, -2249, 7158}, 0, {-1798, 847}, {155, 0, 4, 255} }},
	{{ {-5180, -2335, 7240}, 0, {-2534, -119}, {182, 0, 5, 255} }},
	{{ {-5451, -2335, 7217}, 0, {47, 160}, {182, 0, 5, 255} }},
	{{ {-5270, -2298, 6488}, 0, {-1782, 8698}, {155, 0, 4, 255} }},
	{{ {-5180, -2386, 6400}, 0, {-2534, 9712}, {182, 0, 5, 255} }},
	{{ {-5526, -2207, 6525}, 0, {800, 8255}, {155, 0, 4, 255} }},
	{{ {-5542, -2277, 6452}, 0, {956, 9116}, {182, 0, 5, 255} }},
	{{ {-5822, -2173, 6613}, 0, {3780, 7230}, {155, 0, 4, 255} }},
	{{ {-5851, -2239, 6544}, 0, {4074, 8043}, {182, 0, 5, 255} }},
	{{ {-6074, -2164, 6757}, 0, {6321, 5537}, {155, 0, 4, 255} }},
	{{ {-6122, -2231, 6699}, 0, {6807, 6223}, {182, 0, 5, 255} }},
	{{ {-6258, -2134, 6975}, 0, {8174, 2988}, {155, 0, 4, 255} }},
	{{ {-6324, -2199, 6937}, 0, {8838, 3431}, {182, 0, 5, 255} }},
	{{ {-6336, -2035, 7242}, 0, {8957, -141}, {155, 0, 4, 255} }},
	{{ {-6411, -2099, 7231}, 0, {9712, -11}, {182, 0, 5, 255} }},
	{{ {-6315, -1942, 7549}, 0, {8749, -3735}, {155, 0, 4, 255} }},
	{{ {-6315, -1942, 7549}, 0, {8749, -3735}, {155, 0, 4, 255} }},
	{{ {-6390, -2012, 7551}, 0, {9505, -3751}, {182, 0, 5, 255} }},
	{{ {-6411, -2099, 7231}, 0, {9712, -11}, {182, 0, 5, 255} }},
	{{ {-6315, -1938, 7900}, 0, {8749, -7841}, {155, 0, 4, 255} }},
	{{ {-6390, -2012, 7975}, 0, {9505, -8720}, {182, 0, 5, 255} }},
	{{ {-5987, -1938, 7900}, 0, {5445, -7841}, {155, 0, 4, 255} }},
	{{ {-5956, -2012, 7975}, 0, {5131, -8720}, {182, 0, 5, 255} }},
	{{ {-5907, -1938, 7820}, 0, {4637, -6902}, {155, 0, 4, 255} }},
	{{ {-5842, -2012, 7860}, 0, {3977, -7378}, {182, 0, 5, 255} }},
	{{ {-5884, -1938, 7752}, 0, {4409, -6116}, {155, 0, 4, 255} }},
	{{ {-5805, -2012, 7751}, 0, {3607, -6103}, {182, 0, 5, 255} }},
	{{ {-5981, -1938, 7491}, 0, {5378, -3057}, {155, 0, 4, 255} }},
	{{ {-5904, -2012, 7483}, 0, {4604, -2956}, {182, 0, 5, 255} }},
	{{ {-5957, -2102, 7290}, 0, {5145, -698}, {155, 0, 4, 255} }},
	{{ {-5886, -2176, 7319}, 0, {4420, -1037}, {182, 0, 5, 255} }},
	{{ {-5879, -2172, 7184}, 0, {4352, 542}, {155, 0, 4, 255} }},
	{{ {-5879, -2172, 7184}, 0, {4352, 542}, {155, 0, 4, 255} }},
	{{ {-5833, -2245, 7249}, 0, {3892, -214}, {182, 0, 5, 255} }},
	{{ {-5886, -2176, 7319}, 0, {4420, -1037}, {182, 0, 5, 255} }},
	{{ {-5779, -2202, 7154}, 0, {3345, 895}, {155, 0, 4, 255} }},
	{{ {-5764, -2277, 7228}, 0, {3199, 27}, {182, 0, 5, 255} }},
	{{ {-5647, -2231, 7141}, 0, {2018, 1052}, {155, 0, 4, 255} }},
	{{ {-5644, -2309, 7216}, 0, {1989, 173}, {182, 0, 5, 255} }},
	{{ {-5447, -2260, 7142}, 0, {7, 1039}, {155, 0, 4, 255} }},
	{{ {-5451, -2335, 7217}, 0, {47, 160}, {182, 0, 5, 255} }},
	{{ {-5268, -2249, 7158}, 0, {-1798, 847}, {155, 0, 4, 255} }},
};

Gfx castle_inside_dl_inside_castle_seg7_dl_0702E408_mesh_001_mesh_layer_1_tri_1[] = {
	gsSPVertex(castle_inside_dl_inside_castle_seg7_dl_0702E408_mesh_001_mesh_layer_1_vtx_1 + 0, 16, 0),
	gsSP1Triangle(0, 1, 2, 0),
	gsSP1Triangle(0, 3, 1, 0),
	gsSP1Triangle(4, 1, 3, 0),
	gsSP1Triangle(5, 4, 3, 0),
	gsSP1Triangle(5, 3, 6, 0),
	gsSP1Triangle(7, 5, 6, 0),
	gsSP1Triangle(7, 6, 8, 0),
	gsSP1Triangle(9, 7, 8, 0),
	gsSP1Triangle(9, 8, 10, 0),
	gsSP1Triangle(11, 9, 10, 0),
	gsSP1Triangle(11, 10, 12, 0),
	gsSP1Triangle(13, 11, 12, 0),
	gsSP1Triangle(13, 12, 14, 0),
	gsSP1Triangle(15, 13, 14, 0),
	gsSPVertex(castle_inside_dl_inside_castle_seg7_dl_0702E408_mesh_001_mesh_layer_1_vtx_1 + 16, 16, 0),
	gsSP1Triangle(0, 1, 2, 0),
	gsSP1Triangle(3, 0, 2, 0),
	gsSP1Triangle(3, 2, 4, 0),
	gsSP1Triangle(5, 3, 4, 0),
	gsSP1Triangle(5, 4, 6, 0),
	gsSP1Triangle(7, 5, 6, 0),
	gsSP1Triangle(7, 6, 8, 0),
	gsSP1Triangle(9, 7, 8, 0),
	gsSP1Triangle(9, 8, 10, 0),
	gsSP1Triangle(11, 9, 10, 0),
	gsSP1Triangle(11, 10, 12, 0),
	gsSP1Triangle(13, 11, 12, 0),
	gsSP1Triangle(13, 12, 14, 0),
	gsSP1Triangle(15, 13, 14, 0),
	gsSPVertex(castle_inside_dl_inside_castle_seg7_dl_0702E408_mesh_001_mesh_layer_1_vtx_1 + 32, 16, 0),
	gsSP1Triangle(0, 1, 2, 0),
	gsSP1Triangle(3, 0, 2, 0),
	gsSP1Triangle(3, 2, 4, 0),
	gsSP1Triangle(5, 3, 4, 0),
	gsSP1Triangle(5, 4, 6, 0),
	gsSP1Triangle(7, 5, 6, 0),
	gsSP1Triangle(7, 6, 8, 0),
	gsSP1Triangle(9, 7, 8, 0),
	gsSP1Triangle(9, 8, 10, 0),
	gsSP1Triangle(11, 9, 10, 0),
	gsSP1Triangle(12, 13, 14, 0),
	gsSP1Triangle(12, 15, 13, 0),
	gsSPVertex(castle_inside_dl_inside_castle_seg7_dl_0702E408_mesh_001_mesh_layer_1_vtx_1 + 48, 16, 0),
	gsSP1Triangle(0, 1, 2, 0),
	gsSP1Triangle(3, 1, 0, 0),
	gsSP1Triangle(3, 4, 1, 0),
	gsSP1Triangle(5, 4, 3, 0),
	gsSP1Triangle(5, 6, 4, 0),
	gsSP1Triangle(7, 6, 5, 0),
	gsSP1Triangle(7, 8, 6, 0),
	gsSP1Triangle(9, 8, 7, 0),
	gsSP1Triangle(9, 10, 8, 0),
	gsSP1Triangle(11, 10, 9, 0),
	gsSP1Triangle(11, 12, 10, 0),
	gsSP1Triangle(13, 12, 11, 0),
	gsSP1Triangle(13, 14, 12, 0),
	gsSP1Triangle(15, 14, 13, 0),
	gsSPVertex(castle_inside_dl_inside_castle_seg7_dl_0702E408_mesh_001_mesh_layer_1_vtx_1 + 64, 16, 0),
	gsSP1Triangle(0, 1, 2, 0),
	gsSP1Triangle(3, 1, 0, 0),
	gsSP1Triangle(3, 4, 1, 0),
	gsSP1Triangle(5, 4, 3, 0),
	gsSP1Triangle(5, 6, 4, 0),
	gsSP1Triangle(7, 6, 5, 0),
	gsSP1Triangle(7, 8, 6, 0),
	gsSP1Triangle(9, 8, 7, 0),
	gsSP1Triangle(9, 10, 8, 0),
	gsSP1Triangle(11, 10, 9, 0),
	gsSP1Triangle(11, 12, 10, 0),
	gsSP1Triangle(13, 12, 11, 0),
	gsSP1Triangle(13, 14, 12, 0),
	gsSP1Triangle(15, 14, 13, 0),
	gsSPVertex(castle_inside_dl_inside_castle_seg7_dl_0702E408_mesh_001_mesh_layer_1_vtx_1 + 80, 10, 0),
	gsSP1Triangle(0, 1, 2, 0),
	gsSP1Triangle(3, 1, 0, 0),
	gsSP1Triangle(3, 4, 1, 0),
	gsSP1Triangle(5, 4, 3, 0),
	gsSP1Triangle(5, 6, 4, 0),
	gsSP1Triangle(7, 6, 5, 0),
	gsSP1Triangle(7, 8, 6, 0),
	gsSP1Triangle(9, 8, 7, 0),
	gsSPEndDisplayList(),
};

Vtx castle_inside_dl_inside_castle_seg7_dl_0702E408_mesh_001_mesh_layer_1_vtx_2[72] = {
	{{ {-3371, -2422, 7550}, 0, {9712, -436}, {255, 255, 255, 255} }},
	{{ {-3805, -2422, 7974}, 0, {7048, 2167}, {255, 255, 255, 255} }},
	{{ {-3371, -2422, 7974}, 0, {9712, 2167}, {255, 255, 255, 255} }},
	{{ {-3857, -2422, 7482}, 0, {6727, -853}, {255, 255, 255, 255} }},
	{{ {-3956, -2422, 7751}, 0, {6120, 796}, {255, 255, 255, 255} }},
	{{ {-3920, -2422, 7860}, 0, {6345, 1464}, {255, 255, 255, 255} }},
	{{ {-5180, -3614, 8275}, 0, {3034, 2522}, {202, 202, 202, 255} }},
	{{ {-5180, -3614, 8787}, 0, {3034, 0}, {255, 255, 255, 255} }},
	{{ {-4566, -3614, 8787}, 0, {0, 0}, {255, 255, 255, 255} }},
	{{ {-4566, -3614, 8275}, 0, {0, 2522}, {202, 202, 202, 255} }},
	{{ {-4719, -3614, 8787}, 0, {734, 0}, {255, 255, 255, 255} }},
	{{ {-5027, -3614, 8787}, 0, {2268, 0}, {255, 255, 255, 255} }},
	{{ {-5027, -3614, 8839}, 0, {2268, -288}, {255, 255, 255, 255} }},
	{{ {-4719, -3614, 8839}, 0, {734, -288}, {255, 255, 255, 255} }},
	{{ {-4310, -3614, 8839}, 0, {2778, -288}, {255, 255, 255, 255} }},
	{{ {-4310, -3614, 9453}, 0, {2778, 2776}, {255, 255, 255, 255} }},
	{{ {-5436, -3614, 9453}, 0, {-2840, 2776}, {255, 255, 255, 255} }},
	{{ {-5436, -3614, 8839}, 0, {-2840, -288}, {255, 255, 255, 255} }},
	{{ {-5078, -2386, 6400}, 0, {-7692, 9712}, {166, 146, 207, 255} }},
	{{ {-4668, -2386, 6400}, 0, {-3562, 9712}, {166, 146, 207, 255} }},
	{{ {-4668, -2233, 7240}, 0, {-3562, -119}, {166, 146, 207, 255} }},
	{{ {-5078, -2233, 7240}, 0, {-7692, -119}, {166, 146, 207, 255} }},
	{{ {-3446, -1938, 7899}, 0, {8749, -7841}, {166, 146, 207, 255} }},
	{{ {-3774, -1938, 7899}, 0, {5445, -7841}, {166, 146, 207, 255} }},
	{{ {-3854, -1938, 7819}, 0, {4637, -6902}, {166, 146, 207, 255} }},
	{{ {-3781, -1938, 7491}, 0, {5378, -3057}, {166, 146, 207, 255} }},
	{{ {-3877, -1938, 7752}, 0, {4409, -6116}, {166, 146, 207, 255} }},
	{{ {-3446, -1942, 7549}, 0, {8749, -3735}, {166, 146, 207, 255} }},
	{{ {-3425, -2035, 7242}, 0, {8957, -141}, {166, 146, 207, 255} }},
	{{ {-3804, -2102, 7289}, 0, {5145, -698}, {166, 146, 207, 255} }},
	{{ {-3503, -2134, 6974}, 0, {8174, 2988}, {166, 146, 207, 255} }},
	{{ {-3425, -2035, 7242}, 0, {8957, -141}, {166, 146, 207, 255} }},
	{{ {-3804, -2102, 7289}, 0, {5145, -698}, {166, 146, 207, 255} }},
	{{ {-3883, -2172, 7183}, 0, {4352, 542}, {166, 146, 207, 255} }},
	{{ {-3687, -2164, 6757}, 0, {6321, 5537}, {166, 146, 207, 255} }},
	{{ {-3982, -2202, 7153}, 0, {3345, 895}, {166, 146, 207, 255} }},
	{{ {-3939, -2173, 6612}, 0, {3780, 7230}, {166, 146, 207, 255} }},
	{{ {-4114, -2231, 7140}, 0, {2018, 1052}, {166, 146, 207, 255} }},
	{{ {-4235, -2207, 6525}, 0, {800, 8255}, {166, 146, 207, 255} }},
	{{ {-4314, -2260, 7141}, 0, {7, 1039}, {166, 146, 207, 255} }},
	{{ {-4491, -2298, 6487}, 0, {-1782, 8698}, {166, 146, 207, 255} }},
	{{ {-4493, -2249, 7157}, 0, {-1798, 847}, {166, 146, 207, 255} }},
	{{ {-6390, -2422, 7551}, 0, {-8720, -436}, {255, 255, 255, 255} }},
	{{ {-6390, -2422, 7975}, 0, {-8720, 2167}, {255, 255, 255, 255} }},
	{{ {-5956, -2422, 7975}, 0, {-6056, 2167}, {255, 255, 255, 255} }},
	{{ {-5904, -2422, 7483}, 0, {-5735, -853}, {255, 255, 255, 255} }},
	{{ {-5805, -2422, 7751}, 0, {-5128, 796}, {255, 255, 255, 255} }},
	{{ {-5904, -2422, 7483}, 0, {-5735, -853}, {255, 255, 255, 255} }},
	{{ {-5956, -2422, 7975}, 0, {-6056, 2167}, {255, 255, 255, 255} }},
	{{ {-5842, -2422, 7860}, 0, {-5353, 1464}, {255, 255, 255, 255} }},
	{{ {-5907, -1938, 7820}, 0, {4637, -6902}, {166, 146, 207, 255} }},
	{{ {-5987, -1938, 7900}, 0, {5445, -7841}, {166, 146, 207, 255} }},
	{{ {-6315, -1938, 7900}, 0, {8749, -7841}, {166, 146, 207, 255} }},
	{{ {-5981, -1938, 7491}, 0, {5378, -3057}, {166, 146, 207, 255} }},
	{{ {-6315, -1942, 7549}, 0, {8749, -3735}, {166, 146, 207, 255} }},
	{{ {-6336, -2035, 7242}, 0, {8957, -141}, {166, 146, 207, 255} }},
	{{ {-5957, -2102, 7290}, 0, {5145, -698}, {166, 146, 207, 255} }},
	{{ {-6258, -2134, 6975}, 0, {8174, 2988}, {166, 146, 207, 255} }},
	{{ {-5879, -2172, 7184}, 0, {4352, 542}, {166, 146, 207, 255} }},
	{{ {-6074, -2164, 6757}, 0, {6321, 5537}, {166, 146, 207, 255} }},
	{{ {-5779, -2202, 7154}, 0, {3345, 895}, {166, 146, 207, 255} }},
	{{ {-5822, -2173, 6613}, 0, {3780, 7230}, {166, 146, 207, 255} }},
	{{ {-5822, -2173, 6613}, 0, {3780, 7230}, {166, 146, 207, 255} }},
	{{ {-5647, -2231, 7141}, 0, {2018, 1052}, {166, 146, 207, 255} }},
	{{ {-5779, -2202, 7154}, 0, {3345, 895}, {166, 146, 207, 255} }},
	{{ {-5526, -2207, 6525}, 0, {800, 8255}, {166, 146, 207, 255} }},
	{{ {-5447, -2260, 7142}, 0, {7, 1039}, {166, 146, 207, 255} }},
	{{ {-5270, -2298, 6488}, 0, {-1782, 8698}, {166, 146, 207, 255} }},
	{{ {-5268, -2249, 7158}, 0, {-1798, 847}, {166, 146, 207, 255} }},
	{{ {-5981, -1938, 7491}, 0, {5378, -3057}, {166, 146, 207, 255} }},
	{{ {-5884, -1938, 7752}, 0, {4409, -6116}, {166, 146, 207, 255} }},
	{{ {-5907, -1938, 7820}, 0, {4637, -6902}, {166, 146, 207, 255} }},
};

Gfx castle_inside_dl_inside_castle_seg7_dl_0702E408_mesh_001_mesh_layer_1_tri_2[] = {
	gsSPVertex(castle_inside_dl_inside_castle_seg7_dl_0702E408_mesh_001_mesh_layer_1_vtx_2 + 0, 14, 0),
	gsSP1Triangle(0, 1, 2, 0),
	gsSP1Triangle(0, 3, 1, 0),
	gsSP1Triangle(4, 1, 3, 0),
	gsSP1Triangle(4, 5, 1, 0),
	gsSP1Triangle(6, 7, 8, 0),
	gsSP1Triangle(6, 8, 9, 0),
	gsSP1Triangle(10, 11, 12, 0),
	gsSP1Triangle(10, 12, 13, 0),
	gsSPVertex(castle_inside_dl_inside_castle_seg7_dl_0702E408_mesh_001_mesh_layer_1_vtx_2 + 14, 16, 0),
	gsSP1Triangle(0, 1, 2, 0),
	gsSP1Triangle(0, 2, 3, 0),
	gsSP1Triangle(4, 5, 6, 0),
	gsSP1Triangle(4, 6, 7, 0),
	gsSP1Triangle(8, 9, 10, 0),
	gsSP1Triangle(10, 11, 8, 0),
	gsSP1Triangle(10, 12, 11, 0),
	gsSP1Triangle(11, 13, 8, 0),
	gsSP1Triangle(14, 13, 11, 0),
	gsSP1Triangle(14, 11, 15, 0),
	gsSPVertex(castle_inside_dl_inside_castle_seg7_dl_0702E408_mesh_001_mesh_layer_1_vtx_2 + 30, 16, 0),
	gsSP1Triangle(0, 1, 2, 0),
	gsSP1Triangle(0, 2, 3, 0),
	gsSP1Triangle(4, 0, 3, 0),
	gsSP1Triangle(4, 3, 5, 0),
	gsSP1Triangle(6, 4, 5, 0),
	gsSP1Triangle(6, 5, 7, 0),
	gsSP1Triangle(8, 6, 7, 0),
	gsSP1Triangle(8, 7, 9, 0),
	gsSP1Triangle(9, 10, 8, 0),
	gsSP1Triangle(9, 11, 10, 0),
	gsSP1Triangle(12, 13, 14, 0),
	gsSP1Triangle(12, 14, 15, 0),
	gsSPVertex(castle_inside_dl_inside_castle_seg7_dl_0702E408_mesh_001_mesh_layer_1_vtx_2 + 46, 16, 0),
	gsSP1Triangle(0, 1, 2, 0),
	gsSP1Triangle(0, 2, 3, 0),
	gsSP1Triangle(4, 5, 6, 0),
	gsSP1Triangle(6, 7, 4, 0),
	gsSP1Triangle(6, 8, 7, 0),
	gsSP1Triangle(9, 7, 8, 0),
	gsSP1Triangle(9, 10, 7, 0),
	gsSP1Triangle(11, 10, 9, 0),
	gsSP1Triangle(11, 12, 10, 0),
	gsSP1Triangle(13, 12, 11, 0),
	gsSP1Triangle(13, 14, 12, 0),
	gsSP1Triangle(15, 14, 13, 0),
	gsSPVertex(castle_inside_dl_inside_castle_seg7_dl_0702E408_mesh_001_mesh_layer_1_vtx_2 + 62, 10, 0),
	gsSP1Triangle(0, 1, 2, 0),
	gsSP1Triangle(3, 1, 0, 0),
	gsSP1Triangle(3, 4, 1, 0),
	gsSP1Triangle(4, 3, 5, 0),
	gsSP1Triangle(4, 5, 6, 0),
	gsSP1Triangle(7, 8, 9, 0),
	gsSPEndDisplayList(),
};

Vtx castle_inside_dl_inside_castle_seg7_dl_0702E408_mesh_001_mesh_layer_1_vtx_3[272] = {
	{{ {-4566, -2489, 6400}, 0, {1886, 22369}, {255, 255, 255, 255} }},
	{{ {-4566, -2386, 6400}, 0, {1886, 21198}, {255, 255, 255, 255} }},
	{{ {-4668, -2386, 6400}, 0, {726, 21198}, {155, 0, 4, 255} }},
	{{ {-5078, -2386, 6400}, 0, {-3934, 21198}, {155, 0, 4, 255} }},
	{{ {-5180, -2386, 6400}, 0, {-5093, 21198}, {255, 255, 255, 255} }},
	{{ {-5180, -2489, 6400}, 0, {-5093, 22369}, {255, 255, 255, 255} }},
	{{ {-4566, -2897, 2876}, 0, {9606, 27006}, {105, 105, 105, 255} }},
	{{ {-4566, -2897, 6400}, 0, {-30450, 27006}, {202, 202, 202, 255} }},
	{{ {-4566, -2489, 6400}, 0, {-30450, 22369}, {255, 255, 255, 255} }},
	{{ {-4566, -2489, 2876}, 0, {9606, 22369}, {105, 105, 105, 255} }},
	{{ {-4668, -2386, 6400}, 0, {-30450, 20448}, {255, 255, 255, 255} }},
	{{ {-4668, -2386, 2876}, 0, {9606, 20448}, {105, 105, 105, 255} }},
	{{ {-4796, -2642, 2876}, 0, {-729, 24108}, {105, 105, 105, 255} }},
	{{ {-4796, -2897, 2876}, 0, {-729, 27006}, {105, 105, 105, 255} }},
	{{ {-4566, -2897, 2876}, 0, {1886, 27006}, {105, 105, 105, 255} }},
	{{ {-4566, -2489, 2876}, 0, {1886, 22501}, {105, 105, 105, 255} }},
	{{ {-4796, -2642, 2876}, 0, {-729, 24108}, {105, 105, 105, 255} }},
	{{ {-4566, -2489, 2876}, 0, {1886, 22501}, {105, 105, 105, 255} }},
	{{ {-4668, -2386, 2876}, 0, {726, 21462}, {105, 105, 105, 255} }},
	{{ {-4950, -2642, 2876}, 0, {-2479, 24108}, {105, 105, 105, 255} }},
	{{ {-5078, -2386, 2876}, 0, {-3934, 21462}, {105, 105, 105, 255} }},
	{{ {-5180, -2489, 2876}, 0, {-5093, 22501}, {105, 105, 105, 255} }},
	{{ {-4950, -2897, 2876}, 0, {-2479, 27006}, {105, 105, 105, 255} }},
	{{ {-5180, -2897, 2876}, 0, {-5093, 27006}, {105, 105, 105, 255} }},
	{{ {-5180, -2489, 6400}, 0, {-30450, 22369}, {255, 255, 255, 255} }},
	{{ {-5078, -2386, 2876}, 0, {9606, 20448}, {105, 105, 105, 255} }},
	{{ {-5078, -2386, 6400}, 0, {-30450, 20448}, {255, 255, 255, 255} }},
	{{ {-5180, -2489, 2876}, 0, {9606, 22369}, {105, 105, 105, 255} }},
	{{ {-5180, -2897, 6400}, 0, {-30450, 27006}, {202, 202, 202, 255} }},
	{{ {-5180, -2897, 2876}, 0, {9606, 27006}, {105, 105, 105, 255} }},
	{{ {-4950, -2897, 2876}, 0, {-2479, 15962}, {105, 105, 105, 255} }},
	{{ {-4796, -2897, 2876}, 0, {-729, 15962}, {105, 105, 105, 255} }},
	{{ {-4796, -2897, 2825}, 0, {-729, 15382}, {105, 105, 105, 255} }},
	{{ {-4950, -2897, 2825}, 0, {-2479, 15382}, {105, 105, 105, 255} }},
	{{ {-4796, -2642, 2876}, 0, {-729, 15962}, {105, 105, 105, 255} }},
	{{ {-4950, -2642, 2876}, 0, {-2479, 15962}, {105, 105, 105, 255} }},
	{{ {-4950, -2642, 2825}, 0, {-2479, 15382}, {105, 105, 105, 255} }},
	{{ {-4796, -2642, 2825}, 0, {-729, 15382}, {105, 105, 105, 255} }},
	{{ {-5078, -2386, 6400}, 0, {-5120, 31706}, {255, 255, 255, 255} }},
	{{ {-5078, -2386, 2876}, 0, {-5120, -8746}, {105, 105, 105, 255} }},
	{{ {-4668, -2386, 2876}, 0, {1056, -8746}, {105, 105, 105, 255} }},
	{{ {-4668, -2386, 6400}, 0, {1056, 31706}, {255, 255, 255, 255} }},
	{{ {-4950, -2897, 2825}, 0, {-14390, 27006}, {105, 105, 105, 255} }},
	{{ {-4950, -2642, 2825}, 0, {-14390, 24108}, {105, 105, 105, 255} }},
	{{ {-4950, -2642, 2876}, 0, {-14970, 24108}, {105, 105, 105, 255} }},
	{{ {-4950, -2897, 2876}, 0, {-14970, 27006}, {105, 105, 105, 255} }},
	{{ {-4796, -2642, 2825}, 0, {-14390, 24108}, {105, 105, 105, 255} }},
	{{ {-4796, -2897, 2825}, 0, {-14390, 27006}, {105, 105, 105, 255} }},
	{{ {-4796, -2897, 2876}, 0, {-14970, 27006}, {105, 105, 105, 255} }},
	{{ {-4796, -2642, 2876}, 0, {-14970, 24108}, {105, 105, 105, 255} }},
	{{ {-3920, -2422, 7787}, 0, {9225, 21607}, {189, 189, 189, 255} }},
	{{ {-3956, -2422, 7751}, 0, {8815, 21607}, {189, 189, 189, 255} }},
	{{ {-3956, -2012, 7751}, 0, {8815, 16947}, {255, 255, 255, 255} }},
	{{ {-3920, -2012, 7787}, 0, {9225, 16947}, {255, 255, 255, 255} }},
	{{ {-3805, -2012, 7974}, 0, {10535, 16947}, {255, 255, 255, 255} }},
	{{ {-3920, -2422, 7860}, 0, {9233, 21607}, {189, 189, 189, 255} }},
	{{ {-3920, -2012, 7860}, 0, {9233, 16947}, {255, 255, 255, 255} }},
	{{ {-3805, -2422, 7974}, 0, {10535, 21607}, {189, 189, 189, 255} }},
	{{ {-3678, -2166, 7974}, 0, {11981, 18697}, {255, 255, 255, 255} }},
	{{ {-3524, -2166, 7975}, 0, {13726, 18697}, {255, 255, 255, 255} }},
	{{ {-3371, -2012, 7974}, 0, {15470, 16947}, {255, 255, 255, 255} }},
	{{ {-3371, -2422, 7974}, 0, {15470, 21607}, {189, 189, 189, 255} }},
	{{ {-3524, -2166, 7975}, 0, {13726, 18697}, {255, 255, 255, 255} }},
	{{ {-3371, -2422, 7974}, 0, {15470, 21607}, {189, 189, 189, 255} }},
	{{ {-3524, -2422, 7975}, 0, {13726, 21607}, {189, 189, 189, 255} }},
	{{ {-3805, -2422, 7974}, 0, {10535, 21607}, {189, 189, 189, 255} }},
	{{ {-3678, -2166, 7974}, 0, {11981, 18697}, {255, 255, 255, 255} }},
	{{ {-3678, -2422, 7974}, 0, {11981, 21607}, {189, 189, 189, 255} }},
	{{ {-3524, -2166, 8026}, 0, {-30494, 18697}, {255, 255, 255, 255} }},
	{{ {-3524, -2166, 7975}, 0, {-29915, 18697}, {255, 255, 255, 255} }},
	{{ {-3524, -2422, 7975}, 0, {-29915, 21607}, {255, 255, 255, 255} }},
	{{ {-3524, -2422, 8026}, 0, {-30494, 21607}, {255, 255, 255, 255} }},
	{{ {-3371, -2422, 7974}, 0, {-29907, 22471}, {255, 255, 255, 255} }},
	{{ {-3371, -2012, 7550}, 0, {-25084, 16947}, {255, 255, 255, 255} }},
	{{ {-3371, -2422, 7550}, 0, {-25084, 21607}, {189, 189, 189, 255} }},
	{{ {-3371, -2012, 7974}, 0, {-29907, 16947}, {255, 255, 255, 255} }},
	{{ {-3678, -2422, 8025}, 0, {-30486, 21607}, {255, 255, 255, 255} }},
	{{ {-3678, -2422, 7974}, 0, {-29907, 21607}, {255, 255, 255, 255} }},
	{{ {-3678, -2166, 7974}, 0, {-29907, 18697}, {255, 255, 255, 255} }},
	{{ {-3678, -2166, 8025}, 0, {-30486, 18697}, {255, 255, 255, 255} }},
	{{ {-3920, -2422, 7860}, 0, {-30653, 21607}, {189, 189, 189, 255} }},
	{{ {-3920, -2422, 7787}, 0, {-29825, 21607}, {189, 189, 189, 255} }},
	{{ {-3920, -2012, 7787}, 0, {-29825, 16947}, {255, 255, 255, 255} }},
	{{ {-3920, -2012, 7860}, 0, {-30653, 16947}, {255, 255, 255, 255} }},
	{{ {-3876, -2586, 7318}, 0, {-30643, 23470}, {189, 189, 189, 255} }},
	{{ {-3928, -2655, 7248}, 0, {-29843, 24252}, {189, 189, 189, 255} }},
	{{ {-3928, -2245, 7248}, 0, {-29843, 19592}, {255, 255, 255, 255} }},
	{{ {-3876, -2176, 7318}, 0, {-30643, 18809}, {255, 255, 255, 255} }},
	{{ {-3524, -2166, 7975}, 0, {13726, 30907}, {255, 255, 255, 255} }},
	{{ {-3524, -2166, 8026}, 0, {13726, 31486}, {255, 255, 255, 255} }},
	{{ {-3678, -2166, 8025}, 0, {11981, 31478}, {255, 255, 255, 255} }},
	{{ {-3678, -2166, 7974}, 0, {11981, 30899}, {255, 255, 255, 255} }},
	{{ {-4566, -2897, 6400}, 0, {1886, 27006}, {189, 189, 189, 255} }},
	{{ {-4220, -2277, 6451}, 0, {5824, 19955}, {255, 255, 255, 255} }},
	{{ {-4566, -2386, 6400}, 0, {1886, 21198}, {255, 255, 255, 255} }},
	{{ {-4220, -2788, 6451}, 0, {5824, 25764}, {189, 189, 189, 255} }},
	{{ {-3910, -2239, 6543}, 0, {9341, 19531}, {255, 255, 255, 255} }},
	{{ {-3910, -2750, 6543}, 0, {9341, 25339}, {189, 189, 189, 255} }},
	{{ {-3639, -2231, 6698}, 0, {12425, 19436}, {255, 255, 255, 255} }},
	{{ {-3639, -2742, 6698}, 0, {12425, 25244}, {189, 189, 189, 255} }},
	{{ {-3350, -2610, 7231}, 0, {-26574, 23749}, {189, 189, 189, 255} }},
	{{ {-3371, -2422, 7550}, 0, {-30204, 21607}, {189, 189, 189, 255} }},
	{{ {-3371, -2012, 7550}, 0, {-30204, 16947}, {255, 255, 255, 255} }},
	{{ {-3350, -2099, 7231}, 0, {-26574, 17940}, {255, 255, 255, 255} }},
	{{ {-3639, -2742, 6698}, 0, {-27692, 25244}, {189, 189, 189, 255} }},
	{{ {-3437, -2710, 6937}, 0, {-30402, 24881}, {189, 189, 189, 255} }},
	{{ {-3437, -2199, 6937}, 0, {-30402, 19072}, {255, 255, 255, 255} }},
	{{ {-3639, -2231, 6698}, 0, {-27692, 19436}, {255, 255, 255, 255} }},
	{{ {-3437, -2710, 6937}, 0, {-27330, 24881}, {189, 189, 189, 255} }},
	{{ {-3350, -2610, 7231}, 0, {-30670, 23749}, {189, 189, 189, 255} }},
	{{ {-3350, -2099, 7231}, 0, {-30670, 17940}, {255, 255, 255, 255} }},
	{{ {-3437, -2199, 6937}, 0, {-27330, 19072}, {255, 255, 255, 255} }},
	{{ {-3857, -2422, 7482}, 0, {-30457, 21607}, {189, 189, 189, 255} }},
	{{ {-3876, -2586, 7318}, 0, {-28595, 23470}, {255, 255, 255, 255} }},
	{{ {-3876, -2176, 7318}, 0, {-28595, 18809}, {255, 255, 255, 255} }},
	{{ {-3857, -2012, 7482}, 0, {-30457, 16947}, {255, 255, 255, 255} }},
	{{ {-4310, -2776, 7216}, 0, {4798, 25634}, {189, 189, 189, 255} }},
	{{ {-4566, -2897, 7240}, 0, {1886, 27006}, {189, 189, 189, 255} }},
	{{ {-4566, -2335, 7240}, 0, {1886, 20618}, {255, 255, 255, 255} }},
	{{ {-4310, -2335, 7216}, 0, {4798, 20613}, {255, 255, 255, 255} }},
	{{ {-4117, -2719, 7215}, 0, {6989, 24977}, {189, 189, 189, 255} }},
	{{ {-4117, -2309, 7215}, 0, {6989, 20317}, {255, 255, 255, 255} }},
	{{ {-3997, -2687, 7227}, 0, {8354, 24619}, {189, 189, 189, 255} }},
	{{ {-3997, -2277, 7227}, 0, {8354, 19959}, {255, 255, 255, 255} }},
	{{ {-3928, -2655, 7248}, 0, {9137, 24252}, {189, 189, 189, 255} }},
	{{ {-3997, -2687, 7227}, 0, {8354, 24619}, {189, 189, 189, 255} }},
	{{ {-3997, -2277, 7227}, 0, {8354, 19959}, {255, 255, 255, 255} }},
	{{ {-3928, -2245, 7248}, 0, {9137, 19592}, {255, 255, 255, 255} }},
	{{ {-3956, -2422, 7751}, 0, {-30439, 21607}, {189, 189, 189, 255} }},
	{{ {-3857, -2422, 7482}, 0, {-27385, 21607}, {189, 189, 189, 255} }},
	{{ {-3857, -2012, 7482}, 0, {-27385, 16947}, {255, 255, 255, 255} }},
	{{ {-3956, -2012, 7751}, 0, {-30439, 16947}, {255, 255, 255, 255} }},
	{{ {-4719, -3358, 8839}, 0, {147, 31511}, {255, 255, 255, 255} }},
	{{ {-5027, -3358, 8839}, 0, {-3354, 31511}, {255, 255, 255, 255} }},
	{{ {-5027, -3358, 8787}, 0, {-3354, 30920}, {255, 255, 255, 255} }},
	{{ {-4719, -3358, 8787}, 0, {147, 30920}, {255, 255, 255, 255} }},
	{{ {-4719, -3614, 8839}, 0, {-30519, 31060}, {255, 255, 255, 255} }},
	{{ {-4719, -3358, 8839}, 0, {-30519, 28150}, {255, 255, 255, 255} }},
	{{ {-4719, -3358, 8787}, 0, {-29928, 28150}, {255, 255, 255, 255} }},
	{{ {-4719, -3614, 8787}, 0, {-29928, 31060}, {255, 255, 255, 255} }},
	{{ {-4668, -3000, 8787}, 0, {726, 30920}, {189, 189, 189, 255} }},
	{{ {-4566, -3102, 8275}, 0, {1886, 25100}, {255, 255, 255, 255} }},
	{{ {-4566, -3102, 8787}, 0, {1886, 30920}, {189, 189, 189, 255} }},
	{{ {-4668, -3000, 8275}, 0, {726, 25100}, {189, 189, 189, 255} }},
	{{ {-5078, -3000, 8787}, 0, {-3934, 30920}, {189, 189, 189, 255} }},
	{{ {-5078, -3000, 8275}, 0, {-3934, 25100}, {189, 189, 189, 255} }},
	{{ {-5180, -3102, 8787}, 0, {-5093, 30920}, {189, 189, 189, 255} }},
	{{ {-5180, -3102, 8275}, 0, {-5093, 25100}, {255, 255, 255, 255} }},
	{{ {-5180, -3102, 8275}, 0, {-5093, 31244}, {255, 255, 255, 255} }},
	{{ {-5180, -2335, 7240}, 0, {-5093, 19480}, {255, 255, 255, 255} }},
	{{ {-5078, -2233, 7240}, 0, {-3934, 19480}, {189, 189, 189, 255} }},
	{{ {-5078, -3000, 8275}, 0, {-3934, 31244}, {189, 189, 189, 255} }},
	{{ {-4668, -2233, 7240}, 0, {726, 19480}, {189, 189, 189, 255} }},
	{{ {-4668, -3000, 8275}, 0, {726, 31244}, {189, 189, 189, 255} }},
	{{ {-4566, -2335, 7240}, 0, {1886, 19480}, {255, 255, 255, 255} }},
	{{ {-4566, -3102, 8275}, 0, {1886, 31244}, {255, 255, 255, 255} }},
	{{ {-5078, -3000, 8787}, 0, {-3934, 27153}, {255, 255, 255, 255} }},
	{{ {-4668, -3000, 8787}, 0, {726, 27153}, {255, 255, 255, 255} }},
	{{ {-4719, -3358, 8787}, 0, {147, 31222}, {255, 255, 255, 255} }},
	{{ {-5027, -3358, 8787}, 0, {-3354, 31222}, {255, 255, 255, 255} }},
	{{ {-5180, -3102, 8275}, 0, {-30252, 25241}, {255, 255, 255, 255} }},
	{{ {-5180, -3614, 8275}, 0, {-30252, 31060}, {202, 202, 202, 255} }},
	{{ {-5180, -2923, 7240}, 0, {-18488, 23206}, {202, 202, 202, 255} }},
	{{ {-5180, -2335, 7240}, 0, {-18488, 16522}, {255, 255, 255, 255} }},
	{{ {-4566, -2923, 7240}, 0, {-18488, 23206}, {202, 202, 202, 255} }},
	{{ {-4566, -3614, 8275}, 0, {-30252, 31060}, {202, 202, 202, 255} }},
	{{ {-4566, -3102, 8275}, 0, {-30252, 25241}, {255, 255, 255, 255} }},
	{{ {-4566, -2335, 7240}, 0, {-18488, 16522}, {255, 255, 255, 255} }},
	{{ {-5027, -3614, 8787}, 0, {-29928, 31060}, {255, 255, 255, 255} }},
	{{ {-5027, -3358, 8787}, 0, {-29928, 28150}, {255, 255, 255, 255} }},
	{{ {-5027, -3358, 8839}, 0, {-30519, 28150}, {255, 255, 255, 255} }},
	{{ {-5027, -3614, 8839}, 0, {-30519, 31060}, {255, 255, 255, 255} }},
	{{ {-4566, -3614, 8787}, 0, {1886, 31060}, {255, 255, 255, 255} }},
	{{ {-4668, -3000, 8787}, 0, {726, 24081}, {255, 255, 255, 255} }},
	{{ {-4566, -3102, 8787}, 0, {1886, 25241}, {255, 255, 255, 255} }},
	{{ {-4719, -3358, 8787}, 0, {147, 28150}, {255, 255, 255, 255} }},
	{{ {-4719, -3614, 8787}, 0, {147, 31060}, {255, 255, 255, 255} }},
	{{ {-5027, -3358, 8787}, 0, {-3354, 28150}, {255, 255, 255, 255} }},
	{{ {-5027, -3614, 8787}, 0, {-3354, 31060}, {255, 255, 255, 255} }},
	{{ {-5180, -3614, 8787}, 0, {-5093, 31060}, {255, 255, 255, 255} }},
	{{ {-5078, -3000, 8787}, 0, {-3934, 24081}, {255, 255, 255, 255} }},
	{{ {-5180, -3102, 8787}, 0, {-5093, 25241}, {255, 255, 255, 255} }},
	{{ {-4566, -3614, 8275}, 0, {-24108, 31060}, {202, 202, 202, 255} }},
	{{ {-4566, -3614, 8787}, 0, {-29928, 31060}, {255, 255, 255, 255} }},
	{{ {-4566, -3102, 8787}, 0, {-29928, 25241}, {255, 255, 255, 255} }},
	{{ {-4566, -3102, 8275}, 0, {-24108, 25241}, {255, 255, 255, 255} }},
	{{ {-5180, -3614, 8787}, 0, {-29928, 31060}, {255, 255, 255, 255} }},
	{{ {-5180, -3614, 8275}, 0, {-24108, 31060}, {202, 202, 202, 255} }},
	{{ {-5180, -3102, 8275}, 0, {-24108, 25241}, {255, 255, 255, 255} }},
	{{ {-5180, -3102, 8787}, 0, {-29928, 25241}, {255, 255, 255, 255} }},
	{{ {-5841, -2422, 7787}, 0, {9225, 21607}, {189, 189, 189, 255} }},
	{{ {-5841, -2012, 7787}, 0, {9225, 16947}, {255, 255, 255, 255} }},
	{{ {-5805, -2012, 7751}, 0, {8815, 16947}, {255, 255, 255, 255} }},
	{{ {-5805, -2422, 7751}, 0, {8815, 21607}, {189, 189, 189, 255} }},
	{{ {-5956, -2012, 7975}, 0, {10535, 16947}, {255, 255, 255, 255} }},
	{{ {-5842, -2012, 7860}, 0, {9233, 16947}, {255, 255, 255, 255} }},
	{{ {-5842, -2422, 7860}, 0, {9233, 21607}, {189, 189, 189, 255} }},
	{{ {-5956, -2422, 7975}, 0, {10535, 21607}, {189, 189, 189, 255} }},
	{{ {-6083, -2166, 7975}, 0, {11981, 18697}, {255, 255, 255, 255} }},
	{{ {-6083, -2422, 7975}, 0, {11981, 21607}, {189, 189, 189, 255} }},
	{{ {-6237, -2166, 7976}, 0, {13726, 18697}, {255, 255, 255, 255} }},
	{{ {-6390, -2012, 7975}, 0, {15470, 16947}, {255, 255, 255, 255} }},
	{{ {-6390, -2012, 7975}, 0, {15470, 16947}, {255, 255, 255, 255} }},
	{{ {-6237, -2166, 7976}, 0, {13726, 18697}, {255, 255, 255, 255} }},
	{{ {-6390, -2422, 7975}, 0, {15470, 21607}, {189, 189, 189, 255} }},
	{{ {-6237, -2422, 7976}, 0, {13726, 21607}, {189, 189, 189, 255} }},
	{{ {-6237, -2166, 8026}, 0, {-30494, 18697}, {255, 255, 255, 255} }},
	{{ {-6237, -2422, 8026}, 0, {-30494, 21607}, {255, 255, 255, 255} }},
	{{ {-6237, -2422, 7976}, 0, {-29915, 21607}, {255, 255, 255, 255} }},
	{{ {-6237, -2166, 7976}, 0, {-29915, 18697}, {255, 255, 255, 255} }},
	{{ {-6390, -2012, 7551}, 0, {-25084, 16947}, {255, 255, 255, 255} }},
	{{ {-6390, -2422, 7975}, 0, {-29907, 22471}, {189, 189, 189, 255} }},
	{{ {-6390, -2422, 7551}, 0, {-25084, 21607}, {189, 189, 189, 255} }},
	{{ {-6390, -2012, 7975}, 0, {-29907, 16947}, {255, 255, 255, 255} }},
	{{ {-6083, -2422, 8026}, 0, {-30486, 21607}, {255, 255, 255, 255} }},
	{{ {-6083, -2166, 8026}, 0, {-30486, 18697}, {255, 255, 255, 255} }},
	{{ {-6083, -2166, 7975}, 0, {-29907, 18697}, {255, 255, 255, 255} }},
	{{ {-6083, -2422, 7975}, 0, {-29907, 21607}, {255, 255, 255, 255} }},
	{{ {-5842, -2422, 7860}, 0, {-30653, 21607}, {189, 189, 189, 255} }},
	{{ {-5842, -2012, 7860}, 0, {-30653, 16947}, {255, 255, 255, 255} }},
	{{ {-5841, -2012, 7787}, 0, {-29825, 16947}, {255, 255, 255, 255} }},
	{{ {-5841, -2422, 7787}, 0, {-29825, 21607}, {189, 189, 189, 255} }},
	{{ {-5886, -2586, 7319}, 0, {-30643, 23470}, {189, 189, 189, 255} }},
	{{ {-5886, -2176, 7319}, 0, {-30643, 18809}, {255, 255, 255, 255} }},
	{{ {-5833, -2245, 7249}, 0, {-29843, 19592}, {255, 255, 255, 255} }},
	{{ {-5833, -2655, 7249}, 0, {-29843, 24252}, {189, 189, 189, 255} }},
	{{ {-6237, -2166, 7976}, 0, {13726, 30907}, {255, 255, 255, 255} }},
	{{ {-6083, -2166, 7975}, 0, {11981, 30899}, {255, 255, 255, 255} }},
	{{ {-6083, -2166, 8026}, 0, {11981, 31478}, {255, 255, 255, 255} }},
	{{ {-6237, -2166, 8026}, 0, {13726, 31486}, {255, 255, 255, 255} }},
	{{ {-5180, -2897, 6400}, 0, {1886, 27006}, {189, 189, 189, 255} }},
	{{ {-5180, -2386, 6400}, 0, {1886, 21198}, {255, 255, 255, 255} }},
	{{ {-5542, -2277, 6452}, 0, {5824, 19955}, {255, 255, 255, 255} }},
	{{ {-5542, -2788, 6452}, 0, {5824, 25764}, {189, 189, 189, 255} }},
	{{ {-5542, -2788, 6452}, 0, {5824, 25764}, {189, 189, 189, 255} }},
	{{ {-5542, -2277, 6452}, 0, {5824, 19955}, {255, 255, 255, 255} }},
	{{ {-5851, -2239, 6544}, 0, {9341, 19531}, {255, 255, 255, 255} }},
	{{ {-5851, -2750, 6544}, 0, {9341, 25339}, {189, 189, 189, 255} }},
	{{ {-6122, -2231, 6699}, 0, {12425, 19436}, {255, 255, 255, 255} }},
	{{ {-6122, -2742, 6699}, 0, {12425, 25244}, {189, 189, 189, 255} }},
	{{ {-6411, -2610, 7231}, 0, {-26574, 23749}, {189, 189, 189, 255} }},
	{{ {-6411, -2099, 7231}, 0, {-26574, 17940}, {255, 255, 255, 255} }},
	{{ {-6390, -2012, 7551}, 0, {-30204, 16947}, {255, 255, 255, 255} }},
	{{ {-6390, -2422, 7551}, 0, {-30204, 21607}, {189, 189, 189, 255} }},
	{{ {-6122, -2742, 6699}, 0, {-27692, 25244}, {189, 189, 189, 255} }},
	{{ {-6122, -2231, 6699}, 0, {-27692, 19436}, {255, 255, 255, 255} }},
	{{ {-6324, -2199, 6937}, 0, {-30402, 19072}, {255, 255, 255, 255} }},
	{{ {-6324, -2710, 6937}, 0, {-30402, 24881}, {189, 189, 189, 255} }},
	{{ {-6324, -2710, 6937}, 0, {-27330, 24881}, {189, 189, 189, 255} }},
	{{ {-6324, -2199, 6937}, 0, {-27330, 19072}, {255, 255, 255, 255} }},
	{{ {-6411, -2099, 7231}, 0, {-30670, 17940}, {255, 255, 255, 255} }},
	{{ {-6411, -2610, 7231}, 0, {-30670, 23749}, {189, 189, 189, 255} }},
	{{ {-5904, -2422, 7483}, 0, {-30457, 21607}, {189, 189, 189, 255} }},
	{{ {-5904, -2012, 7483}, 0, {-30457, 16947}, {255, 255, 255, 255} }},
	{{ {-5886, -2176, 7319}, 0, {-28595, 18809}, {255, 255, 255, 255} }},
	{{ {-5886, -2586, 7319}, 0, {-28595, 23470}, {189, 189, 189, 255} }},
	{{ {-5451, -2776, 7217}, 0, {4798, 25634}, {189, 189, 189, 255} }},
	{{ {-5180, -2335, 7240}, 0, {1886, 20618}, {255, 255, 255, 255} }},
	{{ {-5180, -2897, 7240}, 0, {1886, 27006}, {189, 189, 189, 255} }},
	{{ {-5451, -2335, 7217}, 0, {4798, 20613}, {255, 255, 255, 255} }},
	{{ {-5644, -2719, 7216}, 0, {6989, 24977}, {189, 189, 189, 255} }},
	{{ {-5644, -2309, 7216}, 0, {6989, 20317}, {255, 255, 255, 255} }},
	{{ {-5764, -2687, 7228}, 0, {8354, 24619}, {189, 189, 189, 255} }},
	{{ {-5764, -2277, 7228}, 0, {8354, 19959}, {255, 255, 255, 255} }},
	{{ {-5833, -2655, 7249}, 0, {9137, 24252}, {189, 189, 189, 255} }},
	{{ {-5764, -2277, 7228}, 0, {8354, 19959}, {255, 255, 255, 255} }},
	{{ {-5764, -2687, 7228}, 0, {8354, 24619}, {189, 189, 189, 255} }},
	{{ {-5833, -2245, 7249}, 0, {9137, 19592}, {255, 255, 255, 255} }},
	{{ {-5805, -2422, 7751}, 0, {-30439, 21607}, {189, 189, 189, 255} }},
	{{ {-5805, -2012, 7751}, 0, {-30439, 16947}, {255, 255, 255, 255} }},
	{{ {-5904, -2012, 7483}, 0, {-27385, 16947}, {255, 255, 255, 255} }},
	{{ {-5904, -2422, 7483}, 0, {-27385, 21607}, {189, 189, 189, 255} }},
};

Gfx castle_inside_dl_inside_castle_seg7_dl_0702E408_mesh_001_mesh_layer_1_tri_3[] = {
	gsSPVertex(castle_inside_dl_inside_castle_seg7_dl_0702E408_mesh_001_mesh_layer_1_vtx_3 + 0, 16, 0),
	gsSP1Triangle(0, 1, 2, 0),
	gsSP1Triangle(3, 4, 5, 0),
	gsSP1Triangle(6, 7, 8, 0),
	gsSP1Triangle(6, 8, 9, 0),
	gsSP1Triangle(9, 8, 10, 0),
	gsSP1Triangle(9, 10, 11, 0),
	gsSP1Triangle(12, 13, 14, 0),
	gsSP1Triangle(12, 14, 15, 0),
	gsSPVertex(castle_inside_dl_inside_castle_seg7_dl_0702E408_mesh_001_mesh_layer_1_vtx_3 + 16, 14, 0),
	gsSP1Triangle(0, 1, 2, 0),
	gsSP1Triangle(2, 3, 0, 0),
	gsSP1Triangle(2, 4, 3, 0),
	gsSP1Triangle(3, 4, 5, 0),
	gsSP1Triangle(6, 3, 5, 0),
	gsSP1Triangle(6, 5, 7, 0),
	gsSP1Triangle(8, 9, 10, 0),
	gsSP1Triangle(8, 11, 9, 0),
	gsSP1Triangle(12, 11, 8, 0),
	gsSP1Triangle(12, 13, 11, 0),
	gsSPVertex(castle_inside_dl_inside_castle_seg7_dl_0702E408_mesh_001_mesh_layer_1_vtx_3 + 30, 16, 0),
	gsSP1Triangle(0, 1, 2, 0),
	gsSP1Triangle(0, 2, 3, 0),
	gsSP1Triangle(4, 5, 6, 0),
	gsSP1Triangle(4, 6, 7, 0),
	gsSP1Triangle(8, 9, 10, 0),
	gsSP1Triangle(8, 10, 11, 0),
	gsSP1Triangle(12, 13, 14, 0),
	gsSP1Triangle(12, 14, 15, 0),
	gsSPVertex(castle_inside_dl_inside_castle_seg7_dl_0702E408_mesh_001_mesh_layer_1_vtx_3 + 46, 16, 0),
	gsSP1Triangle(0, 1, 2, 0),
	gsSP1Triangle(0, 2, 3, 0),
	gsSP1Triangle(4, 5, 6, 0),
	gsSP1Triangle(4, 6, 7, 0),
	gsSP1Triangle(8, 9, 10, 0),
	gsSP1Triangle(8, 11, 9, 0),
	gsSP1Triangle(8, 12, 11, 0),
	gsSP1Triangle(8, 13, 12, 0),
	gsSP1Triangle(14, 13, 8, 0),
	gsSP1Triangle(14, 15, 13, 0),
	gsSPVertex(castle_inside_dl_inside_castle_seg7_dl_0702E408_mesh_001_mesh_layer_1_vtx_3 + 62, 14, 0),
	gsSP1Triangle(0, 1, 2, 0),
	gsSP1Triangle(3, 4, 5, 0),
	gsSP1Triangle(6, 7, 8, 0),
	gsSP1Triangle(6, 8, 9, 0),
	gsSP1Triangle(10, 11, 12, 0),
	gsSP1Triangle(10, 13, 11, 0),
	gsSPVertex(castle_inside_dl_inside_castle_seg7_dl_0702E408_mesh_001_mesh_layer_1_vtx_3 + 76, 16, 0),
	gsSP1Triangle(0, 1, 2, 0),
	gsSP1Triangle(0, 2, 3, 0),
	gsSP1Triangle(4, 5, 6, 0),
	gsSP1Triangle(4, 6, 7, 0),
	gsSP1Triangle(8, 9, 10, 0),
	gsSP1Triangle(8, 10, 11, 0),
	gsSP1Triangle(12, 13, 14, 0),
	gsSP1Triangle(12, 14, 15, 0),
	gsSPVertex(castle_inside_dl_inside_castle_seg7_dl_0702E408_mesh_001_mesh_layer_1_vtx_3 + 92, 16, 0),
	gsSP1Triangle(0, 1, 2, 0),
	gsSP1Triangle(0, 3, 1, 0),
	gsSP1Triangle(3, 4, 1, 0),
	gsSP1Triangle(3, 5, 4, 0),
	gsSP1Triangle(5, 6, 4, 0),
	gsSP1Triangle(5, 7, 6, 0),
	gsSP1Triangle(8, 9, 10, 0),
	gsSP1Triangle(8, 10, 11, 0),
	gsSP1Triangle(12, 13, 14, 0),
	gsSP1Triangle(12, 14, 15, 0),
	gsSPVertex(castle_inside_dl_inside_castle_seg7_dl_0702E408_mesh_001_mesh_layer_1_vtx_3 + 108, 16, 0),
	gsSP1Triangle(0, 1, 2, 0),
	gsSP1Triangle(0, 2, 3, 0),
	gsSP1Triangle(4, 5, 6, 0),
	gsSP1Triangle(4, 6, 7, 0),
	gsSP1Triangle(8, 9, 10, 0),
	gsSP1Triangle(8, 10, 11, 0),
	gsSP1Triangle(12, 8, 11, 0),
	gsSP1Triangle(12, 11, 13, 0),
	gsSP1Triangle(14, 12, 13, 0),
	gsSP1Triangle(14, 13, 15, 0),
	gsSPVertex(castle_inside_dl_inside_castle_seg7_dl_0702E408_mesh_001_mesh_layer_1_vtx_3 + 124, 16, 0),
	gsSP1Triangle(0, 1, 2, 0),
	gsSP1Triangle(0, 2, 3, 0),
	gsSP1Triangle(4, 5, 6, 0),
	gsSP1Triangle(4, 6, 7, 0),
	gsSP1Triangle(8, 9, 10, 0),
	gsSP1Triangle(8, 10, 11, 0),
	gsSP1Triangle(12, 13, 14, 0),
	gsSP1Triangle(12, 14, 15, 0),
	gsSPVertex(castle_inside_dl_inside_castle_seg7_dl_0702E408_mesh_001_mesh_layer_1_vtx_3 + 140, 16, 0),
	gsSP1Triangle(0, 1, 2, 0),
	gsSP1Triangle(0, 3, 1, 0),
	gsSP1Triangle(3, 0, 4, 0),
	gsSP1Triangle(3, 4, 5, 0),
	gsSP1Triangle(6, 5, 4, 0),
	gsSP1Triangle(6, 7, 5, 0),
	gsSP1Triangle(8, 9, 10, 0),
	gsSP1Triangle(8, 10, 11, 0),
	gsSP1Triangle(11, 10, 12, 0),
	gsSP1Triangle(11, 12, 13, 0),
	gsSP1Triangle(14, 13, 12, 0),
	gsSP1Triangle(14, 15, 13, 0),
	gsSPVertex(castle_inside_dl_inside_castle_seg7_dl_0702E408_mesh_001_mesh_layer_1_vtx_3 + 156, 16, 0),
	gsSP1Triangle(0, 1, 2, 0),
	gsSP1Triangle(0, 2, 3, 0),
	gsSP1Triangle(4, 5, 6, 0),
	gsSP1Triangle(4, 6, 7, 0),
	gsSP1Triangle(8, 9, 10, 0),
	gsSP1Triangle(8, 10, 11, 0),
	gsSP1Triangle(12, 13, 14, 0),
	gsSP1Triangle(12, 14, 15, 0),
	gsSPVertex(castle_inside_dl_inside_castle_seg7_dl_0702E408_mesh_001_mesh_layer_1_vtx_3 + 172, 14, 0),
	gsSP1Triangle(0, 1, 2, 0),
	gsSP1Triangle(0, 3, 1, 0),
	gsSP1Triangle(0, 4, 3, 0),
	gsSP1Triangle(5, 6, 7, 0),
	gsSP1Triangle(5, 7, 8, 0),
	gsSP1Triangle(7, 9, 8, 0),
	gsSP1Triangle(10, 11, 12, 0),
	gsSP1Triangle(10, 12, 13, 0),
	gsSPVertex(castle_inside_dl_inside_castle_seg7_dl_0702E408_mesh_001_mesh_layer_1_vtx_3 + 186, 16, 0),
	gsSP1Triangle(0, 1, 2, 0),
	gsSP1Triangle(0, 2, 3, 0),
	gsSP1Triangle(4, 5, 6, 0),
	gsSP1Triangle(4, 6, 7, 0),
	gsSP1Triangle(8, 9, 10, 0),
	gsSP1Triangle(8, 10, 11, 0),
	gsSP1Triangle(8, 11, 12, 0),
	gsSP1Triangle(11, 13, 12, 0),
	gsSP1Triangle(8, 12, 14, 0),
	gsSP1Triangle(15, 8, 14, 0),
	gsSPVertex(castle_inside_dl_inside_castle_seg7_dl_0702E408_mesh_001_mesh_layer_1_vtx_3 + 202, 16, 0),
	gsSP1Triangle(0, 1, 2, 0),
	gsSP1Triangle(1, 3, 2, 0),
	gsSP1Triangle(4, 5, 6, 0),
	gsSP1Triangle(4, 6, 7, 0),
	gsSP1Triangle(8, 9, 10, 0),
	gsSP1Triangle(8, 11, 9, 0),
	gsSP1Triangle(12, 13, 14, 0),
	gsSP1Triangle(12, 14, 15, 0),
	gsSPVertex(castle_inside_dl_inside_castle_seg7_dl_0702E408_mesh_001_mesh_layer_1_vtx_3 + 218, 16, 0),
	gsSP1Triangle(0, 1, 2, 0),
	gsSP1Triangle(0, 2, 3, 0),
	gsSP1Triangle(4, 5, 6, 0),
	gsSP1Triangle(4, 6, 7, 0),
	gsSP1Triangle(8, 9, 10, 0),
	gsSP1Triangle(8, 10, 11, 0),
	gsSP1Triangle(12, 13, 14, 0),
	gsSP1Triangle(12, 14, 15, 0),
	gsSPVertex(castle_inside_dl_inside_castle_seg7_dl_0702E408_mesh_001_mesh_layer_1_vtx_3 + 234, 14, 0),
	gsSP1Triangle(0, 1, 2, 0),
	gsSP1Triangle(0, 2, 3, 0),
	gsSP1Triangle(3, 2, 4, 0),
	gsSP1Triangle(3, 4, 5, 0),
	gsSP1Triangle(6, 7, 8, 0),
	gsSP1Triangle(6, 8, 9, 0),
	gsSP1Triangle(10, 11, 12, 0),
	gsSP1Triangle(10, 12, 13, 0),
	gsSPVertex(castle_inside_dl_inside_castle_seg7_dl_0702E408_mesh_001_mesh_layer_1_vtx_3 + 248, 16, 0),
	gsSP1Triangle(0, 1, 2, 0),
	gsSP1Triangle(0, 2, 3, 0),
	gsSP1Triangle(4, 5, 6, 0),
	gsSP1Triangle(4, 6, 7, 0),
	gsSP1Triangle(8, 9, 10, 0),
	gsSP1Triangle(8, 11, 9, 0),
	gsSP1Triangle(12, 11, 8, 0),
	gsSP1Triangle(12, 13, 11, 0),
	gsSP1Triangle(14, 13, 12, 0),
	gsSP1Triangle(14, 15, 13, 0),
	gsSPVertex(castle_inside_dl_inside_castle_seg7_dl_0702E408_mesh_001_mesh_layer_1_vtx_3 + 264, 8, 0),
	gsSP1Triangle(0, 1, 2, 0),
	gsSP1Triangle(0, 3, 1, 0),
	gsSP1Triangle(4, 5, 6, 0),
	gsSP1Triangle(4, 6, 7, 0),
	gsSPEndDisplayList(),
};

Vtx castle_inside_dl_LAYER_ALPHA_inside_castle_seg7_dl_0703A808_mesh_mesh_layer_6_vtx_0[4] = {
	{{ {111, -945, 97}, 0, {0, 990}, {255, 255, 255, 255} }},
	{{ {-42, -945, 97}, 0, {990, 990}, {255, 255, 255, 255} }},
	{{ {-42, -792, 97}, 0, {990, 0}, {255, 255, 255, 255} }},
	{{ {111, -792, 97}, 0, {0, 0}, {255, 255, 255, 255} }},
};

Gfx castle_inside_dl_LAYER_ALPHA_inside_castle_seg7_dl_0703A808_mesh_mesh_layer_6_tri_0[] = {
	gsSPVertex(castle_inside_dl_LAYER_ALPHA_inside_castle_seg7_dl_0703A808_mesh_mesh_layer_6_vtx_0 + 0, 4, 0),
	gsSP1Triangle(0, 1, 2, 0),
	gsSP1Triangle(0, 2, 3, 0),
	gsSPEndDisplayList(),
};

Vtx castle_inside_dl_LAYER_ALPHA_inside_castle_seg7_dl_0703A808_mesh_mesh_layer_6_vtx_1[8] = {
	{{ {730, -921, -1103}, 0, {-16, 2032}, {255, 0, 6, 255} }},
	{{ {730, -503, -1103}, 0, {-16, -16}, {255, 0, 6, 255} }},
	{{ {502, -503, -1103}, 0, {1008, -16}, {255, 0, 6, 255} }},
	{{ {502, -921, -1103}, 0, {1008, 2032}, {255, 148, 154, 255} }},
	{{ {-347, -921, -1103}, 0, {-16, 2032}, {255, 0, 6, 255} }},
	{{ {-347, -503, -1103}, 0, {-16, -16}, {255, 0, 6, 255} }},
	{{ {-575, -503, -1103}, 0, {1008, -16}, {255, 0, 6, 255} }},
	{{ {-575, -921, -1103}, 0, {1008, 2032}, {255, 0, 6, 255} }},
};

Gfx castle_inside_dl_LAYER_ALPHA_inside_castle_seg7_dl_0703A808_mesh_mesh_layer_6_tri_1[] = {
	gsSPVertex(castle_inside_dl_LAYER_ALPHA_inside_castle_seg7_dl_0703A808_mesh_mesh_layer_6_vtx_1 + 0, 8, 0),
	gsSP1Triangle(0, 1, 2, 0),
	gsSP1Triangle(0, 2, 3, 0),
	gsSP1Triangle(4, 5, 6, 0),
	gsSP1Triangle(4, 6, 7, 0),
	gsSPEndDisplayList(),
};

Vtx castle_inside_dl_LAYER_ALPHA_inside_castle_seg7_dl_0703A808_mesh_mesh_layer_1_vtx_0[50] = {
	{{ {188, -913, -745}, 0, {1502, -332}, {138, 81, 78, 255} }},
	{{ {-68, -913, -745}, 0, {-1052, -332}, {138, 81, 78, 255} }},
	{{ {-68, -939, -745}, 0, {-1052, -140}, {138, 81, 78, 255} }},
	{{ {188, -939, -745}, 0, {1502, -140}, {138, 81, 78, 255} }},
	{{ {188, -863, -796}, 0, {1502, -1054}, {138, 81, 78, 255} }},
	{{ {-68, -863, -796}, 0, {-1052, -1054}, {138, 81, 78, 255} }},
	{{ {-68, -888, -796}, 0, {-1052, -862}, {138, 81, 78, 255} }},
	{{ {188, -888, -796}, 0, {1502, -862}, {138, 81, 78, 255} }},
	{{ {210, -863, -847}, 0, {334, 4820}, {255, 255, 255, 255} }},
	{{ {342, -863, -1103}, 0, {990, 3728}, {255, 255, 255, 255} }},
	{{ {342, -863, -1718}, 0, {990, 0}, {255, 150, 145, 255} }},
	{{ {-222, -863, -1718}, 0, {-1818, 0}, {255, 150, 145, 255} }},
	{{ {-222, -863, -1103}, 0, {-1818, 3728}, {255, 255, 255, 255} }},
	{{ {-90, -863, -847}, 0, {-1162, 4820}, {255, 255, 255, 255} }},
	{{ {-68, -939, -719}, 0, {-1052, 28}, {255, 255, 255, 255} }},
	{{ {188, -939, -719}, 0, {1502, 28}, {255, 255, 255, 255} }},
	{{ {188, -939, -745}, 0, {1502, -140}, {255, 255, 255, 255} }},
	{{ {-68, -939, -745}, 0, {-1052, -140}, {255, 255, 255, 255} }},
	{{ {188, -888, -770}, 0, {1502, -694}, {255, 255, 255, 255} }},
	{{ {188, -888, -796}, 0, {1502, -862}, {255, 255, 255, 255} }},
	{{ {-68, -888, -796}, 0, {-1052, -862}, {255, 255, 255, 255} }},
	{{ {-68, -888, -770}, 0, {-1052, -694}, {255, 255, 255, 255} }},
	{{ {188, -964, -694}, 0, {1502, 388}, {138, 81, 78, 255} }},
	{{ {-68, -964, -694}, 0, {-1052, 388}, {138, 81, 78, 255} }},
	{{ {-68, -985, -694}, 0, {-1052, 580}, {138, 81, 78, 255} }},
	{{ {188, -985, -694}, 0, {1502, 580}, {138, 81, 78, 255} }},
	{{ {188, -913, -770}, 0, {1502, -502}, {255, 255, 255, 255} }},
	{{ {-68, -913, -770}, 0, {-1052, -502}, {255, 255, 255, 255} }},
	{{ {-68, -913, -745}, 0, {-1052, -332}, {255, 255, 255, 255} }},
	{{ {188, -913, -745}, 0, {1502, -332}, {255, 255, 255, 255} }},
	{{ {-17, -863, -1718}, 0, {-16, 1008}, {255, 150, 145, 255} }},
	{{ {137, -863, -1718}, 0, {1008, 1008}, {255, 150, 145, 255} }},
	{{ {137, -863, -1769}, 0, {1008, -16}, {255, 255, 255, 255} }},
	{{ {-17, -863, -1769}, 0, {-16, -16}, {255, 255, 255, 255} }},
	{{ {-68, -964, -694}, 0, {-1052, 388}, {255, 255, 255, 255} }},
	{{ {188, -964, -694}, 0, {1502, 388}, {255, 255, 255, 255} }},
	{{ {188, -964, -719}, 0, {1502, 220}, {255, 255, 255, 255} }},
	{{ {-68, -964, -719}, 0, {-1052, 220}, {255, 255, 255, 255} }},
	{{ {-68, -913, -770}, 0, {-1052, -502}, {138, 81, 78, 255} }},
	{{ {188, -913, -770}, 0, {1502, -502}, {138, 81, 78, 255} }},
	{{ {188, -888, -770}, 0, {1502, -694}, {138, 81, 78, 255} }},
	{{ {-68, -888, -770}, 0, {-1052, -694}, {138, 81, 78, 255} }},
	{{ {188, -863, -847}, 0, {224, 4820}, {255, 255, 255, 255} }},
	{{ {-68, -863, -847}, 0, {-1052, 4820}, {255, 255, 255, 255} }},
	{{ {-68, -863, -796}, 0, {-1052, 5076}, {255, 255, 255, 255} }},
	{{ {188, -863, -796}, 0, {224, 5076}, {255, 255, 255, 255} }},
	{{ {188, -939, -719}, 0, {1502, 28}, {138, 81, 78, 255} }},
	{{ {-68, -939, -719}, 0, {-1052, 28}, {138, 81, 78, 255} }},
	{{ {-68, -964, -719}, 0, {-1052, 220}, {138, 81, 78, 255} }},
	{{ {188, -964, -719}, 0, {1502, 220}, {138, 81, 78, 255} }},
};

Gfx castle_inside_dl_LAYER_ALPHA_inside_castle_seg7_dl_0703A808_mesh_mesh_layer_1_tri_0[] = {
	gsSPVertex(castle_inside_dl_LAYER_ALPHA_inside_castle_seg7_dl_0703A808_mesh_mesh_layer_1_vtx_0 + 0, 14, 0),
	gsSP1Triangle(0, 1, 2, 0),
	gsSP1Triangle(0, 2, 3, 0),
	gsSP1Triangle(4, 5, 6, 0),
	gsSP1Triangle(4, 6, 7, 0),
	gsSP1Triangle(8, 9, 10, 0),
	gsSP1Triangle(11, 8, 10, 0),
	gsSP1Triangle(11, 12, 8, 0),
	gsSP1Triangle(8, 12, 13, 0),
	gsSPVertex(castle_inside_dl_LAYER_ALPHA_inside_castle_seg7_dl_0703A808_mesh_mesh_layer_1_vtx_0 + 14, 16, 0),
	gsSP1Triangle(0, 1, 2, 0),
	gsSP1Triangle(0, 2, 3, 0),
	gsSP1Triangle(4, 5, 6, 0),
	gsSP1Triangle(4, 6, 7, 0),
	gsSP1Triangle(8, 9, 10, 0),
	gsSP1Triangle(8, 10, 11, 0),
	gsSP1Triangle(12, 13, 14, 0),
	gsSP1Triangle(12, 14, 15, 0),
	gsSPVertex(castle_inside_dl_LAYER_ALPHA_inside_castle_seg7_dl_0703A808_mesh_mesh_layer_1_vtx_0 + 30, 16, 0),
	gsSP1Triangle(0, 1, 2, 0),
	gsSP1Triangle(0, 2, 3, 0),
	gsSP1Triangle(4, 5, 6, 0),
	gsSP1Triangle(4, 6, 7, 0),
	gsSP1Triangle(8, 9, 10, 0),
	gsSP1Triangle(8, 10, 11, 0),
	gsSP1Triangle(12, 13, 14, 0),
	gsSP1Triangle(12, 14, 15, 0),
	gsSPVertex(castle_inside_dl_LAYER_ALPHA_inside_castle_seg7_dl_0703A808_mesh_mesh_layer_1_vtx_0 + 46, 4, 0),
	gsSP1Triangle(0, 1, 2, 0),
	gsSP1Triangle(0, 2, 3, 0),
	gsSPEndDisplayList(),
};

Vtx castle_inside_dl_LAYER_ALPHA_inside_castle_seg7_dl_0703A808_mesh_mesh_layer_1_vtx_1[46] = {
	{{ {-734, -160, 23}, 0, {4566, -1183}, {0, 0, 0, 255} }},
	{{ {-734, -453, -1103}, 0, {4566, -5908}, {0, 0, 0, 255} }},
	{{ {854, -453, -1103}, 0, {-3352, -5908}, {0, 0, 0, 255} }},
	{{ {854, -160, 23}, 0, {-3352, -370}, {0, 0, 0, 255} }},
	{{ {-734, 39, 791}, 0, {4566, 3542}, {0, 0, 0, 255} }},
	{{ {854, 39, 791}, 0, {-3352, 3544}, {0, 0, 0, 255} }},
	{{ {-324, 39, 1508}, 0, {2522, 7120}, {0, 0, 0, 255} }},
	{{ {444, 39, 1508}, 0, {-1308, 7120}, {0, 0, 0, 255} }},
	{{ {341, 168, 1111}, 0, {-1308, 7120}, {0, 0, 0, 255} }},
	{{ {642, 168, 586}, 0, {-3352, 3544}, {0, 0, 0, 255} }},
	{{ {-521, 168, 586}, 0, {4566, 3542}, {0, 0, 0, 255} }},
	{{ {-221, 168, 1111}, 0, {2522, 7120}, {0, 0, 0, 255} }},
	{{ {-734, -780, 791}, 0, {-1818, -3864}, {255, 255, 255, 255} }},
	{{ {-324, -780, 1508}, 0, {-5396, -1820}, {255, 142, 147, 255} }},
	{{ {444, -780, 1508}, 0, {-5396, 2010}, {255, 142, 147, 255} }},
	{{ {854, -780, 791}, 0, {-1818, 4054}, {255, 255, 255, 255} }},
	{{ {-324, -985, 23}, 0, {2012, -1820}, {255, 255, 255, 255} }},
	{{ {-197, -985, 97}, 0, {1644, -1188}, {255, 142, 147, 255} }},
	{{ {266, -985, 97}, 0, {1644, 1122}, {255, 255, 255, 255} }},
	{{ {393, -985, 23}, 0, {2012, 1754}, {255, 255, 255, 255} }},
	{{ {-119, -985, -796}, 0, {6100, -798}, {255, 150, 145, 255} }},
	{{ {239, -985, -796}, 0, {6100, 990}, {255, 150, 145, 255} }},
	{{ {854, -985, 23}, 0, {2012, 4054}, {255, 255, 255, 255} }},
	{{ {290, -952, 148}, 0, {1388, 1244}, {255, 142, 147, 255} }},
	{{ {444, -886, 395}, 0, {154, 2010}, {255, 255, 255, 255} }},
	{{ {854, -780, 791}, 0, {-1818, 4054}, {255, 255, 255, 255} }},
	{{ {444, -780, 791}, 0, {-1818, 2010}, {255, 255, 255, 255} }},
	{{ {393, -985, -1103}, 0, {7632, 1754}, {255, 148, 154, 255} }},
	{{ {854, -985, -1103}, 0, {7632, 4054}, {255, 148, 154, 255} }},
	{{ {-375, -780, 791}, 0, {-1818, -2076}, {255, 255, 255, 255} }},
	{{ {-375, -886, 395}, 0, {154, -2076}, {255, 255, 255, 255} }},
	{{ {-734, -780, 791}, 0, {-1818, -3864}, {255, 255, 255, 255} }},
	{{ {-375, -886, 395}, 0, {154, -2076}, {255, 255, 255, 255} }},
	{{ {-734, -985, 23}, 0, {2012, -3864}, {255, 255, 255, 255} }},
	{{ {-734, -780, 791}, 0, {-1818, -3864}, {255, 255, 255, 255} }},
	{{ {-222, -952, 148}, 0, {1388, -1310}, {255, 142, 147, 255} }},
	{{ {-324, -985, 23}, 0, {2012, -1820}, {255, 255, 255, 255} }},
	{{ {-119, -985, -796}, 0, {6100, -798}, {255, 150, 145, 255} }},
	{{ {-273, -985, -1103}, 0, {7632, -1564}, {255, 148, 154, 255} }},
	{{ {-734, -985, -1103}, 0, {7632, -3864}, {255, 148, 154, 255} }},
	{{ {-222, -780, 148}, 0, {1388, -1310}, {255, 142, 147, 255} }},
	{{ {445, -780, 396}, 0, {150, 2014}, {255, 255, 255, 255} }},
	{{ {290, -780, 148}, 0, {1388, 1244}, {255, 142, 147, 255} }},
	{{ {-376, -780, 396}, 0, {150, -2080}, {255, 255, 255, 255} }},
	{{ {444, -780, 791}, 0, {-1818, 2010}, {255, 255, 255, 255} }},
	{{ {-375, -780, 791}, 0, {-1818, -2076}, {255, 255, 255, 255} }},
};

Gfx castle_inside_dl_LAYER_ALPHA_inside_castle_seg7_dl_0703A808_mesh_mesh_layer_1_tri_1[] = {
	gsSPVertex(castle_inside_dl_LAYER_ALPHA_inside_castle_seg7_dl_0703A808_mesh_mesh_layer_1_vtx_1 + 0, 16, 0),
	gsSP1Triangle(0, 1, 2, 0),
	gsSP1Triangle(0, 2, 3, 0),
	gsSP1Triangle(3, 4, 0, 0),
	gsSP1Triangle(3, 5, 4, 0),
	gsSP1Triangle(5, 6, 4, 0),
	gsSP1Triangle(5, 7, 6, 0),
	gsSP1Triangle(5, 7, 8, 0),
	gsSP1Triangle(5, 8, 9, 0),
	gsSP1Triangle(6, 4, 10, 0),
	gsSP1Triangle(6, 10, 11, 0),
	gsSP1Triangle(12, 13, 14, 0),
	gsSP1Triangle(12, 14, 15, 0),
	gsSPVertex(castle_inside_dl_LAYER_ALPHA_inside_castle_seg7_dl_0703A808_mesh_mesh_layer_1_vtx_1 + 16, 16, 0),
	gsSP1Triangle(0, 1, 2, 0),
	gsSP1Triangle(0, 2, 3, 0),
	gsSP1Triangle(4, 0, 3, 0),
	gsSP1Triangle(4, 3, 5, 0),
	gsSP1Triangle(3, 6, 5, 0),
	gsSP1Triangle(7, 6, 3, 0),
	gsSP1Triangle(7, 8, 6, 0),
	gsSP1Triangle(8, 9, 6, 0),
	gsSP1Triangle(8, 10, 9, 0),
	gsSP1Triangle(6, 11, 5, 0),
	gsSP1Triangle(11, 6, 12, 0),
	gsSP1Triangle(13, 14, 15, 0),
	gsSPVertex(castle_inside_dl_LAYER_ALPHA_inside_castle_seg7_dl_0703A808_mesh_mesh_layer_1_vtx_1 + 32, 14, 0),
	gsSP1Triangle(0, 1, 2, 0),
	gsSP1Triangle(0, 3, 1, 0),
	gsSP1Triangle(3, 4, 1, 0),
	gsSP1Triangle(5, 1, 4, 0),
	gsSP1Triangle(1, 5, 6, 0),
	gsSP1Triangle(6, 7, 1, 0),
	gsSP1Triangle(8, 9, 10, 0),
	gsSP1Triangle(8, 11, 9, 0),
	gsSP1Triangle(11, 12, 9, 0),
	gsSP1Triangle(11, 13, 12, 0),
	gsSPEndDisplayList(),
};

Vtx castle_inside_dl_LAYER_ALPHA_inside_castle_seg7_dl_0703A808_mesh_mesh_layer_1_vtx_2[176] = {
	{{ {-119, -453, -1103}, 0, {0, 2010}, {255, 255, 255, 255} }},
	{{ {-119, -453, -1718}, 0, {6100, 2010}, {255, 150, 145, 255} }},
	{{ {239, -453, -1718}, 0, {6100, 0}, {255, 150, 145, 255} }},
	{{ {239, -453, -1103}, 0, {0, 0}, {255, 255, 255, 255} }},
	{{ {239, -908, -566}, 0, {-1052, 71}, {255, 255, 255, 255} }},
	{{ {188, -908, -566}, 0, {-595, 71}, {255, 255, 255, 255} }},
	{{ {188, -985, -566}, 0, {-595, 762}, {255, 255, 255, 255} }},
	{{ {239, -985, -566}, 0, {-1052, 762}, {255, 255, 255, 255} }},
	{{ {-324, -985, 23}, 0, {-659, 1273}, {255, 255, 255, 255} }},
	{{ {-222, -780, 148}, 0, {-65, 223}, {255, 235, 241, 255} }},
	{{ {-324, -780, 23}, 0, {-659, 223}, {255, 255, 255, 255} }},
	{{ {-222, -952, 148}, 0, {-65, 1116}, {204, 187, 192, 255} }},
	{{ {-375, -780, 395}, 0, {1106, 223}, {255, 255, 255, 255} }},
	{{ {-375, -886, 395}, 0, {1106, 803}, {255, 255, 255, 255} }},
	{{ {-375, -780, 791}, 0, {2985, 223}, {255, 255, 255, 255} }},
	{{ {188, -863, -796}, 0, {181, -336}, {255, 255, 255, 255} }},
	{{ {188, -812, -796}, 0, {181, -794}, {255, 255, 255, 255} }},
	{{ {188, -812, -847}, 0, {-276, -794}, {255, 255, 255, 255} }},
	{{ {188, -863, -847}, 0, {-276, -336}, {255, 255, 255, 255} }},
	{{ {-119, -985, -566}, 0, {2159, 762}, {255, 255, 255, 255} }},
	{{ {-68, -985, -566}, 0, {1702, 762}, {255, 255, 255, 255} }},
	{{ {-68, -908, -566}, 0, {1702, 71}, {255, 255, 255, 255} }},
	{{ {-119, -908, -566}, 0, {2159, 71}, {255, 255, 255, 255} }},
	{{ {239, -908, -566}, 0, {-16, 730}, {255, 255, 255, 255} }},
	{{ {239, -908, -617}, 0, {1008, 730}, {255, 255, 255, 255} }},
	{{ {188, -908, -617}, 0, {1008, 1008}, {255, 255, 255, 255} }},
	{{ {188, -908, -566}, 0, {-16, 1008}, {255, 255, 255, 255} }},
	{{ {210, -812, -847}, 0, {-792, -794}, {255, 255, 255, 255} }},
	{{ {210, -863, -847}, 0, {-792, -336}, {255, 255, 255, 255} }},
	{{ {188, -863, -847}, 0, {-595, -336}, {255, 255, 255, 255} }},
	{{ {188, -812, -847}, 0, {-595, -794}, {255, 255, 255, 255} }},
	{{ {342, -812, -1103}, 0, {6153, -1395}, {255, 0, 17, 255} }},
	{{ {239, -812, -796}, 0, {5091, 730}, {197, 181, 186, 255} }},
	{{ {393, -812, -1103}, 0, {5091, -1395}, {255, 0, 17, 255} }},
	{{ {210, -812, -847}, 0, {6153, 730}, {197, 181, 186, 255} }},
	{{ {188, -812, -847}, 0, {6153, 1008}, {197, 181, 186, 255} }},
	{{ {188, -812, -796}, 0, {5091, 1008}, {197, 181, 186, 255} }},
	{{ {239, -908, -617}, 0, {1008, 730}, {197, 181, 186, 255} }},
	{{ {188, -908, -617}, 0, {1008, 1008}, {197, 181, 186, 255} }},
	{{ {290, -952, 148}, 0, {-65, 1116}, {255, 235, 241, 255} }},
	{{ {393, -985, 23}, 0, {-659, 1273}, {255, 255, 255, 255} }},
	{{ {393, -780, 23}, 0, {-659, 223}, {255, 255, 255, 255} }},
	{{ {290, -780, 148}, 0, {-65, 223}, {255, 235, 241, 255} }},
	{{ {444, -886, 395}, 0, {1106, 803}, {255, 255, 255, 255} }},
	{{ {444, -780, 395}, 0, {1106, 223}, {255, 255, 255, 255} }},
	{{ {444, -780, 791}, 0, {2985, 223}, {190, 175, 180, 255} }},
	{{ {393, -985, 23}, 0, {-1665, 1273}, {255, 255, 255, 255} }},
	{{ {266, -780, 97}, 0, {-1062, 223}, {190, 175, 180, 255} }},
	{{ {393, -780, 23}, 0, {-1665, 223}, {255, 255, 255, 255} }},
	{{ {266, -985, 97}, 0, {-1062, 1273}, {190, 175, 180, 255} }},
	{{ {-197, -780, 97}, 0, {1134, 223}, {190, 175, 180, 255} }},
	{{ {-197, -985, 97}, 0, {1134, 1273}, {190, 175, 180, 255} }},
	{{ {-324, -780, 23}, 0, {1737, 223}, {255, 255, 255, 255} }},
	{{ {-324, -985, 23}, 0, {1737, 1273}, {255, 255, 255, 255} }},
	{{ {188, -985, -796}, 0, {181, 762}, {255, 255, 255, 255} }},
	{{ {188, -985, -566}, 0, {2245, 762}, {255, 255, 255, 255} }},
	{{ {188, -908, -566}, 0, {2245, 71}, {255, 255, 255, 255} }},
	{{ {188, -908, -617}, 0, {1787, 71}, {255, 255, 255, 255} }},
	{{ {188, -812, -796}, 0, {181, -794}, {255, 255, 255, 255} }},
	{{ {-222, -863, -1718}, 0, {-1052, 4054}, {255, 150, 145, 255} }},
	{{ {-17, -863, -1718}, 0, {990, 4054}, {255, 150, 145, 255} }},
	{{ {-17, -607, -1718}, 0, {990, 1500}, {255, 150, 145, 255} }},
	{{ {-222, -863, -1718}, 0, {-1052, 4054}, {255, 150, 145, 255} }},
	{{ {-17, -607, -1718}, 0, {990, 1500}, {255, 150, 145, 255} }},
	{{ {-222, -556, -1718}, 0, {-1052, 990}, {255, 150, 145, 255} }},
	{{ {342, -556, -1718}, 0, {4568, 990}, {255, 150, 145, 255} }},
	{{ {137, -607, -1718}, 0, {2524, 1500}, {255, 150, 145, 255} }},
	{{ {-17, -607, -1769}, 0, {990, 1500}, {255, 255, 255, 255} }},
	{{ {137, -607, -1769}, 0, {2524, 1500}, {255, 255, 255, 255} }},
	{{ {137, -863, -1718}, 0, {2524, 4054}, {255, 150, 145, 255} }},
	{{ {342, -863, -1718}, 0, {4568, 4054}, {255, 150, 145, 255} }},
	{{ {-119, -985, -796}, 0, {181, 762}, {255, 255, 255, 255} }},
	{{ {-119, -985, -566}, 0, {2245, 762}, {255, 255, 255, 255} }},
	{{ {-119, -908, -566}, 0, {2245, 71}, {255, 255, 255, 255} }},
	{{ {-119, -908, -617}, 0, {1787, 71}, {255, 255, 255, 255} }},
	{{ {-119, -812, -796}, 0, {181, -794}, {255, 255, 255, 255} }},
	{{ {-273, -812, -1103}, 0, {-2573, -794}, {255, 0, 17, 255} }},
	{{ {-273, -985, -1103}, 0, {-2573, 762}, {255, 148, 154, 255} }},
	{{ {239, -908, -566}, 0, {2245, 71}, {255, 255, 255, 255} }},
	{{ {239, -985, -566}, 0, {2245, 762}, {255, 255, 255, 255} }},
	{{ {239, -985, -796}, 0, {181, 762}, {255, 255, 255, 255} }},
	{{ {239, -908, -617}, 0, {1787, 71}, {255, 255, 255, 255} }},
	{{ {239, -812, -796}, 0, {181, -794}, {255, 255, 255, 255} }},
	{{ {393, -985, -1103}, 0, {-2573, 762}, {255, 148, 154, 255} }},
	{{ {393, -812, -1103}, 0, {-2573, -794}, {255, 0, 17, 255} }},
	{{ {-68, -908, -566}, 0, {2245, 71}, {255, 255, 255, 255} }},
	{{ {-68, -985, -566}, 0, {2245, 762}, {255, 255, 255, 255} }},
	{{ {-68, -985, -796}, 0, {181, 762}, {255, 255, 255, 255} }},
	{{ {-68, -908, -617}, 0, {1787, 71}, {255, 255, 255, 255} }},
	{{ {-68, -812, -796}, 0, {181, -794}, {255, 255, 255, 255} }},
	{{ {239, -453, -1103}, 0, {-5140, -3098}, {255, 255, 255, 255} }},
	{{ {239, -453, -1718}, 0, {990, -3098}, {255, 150, 145, 255} }},
	{{ {342, -556, -1718}, 0, {990, -2076}, {255, 150, 145, 255} }},
	{{ {342, -556, -1103}, 0, {-5140, -2076}, {255, 0, 17, 255} }},
	{{ {342, -863, -1103}, 0, {-5140, 990}, {255, 255, 255, 255} }},
	{{ {342, -556, -1103}, 0, {-5140, -2076}, {255, 0, 17, 255} }},
	{{ {342, -556, -1718}, 0, {990, -2076}, {255, 150, 145, 255} }},
	{{ {342, -863, -1718}, 0, {990, 990}, {255, 150, 145, 255} }},
	{{ {-68, -812, -796}, 0, {181, -794}, {255, 255, 255, 255} }},
	{{ {-68, -863, -796}, 0, {181, -336}, {255, 255, 255, 255} }},
	{{ {-68, -863, -847}, 0, {-276, -336}, {255, 255, 255, 255} }},
	{{ {-68, -812, -847}, 0, {-276, -794}, {255, 255, 255, 255} }},
	{{ {-222, -812, -1103}, 0, {6153, -1395}, {255, 0, 17, 255} }},
	{{ {-273, -812, -1103}, 0, {5091, -1395}, {255, 0, 17, 255} }},
	{{ {-119, -812, -796}, 0, {5091, 730}, {197, 181, 186, 255} }},
	{{ {-90, -812, -847}, 0, {6153, 730}, {197, 181, 186, 255} }},
	{{ {-68, -812, -847}, 0, {6153, 1008}, {197, 181, 186, 255} }},
	{{ {-68, -812, -796}, 0, {5091, 1008}, {197, 181, 186, 255} }},
	{{ {-119, -908, -617}, 0, {1008, 730}, {197, 181, 186, 255} }},
	{{ {-68, -908, -617}, 0, {1008, 1008}, {197, 181, 186, 255} }},
	{{ {-119, -908, -566}, 0, {-16, 730}, {197, 181, 186, 255} }},
	{{ {-68, -908, -617}, 0, {1008, 1008}, {197, 181, 186, 255} }},
	{{ {-119, -908, -617}, 0, {1008, 730}, {197, 181, 186, 255} }},
	{{ {-68, -908, -566}, 0, {-16, 1008}, {197, 181, 186, 255} }},
	{{ {137, -863, -1718}, 0, {0, 990}, {255, 150, 145, 255} }},
	{{ {137, -607, -1718}, 0, {0, -1566}, {255, 150, 145, 255} }},
	{{ {137, -607, -1769}, 0, {-540, -1566}, {255, 255, 255, 255} }},
	{{ {137, -863, -1769}, 0, {-542, 990}, {255, 255, 255, 255} }},
	{{ {342, -556, -1718}, 0, {4568, 990}, {255, 150, 145, 255} }},
	{{ {239, -453, -1718}, 0, {3546, 0}, {255, 150, 145, 255} }},
	{{ {-119, -453, -1718}, 0, {0, 0}, {255, 150, 145, 255} }},
	{{ {-222, -556, -1718}, 0, {-1052, 990}, {255, 150, 145, 255} }},
	{{ {-17, -863, -1769}, 0, {-542, 990}, {255, 255, 255, 255} }},
	{{ {-17, -607, -1769}, 0, {-540, -1566}, {255, 255, 255, 255} }},
	{{ {-17, -607, -1718}, 0, {0, -1566}, {255, 150, 145, 255} }},
	{{ {-17, -863, -1718}, 0, {0, 990}, {255, 150, 145, 255} }},
	{{ {342, -812, -1103}, 0, {-2573, -794}, {255, 0, 17, 255} }},
	{{ {342, -863, -1103}, 0, {-2573, -336}, {255, 255, 255, 255} }},
	{{ {210, -863, -847}, 0, {-276, -336}, {255, 255, 255, 255} }},
	{{ {210, -812, -847}, 0, {-276, -794}, {255, 255, 255, 255} }},
	{{ {-222, -556, -1103}, 0, {-5140, -2076}, {255, 0, 17, 255} }},
	{{ {-222, -863, -1103}, 0, {-5140, 990}, {255, 255, 255, 255} }},
	{{ {-222, -863, -1718}, 0, {990, 990}, {255, 150, 145, 255} }},
	{{ {-222, -556, -1718}, 0, {990, -2076}, {255, 150, 145, 255} }},
	{{ {-119, -453, -1718}, 0, {990, -3098}, {255, 150, 145, 255} }},
	{{ {-119, -453, -1103}, 0, {-5140, -3098}, {255, 255, 255, 255} }},
	{{ {-68, -863, -847}, 0, {1702, -336}, {255, 255, 255, 255} }},
	{{ {-90, -863, -847}, 0, {1899, -336}, {255, 255, 255, 255} }},
	{{ {-90, -812, -847}, 0, {1899, -794}, {255, 255, 255, 255} }},
	{{ {-68, -812, -847}, 0, {1702, -794}, {255, 255, 255, 255} }},
	{{ {-222, -863, -1103}, 0, {-2573, -336}, {255, 255, 255, 255} }},
	{{ {-222, -812, -1103}, 0, {-2573, -794}, {255, 0, 17, 255} }},
	{{ {-90, -812, -847}, 0, {-276, -794}, {255, 255, 255, 255} }},
	{{ {-90, -863, -847}, 0, {-276, -336}, {255, 255, 255, 255} }},
	{{ {290, -741, 148}, 0, {462, -1093}, {255, 235, 241, 255} }},
	{{ {393, -741, 23}, 0, {-316, -1734}, {255, 255, 255, 255} }},
	{{ {266, -741, 97}, 0, {144, -944}, {190, 175, 180, 255} }},
	{{ {-197, -741, 97}, 0, {144, 1936}, {190, 175, 180, 255} }},
	{{ {-222, -741, 148}, 0, {462, 2091}, {255, 235, 241, 255} }},
	{{ {-324, -741, 23}, 0, {-316, 2726}, {255, 255, 255, 255} }},
	{{ {-197, -780, 97}, 0, {1134, 219}, {190, 175, 180, 255} }},
	{{ {-324, -780, 23}, 0, {1737, 219}, {255, 255, 255, 255} }},
	{{ {-324, -741, 23}, 0, {1737, -46}, {255, 255, 255, 255} }},
	{{ {-197, -741, 97}, 0, {1134, -46}, {190, 175, 180, 255} }},
	{{ {266, -780, 97}, 0, {-1062, 219}, {190, 175, 180, 255} }},
	{{ {266, -741, 97}, 0, {-1062, -46}, {190, 175, 180, 255} }},
	{{ {393, -780, 23}, 0, {-1665, 219}, {255, 255, 255, 255} }},
	{{ {266, -780, 97}, 0, {-1062, 219}, {190, 175, 180, 255} }},
	{{ {266, -741, 97}, 0, {-1062, -46}, {190, 175, 180, 255} }},
	{{ {393, -741, 23}, 0, {-1665, -46}, {255, 255, 255, 255} }},
	{{ {290, -780, 148}, 0, {-65, 219}, {255, 235, 241, 255} }},
	{{ {393, -780, 23}, 0, {-659, 219}, {255, 255, 255, 255} }},
	{{ {393, -741, 23}, 0, {-659, -46}, {255, 255, 255, 255} }},
	{{ {290, -741, 148}, 0, {-65, -46}, {255, 235, 241, 255} }},
	{{ {-222, -780, 148}, 0, {1253, 219}, {255, 235, 241, 255} }},
	{{ {290, -780, 148}, 0, {-1176, 219}, {255, 235, 241, 255} }},
	{{ {290, -741, 148}, 0, {-1176, -46}, {255, 235, 241, 255} }},
	{{ {-222, -741, 148}, 0, {1253, -46}, {255, 235, 241, 255} }},
	{{ {-324, -780, 23}, 0, {-659, 219}, {255, 255, 255, 255} }},
	{{ {-222, -780, 148}, 0, {-65, 219}, {255, 235, 241, 255} }},
	{{ {-222, -741, 148}, 0, {-65, -46}, {255, 235, 241, 255} }},
	{{ {-324, -741, 23}, 0, {-659, -46}, {255, 255, 255, 255} }},
	{{ {-119, -453, -1103}, 0, {0, 2010}, {0, 0, 0, 255} }},
	{{ {239, -453, -1103}, 0, {0, 0}, {0, 0, 0, 255} }},
	{{ {191, -192, -801}, 0, {0, 0}, {0, 0, 0, 255} }},
	{{ {-71, -192, -801}, 0, {0, 2010}, {0, 0, 0, 255} }},
};

Gfx castle_inside_dl_LAYER_ALPHA_inside_castle_seg7_dl_0703A808_mesh_mesh_layer_1_tri_2[] = {
	gsSPVertex(castle_inside_dl_LAYER_ALPHA_inside_castle_seg7_dl_0703A808_mesh_mesh_layer_1_vtx_2 + 0, 15, 0),
	gsSP1Triangle(0, 1, 2, 0),
	gsSP1Triangle(0, 2, 3, 0),
	gsSP1Triangle(4, 5, 6, 0),
	gsSP1Triangle(4, 6, 7, 0),
	gsSP1Triangle(8, 9, 10, 0),
	gsSP1Triangle(8, 11, 9, 0),
	gsSP1Triangle(11, 12, 9, 0),
	gsSP1Triangle(11, 13, 12, 0),
	gsSP1Triangle(13, 14, 12, 0),
	gsSPVertex(castle_inside_dl_LAYER_ALPHA_inside_castle_seg7_dl_0703A808_mesh_mesh_layer_1_vtx_2 + 15, 16, 0),
	gsSP1Triangle(0, 1, 2, 0),
	gsSP1Triangle(0, 2, 3, 0),
	gsSP1Triangle(4, 5, 6, 0),
	gsSP1Triangle(4, 6, 7, 0),
	gsSP1Triangle(8, 9, 10, 0),
	gsSP1Triangle(8, 10, 11, 0),
	gsSP1Triangle(12, 13, 14, 0),
	gsSP1Triangle(12, 14, 15, 0),
	gsSPVertex(castle_inside_dl_LAYER_ALPHA_inside_castle_seg7_dl_0703A808_mesh_mesh_layer_1_vtx_2 + 31, 15, 0),
	gsSP1Triangle(0, 1, 2, 0),
	gsSP1Triangle(0, 3, 1, 0),
	gsSP1Triangle(4, 1, 3, 0),
	gsSP1Triangle(4, 5, 1, 0),
	gsSP1Triangle(6, 1, 5, 0),
	gsSP1Triangle(6, 5, 7, 0),
	gsSP1Triangle(8, 9, 10, 0),
	gsSP1Triangle(8, 10, 11, 0),
	gsSP1Triangle(12, 8, 11, 0),
	gsSP1Triangle(12, 11, 13, 0),
	gsSP1Triangle(14, 12, 13, 0),
	gsSPVertex(castle_inside_dl_LAYER_ALPHA_inside_castle_seg7_dl_0703A808_mesh_mesh_layer_1_vtx_2 + 46, 16, 0),
	gsSP1Triangle(0, 1, 2, 0),
	gsSP1Triangle(0, 3, 1, 0),
	gsSP1Triangle(3, 4, 1, 0),
	gsSP1Triangle(3, 5, 4, 0),
	gsSP1Triangle(5, 6, 4, 0),
	gsSP1Triangle(5, 7, 6, 0),
	gsSP1Triangle(8, 9, 10, 0),
	gsSP1Triangle(8, 10, 11, 0),
	gsSP1Triangle(8, 11, 12, 0),
	gsSP1Triangle(13, 14, 15, 0),
	gsSPVertex(castle_inside_dl_LAYER_ALPHA_inside_castle_seg7_dl_0703A808_mesh_mesh_layer_1_vtx_2 + 62, 16, 0),
	gsSP1Triangle(0, 1, 2, 0),
	gsSP1Triangle(3, 2, 1, 0),
	gsSP1Triangle(3, 1, 4, 0),
	gsSP1Triangle(5, 4, 1, 0),
	gsSP1Triangle(5, 6, 4, 0),
	gsSP1Triangle(7, 3, 4, 0),
	gsSP1Triangle(7, 8, 3, 0),
	gsSP1Triangle(9, 10, 11, 0),
	gsSP1Triangle(9, 11, 12, 0),
	gsSP1Triangle(9, 12, 13, 0),
	gsSP1Triangle(9, 13, 14, 0),
	gsSP1Triangle(9, 14, 15, 0),
	gsSPVertex(castle_inside_dl_LAYER_ALPHA_inside_castle_seg7_dl_0703A808_mesh_mesh_layer_1_vtx_2 + 78, 16, 0),
	gsSP1Triangle(0, 1, 2, 0),
	gsSP1Triangle(2, 3, 0, 0),
	gsSP1Triangle(2, 4, 3, 0),
	gsSP1Triangle(4, 2, 5, 0),
	gsSP1Triangle(4, 5, 6, 0),
	gsSP1Triangle(7, 8, 9, 0),
	gsSP1Triangle(9, 10, 7, 0),
	gsSP1Triangle(9, 11, 10, 0),
	gsSP1Triangle(12, 13, 14, 0),
	gsSP1Triangle(12, 14, 15, 0),
	gsSPVertex(castle_inside_dl_LAYER_ALPHA_inside_castle_seg7_dl_0703A808_mesh_mesh_layer_1_vtx_2 + 94, 16, 0),
	gsSP1Triangle(0, 1, 2, 0),
	gsSP1Triangle(0, 2, 3, 0),
	gsSP1Triangle(4, 5, 6, 0),
	gsSP1Triangle(4, 6, 7, 0),
	gsSP1Triangle(8, 9, 10, 0),
	gsSP1Triangle(8, 10, 11, 0),
	gsSP1Triangle(12, 11, 10, 0),
	gsSP1Triangle(12, 10, 13, 0),
	gsSP1Triangle(14, 13, 10, 0),
	gsSP1Triangle(14, 15, 13, 0),
	gsSPVertex(castle_inside_dl_LAYER_ALPHA_inside_castle_seg7_dl_0703A808_mesh_mesh_layer_1_vtx_2 + 110, 16, 0),
	gsSP1Triangle(0, 1, 2, 0),
	gsSP1Triangle(0, 3, 1, 0),
	gsSP1Triangle(4, 5, 6, 0),
	gsSP1Triangle(4, 6, 7, 0),
	gsSP1Triangle(8, 9, 10, 0),
	gsSP1Triangle(8, 10, 11, 0),
	gsSP1Triangle(12, 13, 14, 0),
	gsSP1Triangle(12, 14, 15, 0),
	gsSPVertex(castle_inside_dl_LAYER_ALPHA_inside_castle_seg7_dl_0703A808_mesh_mesh_layer_1_vtx_2 + 126, 14, 0),
	gsSP1Triangle(0, 1, 2, 0),
	gsSP1Triangle(0, 2, 3, 0),
	gsSP1Triangle(4, 5, 6, 0),
	gsSP1Triangle(4, 6, 7, 0),
	gsSP1Triangle(4, 7, 8, 0),
	gsSP1Triangle(4, 8, 9, 0),
	gsSP1Triangle(10, 11, 12, 0),
	gsSP1Triangle(10, 12, 13, 0),
	gsSPVertex(castle_inside_dl_LAYER_ALPHA_inside_castle_seg7_dl_0703A808_mesh_mesh_layer_1_vtx_2 + 140, 16, 0),
	gsSP1Triangle(0, 1, 2, 0),
	gsSP1Triangle(0, 2, 3, 0),
	gsSP1Triangle(4, 5, 6, 0),
	gsSP1Triangle(6, 7, 4, 0),
	gsSP1Triangle(7, 8, 4, 0),
	gsSP1Triangle(7, 9, 8, 0),
	gsSP1Triangle(10, 11, 12, 0),
	gsSP1Triangle(10, 12, 13, 0),
	gsSP1Triangle(14, 10, 13, 0),
	gsSP1Triangle(14, 13, 15, 0),
	gsSPVertex(castle_inside_dl_LAYER_ALPHA_inside_castle_seg7_dl_0703A808_mesh_mesh_layer_1_vtx_2 + 156, 16, 0),
	gsSP1Triangle(0, 1, 2, 0),
	gsSP1Triangle(0, 2, 3, 0),
	gsSP1Triangle(4, 5, 6, 0),
	gsSP1Triangle(4, 6, 7, 0),
	gsSP1Triangle(8, 9, 10, 0),
	gsSP1Triangle(8, 10, 11, 0),
	gsSP1Triangle(12, 13, 14, 0),
	gsSP1Triangle(12, 14, 15, 0),
	gsSPVertex(castle_inside_dl_LAYER_ALPHA_inside_castle_seg7_dl_0703A808_mesh_mesh_layer_1_vtx_2 + 172, 4, 0),
	gsSP1Triangle(0, 1, 2, 0),
	gsSP1Triangle(0, 2, 3, 0),
	gsSPEndDisplayList(),
};

Vtx castle_inside_dl_LAYER_ALPHA_inside_castle_seg7_dl_0703A808_mesh_mesh_layer_1_vtx_3[4] = {
	{{ {357, -384, 1508}, 0, {-16, 1008}, {255, 235, 241, 255} }},
	{{ {-237, -384, 1508}, 0, {2032, 1008}, {255, 235, 241, 255} }},
	{{ {-237, -74, 1508}, 0, {2032, -16}, {255, 235, 241, 255} }},
	{{ {357, -74, 1508}, 0, {-16, -16}, {255, 235, 241, 255} }},
};

Gfx castle_inside_dl_LAYER_ALPHA_inside_castle_seg7_dl_0703A808_mesh_mesh_layer_1_tri_3[] = {
	gsSPVertex(castle_inside_dl_LAYER_ALPHA_inside_castle_seg7_dl_0703A808_mesh_mesh_layer_1_vtx_3 + 0, 4, 0),
	gsSP1Triangle(0, 1, 2, 0),
	gsSP1Triangle(0, 2, 3, 0),
	gsSPEndDisplayList(),
};

Vtx castle_inside_dl_LAYER_ALPHA_inside_castle_seg7_dl_0703A808_mesh_mesh_layer_1_vtx_4[4] = {
	{{ {357, -693, 1508}, 0, {-16, 1008}, {255, 235, 241, 255} }},
	{{ {-237, -693, 1508}, 0, {2032, 1008}, {255, 235, 241, 255} }},
	{{ {-237, -384, 1508}, 0, {2032, -16}, {255, 235, 241, 255} }},
	{{ {357, -384, 1508}, 0, {-16, -16}, {255, 235, 241, 255} }},
};

Gfx castle_inside_dl_LAYER_ALPHA_inside_castle_seg7_dl_0703A808_mesh_mesh_layer_1_tri_4[] = {
	gsSPVertex(castle_inside_dl_LAYER_ALPHA_inside_castle_seg7_dl_0703A808_mesh_mesh_layer_1_vtx_4 + 0, 4, 0),
	gsSP1Triangle(0, 1, 2, 0),
	gsSP1Triangle(0, 2, 3, 0),
	gsSPEndDisplayList(),
};

Vtx castle_inside_dl_LAYER_ALPHA_inside_castle_seg7_dl_0703A808_mesh_mesh_layer_1_vtx_5[71] = {
	{{ {-273, -812, -1103}, 0, {-770, 1387}, {255, 0, 17, 255} }},
	{{ {-222, -812, -1103}, 0, {-576, 1387}, {255, 0, 17, 255} }},
	{{ {-222, -556, -1103}, 0, {-576, 414}, {255, 0, 17, 255} }},
	{{ {-734, -985, -1103}, 0, {-2523, 2047}, {255, 148, 154, 255} }},
	{{ {-734, -453, -1103}, 0, {-2523, 22}, {0, 0, 0, 255} }},
	{{ {-119, -453, -1103}, 0, {-185, 22}, {0, 0, 0, 255} }},
	{{ {-273, -985, -1103}, 0, {-770, 2047}, {255, 148, 154, 255} }},
	{{ {342, -556, -1103}, 0, {1568, 414}, {255, 0, 17, 255} }},
	{{ {342, -812, -1103}, 0, {1568, 1387}, {255, 0, 17, 255} }},
	{{ {393, -812, -1103}, 0, {1762, 1387}, {255, 0, 17, 255} }},
	{{ {854, -985, -1103}, 0, {3515, 2047}, {255, 148, 154, 255} }},
	{{ {393, -985, -1103}, 0, {1762, 2047}, {255, 148, 154, 255} }},
	{{ {854, -453, -1103}, 0, {3515, 22}, {0, 0, 0, 255} }},
	{{ {239, -453, -1103}, 0, {1177, 22}, {0, 0, 0, 255} }},
	{{ {-324, 39, 1508}, 0, {1019, -4490}, {0, 0, 0, 255} }},
	{{ {341, 168, 1111}, 0, {369, -2936}, {0, 0, 0, 255} }},
	{{ {444, 39, 1508}, 0, {268, -4490}, {0, 0, 0, 255} }},
	{{ {-221, 168, 1111}, 0, {918, -2936}, {0, 0, 0, 255} }},
	{{ {-521, 168, 586}, 0, {1212, -884}, {0, 0, 0, 255} }},
	{{ {642, 168, 586}, 0, {75, -884}, {0, 0, 0, 255} }},
	{{ {-521, -192, -801}, 0, {1212, 4538}, {0, 0, 0, 255} }},
	{{ {-734, 39, 791}, 0, {1419, -1687}, {0, 0, 0, 255} }},
	{{ {-734, -160, 23}, 0, {1419, 2014}, {0, 0, 0, 255} }},
	{{ {-734, -453, -1103}, 0, {1419, 5716}, {0, 0, 0, 255} }},
	{{ {-71, -192, -801}, 0, {772, 4538}, {0, 0, 0, 255} }},
	{{ {-119, -453, -1103}, 0, {818, 5716}, {0, 0, 0, 255} }},
	{{ {191, -192, -801}, 0, {515, 4538}, {0, 0, 0, 255} }},
	{{ {642, -192, -801}, 0, {75, 4538}, {0, 0, 0, 255} }},
	{{ {239, -453, -1103}, 0, {468, 5716}, {0, 0, 0, 255} }},
	{{ {854, -453, -1103}, 0, {-133, 5716}, {0, 0, 0, 255} }},
	{{ {642, 168, 586}, 0, {75, -884}, {0, 0, 0, 255} }},
	{{ {854, -453, -1103}, 0, {-133, 5716}, {0, 0, 0, 255} }},
	{{ {854, -160, 23}, 0, {-133, 1315}, {0, 0, 0, 255} }},
	{{ {854, 39, 791}, 0, {-133, -1687}, {0, 0, 0, 255} }},
	{{ {-734, -985, 23}, 0, {16967, 2041}, {255, 255, 255, 255} }},
	{{ {-734, -985, -1103}, 0, {21063, 2041}, {255, 148, 154, 255} }},
	{{ {-734, -453, -1103}, 0, {21063, -12}, {0, 0, 0, 255} }},
	{{ {-734, -160, 23}, 0, {16967, -12}, {0, 0, 0, 255} }},
	{{ {-734, -780, 791}, 0, {14125, 2041}, {255, 255, 255, 255} }},
	{{ {-734, 39, 791}, 0, {14125, -12}, {0, 0, 0, 255} }},
	{{ {-691, -74, 867}, 0, {13843, 205}, {92, 92, 92, 255} }},
	{{ {-367, -74, 1433}, 0, {11716, 205}, {92, 92, 92, 255} }},
	{{ {-324, 39, 1508}, 0, {11434, -12}, {0, 0, 0, 255} }},
	{{ {-367, -693, 1433}, 0, {11716, 1823}, {243, 243, 243, 255} }},
	{{ {-324, -780, 1508}, 0, {11434, 2041}, {255, 255, 255, 255} }},
	{{ {-237, -74, 1508}, 0, {11054, 205}, {92, 92, 92, 255} }},
	{{ {357, -74, 1508}, 0, {8457, 205}, {92, 92, 92, 255} }},
	{{ {-237, -74, 1508}, 0, {11054, 205}, {92, 92, 92, 255} }},
	{{ {-324, 39, 1508}, 0, {11434, -12}, {0, 0, 0, 255} }},
	{{ {444, 39, 1508}, 0, {8078, -12}, {0, 0, 0, 255} }},
	{{ {357, -693, 1508}, 0, {8457, 1823}, {243, 243, 243, 255} }},
	{{ {444, -780, 1508}, 0, {8078, 2041}, {255, 255, 255, 255} }},
	{{ {487, -74, 1433}, 0, {7795, 205}, {92, 92, 92, 255} }},
	{{ {811, -74, 867}, 0, {5669, 205}, {92, 92, 92, 255} }},
	{{ {854, 39, 791}, 0, {5386, -12}, {0, 0, 0, 255} }},
	{{ {811, -693, 867}, 0, {5669, 1823}, {243, 243, 243, 255} }},
	{{ {854, -780, 791}, 0, {5386, 2041}, {255, 255, 255, 255} }},
	{{ {854, -160, 23}, 0, {2544, -12}, {0, 0, 0, 255} }},
	{{ {854, -985, 23}, 0, {2544, 2041}, {255, 255, 255, 255} }},
	{{ {854, -453, -1103}, 0, {-1552, -12}, {0, 0, 0, 255} }},
	{{ {854, -985, -1103}, 0, {-1552, 2041}, {255, 148, 154, 255} }},
	{{ {487, -693, 1433}, 0, {7795, 1823}, {243, 243, 243, 255} }},
	{{ {-237, -693, 1508}, 0, {11054, 1823}, {243, 243, 243, 255} }},
	{{ {357, -693, 1508}, 0, {8457, 1823}, {243, 243, 243, 255} }},
	{{ {444, -780, 1508}, 0, {8078, 2041}, {255, 255, 255, 255} }},
	{{ {-324, -780, 1508}, 0, {11434, 2041}, {255, 255, 255, 255} }},
	{{ {-237, -74, 1508}, 0, {11054, 205}, {92, 92, 92, 255} }},
	{{ {-691, -74, 867}, 0, {13843, 205}, {92, 92, 92, 255} }},
	{{ {-691, -693, 867}, 0, {13843, 1823}, {243, 243, 243, 255} }},
	{{ {-734, -780, 791}, 0, {14125, 2041}, {255, 255, 255, 255} }},
	{{ {-367, -693, 1433}, 0, {11716, 1823}, {243, 243, 243, 255} }},
};

Gfx castle_inside_dl_LAYER_ALPHA_inside_castle_seg7_dl_0703A808_mesh_mesh_layer_1_tri_5[] = {
	gsSPVertex(castle_inside_dl_LAYER_ALPHA_inside_castle_seg7_dl_0703A808_mesh_mesh_layer_1_vtx_5 + 0, 14, 0),
	gsSP1Triangle(0, 1, 2, 0),
	gsSP1Triangle(3, 0, 2, 0),
	gsSP1Triangle(4, 3, 2, 0),
	gsSP1Triangle(2, 5, 4, 0),
	gsSP1Triangle(3, 6, 0, 0),
	gsSP1Triangle(7, 8, 9, 0),
	gsSP1Triangle(7, 9, 10, 0),
	gsSP1Triangle(9, 11, 10, 0),
	gsSP1Triangle(12, 7, 10, 0),
	gsSP1Triangle(13, 7, 12, 0),
	gsSPVertex(castle_inside_dl_LAYER_ALPHA_inside_castle_seg7_dl_0703A808_mesh_mesh_layer_1_vtx_5 + 14, 16, 0),
	gsSP1Triangle(0, 1, 2, 0),
	gsSP1Triangle(0, 3, 1, 0),
	gsSP1Triangle(4, 1, 3, 0),
	gsSP1Triangle(4, 5, 1, 0),
	gsSP1Triangle(5, 4, 6, 0),
	gsSP1Triangle(6, 4, 7, 0),
	gsSP1Triangle(6, 7, 8, 0),
	gsSP1Triangle(8, 9, 6, 0),
	gsSP1Triangle(9, 10, 6, 0),
	gsSP1Triangle(9, 11, 10, 0),
	gsSP1Triangle(5, 6, 10, 0),
	gsSP1Triangle(12, 5, 10, 0),
	gsSP1Triangle(12, 13, 5, 0),
	gsSP1Triangle(14, 13, 12, 0),
	gsSP1Triangle(14, 15, 13, 0),
	gsSP1Triangle(5, 13, 15, 0),
	gsSPVertex(castle_inside_dl_LAYER_ALPHA_inside_castle_seg7_dl_0703A808_mesh_mesh_layer_1_vtx_5 + 30, 16, 0),
	gsSP1Triangle(0, 1, 2, 0),
	gsSP1Triangle(2, 3, 0, 0),
	gsSP1Triangle(4, 5, 6, 0),
	gsSP1Triangle(4, 6, 7, 0),
	gsSP1Triangle(7, 8, 4, 0),
	gsSP1Triangle(7, 9, 8, 0),
	gsSP1Triangle(10, 8, 9, 0),
	gsSP1Triangle(11, 10, 9, 0),
	gsSP1Triangle(11, 9, 12, 0),
	gsSP1Triangle(13, 11, 12, 0),
	gsSP1Triangle(13, 12, 14, 0),
	gsSP1Triangle(15, 14, 12, 0),
	gsSPVertex(castle_inside_dl_LAYER_ALPHA_inside_castle_seg7_dl_0703A808_mesh_mesh_layer_1_vtx_5 + 46, 16, 0),
	gsSP1Triangle(0, 1, 2, 0),
	gsSP1Triangle(0, 2, 3, 0),
	gsSP1Triangle(4, 0, 3, 0),
	gsSP1Triangle(4, 3, 5, 0),
	gsSP1Triangle(6, 5, 3, 0),
	gsSP1Triangle(7, 6, 3, 0),
	gsSP1Triangle(7, 3, 8, 0),
	gsSP1Triangle(9, 7, 8, 0),
	gsSP1Triangle(9, 8, 10, 0),
	gsSP1Triangle(11, 10, 8, 0),
	gsSP1Triangle(11, 12, 10, 0),
	gsSP1Triangle(13, 12, 11, 0),
	gsSP1Triangle(13, 14, 12, 0),
	gsSP1Triangle(15, 9, 10, 0),
	gsSP1Triangle(15, 10, 5, 0),
	gsSP1Triangle(6, 15, 5, 0),
	gsSPVertex(castle_inside_dl_LAYER_ALPHA_inside_castle_seg7_dl_0703A808_mesh_mesh_layer_1_vtx_5 + 62, 9, 0),
	gsSP1Triangle(0, 1, 2, 0),
	gsSP1Triangle(0, 2, 3, 0),
	gsSP1Triangle(4, 0, 3, 0),
	gsSP1Triangle(5, 6, 7, 0),
	gsSP1Triangle(6, 3, 7, 0),
	gsSP1Triangle(6, 8, 3, 0),
	gsSPEndDisplayList(),
};

Vtx castle_inside_dl_LAYER_ALPHA_inside_castle_seg7_dl_07038350_mesh_mesh_layer_1_vtx_0[56] = {
	{{ {1343, 191, 309}, 0, {0, 428}, {85, 71, 71, 255} }},
	{{ {1343, 191, -253}, 0, {2778, 428}, {85, 71, 71, 255} }},
	{{ {1343, 165, -253}, 0, {2778, 326}, {85, 71, 71, 255} }},
	{{ {1343, 165, 309}, 0, {0, 326}, {85, 71, 71, 255} }},
	{{ {1317, 139, 309}, 0, {0, 146}, {216, 199, 255, 255} }},
	{{ {1317, 139, -253}, 0, {2778, 146}, {216, 199, 255, 255} }},
	{{ {1292, 139, -253}, 0, {2778, 70}, {216, 199, 255, 255} }},
	{{ {1292, 139, 309}, 0, {0, 70}, {216, 199, 255, 255} }},
	{{ {1292, 139, 309}, 0, {0, 70}, {85, 71, 71, 255} }},
	{{ {1292, 139, -253}, 0, {2778, 70}, {85, 71, 71, 255} }},
	{{ {1292, 114, -253}, 0, {2778, 0}, {85, 71, 71, 255} }},
	{{ {1292, 114, 309}, 0, {0, 0}, {85, 71, 71, 255} }},
	{{ {1317, 165, -253}, 0, {2778, 250}, {216, 199, 255, 255} }},
	{{ {1317, 165, 309}, 0, {0, 250}, {216, 199, 255, 255} }},
	{{ {1343, 165, 309}, 0, {0, 326}, {216, 199, 255, 255} }},
	{{ {1343, 165, -253}, 0, {2778, 326}, {216, 199, 255, 255} }},
	{{ {1343, 191, -253}, 0, {2778, 428}, {216, 199, 255, 255} }},
	{{ {1343, 191, 309}, 0, {0, 428}, {216, 199, 255, 255} }},
	{{ {1369, 191, 309}, 0, {0, 504}, {216, 199, 255, 255} }},
	{{ {1369, 191, -253}, 0, {2778, 504}, {216, 199, 255, 255} }},
	{{ {1317, 165, 309}, 0, {0, 250}, {85, 71, 71, 255} }},
	{{ {1317, 165, -253}, 0, {2778, 250}, {85, 71, 71, 255} }},
	{{ {1317, 139, -253}, 0, {2778, 146}, {85, 71, 71, 255} }},
	{{ {1317, 139, 309}, 0, {0, 146}, {85, 71, 71, 255} }},
	{{ {1394, 242, 309}, 0, {0, 250}, {85, 71, 71, 255} }},
	{{ {1394, 242, -253}, 0, {2778, 250}, {85, 71, 71, 255} }},
	{{ {1394, 216, -253}, 0, {2778, 146}, {85, 71, 71, 255} }},
	{{ {1394, 216, 309}, 0, {0, 146}, {85, 71, 71, 255} }},
	{{ {1420, 268, -253}, 0, {2778, 428}, {216, 199, 255, 255} }},
	{{ {1420, 268, 309}, 0, {0, 428}, {216, 199, 255, 255} }},
	{{ {1446, 268, 309}, 0, {0, 504}, {216, 199, 255, 255} }},
	{{ {1446, 268, -253}, 0, {2778, 504}, {216, 199, 255, 255} }},
	{{ {1394, 242, -253}, 0, {2778, 250}, {216, 199, 255, 255} }},
	{{ {1394, 242, 309}, 0, {0, 250}, {216, 199, 255, 255} }},
	{{ {1420, 242, 309}, 0, {0, 326}, {216, 199, 255, 255} }},
	{{ {1420, 242, -253}, 0, {2778, 326}, {216, 199, 255, 255} }},
	{{ {1446, 293, 309}, 0, {0, 606}, {85, 71, 71, 255} }},
	{{ {1446, 293, -253}, 0, {2778, 606}, {85, 71, 71, 255} }},
	{{ {1446, 268, -253}, 0, {2778, 504}, {85, 71, 71, 255} }},
	{{ {1446, 268, 309}, 0, {0, 504}, {85, 71, 71, 255} }},
	{{ {1369, 216, 309}, 0, {0, 70}, {85, 71, 71, 255} }},
	{{ {1369, 216, -253}, 0, {2778, 70}, {85, 71, 71, 255} }},
	{{ {1369, 191, -253}, 0, {2778, 0}, {85, 71, 71, 255} }},
	{{ {1369, 191, 309}, 0, {0, 0}, {85, 71, 71, 255} }},
	{{ {1394, 216, 309}, 0, {0, 146}, {216, 199, 255, 255} }},
	{{ {1394, 216, -253}, 0, {2778, 146}, {216, 199, 255, 255} }},
	{{ {1369, 216, -253}, 0, {2778, 70}, {216, 199, 255, 255} }},
	{{ {1369, 216, 309}, 0, {0, 70}, {216, 199, 255, 255} }},
	{{ {2214, 293, -254}, 0, {-796, 1372}, {216, 199, 255, 255} }},
	{{ {1446, 293, -253}, 0, {1118, 1372}, {216, 199, 255, 255} }},
	{{ {1446, 293, 309}, 0, {1118, 0}, {216, 199, 255, 255} }},
	{{ {2214, 293, 308}, 0, {-796, 0}, {216, 199, 255, 255} }},
	{{ {1420, 268, 309}, 0, {0, 428}, {85, 71, 71, 255} }},
	{{ {1420, 268, -253}, 0, {2778, 428}, {85, 71, 71, 255} }},
	{{ {1420, 242, -253}, 0, {2778, 326}, {85, 71, 71, 255} }},
	{{ {1420, 242, 309}, 0, {0, 326}, {85, 71, 71, 255} }},
};

Gfx castle_inside_dl_LAYER_ALPHA_inside_castle_seg7_dl_07038350_mesh_mesh_layer_1_tri_0[] = {
	gsSPVertex(castle_inside_dl_LAYER_ALPHA_inside_castle_seg7_dl_07038350_mesh_mesh_layer_1_vtx_0 + 0, 16, 0),
	gsSP1Triangle(0, 1, 2, 0),
	gsSP1Triangle(0, 2, 3, 0),
	gsSP1Triangle(4, 5, 6, 0),
	gsSP1Triangle(4, 6, 7, 0),
	gsSP1Triangle(8, 9, 10, 0),
	gsSP1Triangle(8, 10, 11, 0),
	gsSP1Triangle(12, 13, 14, 0),
	gsSP1Triangle(12, 14, 15, 0),
	gsSPVertex(castle_inside_dl_LAYER_ALPHA_inside_castle_seg7_dl_07038350_mesh_mesh_layer_1_vtx_0 + 16, 16, 0),
	gsSP1Triangle(0, 1, 2, 0),
	gsSP1Triangle(0, 2, 3, 0),
	gsSP1Triangle(4, 5, 6, 0),
	gsSP1Triangle(4, 6, 7, 0),
	gsSP1Triangle(8, 9, 10, 0),
	gsSP1Triangle(8, 10, 11, 0),
	gsSP1Triangle(12, 13, 14, 0),
	gsSP1Triangle(12, 14, 15, 0),
	gsSPVertex(castle_inside_dl_LAYER_ALPHA_inside_castle_seg7_dl_07038350_mesh_mesh_layer_1_vtx_0 + 32, 16, 0),
	gsSP1Triangle(0, 1, 2, 0),
	gsSP1Triangle(0, 2, 3, 0),
	gsSP1Triangle(4, 5, 6, 0),
	gsSP1Triangle(4, 6, 7, 0),
	gsSP1Triangle(8, 9, 10, 0),
	gsSP1Triangle(8, 10, 11, 0),
	gsSP1Triangle(12, 13, 14, 0),
	gsSP1Triangle(12, 14, 15, 0),
	gsSPVertex(castle_inside_dl_LAYER_ALPHA_inside_castle_seg7_dl_07038350_mesh_mesh_layer_1_vtx_0 + 48, 8, 0),
	gsSP1Triangle(0, 1, 2, 0),
	gsSP1Triangle(0, 2, 3, 0),
	gsSP1Triangle(4, 5, 6, 0),
	gsSP1Triangle(4, 6, 7, 0),
	gsSPEndDisplayList(),
};

Vtx castle_inside_dl_LAYER_ALPHA_inside_castle_seg7_dl_07038350_mesh_mesh_layer_1_vtx_1[30] = {
	{{ {1292, -472, -253}, 0, {-2268, 4501}, {96, 66, 0, 255} }},
	{{ {176, -671, -1465}, 0, {2695, 4952}, {96, 66, 0, 255} }},
	{{ {-756, -1011, 22}, 0, {1639, -615}, {96, 66, 0, 255} }},
	{{ {-848, -772, -1465}, 0, {4951, 2696}, {96, 66, 0, 255} }},
	{{ {-1780, -984, -456}, 0, {4951, -1816}, {96, 66, 0, 255} }},
	{{ {-1780, -1003, 516}, 0, {2810, -3958}, {96, 66, 0, 255} }},
	{{ {-864, -892, 1539}, 0, {-1702, -3960}, {96, 66, 0, 255} }},
	{{ {160, -772, 1538}, 0, {-3959, -1705}, {96, 66, 0, 255} }},
	{{ {1292, -386, 309}, 0, {-3510, 3258}, {96, 66, 0, 255} }},
	{{ {1292, -472, -253}, 0, {-2273, 4497}, {96, 66, 0, 255} }},
	{{ {-863, 200, 2721}, 0, {3477, -14864}, {88, 77, 142, 255} }},
	{{ {161, 200, 2721}, 0, {-2383, -14864}, {88, 77, 142, 255} }},
	{{ {-138, 205, 2343}, 0, {-675, -12703}, {39, 35, 76, 255} }},
	{{ {-138, 205, 1916}, 0, {-675, -10260}, {39, 35, 76, 255} }},
	{{ {160, 200, 1538}, 0, {-2383, -8098}, {88, 77, 142, 255} }},
	{{ {-565, 205, 1917}, 0, {1768, -10260}, {39, 35, 76, 255} }},
	{{ {-565, 205, 1917}, 0, {1768, -10260}, {39, 35, 76, 255} }},
	{{ {160, 200, 1538}, 0, {-2383, -8098}, {88, 77, 142, 255} }},
	{{ {-864, 200, 1539}, 0, {3477, -8098}, {88, 77, 142, 255} }},
	{{ {-565, 205, 2343}, 0, {1768, -12703}, {39, 35, 76, 255} }},
	{{ {-863, 200, 2721}, 0, {3477, -14864}, {88, 77, 142, 255} }},
	{{ {-138, 205, 2343}, 0, {-675, -12703}, {39, 35, 76, 255} }},
	{{ {175, 200, -2648}, 0, {-2485, 15856}, {88, 77, 142, 255} }},
	{{ {-849, 200, -2647}, 0, {3375, 15856}, {88, 77, 142, 255} }},
	{{ {-550, 200, -2269}, 0, {1667, 13695}, {39, 35, 76, 255} }},
	{{ {-549, 200, -1843}, 0, {1667, 11252}, {39, 35, 76, 255} }},
	{{ {-848, 200, -1465}, 0, {3375, 9090}, {88, 77, 142, 255} }},
	{{ {-123, 200, -1843}, 0, {-776, 11252}, {39, 35, 76, 255} }},
	{{ {176, 200, -1465}, 0, {-2485, 9090}, {88, 77, 142, 255} }},
	{{ {-123, 200, -2270}, 0, {-776, 13695}, {39, 35, 76, 255} }},
};

Gfx castle_inside_dl_LAYER_ALPHA_inside_castle_seg7_dl_07038350_mesh_mesh_layer_1_tri_1[] = {
	gsSPVertex(castle_inside_dl_LAYER_ALPHA_inside_castle_seg7_dl_07038350_mesh_mesh_layer_1_vtx_1 + 0, 16, 0),
	gsSP1Triangle(0, 1, 2, 0),
	gsSP1Triangle(1, 3, 2, 0),
	gsSP1Triangle(3, 4, 2, 0),
	gsSP1Triangle(4, 5, 2, 0),
	gsSP1Triangle(5, 6, 2, 0),
	gsSP1Triangle(6, 7, 2, 0),
	gsSP1Triangle(7, 8, 2, 0),
	gsSP1Triangle(9, 2, 8, 0),
	gsSP1Triangle(10, 11, 12, 0),
	gsSP1Triangle(11, 13, 12, 0),
	gsSP1Triangle(11, 14, 13, 0),
	gsSP1Triangle(15, 13, 14, 0),
	gsSPVertex(castle_inside_dl_LAYER_ALPHA_inside_castle_seg7_dl_07038350_mesh_mesh_layer_1_vtx_1 + 16, 14, 0),
	gsSP1Triangle(0, 1, 2, 0),
	gsSP1Triangle(3, 0, 2, 0),
	gsSP1Triangle(3, 2, 4, 0),
	gsSP1Triangle(4, 5, 3, 0),
	gsSP1Triangle(6, 7, 8, 0),
	gsSP1Triangle(7, 9, 8, 0),
	gsSP1Triangle(7, 10, 9, 0),
	gsSP1Triangle(11, 9, 10, 0),
	gsSP1Triangle(11, 10, 12, 0),
	gsSP1Triangle(6, 11, 12, 0),
	gsSP1Triangle(6, 13, 11, 0),
	gsSP1Triangle(6, 8, 13, 0),
	gsSPEndDisplayList(),
};

Vtx castle_inside_dl_LAYER_ALPHA_inside_castle_seg7_dl_07038350_mesh_mesh_layer_1_vtx_2[241] = {
	{{ {2111, 293, -254}, 0, {-30445, -9343}, {216, 199, 255, 255} }},
	{{ {2111, 395, -254}, 0, {-30445, -10327}, {216, 199, 255, 255} }},
	{{ {1292, 395, -253}, 0, {-22546, -10327}, {216, 199, 255, 255} }},
	{{ {1292, -25, -253}, 0, {-22546, -6272}, {216, 199, 255, 255} }},
	{{ {176, 200, -1465}, 0, {-5647, -135}, {216, 199, 255, 255} }},
	{{ {1292, 999, -253}, 0, {-686, -3402}, {0, 0, 0, 255} }},
	{{ {176, 999, -1465}, 0, {-5647, -3402}, {0, 0, 0, 255} }},
	{{ {1292, 114, -253}, 0, {-686, 217}, {216, 199, 255, 255} }},
	{{ {1292, -472, -253}, 0, {-686, 2615}, {12, 96, 0, 255} }},
	{{ {176, -671, -1465}, 0, {-5647, 3431}, {12, 96, 0, 255} }},
	{{ {1292, 114, 309}, 0, {1613, 217}, {216, 199, 255, 255} }},
	{{ {1292, -386, 309}, 0, {1613, 2265}, {12, 96, 0, 255} }},
	{{ {160, 200, 1538}, 0, {6641, -135}, {216, 199, 255, 255} }},
	{{ {160, -772, 1538}, 0, {6641, 3843}, {12, 96, 0, 255} }},
	{{ {160, 999, 1538}, 0, {6641, -3402}, {0, 0, 0, 255} }},
	{{ {1292, 999, 309}, 0, {1613, -3402}, {0, 0, 0, 255} }},
	{{ {2111, 293, 308}, 0, {-5848, -9343}, {216, 199, 255, 255} }},
	{{ {2111, 395, 308}, 0, {-5848, -10327}, {216, 199, 255, 255} }},
	{{ {2162, 395, 207}, 0, {-6827, -10327}, {216, 199, 255, 255} }},
	{{ {2162, 293, 207}, 0, {-6827, -9343}, {216, 199, 255, 255} }},
	{{ {2214, 395, 207}, 0, {-30414, -10327}, {216, 199, 255, 255} }},
	{{ {2214, 293, 207}, 0, {-30414, -9343}, {216, 199, 255, 255} }},
	{{ {2162, 293, 207}, 0, {-29912, -9343}, {216, 199, 255, 255} }},
	{{ {2162, 395, 207}, 0, {-29912, -10327}, {216, 199, 255, 255} }},
	{{ {2162, 293, -152}, 0, {-10289, -9343}, {216, 199, 255, 255} }},
	{{ {2162, 395, -152}, 0, {-10289, -10327}, {216, 199, 255, 255} }},
	{{ {2111, 395, -254}, 0, {-11268, -10327}, {216, 199, 255, 255} }},
	{{ {2111, 293, -254}, 0, {-11268, -9343}, {216, 199, 255, 255} }},
	{{ {2162, 395, -152}, 0, {-29912, -10327}, {216, 199, 255, 255} }},
	{{ {2162, 293, -152}, 0, {-29912, -9343}, {216, 199, 255, 255} }},
	{{ {2214, 293, -152}, 0, {-30414, -9343}, {216, 199, 255, 255} }},
	{{ {2214, 395, -152}, 0, {-30414, -10327}, {216, 199, 255, 255} }},
	{{ {2214, 293, 104}, 0, {-1040, -16}, {216, 199, 255, 255} }},
	{{ {2265, 293, 104}, 0, {-1040, 1008}, {216, 199, 255, 255} }},
	{{ {2265, 293, -49}, 0, {2032, 1008}, {216, 199, 255, 255} }},
	{{ {2214, 293, -49}, 0, {2032, -16}, {216, 199, 255, 255} }},
	{{ {2214, 293, -152}, 0, {-10289, -9343}, {216, 199, 255, 255} }},
	{{ {2214, 293, -49}, 0, {-9296, -9343}, {216, 199, 255, 255} }},
	{{ {2214, 549, -49}, 0, {-9296, -11812}, {216, 199, 255, 255} }},
	{{ {2214, 1177, -152}, 0, {-10289, -17863}, {0, 0, 0, 255} }},
	{{ {2214, 549, 104}, 0, {-7820, -11812}, {216, 199, 255, 255} }},
	{{ {2214, 1177, 207}, 0, {-6827, -17863}, {0, 0, 0, 255} }},
	{{ {2214, 293, 207}, 0, {-6827, -9343}, {216, 199, 255, 255} }},
	{{ {2214, 293, 104}, 0, {-7820, -9343}, {216, 199, 255, 255} }},
	{{ {2214, 549, 104}, 0, {-1040, -16}, {216, 199, 255, 255} }},
	{{ {2265, 549, 104}, 0, {-1040, 1008}, {216, 199, 255, 255} }},
	{{ {2265, 293, 104}, 0, {2032, 1008}, {216, 199, 255, 255} }},
	{{ {2214, 293, 104}, 0, {2032, -16}, {216, 199, 255, 255} }},
	{{ {2214, 549, -49}, 0, {-1040, -16}, {216, 199, 255, 255} }},
	{{ {2265, 549, -49}, 0, {-1040, 1008}, {216, 199, 255, 255} }},
	{{ {2265, 549, 104}, 0, {2032, 1008}, {216, 199, 255, 255} }},
	{{ {2214, 549, 104}, 0, {2032, -16}, {216, 199, 255, 255} }},
	{{ {2214, 293, -49}, 0, {-1040, -16}, {216, 199, 255, 255} }},
	{{ {2265, 293, -49}, 0, {-1040, 1008}, {216, 199, 255, 255} }},
	{{ {2265, 549, -49}, 0, {2032, 1008}, {216, 199, 255, 255} }},
	{{ {2214, 549, -49}, 0, {2032, -16}, {216, 199, 255, 255} }},
	{{ {2111, 293, 308}, 0, {-30445, -9343}, {216, 199, 255, 255} }},
	{{ {1292, 114, 309}, 0, {-22546, -7617}, {216, 199, 255, 255} }},
	{{ {1292, 395, 309}, 0, {-22546, -10327}, {216, 199, 255, 255} }},
	{{ {2111, 395, 308}, 0, {-30445, -10327}, {216, 199, 255, 255} }},
	{{ {133, 15, -1544}, 0, {-7763, 496}, {174, 174, 174, 255} }},
	{{ {-805, 15, -1621}, 0, {-1552, -528}, {174, 174, 174, 255} }},
	{{ {133, 15, -1622}, 0, {-7763, -528}, {174, 174, 174, 255} }},
	{{ {-805, 15, -1543}, 0, {-1552, 496}, {174, 174, 174, 255} }},
	{{ {132, 15, -1465}, 0, {-7763, 1520}, {174, 174, 174, 255} }},
	{{ {-805, 15, -1543}, 0, {-1552, 496}, {174, 174, 174, 255} }},
	{{ {133, 15, -1544}, 0, {-7763, 496}, {174, 174, 174, 255} }},
	{{ {-806, 15, -1465}, 0, {-1552, 1520}, {174, 174, 174, 255} }},
	{{ {-805, -395, -1543}, 0, {2544, 496}, {174, 174, 174, 255} }},
	{{ {-806, -395, -1465}, 0, {2544, 1520}, {174, 174, 174, 255} }},
	{{ {133, -395, -1544}, 0, {8770, 496}, {174, 174, 174, 255} }},
	{{ {132, -395, -1465}, 0, {8770, 1520}, {174, 174, 174, 255} }},
	{{ {133, 15, -1544}, 0, {12608, 496}, {174, 174, 174, 255} }},
	{{ {132, 15, -1465}, 0, {12608, 1520}, {174, 174, 174, 255} }},
	{{ {133, 15, -1622}, 0, {12608, -528}, {174, 174, 174, 255} }},
	{{ {133, -395, -1622}, 0, {8770, -528}, {174, 174, 174, 255} }},
	{{ {-805, -395, -1621}, 0, {2544, -528}, {174, 174, 174, 255} }},
	{{ {-805, 15, -1621}, 0, {-1552, -528}, {174, 174, 174, 255} }},
	{{ {-1226, 107, -1621}, 0, {1206, -989}, {89, 89, 89, 255} }},
	{{ {-1226, -487, -1621}, 0, {1206, 1061}, {89, 89, 89, 255} }},
	{{ {-1226, -487, -2443}, 0, {-1634, 1061}, {174, 174, 174, 255} }},
	{{ {-1226, 107, -2443}, 0, {-1634, -989}, {174, 174, 174, 255} }},
	{{ {-1226, -487, -2798}, 0, {-2859, 1061}, {0, 0, 0, 255} }},
	{{ {-1226, 107, -2798}, 0, {-2859, -989}, {0, 0, 0, 255} }},
	{{ {554, -487, -1622}, 0, {1206, 1061}, {89, 89, 89, 255} }},
	{{ {554, 107, -1622}, 0, {1206, -989}, {89, 89, 89, 255} }},
	{{ {554, 107, -2445}, 0, {-1634, -989}, {174, 174, 174, 255} }},
	{{ {554, -487, -2445}, 0, {-1634, 1061}, {174, 174, 174, 255} }},
	{{ {553, 107, -2800}, 0, {-2859, -989}, {0, 0, 0, 255} }},
	{{ {553, -487, -2800}, 0, {-2859, 1061}, {0, 0, 0, 255} }},
	{{ {554, 107, -1622}, 0, {-2576, -674}, {89, 89, 89, 255} }},
	{{ {-1226, 107, -1621}, 0, {3568, -674}, {89, 89, 89, 255} }},
	{{ {-1226, 107, -2443}, 0, {3568, 2165}, {174, 174, 174, 255} }},
	{{ {554, 107, -2445}, 0, {-2576, 2165}, {174, 174, 174, 255} }},
	{{ {554, 107, -2445}, 0, {-2576, 2165}, {174, 174, 174, 255} }},
	{{ {-1226, 107, -2443}, 0, {3568, 2165}, {174, 174, 174, 255} }},
	{{ {-1226, 107, -2798}, 0, {3568, 3391}, {0, 0, 0, 255} }},
	{{ {553, 107, -2800}, 0, {-2576, 3391}, {0, 0, 0, 255} }},
	{{ {553, 107, -2800}, 0, {-1634, -989}, {0, 0, 0, 255} }},
	{{ {-1226, 107, -2798}, 0, {-1634, -989}, {0, 0, 0, 255} }},
	{{ {-1226, -487, -2798}, 0, {3568, 2165}, {0, 0, 0, 255} }},
	{{ {553, -487, -2800}, 0, {-1634, 1061}, {0, 0, 0, 255} }},
	{{ {-821, -64, 1617}, 0, {-7763, 496}, {174, 174, 174, 255} }},
	{{ {118, -64, 1695}, 0, {-1552, -528}, {174, 174, 174, 255} }},
	{{ {-821, -64, 1696}, 0, {-7763, -528}, {174, 174, 174, 255} }},
	{{ {118, -64, 1617}, 0, {-1552, 496}, {174, 174, 174, 255} }},
	{{ {-821, -64, 1539}, 0, {-7763, 1520}, {174, 174, 174, 255} }},
	{{ {117, -64, 1538}, 0, {-1552, 1520}, {174, 174, 174, 255} }},
	{{ {118, -474, 1617}, 0, {2544, 496}, {174, 174, 174, 255} }},
	{{ {117, -474, 1538}, 0, {2544, 1520}, {174, 174, 174, 255} }},
	{{ {117, -474, 1538}, 0, {2544, 1520}, {174, 174, 174, 255} }},
	{{ {-821, -474, 1617}, 0, {8770, 496}, {174, 174, 174, 255} }},
	{{ {118, -474, 1617}, 0, {2544, 496}, {174, 174, 174, 255} }},
	{{ {-821, -474, 1539}, 0, {8770, 1520}, {174, 174, 174, 255} }},
	{{ {-821, -64, 1617}, 0, {12608, 496}, {174, 174, 174, 255} }},
	{{ {-821, -64, 1539}, 0, {12608, 1520}, {174, 174, 174, 255} }},
	{{ {-821, -64, 1696}, 0, {12608, -528}, {174, 174, 174, 255} }},
	{{ {-821, -474, 1696}, 0, {8770, -528}, {174, 174, 174, 255} }},
	{{ {118, -474, 1695}, 0, {2544, -528}, {174, 174, 174, 255} }},
	{{ {118, -64, 1617}, 0, {-1552, 496}, {174, 174, 174, 255} }},
	{{ {118, -64, 1695}, 0, {-1552, -528}, {174, 174, 174, 255} }},
	{{ {538, 28, 1695}, 0, {1206, -989}, {89, 89, 89, 255} }},
	{{ {538, -566, 1695}, 0, {1206, 1061}, {89, 89, 89, 255} }},
	{{ {539, -566, 2517}, 0, {-1634, 1061}, {174, 174, 174, 255} }},
	{{ {539, 28, 2517}, 0, {-1634, -989}, {174, 174, 174, 255} }},
	{{ {539, -566, 2872}, 0, {-2859, 1061}, {0, 0, 0, 255} }},
	{{ {539, 28, 2517}, 0, {-1634, -989}, {174, 174, 174, 255} }},
	{{ {539, -566, 2872}, 0, {-2859, 1061}, {0, 0, 0, 255} }},
	{{ {539, 28, 2872}, 0, {-2859, -989}, {0, 0, 0, 255} }},
	{{ {-1241, -566, 1696}, 0, {1206, 1061}, {89, 89, 89, 255} }},
	{{ {-1241, 28, 1696}, 0, {1206, -989}, {89, 89, 89, 255} }},
	{{ {-1241, 28, 2518}, 0, {-1634, -989}, {174, 174, 174, 255} }},
	{{ {-1241, -566, 2518}, 0, {-1634, 1061}, {174, 174, 174, 255} }},
	{{ {-1241, 28, 2873}, 0, {-2859, -989}, {0, 0, 0, 255} }},
	{{ {-1241, -566, 2873}, 0, {-2859, 1061}, {0, 0, 0, 255} }},
	{{ {-1241, 28, 1696}, 0, {-2576, -674}, {89, 89, 89, 255} }},
	{{ {538, 28, 1695}, 0, {3568, -674}, {89, 89, 89, 255} }},
	{{ {539, 28, 2517}, 0, {3568, 2165}, {174, 174, 174, 255} }},
	{{ {-1241, 28, 2518}, 0, {-2576, 2165}, {174, 174, 174, 255} }},
	{{ {539, 28, 2872}, 0, {3568, 3391}, {0, 0, 0, 255} }},
	{{ {-1241, 28, 2873}, 0, {-2576, 3391}, {0, 0, 0, 255} }},
	{{ {-1241, 28, 2873}, 0, {-1634, -989}, {0, 0, 0, 255} }},
	{{ {539, 28, 2872}, 0, {-1634, -989}, {0, 0, 0, 255} }},
	{{ {539, -566, 2872}, 0, {3568, 2165}, {0, 0, 0, 255} }},
	{{ {-1241, -566, 2873}, 0, {-1634, 1061}, {0, 0, 0, 255} }},
	{{ {-491, 277, 2269}, 0, {2032, -16}, {255, 255, 255, 255} }},
	{{ {-565, 205, 1917}, 0, {1008, 1008}, {106, 101, 142, 255} }},
	{{ {-565, 205, 2343}, 0, {2032, 1008}, {106, 101, 142, 255} }},
	{{ {-491, 277, 1990}, 0, {1008, -16}, {255, 255, 255, 255} }},
	{{ {-451, 277, 2230}, 0, {2032, -496}, {255, 255, 255, 255} }},
	{{ {-451, 277, 2030}, 0, {1008, -496}, {255, 255, 255, 255} }},
	{{ {-451, 48, 2230}, 0, {2032, -3574}, {0, 0, 0, 255} }},
	{{ {-251, 48, 2230}, 0, {3056, -3574}, {0, 0, 0, 255} }},
	{{ {-251, 277, 2230}, 0, {3056, -496}, {255, 255, 255, 255} }},
	{{ {-451, 48, 2030}, 0, {1008, -3574}, {0, 0, 0, 255} }},
	{{ {-251, 277, 2030}, 0, {-16, -496}, {255, 255, 255, 255} }},
	{{ {-251, 48, 2030}, 0, {-16, -3574}, {0, 0, 0, 255} }},
	{{ {-251, 277, 2230}, 0, {-1040, -496}, {255, 255, 255, 255} }},
	{{ {-251, 277, 2030}, 0, {-16, -496}, {255, 255, 255, 255} }},
	{{ {-251, 48, 2030}, 0, {-16, -3574}, {0, 0, 0, 255} }},
	{{ {-251, 48, 2230}, 0, {-1040, -3574}, {0, 0, 0, 255} }},
	{{ {-212, 277, 2269}, 0, {-1040, -16}, {255, 255, 255, 255} }},
	{{ {-491, 277, 2269}, 0, {-2064, -16}, {255, 255, 255, 255} }},
	{{ {-451, 277, 2230}, 0, {-2064, -496}, {255, 255, 255, 255} }},
	{{ {-565, 205, 2343}, 0, {-2064, 1008}, {106, 101, 142, 255} }},
	{{ {-138, 205, 2343}, 0, {-1040, 1008}, {106, 101, 142, 255} }},
	{{ {-212, 277, 1990}, 0, {-16, -16}, {255, 255, 255, 255} }},
	{{ {-138, 205, 1916}, 0, {-16, 1008}, {106, 101, 142, 255} }},
	{{ {-491, 277, 1990}, 0, {1008, -16}, {255, 255, 255, 255} }},
	{{ {-565, 205, 1917}, 0, {1008, 1008}, {106, 101, 142, 255} }},
	{{ {-451, 277, 2030}, 0, {1008, -496}, {255, 255, 255, 255} }},
	{{ {-251, 48, 2030}, 0, {256, 736}, {0, 0, 0, 255} }},
	{{ {-451, 48, 2030}, 0, {736, 736}, {0, 0, 0, 255} }},
	{{ {-451, 48, 2230}, 0, {736, 256}, {0, 0, 0, 255} }},
	{{ {-251, 48, 2230}, 0, {256, 256}, {0, 0, 0, 255} }},
	{{ {-476, 272, -1917}, 0, {2032, -16}, {255, 255, 255, 255} }},
	{{ {-550, 200, -2269}, 0, {1008, 1008}, {106, 101, 142, 255} }},
	{{ {-549, 200, -1843}, 0, {2032, 1008}, {106, 101, 142, 255} }},
	{{ {-476, 272, -2196}, 0, {1008, -16}, {255, 255, 255, 255} }},
	{{ {-436, 272, -1956}, 0, {2032, -496}, {255, 255, 255, 255} }},
	{{ {-436, 272, -2156}, 0, {1008, -496}, {255, 255, 255, 255} }},
	{{ {-436, 115, -1956}, 0, {2032, -3574}, {0, 0, 0, 255} }},
	{{ {-236, 115, -1956}, 0, {3056, -3574}, {0, 0, 0, 255} }},
	{{ {-236, 272, -1956}, 0, {3056, -496}, {255, 255, 255, 255} }},
	{{ {-436, 115, -2156}, 0, {1008, -3574}, {0, 0, 0, 255} }},
	{{ {-236, 272, -2156}, 0, {-16, -496}, {255, 255, 255, 255} }},
	{{ {-236, 115, -2156}, 0, {-16, -3574}, {0, 0, 0, 255} }},
	{{ {-236, 272, -1956}, 0, {-1040, -496}, {255, 255, 255, 255} }},
	{{ {-236, 272, -2156}, 0, {-16, -496}, {255, 255, 255, 255} }},
	{{ {-236, 115, -2156}, 0, {-16, -3574}, {0, 0, 0, 255} }},
	{{ {-236, 115, -1956}, 0, {-1040, -3574}, {0, 0, 0, 255} }},
	{{ {-197, 272, -1917}, 0, {-1040, -16}, {255, 255, 255, 255} }},
	{{ {-476, 272, -1917}, 0, {-2064, -16}, {255, 255, 255, 255} }},
	{{ {-436, 272, -1956}, 0, {-2064, -496}, {255, 255, 255, 255} }},
	{{ {-549, 200, -1843}, 0, {-2064, 1008}, {106, 101, 142, 255} }},
	{{ {-123, 200, -1843}, 0, {-1040, 1008}, {106, 101, 142, 255} }},
	{{ {-197, 272, -2196}, 0, {-16, -16}, {255, 255, 255, 255} }},
	{{ {-123, 200, -2270}, 0, {-16, 1008}, {106, 101, 142, 255} }},
	{{ {-476, 272, -2196}, 0, {1008, -16}, {255, 255, 255, 255} }},
	{{ {-550, 200, -2269}, 0, {1008, 1008}, {106, 101, 142, 255} }},
	{{ {-436, 272, -2156}, 0, {1008, -496}, {255, 255, 255, 255} }},
	{{ {-236, 115, -2156}, 0, {256, 736}, {0, 0, 0, 255} }},
	{{ {-436, 115, -2156}, 0, {736, 736}, {0, 0, 0, 255} }},
	{{ {-436, 115, -1956}, 0, {736, 256}, {0, 0, 0, 255} }},
	{{ {-236, 115, -1956}, 0, {256, 256}, {0, 0, 0, 255} }},
	{{ {160, 200, 1538}, 0, {3375, -2545}, {216, 199, 255, 255} }},
	{{ {117, -64, 1538}, 0, {3133, -827}, {47, 43, 55, 255} }},
	{{ {-821, -64, 1539}, 0, {-2142, -827}, {47, 43, 55, 255} }},
	{{ {160, -851, 1538}, 0, {3375, 3599}, {12, 96, 0, 255} }},
	{{ {117, -474, 1538}, 0, {3133, 1478}, {47, 43, 55, 255} }},
	{{ {-864, -892, 1539}, 0, {-2383, 2922}, {12, 96, 0, 255} }},
	{{ {-821, -474, 1539}, 0, {-2142, 1478}, {47, 43, 55, 255} }},
	{{ {-864, 200, 1539}, 0, {-2383, -2545}, {216, 199, 255, 255} }},
	{{ {-848, 200, -1465}, 0, {3375, -2545}, {216, 199, 255, 255} }},
	{{ {-806, 15, -1465}, 0, {3133, -827}, {47, 43, 55, 255} }},
	{{ {132, 15, -1465}, 0, {-2142, -827}, {47, 43, 55, 255} }},
	{{ {-848, -772, -1465}, 0, {3375, 3599}, {12, 96, 0, 255} }},
	{{ {-848, -772, -1465}, 0, {3375, 3599}, {12, 96, 0, 255} }},
	{{ {-806, -395, -1465}, 0, {3133, 1478}, {47, 43, 55, 255} }},
	{{ {-806, 15, -1465}, 0, {3133, -827}, {47, 43, 55, 255} }},
	{{ {176, -652, -1465}, 0, {-2383, 2922}, {12, 96, 0, 255} }},
	{{ {132, -395, -1465}, 0, {-2142, 1478}, {47, 43, 55, 255} }},
	{{ {176, 200, -1465}, 0, {-2383, -2545}, {216, 199, 255, 255} }},
	{{ {132, 15, -1465}, 0, {-2142, -827}, {47, 43, 55, 255} }},
	{{ {-848, 200, -1465}, 0, {3375, -2545}, {216, 199, 255, 255} }},
	{{ {133, -395, -1622}, 0, {-1123, 743}, {174, 174, 174, 255} }},
	{{ {133, 15, -1622}, 0, {-1123, -672}, {174, 174, 174, 255} }},
	{{ {554, 107, -1622}, 0, {-2576, -989}, {89, 89, 89, 255} }},
	{{ {-1226, 107, -1621}, 0, {3568, -989}, {89, 89, 89, 255} }},
	{{ {-805, 15, -1621}, 0, {2115, -672}, {174, 174, 174, 255} }},
	{{ {-1226, -487, -1621}, 0, {3568, 1061}, {89, 89, 89, 255} }},
	{{ {-805, -395, -1621}, 0, {2115, 743}, {174, 174, 174, 255} }},
	{{ {554, -487, -1622}, 0, {-2576, 1061}, {89, 89, 89, 255} }},
	{{ {-821, -474, 1696}, 0, {-1123, 743}, {174, 174, 174, 255} }},
	{{ {-821, -64, 1696}, 0, {-1123, -672}, {174, 174, 174, 255} }},
	{{ {-1241, 28, 1696}, 0, {-2576, -989}, {89, 89, 89, 255} }},
	{{ {538, 28, 1695}, 0, {3568, -989}, {89, 89, 89, 255} }},
	{{ {118, -64, 1695}, 0, {2115, -672}, {174, 174, 174, 255} }},
	{{ {538, -566, 1695}, 0, {3568, 1061}, {89, 89, 89, 255} }},
	{{ {118, -474, 1695}, 0, {2115, 743}, {174, 174, 174, 255} }},
	{{ {-1241, -566, 1696}, 0, {-2576, 1061}, {89, 89, 89, 255} }},
};

Gfx castle_inside_dl_LAYER_ALPHA_inside_castle_seg7_dl_07038350_mesh_mesh_layer_1_tri_2[] = {
	gsSPVertex(castle_inside_dl_LAYER_ALPHA_inside_castle_seg7_dl_07038350_mesh_mesh_layer_1_vtx_2 + 0, 16, 0),
	gsSP1Triangle(0, 1, 2, 0),
	gsSP1Triangle(0, 2, 3, 0),
	gsSP1Triangle(4, 5, 6, 0),
	gsSP1Triangle(4, 7, 5, 0),
	gsSP1Triangle(4, 8, 7, 0),
	gsSP1Triangle(4, 9, 8, 0),
	gsSP1Triangle(10, 7, 8, 0),
	gsSP1Triangle(10, 8, 11, 0),
	gsSP1Triangle(11, 12, 10, 0),
	gsSP1Triangle(11, 13, 12, 0),
	gsSP1Triangle(10, 12, 14, 0),
	gsSP1Triangle(10, 14, 15, 0),
	gsSPVertex(castle_inside_dl_LAYER_ALPHA_inside_castle_seg7_dl_07038350_mesh_mesh_layer_1_vtx_2 + 16, 16, 0),
	gsSP1Triangle(0, 1, 2, 0),
	gsSP1Triangle(0, 2, 3, 0),
	gsSP1Triangle(4, 5, 6, 0),
	gsSP1Triangle(4, 6, 7, 0),
	gsSP1Triangle(8, 9, 10, 0),
	gsSP1Triangle(8, 10, 11, 0),
	gsSP1Triangle(12, 13, 14, 0),
	gsSP1Triangle(12, 14, 15, 0),
	gsSPVertex(castle_inside_dl_LAYER_ALPHA_inside_castle_seg7_dl_07038350_mesh_mesh_layer_1_vtx_2 + 32, 16, 0),
	gsSP1Triangle(0, 1, 2, 0),
	gsSP1Triangle(0, 2, 3, 0),
	gsSP1Triangle(4, 5, 6, 0),
	gsSP1Triangle(7, 4, 6, 0),
	gsSP1Triangle(7, 6, 8, 0),
	gsSP1Triangle(8, 9, 7, 0),
	gsSP1Triangle(10, 9, 8, 0),
	gsSP1Triangle(11, 10, 8, 0),
	gsSP1Triangle(12, 13, 14, 0),
	gsSP1Triangle(12, 14, 15, 0),
	gsSPVertex(castle_inside_dl_LAYER_ALPHA_inside_castle_seg7_dl_07038350_mesh_mesh_layer_1_vtx_2 + 48, 16, 0),
	gsSP1Triangle(0, 1, 2, 0),
	gsSP1Triangle(0, 2, 3, 0),
	gsSP1Triangle(4, 5, 6, 0),
	gsSP1Triangle(4, 6, 7, 0),
	gsSP1Triangle(8, 9, 10, 0),
	gsSP1Triangle(8, 10, 11, 0),
	gsSP1Triangle(12, 13, 14, 0),
	gsSP1Triangle(12, 15, 13, 0),
	gsSPVertex(castle_inside_dl_LAYER_ALPHA_inside_castle_seg7_dl_07038350_mesh_mesh_layer_1_vtx_2 + 64, 14, 0),
	gsSP1Triangle(0, 1, 2, 0),
	gsSP1Triangle(0, 3, 1, 0),
	gsSP1Triangle(3, 4, 1, 0),
	gsSP1Triangle(3, 5, 4, 0),
	gsSP1Triangle(5, 6, 4, 0),
	gsSP1Triangle(5, 7, 6, 0),
	gsSP1Triangle(7, 8, 6, 0),
	gsSP1Triangle(7, 9, 8, 0),
	gsSP1Triangle(6, 8, 10, 0),
	gsSP1Triangle(6, 10, 11, 0),
	gsSP1Triangle(4, 6, 11, 0),
	gsSP1Triangle(4, 11, 12, 0),
	gsSP1Triangle(1, 4, 12, 0),
	gsSP1Triangle(1, 12, 13, 0),
	gsSPVertex(castle_inside_dl_LAYER_ALPHA_inside_castle_seg7_dl_07038350_mesh_mesh_layer_1_vtx_2 + 78, 16, 0),
	gsSP1Triangle(0, 1, 2, 0),
	gsSP1Triangle(0, 2, 3, 0),
	gsSP1Triangle(3, 2, 4, 0),
	gsSP1Triangle(3, 4, 5, 0),
	gsSP1Triangle(6, 7, 8, 0),
	gsSP1Triangle(6, 8, 9, 0),
	gsSP1Triangle(9, 8, 10, 0),
	gsSP1Triangle(9, 10, 11, 0),
	gsSP1Triangle(12, 13, 14, 0),
	gsSP1Triangle(12, 14, 15, 0),
	gsSPVertex(castle_inside_dl_LAYER_ALPHA_inside_castle_seg7_dl_07038350_mesh_mesh_layer_1_vtx_2 + 94, 16, 0),
	gsSP1Triangle(0, 1, 2, 0),
	gsSP1Triangle(0, 2, 3, 0),
	gsSP1Triangle(4, 5, 6, 0),
	gsSP1Triangle(4, 6, 7, 0),
	gsSP1Triangle(8, 9, 10, 0),
	gsSP1Triangle(8, 11, 9, 0),
	gsSP1Triangle(12, 11, 8, 0),
	gsSP1Triangle(12, 13, 11, 0),
	gsSP1Triangle(13, 14, 11, 0),
	gsSP1Triangle(13, 15, 14, 0),
	gsSPVertex(castle_inside_dl_LAYER_ALPHA_inside_castle_seg7_dl_07038350_mesh_mesh_layer_1_vtx_2 + 110, 16, 0),
	gsSP1Triangle(0, 1, 2, 0),
	gsSP1Triangle(0, 3, 1, 0),
	gsSP1Triangle(3, 4, 1, 0),
	gsSP1Triangle(3, 5, 4, 0),
	gsSP1Triangle(1, 4, 6, 0),
	gsSP1Triangle(1, 6, 7, 0),
	gsSP1Triangle(2, 1, 7, 0),
	gsSP1Triangle(2, 7, 8, 0),
	gsSP1Triangle(9, 2, 8, 0),
	gsSP1Triangle(9, 8, 10, 0),
	gsSP1Triangle(11, 12, 13, 0),
	gsSP1Triangle(11, 13, 14, 0),
	gsSP1Triangle(14, 13, 15, 0),
	gsSPVertex(castle_inside_dl_LAYER_ALPHA_inside_castle_seg7_dl_07038350_mesh_mesh_layer_1_vtx_2 + 126, 15, 0),
	gsSP1Triangle(0, 1, 2, 0),
	gsSP1Triangle(3, 4, 5, 0),
	gsSP1Triangle(3, 5, 6, 0),
	gsSP1Triangle(6, 5, 7, 0),
	gsSP1Triangle(6, 7, 8, 0),
	gsSP1Triangle(9, 10, 11, 0),
	gsSP1Triangle(9, 11, 12, 0),
	gsSP1Triangle(12, 11, 13, 0),
	gsSP1Triangle(12, 13, 14, 0),
	gsSPVertex(castle_inside_dl_LAYER_ALPHA_inside_castle_seg7_dl_07038350_mesh_mesh_layer_1_vtx_2 + 141, 16, 0),
	gsSP1Triangle(0, 1, 2, 0),
	gsSP1Triangle(0, 2, 3, 0),
	gsSP1Triangle(4, 5, 6, 0),
	gsSP1Triangle(4, 7, 5, 0),
	gsSP1Triangle(8, 7, 4, 0),
	gsSP1Triangle(8, 9, 7, 0),
	gsSP1Triangle(9, 8, 10, 0),
	gsSP1Triangle(8, 11, 10, 0),
	gsSP1Triangle(8, 12, 11, 0),
	gsSP1Triangle(9, 10, 13, 0),
	gsSP1Triangle(14, 9, 13, 0),
	gsSP1Triangle(14, 13, 15, 0),
	gsSPVertex(castle_inside_dl_LAYER_ALPHA_inside_castle_seg7_dl_07038350_mesh_mesh_layer_1_vtx_2 + 157, 14, 0),
	gsSP1Triangle(0, 1, 2, 0),
	gsSP1Triangle(0, 2, 3, 0),
	gsSP1Triangle(1, 0, 4, 0),
	gsSP1Triangle(0, 5, 4, 0),
	gsSP1Triangle(0, 6, 5, 0),
	gsSP1Triangle(4, 5, 7, 0),
	gsSP1Triangle(4, 7, 8, 0),
	gsSP1Triangle(9, 4, 8, 0),
	gsSP1Triangle(9, 8, 10, 0),
	gsSP1Triangle(11, 9, 10, 0),
	gsSP1Triangle(11, 10, 12, 0),
	gsSP1Triangle(13, 9, 11, 0),
	gsSP1Triangle(13, 1, 9, 0),
	gsSP1Triangle(1, 4, 9, 0),
	gsSPVertex(castle_inside_dl_LAYER_ALPHA_inside_castle_seg7_dl_07038350_mesh_mesh_layer_1_vtx_2 + 171, 16, 0),
	gsSP1Triangle(0, 1, 2, 0),
	gsSP1Triangle(0, 2, 3, 0),
	gsSP1Triangle(4, 5, 6, 0),
	gsSP1Triangle(4, 7, 5, 0),
	gsSP1Triangle(8, 7, 4, 0),
	gsSP1Triangle(8, 9, 7, 0),
	gsSP1Triangle(9, 8, 10, 0),
	gsSP1Triangle(8, 11, 10, 0),
	gsSP1Triangle(8, 12, 11, 0),
	gsSP1Triangle(9, 10, 13, 0),
	gsSP1Triangle(14, 9, 13, 0),
	gsSP1Triangle(14, 13, 15, 0),
	gsSPVertex(castle_inside_dl_LAYER_ALPHA_inside_castle_seg7_dl_07038350_mesh_mesh_layer_1_vtx_2 + 187, 14, 0),
	gsSP1Triangle(0, 1, 2, 0),
	gsSP1Triangle(0, 2, 3, 0),
	gsSP1Triangle(1, 0, 4, 0),
	gsSP1Triangle(0, 5, 4, 0),
	gsSP1Triangle(0, 6, 5, 0),
	gsSP1Triangle(4, 5, 7, 0),
	gsSP1Triangle(4, 7, 8, 0),
	gsSP1Triangle(9, 4, 8, 0),
	gsSP1Triangle(9, 8, 10, 0),
	gsSP1Triangle(11, 9, 10, 0),
	gsSP1Triangle(11, 10, 12, 0),
	gsSP1Triangle(13, 9, 11, 0),
	gsSP1Triangle(13, 1, 9, 0),
	gsSP1Triangle(1, 4, 9, 0),
	gsSPVertex(castle_inside_dl_LAYER_ALPHA_inside_castle_seg7_dl_07038350_mesh_mesh_layer_1_vtx_2 + 201, 16, 0),
	gsSP1Triangle(0, 1, 2, 0),
	gsSP1Triangle(0, 2, 3, 0),
	gsSP1Triangle(4, 5, 6, 0),
	gsSP1Triangle(7, 5, 4, 0),
	gsSP1Triangle(7, 8, 5, 0),
	gsSP1Triangle(9, 8, 7, 0),
	gsSP1Triangle(9, 10, 8, 0),
	gsSP1Triangle(11, 10, 9, 0),
	gsSP1Triangle(11, 6, 10, 0),
	gsSP1Triangle(4, 6, 11, 0),
	gsSP1Triangle(12, 13, 14, 0),
	gsSP1Triangle(15, 13, 12, 0),
	gsSPVertex(castle_inside_dl_LAYER_ALPHA_inside_castle_seg7_dl_07038350_mesh_mesh_layer_1_vtx_2 + 217, 16, 0),
	gsSP1Triangle(0, 1, 2, 0),
	gsSP1Triangle(3, 1, 0, 0),
	gsSP1Triangle(3, 4, 1, 0),
	gsSP1Triangle(5, 4, 3, 0),
	gsSP1Triangle(5, 6, 4, 0),
	gsSP1Triangle(7, 6, 5, 0),
	gsSP1Triangle(8, 9, 10, 0),
	gsSP1Triangle(9, 11, 10, 0),
	gsSP1Triangle(9, 12, 11, 0),
	gsSP1Triangle(12, 13, 11, 0),
	gsSP1Triangle(12, 14, 13, 0),
	gsSP1Triangle(14, 15, 13, 0),
	gsSP1Triangle(14, 8, 15, 0),
	gsSP1Triangle(8, 10, 15, 0),
	gsSPVertex(castle_inside_dl_LAYER_ALPHA_inside_castle_seg7_dl_07038350_mesh_mesh_layer_1_vtx_2 + 233, 8, 0),
	gsSP1Triangle(0, 1, 2, 0),
	gsSP1Triangle(1, 3, 2, 0),
	gsSP1Triangle(1, 4, 3, 0),
	gsSP1Triangle(4, 5, 3, 0),
	gsSP1Triangle(4, 6, 5, 0),
	gsSP1Triangle(6, 7, 5, 0),
	gsSP1Triangle(6, 0, 7, 0),
	gsSP1Triangle(0, 2, 7, 0),
	gsSPEndDisplayList(),
};

Vtx castle_inside_dl_LAYER_ALPHA_inside_castle_seg7_dl_07038350_mesh_mesh_layer_1_vtx_3[204] = {
	{{ {1296, -503, 385}, 0, {-16, 2032}, {255, 162, 0, 255} }},
	{{ {1350, 999, 362}, 0, {496, -16}, {0, 0, 0, 255} }},
	{{ {1296, 999, 385}, 0, {-16, -16}, {0, 0, 0, 255} }},
	{{ {1350, -503, 362}, 0, {496, 2032}, {255, 162, 0, 255} }},
	{{ {1372, 999, 308}, 0, {1008, -16}, {0, 0, 0, 255} }},
	{{ {1372, -503, 308}, 0, {1008, 2032}, {255, 162, 0, 255} }},
	{{ {1242, -503, 362}, 0, {496, 2032}, {255, 162, 0, 255} }},
	{{ {1296, -503, 385}, 0, {1008, 2032}, {255, 162, 0, 255} }},
	{{ {1296, 999, 385}, 0, {1008, -16}, {0, 0, 0, 255} }},
	{{ {1242, 999, 362}, 0, {496, -16}, {0, 0, 0, 255} }},
	{{ {1220, -503, 309}, 0, {-16, 2032}, {255, 162, 0, 255} }},
	{{ {1220, 999, 309}, 0, {-16, -16}, {0, 0, 0, 255} }},
	{{ {1242, -503, 255}, 0, {496, 2032}, {255, 162, 0, 255} }},
	{{ {1220, -503, 309}, 0, {1008, 2032}, {255, 162, 0, 255} }},
	{{ {1220, 999, 309}, 0, {1008, -16}, {0, 0, 0, 255} }},
	{{ {1242, 999, 255}, 0, {496, -16}, {0, 0, 0, 255} }},
	{{ {1296, -503, 232}, 0, {-16, 2032}, {255, 162, 0, 255} }},
	{{ {1242, -503, 255}, 0, {496, 2032}, {255, 162, 0, 255} }},
	{{ {1242, 999, 255}, 0, {496, -16}, {0, 0, 0, 255} }},
	{{ {1296, 999, 232}, 0, {-16, -16}, {0, 0, 0, 255} }},
	{{ {1350, -503, 255}, 0, {496, 2032}, {255, 162, 0, 255} }},
	{{ {1296, -503, 232}, 0, {1008, 2032}, {255, 162, 0, 255} }},
	{{ {1296, 999, 232}, 0, {1008, -16}, {0, 0, 0, 255} }},
	{{ {1350, 999, 255}, 0, {496, -16}, {0, 0, 0, 255} }},
	{{ {1372, -503, 308}, 0, {-16, 2032}, {255, 162, 0, 255} }},
	{{ {1372, 999, 308}, 0, {-16, -16}, {0, 0, 0, 255} }},
	{{ {1295, -503, -179}, 0, {-16, 2032}, {255, 162, 0, 255} }},
	{{ {1349, 999, -201}, 0, {496, -16}, {0, 0, 0, 255} }},
	{{ {1295, 999, -179}, 0, {-16, -16}, {0, 0, 0, 255} }},
	{{ {1349, -503, -201}, 0, {496, 2032}, {255, 162, 0, 255} }},
	{{ {1372, 999, -255}, 0, {1008, -16}, {0, 0, 0, 255} }},
	{{ {1372, -503, -255}, 0, {1008, 2032}, {255, 162, 0, 255} }},
	{{ {1241, -503, -201}, 0, {496, 2032}, {255, 162, 0, 255} }},
	{{ {1295, -503, -179}, 0, {1008, 2032}, {255, 162, 0, 255} }},
	{{ {1295, 999, -179}, 0, {1008, -16}, {0, 0, 0, 255} }},
	{{ {1241, 999, -201}, 0, {496, -16}, {0, 0, 0, 255} }},
	{{ {1219, -503, -255}, 0, {-16, 2032}, {255, 162, 0, 255} }},
	{{ {1219, 999, -255}, 0, {-16, -16}, {0, 0, 0, 255} }},
	{{ {1241, -503, -309}, 0, {496, 2032}, {255, 162, 0, 255} }},
	{{ {1219, -503, -255}, 0, {1008, 2032}, {255, 162, 0, 255} }},
	{{ {1219, 999, -255}, 0, {1008, -16}, {0, 0, 0, 255} }},
	{{ {1241, 999, -309}, 0, {496, -16}, {0, 0, 0, 255} }},
	{{ {1295, -503, -331}, 0, {-16, 2032}, {255, 162, 0, 255} }},
	{{ {1295, 999, -331}, 0, {-16, -16}, {0, 0, 0, 255} }},
	{{ {1349, -503, -309}, 0, {496, 2032}, {255, 162, 0, 255} }},
	{{ {1295, -503, -331}, 0, {1008, 2032}, {255, 162, 0, 255} }},
	{{ {1295, 999, -331}, 0, {1008, -16}, {0, 0, 0, 255} }},
	{{ {1349, 999, -309}, 0, {496, -16}, {0, 0, 0, 255} }},
	{{ {1372, -503, -255}, 0, {-16, 2032}, {255, 162, 0, 255} }},
	{{ {1349, -503, -309}, 0, {496, 2032}, {255, 162, 0, 255} }},
	{{ {1349, 999, -309}, 0, {496, -16}, {0, 0, 0, 255} }},
	{{ {1372, 999, -255}, 0, {-16, -16}, {0, 0, 0, 255} }},
	{{ {-1779, -1025, 599}, 0, {-16, 2032}, {255, 162, 0, 255} }},
	{{ {-1725, 999, 576}, 0, {496, -16}, {0, 0, 0, 255} }},
	{{ {-1779, 999, 599}, 0, {-16, -16}, {0, 0, 0, 255} }},
	{{ {-1725, -1025, 576}, 0, {496, 2032}, {255, 162, 0, 255} }},
	{{ {-1702, 999, 522}, 0, {1008, -16}, {0, 0, 0, 255} }},
	{{ {-1702, -1025, 522}, 0, {1008, 2032}, {255, 162, 0, 255} }},
	{{ {-1833, -1025, 576}, 0, {496, 2032}, {255, 162, 0, 255} }},
	{{ {-1779, -1025, 599}, 0, {1008, 2032}, {255, 162, 0, 255} }},
	{{ {-1779, 999, 599}, 0, {1008, -16}, {0, 0, 0, 255} }},
	{{ {-1833, 999, 576}, 0, {496, -16}, {0, 0, 0, 255} }},
	{{ {-1855, -1025, 523}, 0, {-16, 2032}, {255, 162, 0, 255} }},
	{{ {-1855, 999, 523}, 0, {-16, -16}, {0, 0, 0, 255} }},
	{{ {-1833, -1025, 469}, 0, {496, 2032}, {255, 162, 0, 255} }},
	{{ {-1855, -1025, 523}, 0, {1008, 2032}, {255, 162, 0, 255} }},
	{{ {-1855, 999, 523}, 0, {1008, -16}, {0, 0, 0, 255} }},
	{{ {-1833, 999, 469}, 0, {496, -16}, {0, 0, 0, 255} }},
	{{ {-1779, -1025, 446}, 0, {-16, 2032}, {255, 162, 0, 255} }},
	{{ {-1779, 999, 446}, 0, {-16, -16}, {0, 0, 0, 255} }},
	{{ {-1725, -1025, 469}, 0, {496, 2032}, {255, 162, 0, 255} }},
	{{ {-1779, -1025, 446}, 0, {1008, 2032}, {255, 162, 0, 255} }},
	{{ {-1779, 999, 446}, 0, {1008, -16}, {0, 0, 0, 255} }},
	{{ {-1725, 999, 469}, 0, {496, -16}, {0, 0, 0, 255} }},
	{{ {-1702, -1025, 522}, 0, {-16, 2032}, {255, 162, 0, 255} }},
	{{ {-1702, 999, 522}, 0, {-16, -16}, {0, 0, 0, 255} }},
	{{ {-1779, -1026, -387}, 0, {-16, 2032}, {255, 162, 0, 255} }},
	{{ {-1725, 999, -410}, 0, {496, -16}, {0, 0, 0, 255} }},
	{{ {-1779, 999, -387}, 0, {-16, -16}, {0, 0, 0, 255} }},
	{{ {-1725, -1026, -410}, 0, {496, 2032}, {255, 162, 0, 255} }},
	{{ {-1725, -1026, -410}, 0, {496, 2032}, {255, 162, 0, 255} }},
	{{ {-1703, 999, -464}, 0, {1008, -16}, {0, 0, 0, 255} }},
	{{ {-1725, 999, -410}, 0, {496, -16}, {0, 0, 0, 255} }},
	{{ {-1703, -1026, -464}, 0, {1008, 2032}, {255, 162, 0, 255} }},
	{{ {-1833, -1026, -410}, 0, {496, 2032}, {255, 162, 0, 255} }},
	{{ {-1779, -1026, -387}, 0, {1008, 2032}, {255, 162, 0, 255} }},
	{{ {-1779, 999, -387}, 0, {1008, -16}, {0, 0, 0, 255} }},
	{{ {-1833, 999, -410}, 0, {496, -16}, {0, 0, 0, 255} }},
	{{ {-1856, -1026, -464}, 0, {-16, 2032}, {255, 162, 0, 255} }},
	{{ {-1856, 999, -464}, 0, {-16, -16}, {0, 0, 0, 255} }},
	{{ {-1833, -1026, -517}, 0, {496, 2032}, {255, 162, 0, 255} }},
	{{ {-1856, -1026, -464}, 0, {1008, 2032}, {255, 162, 0, 255} }},
	{{ {-1856, 999, -464}, 0, {1008, -16}, {0, 0, 0, 255} }},
	{{ {-1833, 999, -517}, 0, {496, -16}, {0, 0, 0, 255} }},
	{{ {-1779, -1026, -540}, 0, {-16, 2032}, {255, 162, 0, 255} }},
	{{ {-1779, 999, -540}, 0, {-16, -16}, {0, 0, 0, 255} }},
	{{ {-1725, -1026, -518}, 0, {496, 2032}, {255, 162, 0, 255} }},
	{{ {-1779, -1026, -540}, 0, {1008, 2032}, {255, 162, 0, 255} }},
	{{ {-1779, 999, -540}, 0, {1008, -16}, {0, 0, 0, 255} }},
	{{ {-1725, 999, -518}, 0, {496, -16}, {0, 0, 0, 255} }},
	{{ {-1703, -1026, -464}, 0, {-16, 2032}, {255, 162, 0, 255} }},
	{{ {-1703, 999, -464}, 0, {-16, -16}, {0, 0, 0, 255} }},
	{{ {-897, -1036, 1615}, 0, {-16, 2032}, {255, 162, 0, 255} }},
	{{ {-843, 999, 1593}, 0, {496, -16}, {0, 0, 0, 255} }},
	{{ {-897, 999, 1615}, 0, {-16, -16}, {0, 0, 0, 255} }},
	{{ {-843, -1036, 1593}, 0, {496, 2032}, {255, 162, 0, 255} }},
	{{ {-821, 999, 1539}, 0, {1008, -16}, {0, 0, 0, 255} }},
	{{ {-821, -1036, 1539}, 0, {1008, 2032}, {255, 162, 0, 255} }},
	{{ {-951, -1036, 1593}, 0, {496, 2032}, {255, 162, 0, 255} }},
	{{ {-897, -1036, 1615}, 0, {1008, 2032}, {255, 162, 0, 255} }},
	{{ {-897, 999, 1615}, 0, {1008, -16}, {0, 0, 0, 255} }},
	{{ {-951, 999, 1593}, 0, {496, -16}, {0, 0, 0, 255} }},
	{{ {-973, -1036, 1539}, 0, {-16, 2032}, {255, 162, 0, 255} }},
	{{ {-951, -1036, 1593}, 0, {496, 2032}, {255, 162, 0, 255} }},
	{{ {-951, 999, 1593}, 0, {496, -16}, {0, 0, 0, 255} }},
	{{ {-973, 999, 1539}, 0, {-16, -16}, {0, 0, 0, 255} }},
	{{ {-951, -1036, 1485}, 0, {496, 2032}, {255, 162, 0, 255} }},
	{{ {-973, -1036, 1539}, 0, {1008, 2032}, {255, 162, 0, 255} }},
	{{ {-973, 999, 1539}, 0, {1008, -16}, {0, 0, 0, 255} }},
	{{ {-951, 999, 1485}, 0, {496, -16}, {0, 0, 0, 255} }},
	{{ {-897, -1036, 1463}, 0, {-16, 2032}, {255, 162, 0, 255} }},
	{{ {-897, 999, 1463}, 0, {-16, -16}, {0, 0, 0, 255} }},
	{{ {-843, -1036, 1485}, 0, {496, 2032}, {255, 162, 0, 255} }},
	{{ {-897, -1036, 1463}, 0, {1008, 2032}, {255, 162, 0, 255} }},
	{{ {-897, 999, 1463}, 0, {1008, -16}, {0, 0, 0, 255} }},
	{{ {-843, 999, 1485}, 0, {496, -16}, {0, 0, 0, 255} }},
	{{ {-821, -1036, 1539}, 0, {-16, 2032}, {255, 162, 0, 255} }},
	{{ {-821, 999, 1539}, 0, {-16, -16}, {0, 0, 0, 255} }},
	{{ {194, -863, 1615}, 0, {-16, 2032}, {255, 162, 0, 255} }},
	{{ {248, 999, 1592}, 0, {496, -16}, {0, 0, 0, 255} }},
	{{ {194, 999, 1615}, 0, {-16, -16}, {0, 0, 0, 255} }},
	{{ {248, -863, 1592}, 0, {496, 2032}, {255, 162, 0, 255} }},
	{{ {270, 999, 1538}, 0, {1008, -16}, {0, 0, 0, 255} }},
	{{ {270, -863, 1538}, 0, {1008, 2032}, {255, 162, 0, 255} }},
	{{ {140, -863, 1592}, 0, {496, 2032}, {255, 162, 0, 255} }},
	{{ {194, -863, 1615}, 0, {1008, 2032}, {255, 162, 0, 255} }},
	{{ {194, 999, 1615}, 0, {1008, -16}, {0, 0, 0, 255} }},
	{{ {140, 999, 1592}, 0, {496, -16}, {0, 0, 0, 255} }},
	{{ {117, -863, 1538}, 0, {-16, 2032}, {255, 162, 0, 255} }},
	{{ {117, 999, 1538}, 0, {-16, -16}, {0, 0, 0, 255} }},
	{{ {140, -863, 1485}, 0, {496, 2032}, {255, 162, 0, 255} }},
	{{ {117, -863, 1538}, 0, {1008, 2032}, {255, 162, 0, 255} }},
	{{ {117, 999, 1538}, 0, {1008, -16}, {0, 0, 0, 255} }},
	{{ {140, 999, 1485}, 0, {496, -16}, {0, 0, 0, 255} }},
	{{ {194, -863, 1462}, 0, {-16, 2032}, {255, 162, 0, 255} }},
	{{ {140, -863, 1485}, 0, {496, 2032}, {255, 162, 0, 255} }},
	{{ {140, 999, 1485}, 0, {496, -16}, {0, 0, 0, 255} }},
	{{ {194, 999, 1462}, 0, {-16, -16}, {0, 0, 0, 255} }},
	{{ {248, -863, 1484}, 0, {496, 2032}, {255, 162, 0, 255} }},
	{{ {194, -863, 1462}, 0, {1008, 2032}, {255, 162, 0, 255} }},
	{{ {194, 999, 1462}, 0, {1008, -16}, {0, 0, 0, 255} }},
	{{ {248, 999, 1484}, 0, {496, -16}, {0, 0, 0, 255} }},
	{{ {270, -863, 1538}, 0, {-16, 2032}, {255, 162, 0, 255} }},
	{{ {270, 999, 1538}, 0, {-16, -16}, {0, 0, 0, 255} }},
	{{ {-881, -1036, -1388}, 0, {-16, 2032}, {255, 162, 0, 255} }},
	{{ {-827, 999, -1411}, 0, {496, -16}, {0, 0, 0, 255} }},
	{{ {-881, 999, -1388}, 0, {-16, -16}, {0, 0, 0, 255} }},
	{{ {-827, -1036, -1411}, 0, {496, 2032}, {255, 162, 0, 255} }},
	{{ {-805, 999, -1465}, 0, {1008, -16}, {0, 0, 0, 255} }},
	{{ {-805, -1036, -1465}, 0, {1008, 2032}, {255, 162, 0, 255} }},
	{{ {-935, -1036, -1411}, 0, {496, 2032}, {255, 162, 0, 255} }},
	{{ {-881, -1036, -1388}, 0, {1008, 2032}, {255, 162, 0, 255} }},
	{{ {-881, 999, -1388}, 0, {1008, -16}, {0, 0, 0, 255} }},
	{{ {-935, 999, -1411}, 0, {496, -16}, {0, 0, 0, 255} }},
	{{ {-957, -1036, -1465}, 0, {-16, 2032}, {255, 162, 0, 255} }},
	{{ {-957, 999, -1465}, 0, {-16, -16}, {0, 0, 0, 255} }},
	{{ {-935, -1036, -1518}, 0, {496, 2032}, {255, 162, 0, 255} }},
	{{ {-957, -1036, -1465}, 0, {1008, 2032}, {255, 162, 0, 255} }},
	{{ {-957, 999, -1465}, 0, {1008, -16}, {0, 0, 0, 255} }},
	{{ {-935, 999, -1518}, 0, {496, -16}, {0, 0, 0, 255} }},
	{{ {-881, -1036, -1541}, 0, {-16, 2032}, {255, 162, 0, 255} }},
	{{ {-881, 999, -1541}, 0, {-16, -16}, {0, 0, 0, 255} }},
	{{ {-827, -1036, -1519}, 0, {496, 2032}, {255, 162, 0, 255} }},
	{{ {-881, -1036, -1541}, 0, {1008, 2032}, {255, 162, 0, 255} }},
	{{ {-881, 999, -1541}, 0, {1008, -16}, {0, 0, 0, 255} }},
	{{ {-827, 999, -1519}, 0, {496, -16}, {0, 0, 0, 255} }},
	{{ {-805, -1036, -1465}, 0, {-16, 2032}, {255, 162, 0, 255} }},
	{{ {-827, -1036, -1519}, 0, {496, 2032}, {255, 162, 0, 255} }},
	{{ {-827, 999, -1519}, 0, {496, -16}, {0, 0, 0, 255} }},
	{{ {-805, 999, -1465}, 0, {-16, -16}, {0, 0, 0, 255} }},
	{{ {210, -863, -1387}, 0, {-16, 2032}, {255, 162, 0, 255} }},
	{{ {263, 999, -1410}, 0, {496, -16}, {0, 0, 0, 255} }},
	{{ {210, 999, -1387}, 0, {-16, -16}, {0, 0, 0, 255} }},
	{{ {263, -863, -1410}, 0, {496, 2032}, {255, 162, 0, 255} }},
	{{ {286, 999, -1463}, 0, {1008, -16}, {0, 0, 0, 255} }},
	{{ {286, -863, -1463}, 0, {1008, 2032}, {255, 162, 0, 255} }},
	{{ {156, -863, -1409}, 0, {496, 2032}, {255, 162, 0, 255} }},
	{{ {210, -863, -1387}, 0, {1008, 2032}, {255, 162, 0, 255} }},
	{{ {210, 999, -1387}, 0, {1008, -16}, {0, 0, 0, 255} }},
	{{ {156, 999, -1409}, 0, {496, -16}, {0, 0, 0, 255} }},
	{{ {133, -863, -1463}, 0, {-16, 2032}, {255, 162, 0, 255} }},
	{{ {133, 999, -1463}, 0, {-16, -16}, {0, 0, 0, 255} }},
	{{ {156, -863, -1517}, 0, {496, 2032}, {255, 162, 0, 255} }},
	{{ {133, -863, -1463}, 0, {1008, 2032}, {255, 162, 0, 255} }},
	{{ {133, 999, -1463}, 0, {1008, -16}, {0, 0, 0, 255} }},
	{{ {156, 999, -1517}, 0, {496, -16}, {0, 0, 0, 255} }},
	{{ {209, -863, -1540}, 0, {-16, 2032}, {255, 162, 0, 255} }},
	{{ {209, 999, -1540}, 0, {-16, -16}, {0, 0, 0, 255} }},
	{{ {263, -863, -1517}, 0, {496, 2032}, {255, 162, 0, 255} }},
	{{ {209, -863, -1540}, 0, {1008, 2032}, {255, 162, 0, 255} }},
	{{ {209, 999, -1540}, 0, {1008, -16}, {0, 0, 0, 255} }},
	{{ {263, 999, -1517}, 0, {496, -16}, {0, 0, 0, 255} }},
	{{ {286, -863, -1463}, 0, {-16, 2032}, {255, 162, 0, 255} }},
	{{ {286, 999, -1463}, 0, {-16, -16}, {0, 0, 0, 255} }},
};

Gfx castle_inside_dl_LAYER_ALPHA_inside_castle_seg7_dl_07038350_mesh_mesh_layer_1_tri_3[] = {
	gsSPVertex(castle_inside_dl_LAYER_ALPHA_inside_castle_seg7_dl_07038350_mesh_mesh_layer_1_vtx_3 + 0, 16, 0),
	gsSP1Triangle(0, 1, 2, 0),
	gsSP1Triangle(0, 3, 1, 0),
	gsSP1Triangle(3, 4, 1, 0),
	gsSP1Triangle(3, 5, 4, 0),
	gsSP1Triangle(6, 7, 8, 0),
	gsSP1Triangle(6, 8, 9, 0),
	gsSP1Triangle(10, 6, 9, 0),
	gsSP1Triangle(10, 9, 11, 0),
	gsSP1Triangle(12, 13, 14, 0),
	gsSP1Triangle(12, 14, 15, 0),
	gsSPVertex(castle_inside_dl_LAYER_ALPHA_inside_castle_seg7_dl_07038350_mesh_mesh_layer_1_vtx_3 + 16, 16, 0),
	gsSP1Triangle(0, 1, 2, 0),
	gsSP1Triangle(0, 2, 3, 0),
	gsSP1Triangle(4, 5, 6, 0),
	gsSP1Triangle(4, 6, 7, 0),
	gsSP1Triangle(8, 4, 7, 0),
	gsSP1Triangle(8, 7, 9, 0),
	gsSP1Triangle(10, 11, 12, 0),
	gsSP1Triangle(10, 13, 11, 0),
	gsSP1Triangle(13, 14, 11, 0),
	gsSP1Triangle(13, 15, 14, 0),
	gsSPVertex(castle_inside_dl_LAYER_ALPHA_inside_castle_seg7_dl_07038350_mesh_mesh_layer_1_vtx_3 + 32, 16, 0),
	gsSP1Triangle(0, 1, 2, 0),
	gsSP1Triangle(0, 2, 3, 0),
	gsSP1Triangle(4, 0, 3, 0),
	gsSP1Triangle(4, 3, 5, 0),
	gsSP1Triangle(6, 7, 8, 0),
	gsSP1Triangle(6, 8, 9, 0),
	gsSP1Triangle(10, 6, 9, 0),
	gsSP1Triangle(10, 9, 11, 0),
	gsSP1Triangle(12, 13, 14, 0),
	gsSP1Triangle(12, 14, 15, 0),
	gsSPVertex(castle_inside_dl_LAYER_ALPHA_inside_castle_seg7_dl_07038350_mesh_mesh_layer_1_vtx_3 + 48, 16, 0),
	gsSP1Triangle(0, 1, 2, 0),
	gsSP1Triangle(0, 2, 3, 0),
	gsSP1Triangle(4, 5, 6, 0),
	gsSP1Triangle(4, 7, 5, 0),
	gsSP1Triangle(7, 8, 5, 0),
	gsSP1Triangle(7, 9, 8, 0),
	gsSP1Triangle(10, 11, 12, 0),
	gsSP1Triangle(10, 12, 13, 0),
	gsSP1Triangle(14, 10, 13, 0),
	gsSP1Triangle(14, 13, 15, 0),
	gsSPVertex(castle_inside_dl_LAYER_ALPHA_inside_castle_seg7_dl_07038350_mesh_mesh_layer_1_vtx_3 + 64, 16, 0),
	gsSP1Triangle(0, 1, 2, 0),
	gsSP1Triangle(0, 2, 3, 0),
	gsSP1Triangle(4, 0, 3, 0),
	gsSP1Triangle(4, 3, 5, 0),
	gsSP1Triangle(6, 7, 8, 0),
	gsSP1Triangle(6, 8, 9, 0),
	gsSP1Triangle(10, 6, 9, 0),
	gsSP1Triangle(10, 9, 11, 0),
	gsSP1Triangle(12, 13, 14, 0),
	gsSP1Triangle(12, 15, 13, 0),
	gsSPVertex(castle_inside_dl_LAYER_ALPHA_inside_castle_seg7_dl_07038350_mesh_mesh_layer_1_vtx_3 + 80, 16, 0),
	gsSP1Triangle(0, 1, 2, 0),
	gsSP1Triangle(0, 3, 1, 0),
	gsSP1Triangle(4, 5, 6, 0),
	gsSP1Triangle(4, 6, 7, 0),
	gsSP1Triangle(8, 4, 7, 0),
	gsSP1Triangle(8, 7, 9, 0),
	gsSP1Triangle(10, 11, 12, 0),
	gsSP1Triangle(10, 12, 13, 0),
	gsSP1Triangle(14, 10, 13, 0),
	gsSP1Triangle(14, 13, 15, 0),
	gsSPVertex(castle_inside_dl_LAYER_ALPHA_inside_castle_seg7_dl_07038350_mesh_mesh_layer_1_vtx_3 + 96, 16, 0),
	gsSP1Triangle(0, 1, 2, 0),
	gsSP1Triangle(0, 2, 3, 0),
	gsSP1Triangle(4, 0, 3, 0),
	gsSP1Triangle(4, 3, 5, 0),
	gsSP1Triangle(6, 7, 8, 0),
	gsSP1Triangle(6, 9, 7, 0),
	gsSP1Triangle(9, 10, 7, 0),
	gsSP1Triangle(9, 11, 10, 0),
	gsSP1Triangle(12, 13, 14, 0),
	gsSP1Triangle(12, 14, 15, 0),
	gsSPVertex(castle_inside_dl_LAYER_ALPHA_inside_castle_seg7_dl_07038350_mesh_mesh_layer_1_vtx_3 + 112, 16, 0),
	gsSP1Triangle(0, 1, 2, 0),
	gsSP1Triangle(0, 2, 3, 0),
	gsSP1Triangle(4, 5, 6, 0),
	gsSP1Triangle(4, 6, 7, 0),
	gsSP1Triangle(8, 4, 7, 0),
	gsSP1Triangle(8, 7, 9, 0),
	gsSP1Triangle(10, 11, 12, 0),
	gsSP1Triangle(10, 12, 13, 0),
	gsSP1Triangle(14, 10, 13, 0),
	gsSP1Triangle(14, 13, 15, 0),
	gsSPVertex(castle_inside_dl_LAYER_ALPHA_inside_castle_seg7_dl_07038350_mesh_mesh_layer_1_vtx_3 + 128, 16, 0),
	gsSP1Triangle(0, 1, 2, 0),
	gsSP1Triangle(0, 3, 1, 0),
	gsSP1Triangle(3, 4, 1, 0),
	gsSP1Triangle(3, 5, 4, 0),
	gsSP1Triangle(6, 7, 8, 0),
	gsSP1Triangle(6, 8, 9, 0),
	gsSP1Triangle(10, 6, 9, 0),
	gsSP1Triangle(10, 9, 11, 0),
	gsSP1Triangle(12, 13, 14, 0),
	gsSP1Triangle(12, 14, 15, 0),
	gsSPVertex(castle_inside_dl_LAYER_ALPHA_inside_castle_seg7_dl_07038350_mesh_mesh_layer_1_vtx_3 + 144, 16, 0),
	gsSP1Triangle(0, 1, 2, 0),
	gsSP1Triangle(0, 2, 3, 0),
	gsSP1Triangle(4, 5, 6, 0),
	gsSP1Triangle(4, 6, 7, 0),
	gsSP1Triangle(8, 4, 7, 0),
	gsSP1Triangle(8, 7, 9, 0),
	gsSP1Triangle(10, 11, 12, 0),
	gsSP1Triangle(10, 13, 11, 0),
	gsSP1Triangle(13, 14, 11, 0),
	gsSP1Triangle(13, 15, 14, 0),
	gsSPVertex(castle_inside_dl_LAYER_ALPHA_inside_castle_seg7_dl_07038350_mesh_mesh_layer_1_vtx_3 + 160, 16, 0),
	gsSP1Triangle(0, 1, 2, 0),
	gsSP1Triangle(0, 2, 3, 0),
	gsSP1Triangle(4, 0, 3, 0),
	gsSP1Triangle(4, 3, 5, 0),
	gsSP1Triangle(6, 7, 8, 0),
	gsSP1Triangle(6, 8, 9, 0),
	gsSP1Triangle(10, 6, 9, 0),
	gsSP1Triangle(10, 9, 11, 0),
	gsSP1Triangle(12, 13, 14, 0),
	gsSP1Triangle(12, 14, 15, 0),
	gsSPVertex(castle_inside_dl_LAYER_ALPHA_inside_castle_seg7_dl_07038350_mesh_mesh_layer_1_vtx_3 + 176, 16, 0),
	gsSP1Triangle(0, 1, 2, 0),
	gsSP1Triangle(0, 2, 3, 0),
	gsSP1Triangle(4, 5, 6, 0),
	gsSP1Triangle(4, 7, 5, 0),
	gsSP1Triangle(7, 8, 5, 0),
	gsSP1Triangle(7, 9, 8, 0),
	gsSP1Triangle(10, 11, 12, 0),
	gsSP1Triangle(10, 12, 13, 0),
	gsSP1Triangle(14, 10, 13, 0),
	gsSP1Triangle(14, 13, 15, 0),
	gsSPVertex(castle_inside_dl_LAYER_ALPHA_inside_castle_seg7_dl_07038350_mesh_mesh_layer_1_vtx_3 + 192, 12, 0),
	gsSP1Triangle(0, 1, 2, 0),
	gsSP1Triangle(0, 2, 3, 0),
	gsSP1Triangle(4, 0, 3, 0),
	gsSP1Triangle(4, 3, 5, 0),
	gsSP1Triangle(6, 7, 8, 0),
	gsSP1Triangle(6, 8, 9, 0),
	gsSP1Triangle(10, 6, 9, 0),
	gsSP1Triangle(10, 9, 11, 0),
	gsSPEndDisplayList(),
};

Vtx castle_inside_dl_LAYER_ALPHA_inside_castle_seg7_dl_07038350_mesh_mesh_layer_1_vtx_4[12] = {
	{{ {-1780, -984, -456}, 0, {1904, 1001}, {12, 96, 0, 255} }},
	{{ {-848, -772, -1465}, 0, {3941, 1001}, {12, 96, 0, 255} }},
	{{ {-848, 200, -1465}, 0, {3941, -21}, {216, 199, 255, 255} }},
	{{ {-1780, 56, -456}, 0, {1904, -21}, {208, 174, 236, 255} }},
	{{ {-1780, -100, -354}, 0, {1697, 84}, {216, 199, 255, 255} }},
	{{ {-1780, -100, 420}, 0, {132, 84}, {216, 199, 255, 255} }},
	{{ {-1780, 36, 516}, 0, {-62, -21}, {208, 174, 236, 255} }},
	{{ {-1780, -1003, 516}, 0, {-62, 1001}, {12, 96, 0, 255} }},
	{{ {-864, -892, 1539}, 0, {-2133, 1001}, {12, 96, 0, 255} }},
	{{ {-864, 200, 1539}, 0, {-2133, -21}, {216, 199, 255, 255} }},
	{{ {-1780, -874, 420}, 0, {132, 875}, {216, 199, 255, 255} }},
	{{ {-1780, -874, -354}, 0, {1697, 875}, {216, 199, 255, 255} }},
};

Gfx castle_inside_dl_LAYER_ALPHA_inside_castle_seg7_dl_07038350_mesh_mesh_layer_1_tri_4[] = {
	gsSPVertex(castle_inside_dl_LAYER_ALPHA_inside_castle_seg7_dl_07038350_mesh_mesh_layer_1_vtx_4 + 0, 12, 0),
	gsSP1Triangle(0, 1, 2, 0),
	gsSP1Triangle(0, 2, 3, 0),
	gsSP1Triangle(4, 0, 3, 0),
	gsSP1Triangle(3, 5, 4, 0),
	gsSP1Triangle(3, 6, 5, 0),
	gsSP1Triangle(7, 5, 6, 0),
	gsSP1Triangle(6, 8, 7, 0),
	gsSP1Triangle(6, 9, 8, 0),
	gsSP1Triangle(7, 10, 5, 0),
	gsSP1Triangle(10, 7, 0, 0),
	gsSP1Triangle(10, 0, 11, 0),
	gsSP1Triangle(4, 11, 0, 0),
	gsSPEndDisplayList(),
};

Vtx castle_inside_dl_LAYER_ALPHA_inside_castle_seg7_dl_07038350_mesh_mesh_layer_1_vtx_5[74] = {
	{{ {2111, 395, -254}, 0, {926, 1012}, {216, 199, 255, 255} }},
	{{ {2111, 1177, -254}, 0, {926, -16}, {0, 0, 0, 255} }},
	{{ {1292, 999, -253}, 0, {2706, -16}, {0, 0, 0, 255} }},
	{{ {1292, 395, -253}, 0, {2706, 1012}, {216, 199, 255, 255} }},
	{{ {2111, 1177, -254}, 0, {538, -16}, {0, 0, 0, 255} }},
	{{ {2111, 395, -254}, 0, {538, 1012}, {216, 199, 255, 255} }},
	{{ {2162, 395, -152}, 0, {758, 1012}, {216, 199, 255, 255} }},
	{{ {2162, 1177, -152}, 0, {758, -16}, {0, 0, 0, 255} }},
	{{ {2162, 1177, -152}, 0, {815, -16}, {0, 0, 0, 255} }},
	{{ {2162, 395, -152}, 0, {815, 1012}, {216, 199, 255, 255} }},
	{{ {2214, 395, -152}, 0, {702, 1012}, {216, 199, 255, 255} }},
	{{ {2214, 1177, -152}, 0, {702, -16}, {0, 0, 0, 255} }},
	{{ {2162, 1177, 207}, 0, {928, -16}, {0, 0, 0, 255} }},
	{{ {2162, 395, 207}, 0, {928, 1012}, {216, 199, 255, 255} }},
	{{ {2111, 395, 308}, 0, {826, 1006}, {216, 199, 255, 255} }},
	{{ {2111, 1177, 308}, 0, {826, -16}, {0, 0, 0, 255} }},
	{{ {2214, 1177, 207}, 0, {702, -16}, {0, 0, 0, 255} }},
	{{ {2214, 395, 207}, 0, {702, 1012}, {216, 199, 255, 255} }},
	{{ {2162, 395, 207}, 0, {815, 1012}, {216, 199, 255, 255} }},
	{{ {2162, 1177, 207}, 0, {815, -16}, {0, 0, 0, 255} }},
	{{ {-849, 200, -2647}, 0, {-16, 1008}, {216, 199, 255, 255} }},
	{{ {175, 200, -2648}, 0, {2032, 1008}, {216, 199, 255, 255} }},
	{{ {175, 999, -2648}, 0, {2032, -16}, {0, 0, 0, 255} }},
	{{ {-849, 999, -2647}, 0, {-16, -16}, {0, 0, 0, 255} }},
	{{ {161, 200, 2721}, 0, {-16, 1008}, {216, 199, 255, 255} }},
	{{ {-863, 200, 2721}, 0, {2032, 1008}, {216, 199, 255, 255} }},
	{{ {-863, 999, 2721}, 0, {2032, -16}, {0, 0, 0, 255} }},
	{{ {161, 999, 2721}, 0, {-16, -16}, {0, 0, 0, 255} }},
	{{ {175, 200, -2648}, 0, {-16, 1008}, {216, 199, 255, 255} }},
	{{ {176, 200, -1465}, 0, {2032, 1008}, {216, 199, 255, 255} }},
	{{ {176, 999, -1465}, 0, {2032, -16}, {0, 0, 0, 255} }},
	{{ {175, 999, -2648}, 0, {-16, -16}, {0, 0, 0, 255} }},
	{{ {160, 200, 1538}, 0, {-16, 1008}, {216, 199, 255, 255} }},
	{{ {161, 200, 2721}, 0, {2032, 1008}, {216, 199, 255, 255} }},
	{{ {161, 999, 2721}, 0, {2032, -16}, {0, 0, 0, 255} }},
	{{ {160, 999, 1538}, 0, {-16, -16}, {0, 0, 0, 255} }},
	{{ {-848, 200, -1465}, 0, {-16, 1008}, {216, 199, 255, 255} }},
	{{ {-849, 200, -2647}, 0, {2032, 1008}, {216, 199, 255, 255} }},
	{{ {-849, 999, -2647}, 0, {2032, -16}, {0, 0, 0, 255} }},
	{{ {-848, 999, -1465}, 0, {-16, -16}, {0, 0, 0, 255} }},
	{{ {-863, 200, 2721}, 0, {-16, 1008}, {216, 199, 255, 255} }},
	{{ {-864, 200, 1539}, 0, {2032, 1008}, {216, 199, 255, 255} }},
	{{ {-864, 999, 1539}, 0, {2032, -16}, {0, 0, 0, 255} }},
	{{ {-863, 999, 2721}, 0, {-16, -16}, {0, 0, 0, 255} }},
	{{ {2111, 395, 308}, 0, {926, 1012}, {216, 199, 255, 255} }},
	{{ {1292, 395, 309}, 0, {2706, 1012}, {216, 199, 255, 255} }},
	{{ {1292, 999, 309}, 0, {2706, -16}, {0, 0, 0, 255} }},
	{{ {2111, 1177, 308}, 0, {926, -16}, {0, 0, 0, 255} }},
	{{ {-864, 999, 1539}, 0, {-2133, -16}, {0, 0, 0, 255} }},
	{{ {-864, 200, 1539}, 0, {-2133, 964}, {216, 199, 255, 255} }},
	{{ {-1780, 36, 516}, 0, {-62, 964}, {208, 174, 236, 255} }},
	{{ {-1780, 56, -456}, 0, {1904, 964}, {208, 174, 236, 255} }},
	{{ {-848, 999, -1465}, 0, {3941, -16}, {0, 0, 0, 255} }},
	{{ {-848, 200, -1465}, 0, {3941, 964}, {216, 199, 255, 255} }},
	{{ {-849, 999, -2647}, 0, {5502, -9}, {0, 0, 0, 255} }},
	{{ {175, 999, -2648}, 0, {2172, -9}, {0, 0, 0, 255} }},
	{{ {176, 999, -1465}, 0, {2172, -9}, {0, 0, 0, 255} }},
	{{ {-848, 999, -1465}, 0, {5502, -9}, {0, 0, 0, 255} }},
	{{ {-14, 999, 37}, 0, {1834, -11}, {0, 0, 0, 255} }},
	{{ {1292, 999, -253}, 0, {-1454, -9}, {0, 0, 0, 255} }},
	{{ {1292, 999, 309}, 0, {-1454, -9}, {0, 0, 0, 255} }},
	{{ {2111, 1177, -254}, 0, {-4117, -204}, {0, 0, 0, 255} }},
	{{ {2111, 1177, 308}, 0, {-4117, -204}, {0, 0, 0, 255} }},
	{{ {2214, 1177, -254}, 0, {-4117, -204}, {0, 0, 0, 255} }},
	{{ {2111, 1177, 308}, 0, {-4117, -204}, {0, 0, 0, 255} }},
	{{ {2214, 1177, -254}, 0, {-4117, -204}, {0, 0, 0, 255} }},
	{{ {2214, 1177, 308}, 0, {-4117, -204}, {0, 0, 0, 255} }},
	{{ {1292, 999, 309}, 0, {-1454, -9}, {0, 0, 0, 255} }},
	{{ {160, 999, 1538}, 0, {-2133, -16}, {0, 0, 0, 255} }},
	{{ {-14, 999, 37}, 0, {1834, -11}, {0, 0, 0, 255} }},
	{{ {-864, 999, 1539}, 0, {3941, -16}, {0, 0, 0, 255} }},
	{{ {161, 999, 2721}, 0, {-2133, -16}, {0, 0, 0, 255} }},
	{{ {-863, 999, 2721}, 0, {3941, -16}, {0, 0, 0, 255} }},
	{{ {-848, 999, -1465}, 0, {5502, -9}, {0, 0, 0, 255} }},
};

Gfx castle_inside_dl_LAYER_ALPHA_inside_castle_seg7_dl_07038350_mesh_mesh_layer_1_tri_5[] = {
	gsSPVertex(castle_inside_dl_LAYER_ALPHA_inside_castle_seg7_dl_07038350_mesh_mesh_layer_1_vtx_5 + 0, 16, 0),
	gsSP1Triangle(0, 1, 2, 0),
	gsSP1Triangle(0, 2, 3, 0),
	gsSP1Triangle(4, 5, 6, 0),
	gsSP1Triangle(4, 6, 7, 0),
	gsSP1Triangle(8, 9, 10, 0),
	gsSP1Triangle(8, 10, 11, 0),
	gsSP1Triangle(12, 13, 14, 0),
	gsSP1Triangle(12, 14, 15, 0),
	gsSPVertex(castle_inside_dl_LAYER_ALPHA_inside_castle_seg7_dl_07038350_mesh_mesh_layer_1_vtx_5 + 16, 16, 0),
	gsSP1Triangle(0, 1, 2, 0),
	gsSP1Triangle(0, 2, 3, 0),
	gsSP1Triangle(4, 5, 6, 0),
	gsSP1Triangle(4, 6, 7, 0),
	gsSP1Triangle(8, 9, 10, 0),
	gsSP1Triangle(8, 10, 11, 0),
	gsSP1Triangle(12, 13, 14, 0),
	gsSP1Triangle(12, 14, 15, 0),
	gsSPVertex(castle_inside_dl_LAYER_ALPHA_inside_castle_seg7_dl_07038350_mesh_mesh_layer_1_vtx_5 + 32, 16, 0),
	gsSP1Triangle(0, 1, 2, 0),
	gsSP1Triangle(0, 2, 3, 0),
	gsSP1Triangle(4, 5, 6, 0),
	gsSP1Triangle(4, 6, 7, 0),
	gsSP1Triangle(8, 9, 10, 0),
	gsSP1Triangle(8, 10, 11, 0),
	gsSP1Triangle(12, 13, 14, 0),
	gsSP1Triangle(12, 14, 15, 0),
	gsSPVertex(castle_inside_dl_LAYER_ALPHA_inside_castle_seg7_dl_07038350_mesh_mesh_layer_1_vtx_5 + 48, 16, 0),
	gsSP1Triangle(0, 1, 2, 0),
	gsSP1Triangle(2, 3, 0, 0),
	gsSP1Triangle(4, 0, 3, 0),
	gsSP1Triangle(3, 5, 4, 0),
	gsSP1Triangle(6, 7, 8, 0),
	gsSP1Triangle(6, 8, 9, 0),
	gsSP1Triangle(9, 8, 10, 0),
	gsSP1Triangle(8, 11, 10, 0),
	gsSP1Triangle(11, 12, 10, 0),
	gsSP1Triangle(13, 12, 11, 0),
	gsSP1Triangle(13, 14, 12, 0),
	gsSP1Triangle(14, 13, 15, 0),
	gsSPVertex(castle_inside_dl_LAYER_ALPHA_inside_castle_seg7_dl_07038350_mesh_mesh_layer_1_vtx_5 + 64, 10, 0),
	gsSP1Triangle(0, 1, 2, 0),
	gsSP1Triangle(3, 4, 5, 0),
	gsSP1Triangle(4, 6, 5, 0),
	gsSP1Triangle(7, 6, 4, 0),
	gsSP1Triangle(7, 8, 6, 0),
	gsSP1Triangle(6, 9, 5, 0),
	gsSPEndDisplayList(),
};

Vtx castle_inside_dl_LAYER_ALPHA_inside_castle_seg7_dl_07038350_mesh_mesh_layer_1_vtx_6[12] = {
	{{ {-1226, -487, -1621}, 0, {3371, 5103}, {89, 89, 89, 255} }},
	{{ {554, -487, -1622}, 0, {3371, -4111}, {89, 89, 89, 255} }},
	{{ {554, -487, -2445}, 0, {-888, -4111}, {174, 174, 174, 255} }},
	{{ {-1226, -487, -2443}, 0, {-888, 5103}, {174, 174, 174, 255} }},
	{{ {553, -487, -2800}, 0, {-2725, -4111}, {0, 0, 0, 255} }},
	{{ {-1226, -487, -2798}, 0, {-2725, 5103}, {0, 0, 0, 255} }},
	{{ {538, -566, 1695}, 0, {3371, 5103}, {89, 89, 89, 255} }},
	{{ {-1241, -566, 1696}, 0, {3371, -4111}, {89, 89, 89, 255} }},
	{{ {-1241, -566, 2518}, 0, {-888, -4111}, {174, 174, 174, 255} }},
	{{ {539, -566, 2517}, 0, {-888, 5103}, {174, 174, 174, 255} }},
	{{ {-1241, -566, 2873}, 0, {-2725, -4111}, {0, 0, 0, 255} }},
	{{ {539, -566, 2872}, 0, {-2725, 5103}, {0, 0, 0, 255} }},
};

Gfx castle_inside_dl_LAYER_ALPHA_inside_castle_seg7_dl_07038350_mesh_mesh_layer_1_tri_6[] = {
	gsSPVertex(castle_inside_dl_LAYER_ALPHA_inside_castle_seg7_dl_07038350_mesh_mesh_layer_1_vtx_6 + 0, 12, 0),
	gsSP1Triangle(0, 1, 2, 0),
	gsSP1Triangle(0, 2, 3, 0),
	gsSP1Triangle(3, 2, 4, 0),
	gsSP1Triangle(3, 4, 5, 0),
	gsSP1Triangle(6, 7, 8, 0),
	gsSP1Triangle(6, 8, 9, 0),
	gsSP1Triangle(9, 8, 10, 0),
	gsSP1Triangle(9, 10, 11, 0),
	gsSPEndDisplayList(),
};

Vtx castle_inside_dl_LAYER_ALPHA_inside_castle_seg7_dl_07038350_mesh_mesh_layer_1_vtx_7[27] = {
	{{ {-881, -446, -1845}, 0, {-834, -272}, {255, 255, 255, 255} }},
	{{ {-723, -446, -1936}, 0, {496, -1040}, {255, 255, 255, 255} }},
	{{ {-723, -446, -2118}, 0, {1826, -272}, {255, 255, 255, 255} }},
	{{ {-1039, -446, -2118}, 0, {496, 2032}, {255, 255, 255, 255} }},
	{{ {-881, -446, -2209}, 0, {1826, 1264}, {255, 255, 255, 255} }},
	{{ {-1039, -446, -1936}, 0, {-834, 1264}, {255, 255, 255, 255} }},
	{{ {308, -446, -2251}, 0, {-834, -272}, {255, 255, 255, 255} }},
	{{ {466, -446, -2342}, 0, {496, -1040}, {255, 255, 255, 255} }},
	{{ {465, -446, -2524}, 0, {1826, -272}, {255, 255, 255, 255} }},
	{{ {150, -446, -2524}, 0, {496, 2032}, {255, 255, 255, 255} }},
	{{ {307, -446, -2615}, 0, {1826, 1264}, {255, 255, 255, 255} }},
	{{ {150, -446, -2342}, 0, {-834, 1264}, {255, 255, 255, 255} }},
	{{ {193, -524, 1918}, 0, {-834, -272}, {255, 255, 255, 255} }},
	{{ {36, -524, 2010}, 0, {496, -1040}, {255, 255, 255, 255} }},
	{{ {36, -524, 2192}, 0, {1826, -272}, {255, 255, 255, 255} }},
	{{ {351, -524, 2192}, 0, {496, 2032}, {255, 255, 255, 255} }},
	{{ {36, -524, 2192}, 0, {1826, -272}, {255, 255, 255, 255} }},
	{{ {194, -524, 2283}, 0, {1826, 1264}, {255, 255, 255, 255} }},
	{{ {351, -524, 2192}, 0, {496, 2032}, {255, 255, 255, 255} }},
	{{ {351, -524, 2009}, 0, {-834, 1264}, {255, 255, 255, 255} }},
	{{ {193, -524, 1918}, 0, {-834, -272}, {255, 255, 255, 255} }},
	{{ {-995, -524, 2324}, 0, {-834, -272}, {255, 255, 255, 255} }},
	{{ {-1153, -524, 2416}, 0, {496, -1040}, {255, 255, 255, 255} }},
	{{ {-1153, -524, 2598}, 0, {1826, -272}, {255, 255, 255, 255} }},
	{{ {-837, -524, 2598}, 0, {496, 2032}, {255, 255, 255, 255} }},
	{{ {-995, -524, 2689}, 0, {1826, 1264}, {255, 255, 255, 255} }},
	{{ {-837, -524, 2415}, 0, {-834, 1264}, {255, 255, 255, 255} }},
};

Gfx castle_inside_dl_LAYER_ALPHA_inside_castle_seg7_dl_07038350_mesh_mesh_layer_1_tri_7[] = {
	gsSPVertex(castle_inside_dl_LAYER_ALPHA_inside_castle_seg7_dl_07038350_mesh_mesh_layer_1_vtx_7 + 0, 16, 0),
	gsSP1Triangle(0, 1, 2, 0),
	gsSP1Triangle(2, 3, 0, 0),
	gsSP1Triangle(2, 4, 3, 0),
	gsSP1Triangle(3, 5, 0, 0),
	gsSP1Triangle(6, 7, 8, 0),
	gsSP1Triangle(8, 9, 6, 0),
	gsSP1Triangle(8, 10, 9, 0),
	gsSP1Triangle(9, 11, 6, 0),
	gsSP1Triangle(12, 13, 14, 0),
	gsSP1Triangle(14, 15, 12, 0),
	gsSPVertex(castle_inside_dl_LAYER_ALPHA_inside_castle_seg7_dl_07038350_mesh_mesh_layer_1_vtx_7 + 16, 11, 0),
	gsSP1Triangle(0, 1, 2, 0),
	gsSP1Triangle(2, 3, 4, 0),
	gsSP1Triangle(5, 6, 7, 0),
	gsSP1Triangle(7, 8, 5, 0),
	gsSP1Triangle(7, 9, 8, 0),
	gsSP1Triangle(8, 10, 5, 0),
	gsSPEndDisplayList(),
};

Vtx castle_inside_dl_LAYER_ALPHA_inside_castle_seg7_dl_07038350_mesh_mesh_layer_1_vtx_8[56] = {
	{{ {-881, -487, -1845}, 0, {-13356, 1008}, {174, 174, 174, 255} }},
	{{ {-723, -446, -1936}, 0, {-7815, -16}, {255, 255, 255, 255} }},
	{{ {-881, -446, -1845}, 0, {-13356, -16}, {255, 255, 255, 255} }},
	{{ {-723, -487, -1936}, 0, {-7815, 1008}, {174, 174, 174, 255} }},
	{{ {-723, -446, -2118}, 0, {-2274, -16}, {255, 255, 255, 255} }},
	{{ {-723, -487, -2118}, 0, {-2274, 1008}, {174, 174, 174, 255} }},
	{{ {-881, -446, -2209}, 0, {3266, -16}, {255, 255, 255, 255} }},
	{{ {-881, -487, -2209}, 0, {3266, 1008}, {174, 174, 174, 255} }},
	{{ {-1039, -446, -2118}, 0, {8807, -16}, {255, 255, 255, 255} }},
	{{ {-1039, -487, -2118}, 0, {8807, 1008}, {174, 174, 174, 255} }},
	{{ {-1039, -446, -1936}, 0, {14348, -16}, {255, 255, 255, 255} }},
	{{ {-1039, -487, -1936}, 0, {14348, 1008}, {174, 174, 174, 255} }},
	{{ {-881, -446, -1845}, 0, {19888, -16}, {255, 255, 255, 255} }},
	{{ {-881, -487, -1845}, 0, {19888, 1008}, {174, 174, 174, 255} }},
	{{ {308, -487, -2251}, 0, {-13356, 1008}, {174, 174, 174, 255} }},
	{{ {466, -446, -2342}, 0, {-7815, -16}, {255, 255, 255, 255} }},
	{{ {308, -446, -2251}, 0, {-13356, -16}, {255, 255, 255, 255} }},
	{{ {466, -487, -2342}, 0, {-7815, 1008}, {174, 174, 174, 255} }},
	{{ {465, -446, -2524}, 0, {-2274, -16}, {255, 255, 255, 255} }},
	{{ {465, -487, -2524}, 0, {-2274, 1008}, {174, 174, 174, 255} }},
	{{ {307, -446, -2615}, 0, {3266, -16}, {255, 255, 255, 255} }},
	{{ {307, -487, -2615}, 0, {3266, 1008}, {174, 174, 174, 255} }},
	{{ {150, -446, -2524}, 0, {8807, -16}, {255, 255, 255, 255} }},
	{{ {150, -487, -2524}, 0, {8807, 1008}, {174, 174, 174, 255} }},
	{{ {150, -446, -2342}, 0, {14348, -16}, {255, 255, 255, 255} }},
	{{ {150, -487, -2342}, 0, {14348, 1008}, {174, 174, 174, 255} }},
	{{ {308, -446, -2251}, 0, {19888, -16}, {255, 255, 255, 255} }},
	{{ {308, -487, -2251}, 0, {19888, 1008}, {174, 174, 174, 255} }},
	{{ {193, -566, 1918}, 0, {-13356, 1008}, {174, 174, 174, 255} }},
	{{ {36, -524, 2010}, 0, {-7815, -16}, {255, 255, 255, 255} }},
	{{ {193, -524, 1918}, 0, {-13356, -16}, {255, 255, 255, 255} }},
	{{ {36, -566, 2010}, 0, {-7815, 1008}, {174, 174, 174, 255} }},
	{{ {36, -524, 2192}, 0, {-2274, -16}, {255, 255, 255, 255} }},
	{{ {36, -566, 2192}, 0, {-2274, 1008}, {174, 174, 174, 255} }},
	{{ {194, -524, 2283}, 0, {3266, -16}, {255, 255, 255, 255} }},
	{{ {194, -566, 2283}, 0, {3266, 1008}, {174, 174, 174, 255} }},
	{{ {351, -524, 2192}, 0, {8807, -16}, {255, 255, 255, 255} }},
	{{ {351, -566, 2192}, 0, {8807, 1008}, {174, 174, 174, 255} }},
	{{ {351, -524, 2009}, 0, {14348, -16}, {255, 255, 255, 255} }},
	{{ {351, -566, 2009}, 0, {14348, 1008}, {174, 174, 174, 255} }},
	{{ {193, -524, 1918}, 0, {19888, -16}, {255, 255, 255, 255} }},
	{{ {193, -566, 1918}, 0, {19888, 1008}, {174, 174, 174, 255} }},
	{{ {-995, -566, 2324}, 0, {-13356, 1008}, {174, 174, 174, 255} }},
	{{ {-1153, -524, 2416}, 0, {-7815, -16}, {255, 255, 255, 255} }},
	{{ {-995, -524, 2324}, 0, {-13356, -16}, {255, 255, 255, 255} }},
	{{ {-1153, -566, 2416}, 0, {-7815, 1008}, {174, 174, 174, 255} }},
	{{ {-1153, -524, 2598}, 0, {-2274, -16}, {255, 255, 255, 255} }},
	{{ {-1153, -566, 2598}, 0, {-2274, 1008}, {174, 174, 174, 255} }},
	{{ {-995, -524, 2689}, 0, {3266, -16}, {255, 255, 255, 255} }},
	{{ {-995, -566, 2689}, 0, {3266, 1008}, {174, 174, 174, 255} }},
	{{ {-837, -524, 2598}, 0, {8807, -16}, {255, 255, 255, 255} }},
	{{ {-837, -566, 2598}, 0, {8807, 1008}, {174, 174, 174, 255} }},
	{{ {-837, -524, 2415}, 0, {14348, -16}, {255, 255, 255, 255} }},
	{{ {-837, -566, 2415}, 0, {14348, 1008}, {174, 174, 174, 255} }},
	{{ {-995, -524, 2324}, 0, {19888, -16}, {255, 255, 255, 255} }},
	{{ {-995, -566, 2324}, 0, {19888, 1008}, {174, 174, 174, 255} }},
};

Gfx castle_inside_dl_LAYER_ALPHA_inside_castle_seg7_dl_07038350_mesh_mesh_layer_1_tri_8[] = {
	gsSPVertex(castle_inside_dl_LAYER_ALPHA_inside_castle_seg7_dl_07038350_mesh_mesh_layer_1_vtx_8 + 0, 14, 0),
	gsSP1Triangle(0, 1, 2, 0),
	gsSP1Triangle(0, 3, 1, 0),
	gsSP1Triangle(3, 4, 1, 0),
	gsSP1Triangle(3, 5, 4, 0),
	gsSP1Triangle(5, 6, 4, 0),
	gsSP1Triangle(5, 7, 6, 0),
	gsSP1Triangle(7, 8, 6, 0),
	gsSP1Triangle(7, 9, 8, 0),
	gsSP1Triangle(9, 10, 8, 0),
	gsSP1Triangle(9, 11, 10, 0),
	gsSP1Triangle(11, 12, 10, 0),
	gsSP1Triangle(11, 13, 12, 0),
	gsSPVertex(castle_inside_dl_LAYER_ALPHA_inside_castle_seg7_dl_07038350_mesh_mesh_layer_1_vtx_8 + 14, 14, 0),
	gsSP1Triangle(0, 1, 2, 0),
	gsSP1Triangle(0, 3, 1, 0),
	gsSP1Triangle(3, 4, 1, 0),
	gsSP1Triangle(3, 5, 4, 0),
	gsSP1Triangle(5, 6, 4, 0),
	gsSP1Triangle(5, 7, 6, 0),
	gsSP1Triangle(7, 8, 6, 0),
	gsSP1Triangle(7, 9, 8, 0),
	gsSP1Triangle(9, 10, 8, 0),
	gsSP1Triangle(9, 11, 10, 0),
	gsSP1Triangle(11, 12, 10, 0),
	gsSP1Triangle(11, 13, 12, 0),
	gsSPVertex(castle_inside_dl_LAYER_ALPHA_inside_castle_seg7_dl_07038350_mesh_mesh_layer_1_vtx_8 + 28, 14, 0),
	gsSP1Triangle(0, 1, 2, 0),
	gsSP1Triangle(0, 3, 1, 0),
	gsSP1Triangle(3, 4, 1, 0),
	gsSP1Triangle(3, 5, 4, 0),
	gsSP1Triangle(5, 6, 4, 0),
	gsSP1Triangle(5, 7, 6, 0),
	gsSP1Triangle(7, 8, 6, 0),
	gsSP1Triangle(7, 9, 8, 0),
	gsSP1Triangle(9, 10, 8, 0),
	gsSP1Triangle(9, 11, 10, 0),
	gsSP1Triangle(11, 12, 10, 0),
	gsSP1Triangle(11, 13, 12, 0),
	gsSPVertex(castle_inside_dl_LAYER_ALPHA_inside_castle_seg7_dl_07038350_mesh_mesh_layer_1_vtx_8 + 42, 14, 0),
	gsSP1Triangle(0, 1, 2, 0),
	gsSP1Triangle(0, 3, 1, 0),
	gsSP1Triangle(3, 4, 1, 0),
	gsSP1Triangle(3, 5, 4, 0),
	gsSP1Triangle(5, 6, 4, 0),
	gsSP1Triangle(5, 7, 6, 0),
	gsSP1Triangle(7, 8, 6, 0),
	gsSP1Triangle(7, 9, 8, 0),
	gsSP1Triangle(9, 10, 8, 0),
	gsSP1Triangle(9, 11, 10, 0),
	gsSP1Triangle(11, 12, 10, 0),
	gsSP1Triangle(11, 13, 12, 0),
	gsSPEndDisplayList(),
};

Vtx castle_inside_dl_LAYER_ALPHA_inside_castle_seg7_dl_07038350_mesh_mesh_layer_5_vtx_0[8] = {
	{{ {-805, -395, -1543}, 0, {-16, 1008}, {255, 255, 255, 255} }},
	{{ {133, 15, -1544}, 0, {-16, 1008}, {255, 255, 255, 255} }},
	{{ {-805, 15, -1543}, 0, {-16, 1008}, {255, 255, 255, 255} }},
	{{ {133, -395, -1544}, 0, {-16, 1008}, {255, 255, 255, 255} }},
	{{ {118, -474, 1617}, 0, {-16, 1008}, {255, 255, 255, 255} }},
	{{ {-821, -64, 1617}, 0, {-16, 1008}, {255, 255, 255, 255} }},
	{{ {118, -64, 1617}, 0, {-16, 1008}, {255, 255, 255, 255} }},
	{{ {-821, -474, 1617}, 0, {-16, 1008}, {255, 255, 255, 255} }},
};

Gfx castle_inside_dl_LAYER_ALPHA_inside_castle_seg7_dl_07038350_mesh_mesh_layer_5_tri_0[] = {
	gsSPVertex(castle_inside_dl_LAYER_ALPHA_inside_castle_seg7_dl_07038350_mesh_mesh_layer_5_vtx_0 + 0, 8, 0),
	gsSP1Triangle(0, 1, 2, 0),
	gsSP1Triangle(0, 3, 1, 0),
	gsSP1Triangle(4, 5, 6, 0),
	gsSP1Triangle(4, 7, 5, 0),
	gsSPEndDisplayList(),
};

Vtx castle_inside_dl_LAYER_ALPHA_inside_castle_seg7_dl_07038350_mesh_mesh_layer_5_vtx_1[4] = {
	{{ {1322, 88, -1439}, 0, {1999, 4572}, {255, 0, 0, 255} }},
	{{ {-1845, 88, -1437}, 0, {4572, -1007}, {255, 0, 0, 255} }},
	{{ {-1843, 88, 1513}, 0, {-1007, -3580}, {255, 0, 0, 255} }},
	{{ {1323, 88, 1511}, 0, {-3580, 1999}, {255, 0, 0, 255} }},
};

Gfx castle_inside_dl_LAYER_ALPHA_inside_castle_seg7_dl_07038350_mesh_mesh_layer_5_tri_1[] = {
	gsSPVertex(castle_inside_dl_LAYER_ALPHA_inside_castle_seg7_dl_07038350_mesh_mesh_layer_5_vtx_1 + 0, 4, 0),
	gsSP1Triangle(0, 1, 2, 0),
	gsSP1Triangle(0, 2, 3, 0),
	gsSPEndDisplayList(),
};

Vtx castle_inside_dl_LAYER_ALPHA_inside_castle_seg7_dl_07038350_mesh_mesh_layer_5_vtx_2[32] = {
	{{ {117, -64, 1538}, 0, {-16, 1008}, {83, 30, 126, 255} }},
	{{ {-821, -64, 1539}, 0, {1008, 1008}, {83, 30, 126, 255} }},
	{{ {-821, -314, 949}, 0, {1008, -16}, {83, 30, 126, 255} }},
	{{ {117, -314, 949}, 0, {-16, -16}, {83, 30, 126, 255} }},
	{{ {132, -395, -1465}, 0, {-16, 1008}, {83, 30, 126, 255} }},
	{{ {133, -645, -876}, 0, {-16, -16}, {83, 30, 126, 255} }},
	{{ {133, -235, -876}, 0, {1008, -16}, {83, 30, 126, 255} }},
	{{ {132, 15, -1465}, 0, {1008, 1008}, {83, 30, 126, 255} }},
	{{ {-821, -474, 1539}, 0, {-16, 1008}, {83, 30, 126, 255} }},
	{{ {117, -474, 1538}, 0, {1008, 1008}, {83, 30, 126, 255} }},
	{{ {117, -724, 949}, 0, {1008, -16}, {83, 30, 126, 255} }},
	{{ {-821, -724, 949}, 0, {-16, -16}, {83, 30, 126, 255} }},
	{{ {-806, 15, -1465}, 0, {-16, 1008}, {83, 30, 126, 255} }},
	{{ {-805, -235, -875}, 0, {-16, -16}, {83, 30, 126, 255} }},
	{{ {-805, -645, -875}, 0, {1008, -16}, {83, 30, 126, 255} }},
	{{ {-806, -395, -1465}, 0, {1008, 1008}, {83, 30, 126, 255} }},
	{{ {-821, -64, 1539}, 0, {-16, 1008}, {83, 30, 126, 255} }},
	{{ {-821, -474, 1539}, 0, {1008, 1008}, {83, 30, 126, 255} }},
	{{ {-821, -724, 949}, 0, {1008, -16}, {83, 30, 126, 255} }},
	{{ {-821, -314, 949}, 0, {-16, -16}, {83, 30, 126, 255} }},
	{{ {-806, -395, -1465}, 0, {-16, 1008}, {83, 30, 126, 255} }},
	{{ {-805, -645, -875}, 0, {-16, -16}, {83, 30, 126, 255} }},
	{{ {133, -645, -876}, 0, {1008, -16}, {83, 30, 126, 255} }},
	{{ {132, -395, -1465}, 0, {1008, 1008}, {83, 30, 126, 255} }},
	{{ {117, -474, 1538}, 0, {-16, 1008}, {83, 30, 126, 255} }},
	{{ {117, -64, 1538}, 0, {1008, 1008}, {83, 30, 126, 255} }},
	{{ {117, -314, 949}, 0, {1008, -16}, {83, 30, 126, 255} }},
	{{ {117, -724, 949}, 0, {-16, -16}, {83, 30, 126, 255} }},
	{{ {132, 15, -1465}, 0, {-16, 1008}, {83, 30, 126, 255} }},
	{{ {133, -235, -876}, 0, {-16, -16}, {83, 30, 126, 255} }},
	{{ {-805, -235, -875}, 0, {1008, -16}, {83, 30, 126, 255} }},
	{{ {-806, 15, -1465}, 0, {1008, 1008}, {83, 30, 126, 255} }},
};

Gfx castle_inside_dl_LAYER_ALPHA_inside_castle_seg7_dl_07038350_mesh_mesh_layer_5_tri_2[] = {
	gsSPVertex(castle_inside_dl_LAYER_ALPHA_inside_castle_seg7_dl_07038350_mesh_mesh_layer_5_vtx_2 + 0, 16, 0),
	gsSP1Triangle(0, 1, 2, 0),
	gsSP1Triangle(0, 2, 3, 0),
	gsSP1Triangle(4, 5, 6, 0),
	gsSP1Triangle(4, 6, 7, 0),
	gsSP1Triangle(8, 9, 10, 0),
	gsSP1Triangle(8, 10, 11, 0),
	gsSP1Triangle(12, 13, 14, 0),
	gsSP1Triangle(12, 14, 15, 0),
	gsSPVertex(castle_inside_dl_LAYER_ALPHA_inside_castle_seg7_dl_07038350_mesh_mesh_layer_5_vtx_2 + 16, 16, 0),
	gsSP1Triangle(0, 1, 2, 0),
	gsSP1Triangle(0, 2, 3, 0),
	gsSP1Triangle(4, 5, 6, 0),
	gsSP1Triangle(4, 6, 7, 0),
	gsSP1Triangle(8, 9, 10, 0),
	gsSP1Triangle(8, 10, 11, 0),
	gsSP1Triangle(12, 13, 14, 0),
	gsSP1Triangle(12, 14, 15, 0),
	gsSPEndDisplayList(),
};

Vtx castle_inside_dl_mainroom_001_mesh_layer_1_vtx_0[47] = {
	{{ {520, 768, -1350}, 0, {-2805, 495}, {238, 238, 238, 255} }},
	{{ {519, 1024, -1350}, 0, {-2804, 0}, {220, 220, 220, 255} }},
	{{ {246, 1024, -1350}, 0, {-3348, 0}, {255, 255, 255, 255} }},
	{{ {314, 922, -1350}, 0, {-3212, 172}, {255, 255, 255, 255} }},
	{{ {521, 512, -1351}, 0, {-2804, 990}, {255, 255, 255, 255} }},
	{{ {314, 512, -1350}, 0, {-3212, 990}, {255, 255, 255, 255} }},
	{{ {-300, 922, -1350}, 0, {24251, 172}, {255, 255, 255, 255} }},
	{{ {-232, 1024, -1350}, 0, {24387, 0}, {255, 255, 255, 255} }},
	{{ {-505, 1024, -1350}, 0, {23819, 0}, {217, 217, 217, 255} }},
	{{ {-505, 768, -1350}, 0, {23819, 495}, {237, 237, 237, 255} }},
	{{ {-300, 512, -1350}, 0, {24251, 990}, {255, 255, 255, 255} }},
	{{ {-505, 512, -1350}, 0, {23819, 990}, {255, 255, 255, 255} }},
	{{ {-1006, 973, -920}, 0, {1871, 95}, {150, 125, 127, 255} }},
	{{ {-565, 1024, -1290}, 0, {3060, -12}, {216, 181, 183, 255} }},
	{{ {-1049, 1024, -806}, 0, {1628, -12}, {216, 181, 183, 255} }},
	{{ {-680, 973, -1247}, 0, {2821, 98}, {205, 171, 173, 255} }},
	{{ {-565, 512, -1290}, 0, {23568, 990}, {216, 181, 183, 255} }},
	{{ {-565, 1024, -1290}, 0, {23568, 0}, {216, 181, 183, 255} }},
	{{ {-680, 973, -1247}, 0, {23335, 62}, {205, 171, 173, 255} }},
	{{ {-680, 512, -1247}, 0, {23335, 990}, {150, 125, 127, 255} }},
	{{ {-1049, 512, -806}, 0, {22103, 999}, {216, 181, 183, 255} }},
	{{ {-1006, 512, -920}, 0, {22550, 1009}, {150, 125, 127, 255} }},
	{{ {-1006, 973, -920}, 0, {22550, 95}, {150, 125, 127, 255} }},
	{{ {-1049, 1024, -806}, 0, {22103, -8}, {216, 181, 183, 255} }},
	{{ {-952, 768, -976}, 0, {2153, 494}, {255, 255, 255, 255} }},
	{{ {-989, 768, -1012}, 0, {2153, 494}, {255, 255, 255, 255} }},
	{{ {-772, 768, -1230}, 0, {2153, 494}, {255, 255, 255, 255} }},
	{{ {-735, 768, -1193}, 0, {2153, 494}, {205, 171, 174, 255} }},
	{{ {212, 0, -19}, 0, {3060, 1009}, {255, 255, 255, 255} }},
	{{ {161, 0, -19}, 0, {3060, 1009}, {255, 255, 255, 255} }},
	{{ {161, 102, -19}, 0, {3060, 1009}, {255, 255, 255, 255} }},
	{{ {161, 0, 144}, 0, {3060, 1009}, {255, 255, 255, 255} }},
	{{ {161, 0, 144}, 0, {3060, 1009}, {255, 255, 255, 255} }},
	{{ {161, 102, 41}, 0, {3060, 1009}, {255, 255, 255, 255} }},
	{{ {161, 102, -19}, 0, {3060, 1009}, {255, 255, 255, 255} }},
	{{ {212, 0, 144}, 0, {3060, 1009}, {255, 255, 255, 255} }},
	{{ {212, 102, 41}, 0, {3060, 1009}, {255, 255, 255, 255} }},
	{{ {212, 102, -19}, 0, {3060, 1009}, {255, 255, 255, 255} }},
	{{ {212, 0, -19}, 0, {3060, 1009}, {255, 255, 255, 255} }},
	{{ {-198, 102, 41}, 0, {3060, 1009}, {255, 255, 255, 255} }},
	{{ {-198, 0, 144}, 0, {3060, 1009}, {255, 255, 255, 255} }},
	{{ {-147, 0, 144}, 0, {3060, 1009}, {255, 255, 255, 255} }},
	{{ {-198, 102, -19}, 0, {3060, 1009}, {255, 255, 255, 255} }},
	{{ {-147, 102, -19}, 0, {3060, 1009}, {255, 255, 255, 255} }},
	{{ {-147, 102, 41}, 0, {3060, 1009}, {255, 255, 255, 255} }},
	{{ {-147, 0, -19}, 0, {3060, 1009}, {255, 255, 255, 255} }},
	{{ {-198, 0, -19}, 0, {3060, 1009}, {255, 255, 255, 255} }},
};

Gfx castle_inside_dl_mainroom_001_mesh_layer_1_tri_0[] = {
	gsSPVertex(castle_inside_dl_mainroom_001_mesh_layer_1_vtx_0 + 0, 16, 0),
	gsSP1Triangle(0, 1, 2, 0),
	gsSP1Triangle(0, 2, 3, 0),
	gsSP1Triangle(3, 4, 0, 0),
	gsSP1Triangle(3, 5, 4, 0),
	gsSP1Triangle(6, 7, 8, 0),
	gsSP1Triangle(6, 8, 9, 0),
	gsSP1Triangle(6, 9, 10, 0),
	gsSP1Triangle(9, 11, 10, 0),
	gsSP1Triangle(12, 13, 14, 0),
	gsSP1Triangle(15, 13, 12, 0),
	gsSPVertex(castle_inside_dl_mainroom_001_mesh_layer_1_vtx_0 + 16, 16, 0),
	gsSP1Triangle(0, 1, 2, 0),
	gsSP1Triangle(0, 2, 3, 0),
	gsSP1Triangle(4, 5, 6, 0),
	gsSP1Triangle(4, 6, 7, 0),
	gsSP1Triangle(8, 9, 10, 0),
	gsSP1Triangle(8, 10, 11, 0),
	gsSP1Triangle(12, 13, 14, 0),
	gsSP1Triangle(15, 14, 13, 0),
	gsSPVertex(castle_inside_dl_mainroom_001_mesh_layer_1_vtx_0 + 32, 15, 0),
	gsSP1Triangle(0, 1, 2, 0),
	gsSP1Triangle(1, 0, 3, 0),
	gsSP1Triangle(1, 3, 4, 0),
	gsSP1Triangle(5, 4, 3, 0),
	gsSP1Triangle(5, 3, 6, 0),
	gsSP1Triangle(6, 2, 5, 0),
	gsSP1Triangle(5, 2, 1, 0),
	gsSP1Triangle(5, 1, 4, 0),
	gsSP1Triangle(7, 8, 9, 0),
	gsSP1Triangle(8, 7, 10, 0),
	gsSP1Triangle(7, 11, 10, 0),
	gsSP1Triangle(7, 12, 11, 0),
	gsSP1Triangle(7, 9, 12, 0),
	gsSP1Triangle(11, 12, 9, 0),
	gsSP1Triangle(11, 9, 13, 0),
	gsSP1Triangle(13, 10, 11, 0),
	gsSP1Triangle(13, 14, 10, 0),
	gsSP1Triangle(8, 10, 14, 0),
	gsSPEndDisplayList(),
};

Vtx castle_inside_dl_mainroom_001_mesh_layer_1_vtx_1[53] = {
	{{ {1993, -486, 1575}, 0, {2012, 786}, {255, 255, 255, 255} }},
	{{ {1993, -588, 1575}, 0, {2012, 990}, {255, 255, 255, 255} }},
	{{ {1873, -588, 1685}, 0, {1692, 990}, {217, 217, 217, 255} }},
	{{ {1873, -486, 1685}, 0, {1692, 786}, {217, 217, 217, 255} }},
	{{ {1935, -588, 1825}, 0, {1396, 990}, {255, 255, 255, 255} }},
	{{ {1935, -486, 1825}, 0, {1396, 786}, {255, 255, 255, 255} }},
	{{ {2003, -588, 1851}, 0, {1244, 990}, {255, 255, 255, 255} }},
	{{ {2003, -486, 1851}, 0, {1244, 786}, {255, 255, 255, 255} }},
	{{ {2055, -383, 1716}, 0, {1320, 582}, {217, 217, 217, 255} }},
	{{ {2055, -383, 1716}, 0, {1852, 582}, {217, 217, 217, 255} }},
	{{ {161, 0, -19}, 0, {2012, 0}, {178, 137, 139, 255} }},
	{{ {161, -486, -10}, 0, {2012, 990}, {178, 137, 139, 255} }},
	{{ {161, -486, 604}, 0, {784, 990}, {178, 137, 139, 255} }},
	{{ {161, -435, 604}, 0, {784, 888}, {178, 137, 139, 255} }},
	{{ {161, 0, 144}, 0, {1704, 0}, {178, 137, 139, 255} }},
	{{ {-147, 0, 144}, 0, {1704, 0}, {255, 255, 255, 255} }},
	{{ {-198, -435, 604}, 0, {784, 888}, {255, 255, 255, 255} }},
	{{ {-147, -435, 604}, 0, {784, 888}, {255, 255, 255, 255} }},
	{{ {-198, 0, 144}, 0, {1704, 0}, {255, 255, 255, 255} }},
	{{ {-198, 0, -19}, 0, {2012, 0}, {255, 255, 255, 255} }},
	{{ {-147, -435, 604}, 0, {784, 888}, {255, 255, 255, 255} }},
	{{ {-198, -435, 604}, 0, {784, 888}, {255, 255, 255, 255} }},
	{{ {-198, -486, 604}, 0, {784, 888}, {255, 255, 255, 255} }},
	{{ {-147, -486, 604}, 0, {784, 888}, {255, 255, 255, 255} }},
	{{ {212, 0, 144}, 0, {1704, 0}, {255, 255, 255, 255} }},
	{{ {161, 0, 144}, 0, {1704, 0}, {255, 255, 255, 255} }},
	{{ {161, -435, 604}, 0, {784, 888}, {255, 255, 255, 255} }},
	{{ {212, -435, 604}, 0, {784, 888}, {255, 255, 255, 255} }},
	{{ {212, -486, 604}, 0, {784, 990}, {0, 0, 0, 255} }},
	{{ {212, 0, -19}, 0, {2012, 0}, {255, 255, 255, 255} }},
	{{ {-147, -486, 604}, 0, {784, 990}, {178, 137, 139, 255} }},
	{{ {-147, 0, 144}, 0, {1704, 0}, {178, 137, 139, 255} }},
	{{ {-147, -435, 604}, 0, {784, 888}, {178, 137, 139, 255} }},
	{{ {-147, 0, -19}, 0, {2012, 0}, {178, 137, 139, 255} }},
	{{ {212, -435, 604}, 0, {784, 888}, {255, 255, 255, 255} }},
	{{ {161, -435, 604}, 0, {784, 888}, {255, 255, 255, 255} }},
	{{ {161, -486, 604}, 0, {784, 888}, {255, 255, 255, 255} }},
	{{ {212, -486, 604}, 0, {784, 888}, {255, 255, 255, 255} }},
	{{ {-1976, -486, 1576}, 0, {2012, 786}, {255, 255, 255, 255} }},
	{{ {-1858, -588, 1687}, 0, {1692, 990}, {217, 217, 217, 255} }},
	{{ {-1976, -588, 1576}, 0, {2012, 990}, {255, 255, 255, 255} }},
	{{ {-1858, -486, 1687}, 0, {1692, 786}, {217, 217, 217, 255} }},
	{{ {-2040, -383, 1716}, 0, {1852, 582}, {217, 217, 217, 255} }},
	{{ {-1921, -486, 1826}, 0, {1396, 786}, {255, 255, 255, 255} }},
	{{ {-1921, -588, 1826}, 0, {1396, 990}, {255, 255, 255, 255} }},
	{{ {-1989, -588, 1851}, 0, {1244, 990}, {255, 255, 255, 255} }},
	{{ {-1921, -486, 1826}, 0, {1396, 786}, {255, 255, 255, 255} }},
	{{ {-1989, -486, 1851}, 0, {1244, 786}, {255, 255, 255, 255} }},
	{{ {-1989, -588, 1851}, 0, {1244, 990}, {255, 255, 255, 255} }},
	{{ {-2040, -383, 1716}, 0, {1320, 582}, {217, 217, 217, 255} }},
	{{ {-1858, -486, 1687}, 0, {1692, 786}, {217, 217, 217, 255} }},
	{{ {-1921, -588, 1826}, 0, {1396, 990}, {255, 255, 255, 255} }},
	{{ {-1858, -588, 1687}, 0, {1692, 990}, {217, 217, 217, 255} }},
};

Gfx castle_inside_dl_mainroom_001_mesh_layer_1_tri_1[] = {
	gsSPVertex(castle_inside_dl_mainroom_001_mesh_layer_1_vtx_1 + 0, 15, 0),
	gsSP1Triangle(0, 1, 2, 0),
	gsSP1Triangle(0, 2, 3, 0),
	gsSP1Triangle(3, 2, 4, 0),
	gsSP1Triangle(3, 4, 5, 0),
	gsSP1Triangle(5, 4, 6, 0),
	gsSP1Triangle(5, 6, 7, 0),
	gsSP1Triangle(7, 8, 5, 0),
	gsSP1Triangle(9, 3, 5, 0),
	gsSP1Triangle(9, 0, 3, 0),
	gsSP1Triangle(10, 11, 12, 0),
	gsSP1Triangle(10, 12, 13, 0),
	gsSP1Triangle(10, 13, 14, 0),
	gsSPVertex(castle_inside_dl_mainroom_001_mesh_layer_1_vtx_1 + 15, 15, 0),
	gsSP1Triangle(0, 1, 2, 0),
	gsSP1Triangle(0, 3, 1, 0),
	gsSP1Triangle(4, 1, 3, 0),
	gsSP1Triangle(5, 6, 7, 0),
	gsSP1Triangle(5, 7, 8, 0),
	gsSP1Triangle(9, 10, 11, 0),
	gsSP1Triangle(9, 11, 12, 0),
	gsSP1Triangle(13, 9, 12, 0),
	gsSP1Triangle(13, 14, 9, 0),
	gsSPVertex(castle_inside_dl_mainroom_001_mesh_layer_1_vtx_1 + 30, 16, 0),
	gsSP1Triangle(0, 1, 2, 0),
	gsSP1Triangle(0, 3, 1, 0),
	gsSP1Triangle(4, 5, 6, 0),
	gsSP1Triangle(4, 6, 7, 0),
	gsSP1Triangle(8, 9, 10, 0),
	gsSP1Triangle(8, 11, 9, 0),
	gsSP1Triangle(12, 11, 8, 0),
	gsSP1Triangle(12, 13, 11, 0),
	gsSP1Triangle(11, 13, 14, 0),
	gsSP1Triangle(13, 15, 14, 0),
	gsSPVertex(castle_inside_dl_mainroom_001_mesh_layer_1_vtx_1 + 46, 7, 0),
	gsSP1Triangle(0, 1, 2, 0),
	gsSP1Triangle(1, 0, 3, 0),
	gsSP1Triangle(4, 5, 6, 0),
	gsSPEndDisplayList(),
};

Vtx castle_inside_dl_mainroom_001_mesh_layer_1_vtx_2[512] = {
	{{ {-147, 512, -2016}, 0, {-277, -7573}, {171, 171, 171, 255} }},
	{{ {-147, 512, -1964}, 0, {-277, -7353}, {171, 171, 171, 255} }},
	{{ {161, 512, -1964}, 0, {1263, -7353}, {171, 171, 171, 255} }},
	{{ {7, 512, -2016}, 0, {493, -7573}, {171, 171, 171, 255} }},
	{{ {161, 512, -2016}, 0, {1263, -7573}, {171, 171, 171, 255} }},
	{{ {314, 512, -1964}, 0, {2028, -7353}, {171, 171, 171, 255} }},
	{{ {-300, 512, -1964}, 0, {-1042, -7353}, {171, 171, 171, 255} }},
	{{ {-300, 512, -1350}, 0, {-1042, -4750}, {255, 255, 255, 255} }},
	{{ {314, 512, -1350}, 0, {2028, -4750}, {255, 255, 255, 255} }},
	{{ {1705, 128, -166}, 0, {8985, 269}, {101, 101, 101, 255} }},
	{{ {1416, 128, 123}, 0, {7539, 1494}, {101, 101, 101, 255} }},
	{{ {1416, 102, 123}, 0, {7539, 1494}, {101, 101, 101, 255} }},
	{{ {1705, 102, -166}, 0, {8985, 269}, {101, 101, 101, 255} }},
	{{ {1088, 357, -205}, 0, {5899, 104}, {255, 255, 255, 255} }},
	{{ {1378, 357, -494}, 0, {7349, -1121}, {255, 255, 255, 255} }},
	{{ {1341, 357, -530}, 0, {7164, -1274}, {255, 255, 255, 255} }},
	{{ {1088, 357, -205}, 0, {5899, 104}, {255, 255, 255, 255} }},
	{{ {1341, 357, -530}, 0, {7164, -1274}, {255, 255, 255, 255} }},
	{{ {1052, 357, -241}, 0, {5719, -49}, {255, 255, 255, 255} }},
	{{ {-198, 0, 84}, 0, {-532, 1329}, {255, 255, 255, 255} }},
	{{ {212, 0, 84}, 0, {1518, 1329}, {255, 255, 255, 255} }},
	{{ {212, 0, -19}, 0, {1518, 892}, {255, 255, 255, 255} }},
	{{ {-198, 0, -19}, 0, {-532, 892}, {255, 255, 255, 255} }},
	{{ {1305, 408, -566}, 0, {6984, -1426}, {101, 101, 101, 255} }},
	{{ {1016, 408, -277}, 0, {5539, -201}, {101, 101, 101, 255} }},
	{{ {1016, 383, -277}, 0, {5539, -201}, {101, 101, 101, 255} }},
	{{ {1305, 383, -566}, 0, {6984, -1426}, {101, 101, 101, 255} }},
	{{ {1741, 102, -130}, 0, {9165, 422}, {101, 101, 101, 255} }},
	{{ {1452, 102, 159}, 0, {7719, 1647}, {101, 101, 101, 255} }},
	{{ {1452, 77, 159}, 0, {7719, 1647}, {101, 101, 101, 255} }},
	{{ {1741, 77, -130}, 0, {9165, 422}, {101, 101, 101, 255} }},
	{{ {1524, 51, 231}, 0, {8079, 1952}, {255, 255, 255, 255} }},
	{{ {1814, 51, -58}, 0, {9530, 727}, {255, 255, 255, 255} }},
	{{ {1777, 51, -94}, 0, {9345, 574}, {255, 255, 255, 255} }},
	{{ {1488, 51, 195}, 0, {7899, 1800}, {255, 255, 255, 255} }},
	{{ {1561, 0, 268}, 0, {8264, 2109}, {255, 235, 235, 255} }},
	{{ {1850, 26, -21}, 0, {9710, 884}, {101, 101, 101, 255} }},
	{{ {1561, 26, 268}, 0, {8264, 2109}, {101, 101, 101, 255} }},
	{{ {1850, 0, -21}, 0, {9710, 884}, {255, 235, 235, 255} }},
	{{ {2055, 0, 186}, 0, {10736, 1761}, {255, 235, 235, 255} }},
	{{ {1543, 0, 286}, 0, {8174, 2185}, {255, 235, 235, 255} }},
	{{ {2054, 0, 1716}, 0, {10731, 8248}, {255, 235, 235, 255} }},
	{{ {1543, 0, 1209}, 0, {8174, 6098}, {255, 151, 156, 255} }},
	{{ {1814, 26, -58}, 0, {9530, 727}, {255, 255, 255, 255} }},
	{{ {1524, 26, 231}, 0, {8079, 1952}, {255, 255, 255, 255} }},
	{{ {1561, 26, 268}, 0, {8264, 2109}, {255, 255, 255, 255} }},
	{{ {1850, 26, -21}, 0, {9710, 884}, {255, 255, 255, 255} }},
	{{ {1524, 26, 231}, 0, {8079, 1952}, {101, 101, 101, 255} }},
	{{ {1814, 26, -58}, 0, {9530, 727}, {101, 101, 101, 255} }},
	{{ {1814, 51, -58}, 0, {9530, 727}, {101, 101, 101, 255} }},
	{{ {1524, 51, 231}, 0, {8079, 1952}, {101, 101, 101, 255} }},
	{{ {1705, 102, -166}, 0, {8985, 269}, {255, 255, 255, 255} }},
	{{ {1416, 102, 123}, 0, {7539, 1494}, {255, 255, 255, 255} }},
	{{ {1452, 102, 159}, 0, {7719, 1647}, {255, 255, 255, 255} }},
	{{ {1741, 102, -130}, 0, {9165, 422}, {255, 255, 255, 255} }},
	{{ {1380, 154, 87}, 0, {7359, 1342}, {255, 255, 255, 255} }},
	{{ {1669, 154, -202}, 0, {8805, 117}, {255, 255, 255, 255} }},
	{{ {1633, 154, -239}, 0, {8624, -40}, {255, 255, 255, 255} }},
	{{ {1343, 154, 50}, 0, {7174, 1185}, {255, 255, 255, 255} }},
	{{ {1669, 128, -202}, 0, {8805, 117}, {255, 255, 255, 255} }},
	{{ {1380, 128, 87}, 0, {7359, 1342}, {255, 255, 255, 255} }},
	{{ {1416, 128, 123}, 0, {7539, 1494}, {255, 255, 255, 255} }},
	{{ {1705, 128, -166}, 0, {8985, 269}, {255, 255, 255, 255} }},
	{{ {1669, 154, -202}, 0, {8805, 117}, {101, 101, 101, 255} }},
	{{ {1380, 154, 87}, 0, {7359, 1342}, {101, 101, 101, 255} }},
	{{ {1380, 128, 87}, 0, {7359, 1342}, {101, 101, 101, 255} }},
	{{ {1669, 128, -202}, 0, {8805, 117}, {101, 101, 101, 255} }},
	{{ {1632, 179, -239}, 0, {8619, -40}, {101, 101, 101, 255} }},
	{{ {1343, 179, 50}, 0, {7174, 1185}, {101, 101, 101, 255} }},
	{{ {1343, 154, 50}, 0, {7174, 1185}, {101, 101, 101, 255} }},
	{{ {1633, 154, -239}, 0, {8624, -40}, {101, 101, 101, 255} }},
	{{ {1269, 434, -602}, 0, {6804, -1579}, {101, 101, 101, 255} }},
	{{ {980, 434, -313}, 0, {5359, -354}, {101, 101, 101, 255} }},
	{{ {980, 408, -313}, 0, {5359, -354}, {101, 101, 101, 255} }},
	{{ {1269, 408, -602}, 0, {6804, -1579}, {101, 101, 101, 255} }},
	{{ {161, -449, 604}, 0, {1263, 3532}, {101, 101, 101, 255} }},
	{{ {-147, -449, 604}, 0, {-277, 3532}, {101, 101, 101, 255} }},
	{{ {-147, -486, 604}, 0, {-277, 3532}, {101, 101, 101, 255} }},
	{{ {161, -486, 604}, 0, {1263, 3532}, {101, 101, 101, 255} }},
	{{ {161, 0, 84}, 0, {1263, 1329}, {255, 255, 255, 255} }},
	{{ {-147, 0, 84}, 0, {-277, 1329}, {255, 255, 255, 255} }},
	{{ {-147, 0, 124}, 0, {-277, 1498}, {255, 255, 255, 255} }},
	{{ {161, 0, 124}, 0, {1263, 1498}, {255, 255, 255, 255} }},
	{{ {161, 0, 124}, 0, {1263, 1498}, {101, 101, 101, 255} }},
	{{ {-147, 0, 124}, 0, {-277, 1498}, {101, 101, 101, 255} }},
	{{ {-147, -37, 124}, 0, {-277, 1498}, {101, 101, 101, 255} }},
	{{ {161, -37, 124}, 0, {1263, 1498}, {101, 101, 101, 255} }},
	{{ {161, -37, 124}, 0, {1263, 1498}, {255, 255, 255, 255} }},
	{{ {-147, -37, 124}, 0, {-277, 1498}, {255, 255, 255, 255} }},
	{{ {-147, -37, 164}, 0, {-277, 1668}, {255, 255, 255, 255} }},
	{{ {161, -37, 164}, 0, {1263, 1668}, {255, 255, 255, 255} }},
	{{ {161, -37, 164}, 0, {1263, 1668}, {101, 101, 101, 255} }},
	{{ {-147, -37, 164}, 0, {-277, 1668}, {101, 101, 101, 255} }},
	{{ {-147, -75, 164}, 0, {-277, 1668}, {101, 101, 101, 255} }},
	{{ {161, -75, 164}, 0, {1263, 1668}, {101, 101, 101, 255} }},
	{{ {161, -75, 164}, 0, {1263, 1668}, {255, 255, 255, 255} }},
	{{ {-147, -75, 164}, 0, {-277, 1668}, {255, 255, 255, 255} }},
	{{ {-147, -75, 204}, 0, {-277, 1837}, {255, 255, 255, 255} }},
	{{ {161, -75, 204}, 0, {1263, 1837}, {255, 255, 255, 255} }},
	{{ {161, -75, 204}, 0, {1263, 1837}, {101, 101, 101, 255} }},
	{{ {-147, -75, 204}, 0, {-277, 1837}, {101, 101, 101, 255} }},
	{{ {-147, -112, 204}, 0, {-277, 1837}, {101, 101, 101, 255} }},
	{{ {161, -112, 204}, 0, {1263, 1837}, {101, 101, 101, 255} }},
	{{ {161, -112, 204}, 0, {1263, 1837}, {255, 255, 255, 255} }},
	{{ {-147, -112, 204}, 0, {-277, 1837}, {255, 255, 255, 255} }},
	{{ {-147, -112, 244}, 0, {-277, 2007}, {255, 255, 255, 255} }},
	{{ {161, -112, 244}, 0, {1263, 2007}, {255, 255, 255, 255} }},
	{{ {161, -112, 244}, 0, {1263, 2007}, {101, 101, 101, 255} }},
	{{ {-147, -112, 244}, 0, {-277, 2007}, {101, 101, 101, 255} }},
	{{ {-147, -150, 244}, 0, {-277, 2007}, {101, 101, 101, 255} }},
	{{ {161, -150, 244}, 0, {1263, 2007}, {101, 101, 101, 255} }},
	{{ {161, -150, 244}, 0, {1263, 2007}, {255, 255, 255, 255} }},
	{{ {-147, -150, 244}, 0, {-277, 2007}, {255, 255, 255, 255} }},
	{{ {-147, -150, 284}, 0, {-277, 2176}, {255, 255, 255, 255} }},
	{{ {161, -150, 284}, 0, {1263, 2176}, {255, 255, 255, 255} }},
	{{ {161, -150, 284}, 0, {1263, 2176}, {101, 101, 101, 255} }},
	{{ {-147, -150, 284}, 0, {-277, 2176}, {101, 101, 101, 255} }},
	{{ {-147, -187, 284}, 0, {-277, 2176}, {101, 101, 101, 255} }},
	{{ {161, -187, 284}, 0, {1263, 2176}, {101, 101, 101, 255} }},
	{{ {161, -187, 284}, 0, {1263, 2176}, {255, 255, 255, 255} }},
	{{ {-147, -187, 284}, 0, {-277, 2176}, {255, 255, 255, 255} }},
	{{ {-147, -187, 324}, 0, {-277, 2346}, {255, 255, 255, 255} }},
	{{ {161, -187, 324}, 0, {1263, 2346}, {255, 255, 255, 255} }},
	{{ {161, -187, 324}, 0, {1263, 2346}, {101, 101, 101, 255} }},
	{{ {-147, -187, 324}, 0, {-277, 2346}, {101, 101, 101, 255} }},
	{{ {-147, -224, 324}, 0, {-277, 2346}, {101, 101, 101, 255} }},
	{{ {161, -224, 324}, 0, {1263, 2346}, {101, 101, 101, 255} }},
	{{ {161, -224, 324}, 0, {1263, 2346}, {255, 255, 255, 255} }},
	{{ {-147, -224, 324}, 0, {-277, 2346}, {255, 255, 255, 255} }},
	{{ {-147, -224, 364}, 0, {-277, 2515}, {255, 255, 255, 255} }},
	{{ {161, -224, 364}, 0, {1263, 2515}, {255, 255, 255, 255} }},
	{{ {161, -224, 364}, 0, {1263, 2515}, {101, 101, 101, 255} }},
	{{ {-147, -224, 364}, 0, {-277, 2515}, {101, 101, 101, 255} }},
	{{ {-147, -262, 364}, 0, {-277, 2515}, {101, 101, 101, 255} }},
	{{ {161, -262, 364}, 0, {1263, 2515}, {101, 101, 101, 255} }},
	{{ {161, -262, 364}, 0, {1263, 2515}, {255, 255, 255, 255} }},
	{{ {-147, -262, 364}, 0, {-277, 2515}, {255, 255, 255, 255} }},
	{{ {-147, -262, 404}, 0, {-277, 2685}, {255, 255, 255, 255} }},
	{{ {161, -262, 404}, 0, {1263, 2685}, {255, 255, 255, 255} }},
	{{ {161, -262, 404}, 0, {1263, 2685}, {101, 101, 101, 255} }},
	{{ {-147, -262, 404}, 0, {-277, 2685}, {101, 101, 101, 255} }},
	{{ {-147, -299, 404}, 0, {-277, 2685}, {101, 101, 101, 255} }},
	{{ {161, -299, 404}, 0, {1263, 2685}, {101, 101, 101, 255} }},
	{{ {161, -299, 404}, 0, {1263, 2685}, {255, 255, 255, 255} }},
	{{ {-147, -299, 404}, 0, {-277, 2685}, {255, 255, 255, 255} }},
	{{ {-147, -299, 444}, 0, {-277, 2854}, {255, 255, 255, 255} }},
	{{ {161, -299, 444}, 0, {1263, 2854}, {255, 255, 255, 255} }},
	{{ {161, -299, 444}, 0, {1263, 2854}, {101, 101, 101, 255} }},
	{{ {-147, -299, 444}, 0, {-277, 2854}, {101, 101, 101, 255} }},
	{{ {-147, -336, 444}, 0, {-277, 2854}, {101, 101, 101, 255} }},
	{{ {161, -336, 444}, 0, {1263, 2854}, {101, 101, 101, 255} }},
	{{ {161, -336, 444}, 0, {1263, 2854}, {255, 255, 255, 255} }},
	{{ {-147, -336, 444}, 0, {-277, 2854}, {255, 255, 255, 255} }},
	{{ {-147, -336, 484}, 0, {-277, 3023}, {255, 255, 255, 255} }},
	{{ {161, -336, 484}, 0, {1263, 3023}, {255, 255, 255, 255} }},
	{{ {161, -336, 484}, 0, {1263, 3023}, {101, 101, 101, 255} }},
	{{ {-147, -336, 484}, 0, {-277, 3023}, {101, 101, 101, 255} }},
	{{ {-147, -374, 484}, 0, {-277, 3023}, {101, 101, 101, 255} }},
	{{ {161, -374, 484}, 0, {1263, 3023}, {101, 101, 101, 255} }},
	{{ {161, -374, 484}, 0, {1263, 3023}, {255, 255, 255, 255} }},
	{{ {-147, -374, 484}, 0, {-277, 3023}, {255, 255, 255, 255} }},
	{{ {-147, -374, 524}, 0, {-277, 3193}, {255, 255, 255, 255} }},
	{{ {161, -374, 524}, 0, {1263, 3193}, {255, 255, 255, 255} }},
	{{ {161, -374, 524}, 0, {1263, 3193}, {101, 101, 101, 255} }},
	{{ {-147, -374, 524}, 0, {-277, 3193}, {101, 101, 101, 255} }},
	{{ {-147, -411, 524}, 0, {-277, 3193}, {101, 101, 101, 255} }},
	{{ {161, -411, 524}, 0, {1263, 3193}, {101, 101, 101, 255} }},
	{{ {161, -411, 524}, 0, {1263, 3193}, {255, 255, 255, 255} }},
	{{ {-147, -411, 524}, 0, {-277, 3193}, {255, 255, 255, 255} }},
	{{ {-147, -411, 564}, 0, {-277, 3362}, {255, 255, 255, 255} }},
	{{ {161, -411, 564}, 0, {1263, 3362}, {255, 255, 255, 255} }},
	{{ {161, -411, 564}, 0, {1263, 3362}, {101, 101, 101, 255} }},
	{{ {-147, -411, 564}, 0, {-277, 3362}, {101, 101, 101, 255} }},
	{{ {-147, -449, 564}, 0, {-277, 3362}, {101, 101, 101, 255} }},
	{{ {161, -449, 564}, 0, {1263, 3362}, {101, 101, 101, 255} }},
	{{ {161, -449, 564}, 0, {1263, 3362}, {255, 255, 255, 255} }},
	{{ {-147, -449, 564}, 0, {-277, 3362}, {255, 255, 255, 255} }},
	{{ {-147, -449, 604}, 0, {-277, 3532}, {255, 255, 255, 255} }},
	{{ {161, -449, 604}, 0, {1263, 3532}, {255, 255, 255, 255} }},
	{{ {1777, 77, -94}, 0, {9345, 574}, {101, 101, 101, 255} }},
	{{ {1488, 77, 195}, 0, {7899, 1800}, {101, 101, 101, 255} }},
	{{ {1488, 51, 195}, 0, {7899, 1800}, {101, 101, 101, 255} }},
	{{ {1777, 51, -94}, 0, {9345, 574}, {101, 101, 101, 255} }},
	{{ {1488, 77, 195}, 0, {7899, 1800}, {255, 255, 255, 255} }},
	{{ {1777, 77, -94}, 0, {9345, 574}, {255, 255, 255, 255} }},
	{{ {1741, 77, -130}, 0, {9165, 422}, {255, 255, 255, 255} }},
	{{ {1452, 77, 159}, 0, {7719, 1647}, {255, 255, 255, 255} }},
	{{ {1487, 281, -384}, 0, {7894, -655}, {101, 101, 101, 255} }},
	{{ {1198, 281, -95}, 0, {6449, 570}, {101, 101, 101, 255} }},
	{{ {1198, 255, -95}, 0, {6449, 570}, {101, 101, 101, 255} }},
	{{ {1487, 255, -384}, 0, {7894, -655}, {101, 101, 101, 255} }},
	{{ {1523, 255, -348}, 0, {8074, -502}, {101, 101, 101, 255} }},
	{{ {1234, 255, -59}, 0, {6629, 723}, {101, 101, 101, 255} }},
	{{ {1234, 230, -59}, 0, {6629, 723}, {101, 101, 101, 255} }},
	{{ {1523, 230, -348}, 0, {8074, -502}, {101, 101, 101, 255} }},
	{{ {1306, 204, 13}, 0, {6989, 1028}, {255, 255, 255, 255} }},
	{{ {1596, 204, -276}, 0, {8439, -197}, {255, 255, 255, 255} }},
	{{ {1559, 204, -312}, 0, {8254, -350}, {255, 255, 255, 255} }},
	{{ {1270, 204, -23}, 0, {6809, 875}, {255, 255, 255, 255} }},
	{{ {1596, 179, -275}, 0, {8439, -193}, {255, 255, 255, 255} }},
	{{ {1306, 179, 13}, 0, {6989, 1028}, {255, 255, 255, 255} }},
	{{ {1343, 179, 50}, 0, {7174, 1185}, {255, 255, 255, 255} }},
	{{ {1632, 179, -239}, 0, {8619, -40}, {255, 255, 255, 255} }},
	{{ {1306, 179, 13}, 0, {6989, 1028}, {101, 101, 101, 255} }},
	{{ {1596, 179, -275}, 0, {8439, -193}, {101, 101, 101, 255} }},
	{{ {1596, 204, -276}, 0, {8439, -197}, {101, 101, 101, 255} }},
	{{ {1306, 204, 13}, 0, {6989, 1028}, {101, 101, 101, 255} }},
	{{ {1125, 332, -168}, 0, {6084, 261}, {255, 255, 255, 255} }},
	{{ {1414, 332, -457}, 0, {7529, -964}, {255, 255, 255, 255} }},
	{{ {1378, 332, -493}, 0, {7349, -1117}, {255, 255, 255, 255} }},
	{{ {1089, 332, -204}, 0, {5904, 108}, {255, 255, 255, 255} }},
	{{ {1487, 255, -384}, 0, {7894, -655}, {255, 255, 255, 255} }},
	{{ {1198, 255, -95}, 0, {6449, 570}, {255, 255, 255, 255} }},
	{{ {1234, 255, -59}, 0, {6629, 723}, {255, 255, 255, 255} }},
	{{ {1523, 255, -348}, 0, {8074, -502}, {255, 255, 255, 255} }},
	{{ {1162, 307, -131}, 0, {6269, 418}, {255, 255, 255, 255} }},
	{{ {1451, 307, -420}, 0, {7714, -808}, {255, 255, 255, 255} }},
	{{ {1415, 307, -457}, 0, {7534, -964}, {255, 255, 255, 255} }},
	{{ {1125, 307, -168}, 0, {6084, 261}, {255, 255, 255, 255} }},
	{{ {1451, 281, -420}, 0, {7714, -808}, {255, 255, 255, 255} }},
	{{ {1162, 281, -131}, 0, {6269, 418}, {255, 255, 255, 255} }},
	{{ {1198, 281, -95}, 0, {6449, 570}, {255, 255, 255, 255} }},
	{{ {1487, 281, -384}, 0, {7894, -655}, {255, 255, 255, 255} }},
	{{ {1451, 307, -420}, 0, {7714, -808}, {101, 101, 101, 255} }},
	{{ {1162, 307, -131}, 0, {6269, 418}, {101, 101, 101, 255} }},
	{{ {1162, 281, -131}, 0, {6269, 418}, {101, 101, 101, 255} }},
	{{ {1451, 281, -420}, 0, {7714, -808}, {101, 101, 101, 255} }},
	{{ {1414, 332, -457}, 0, {7529, -964}, {101, 101, 101, 255} }},
	{{ {1125, 332, -168}, 0, {6084, 261}, {101, 101, 101, 255} }},
	{{ {1125, 307, -168}, 0, {6084, 261}, {101, 101, 101, 255} }},
	{{ {1415, 307, -457}, 0, {7534, -964}, {101, 101, 101, 255} }},
	{{ {1559, 230, -312}, 0, {8254, -350}, {101, 101, 101, 255} }},
	{{ {1270, 230, -23}, 0, {6809, 875}, {101, 101, 101, 255} }},
	{{ {1270, 204, -23}, 0, {6809, 875}, {101, 101, 101, 255} }},
	{{ {1559, 204, -312}, 0, {8254, -350}, {101, 101, 101, 255} }},
	{{ {1270, 230, -23}, 0, {6809, 875}, {255, 255, 255, 255} }},
	{{ {1559, 230, -312}, 0, {8254, -350}, {255, 255, 255, 255} }},
	{{ {1523, 230, -348}, 0, {8074, -502}, {255, 255, 255, 255} }},
	{{ {1234, 230, -59}, 0, {6629, 723}, {255, 255, 255, 255} }},
	{{ {1161, 512, -711}, 0, {6264, -2041}, {101, 101, 101, 255} }},
	{{ {871, 512, -422}, 0, {4814, -816}, {101, 101, 101, 255} }},
	{{ {871, 485, -422}, 0, {4814, -816}, {101, 101, 101, 255} }},
	{{ {1160, 485, -711}, 0, {6259, -2041}, {101, 101, 101, 255} }},
	{{ {1089, 332, -204}, 0, {5904, 108}, {101, 101, 101, 255} }},
	{{ {1378, 332, -493}, 0, {7349, -1117}, {101, 101, 101, 255} }},
	{{ {1378, 357, -494}, 0, {7349, -1121}, {101, 101, 101, 255} }},
	{{ {1088, 357, -205}, 0, {5899, 104}, {101, 101, 101, 255} }},
	{{ {907, 485, -386}, 0, {4994, -663}, {255, 255, 255, 255} }},
	{{ {1197, 485, -675}, 0, {6444, -1889}, {255, 255, 255, 255} }},
	{{ {1160, 485, -711}, 0, {6259, -2041}, {255, 255, 255, 255} }},
	{{ {871, 485, -422}, 0, {4814, -816}, {255, 255, 255, 255} }},
	{{ {1269, 408, -602}, 0, {6804, -1579}, {255, 255, 255, 255} }},
	{{ {980, 408, -313}, 0, {5359, -354}, {255, 255, 255, 255} }},
	{{ {1016, 408, -277}, 0, {5539, -201}, {255, 255, 255, 255} }},
	{{ {1305, 408, -566}, 0, {6984, -1426}, {255, 255, 255, 255} }},
	{{ {944, 460, -349}, 0, {5179, -507}, {255, 255, 255, 255} }},
	{{ {1233, 460, -638}, 0, {6624, -1732}, {255, 255, 255, 255} }},
	{{ {1197, 460, -675}, 0, {6444, -1889}, {255, 255, 255, 255} }},
	{{ {907, 460, -386}, 0, {4994, -663}, {255, 255, 255, 255} }},
	{{ {1233, 434, -638}, 0, {6624, -1732}, {255, 255, 255, 255} }},
	{{ {944, 434, -349}, 0, {5179, -507}, {255, 255, 255, 255} }},
	{{ {980, 434, -313}, 0, {5359, -354}, {255, 255, 255, 255} }},
	{{ {1269, 434, -602}, 0, {6804, -1579}, {255, 255, 255, 255} }},
	{{ {1233, 460, -638}, 0, {6624, -1732}, {101, 101, 101, 255} }},
	{{ {944, 460, -349}, 0, {5179, -507}, {101, 101, 101, 255} }},
	{{ {944, 434, -349}, 0, {5179, -507}, {101, 101, 101, 255} }},
	{{ {1233, 434, -638}, 0, {6624, -1732}, {101, 101, 101, 255} }},
	{{ {1197, 485, -675}, 0, {6444, -1889}, {101, 101, 101, 255} }},
	{{ {907, 485, -386}, 0, {4994, -663}, {101, 101, 101, 255} }},
	{{ {907, 460, -386}, 0, {4994, -663}, {101, 101, 101, 255} }},
	{{ {1197, 460, -675}, 0, {6444, -1889}, {101, 101, 101, 255} }},
	{{ {1341, 383, -530}, 0, {7164, -1274}, {101, 101, 101, 255} }},
	{{ {1052, 383, -241}, 0, {5719, -49}, {101, 101, 101, 255} }},
	{{ {1052, 357, -241}, 0, {5719, -49}, {101, 101, 101, 255} }},
	{{ {1341, 357, -530}, 0, {7164, -1274}, {101, 101, 101, 255} }},
	{{ {1052, 383, -241}, 0, {5719, -49}, {255, 255, 255, 255} }},
	{{ {1341, 383, -530}, 0, {7164, -1274}, {255, 255, 255, 255} }},
	{{ {1305, 383, -566}, 0, {6984, -1426}, {255, 255, 255, 255} }},
	{{ {1016, 383, -277}, 0, {5539, -201}, {255, 255, 255, 255} }},
	{{ {-1690, 128, -165}, 0, {-7994, 273}, {101, 101, 101, 255} }},
	{{ {-1690, 102, -165}, 0, {-7994, 273}, {101, 101, 101, 255} }},
	{{ {-1401, 102, 124}, 0, {-6548, 1499}, {101, 101, 101, 255} }},
	{{ {-1401, 128, 124}, 0, {-6548, 1499}, {101, 101, 101, 255} }},
	{{ {-1073, 357, -204}, 0, {-4908, 108}, {255, 255, 255, 255} }},
	{{ {-1037, 357, -240}, 0, {-4728, -44}, {255, 255, 255, 255} }},
	{{ {-1326, 357, -529}, 0, {-6173, -1270}, {255, 255, 255, 255} }},
	{{ {-1363, 357, -493}, 0, {-6358, -1117}, {255, 255, 255, 255} }},
	{{ {-1290, 408, -565}, 0, {-5993, -1422}, {101, 101, 101, 255} }},
	{{ {-1290, 383, -565}, 0, {-5993, -1422}, {101, 101, 101, 255} }},
	{{ {-1001, 383, -276}, 0, {-4548, -197}, {101, 101, 101, 255} }},
	{{ {-1001, 408, -276}, 0, {-4548, -197}, {101, 101, 101, 255} }},
	{{ {-1726, 102, -129}, 0, {-8174, 426}, {101, 101, 101, 255} }},
	{{ {-1726, 77, -129}, 0, {-8174, 426}, {101, 101, 101, 255} }},
	{{ {-1437, 77, 160}, 0, {-6728, 1651}, {101, 101, 101, 255} }},
	{{ {-1437, 102, 160}, 0, {-6728, 1651}, {101, 101, 101, 255} }},
	{{ {-1509, 51, 232}, 0, {-7088, 1956}, {255, 255, 255, 255} }},
	{{ {-1473, 51, 196}, 0, {-6908, 1804}, {255, 255, 255, 255} }},
	{{ {-1762, 51, -93}, 0, {-8354, 579}, {255, 255, 255, 255} }},
	{{ {-1799, 51, -57}, 0, {-8539, 731}, {255, 255, 255, 255} }},
	{{ {-1546, 0, 269}, 0, {-7274, 2113}, {101, 101, 101, 255} }},
	{{ {-1546, 26, 269}, 0, {-7274, 2113}, {101, 101, 101, 255} }},
	{{ {-1835, 26, -20}, 0, {-8719, 888}, {101, 101, 101, 255} }},
	{{ {-1835, 0, -20}, 0, {-8719, 888}, {101, 101, 101, 255} }},
	{{ {-1799, 26, -57}, 0, {-8539, 731}, {255, 255, 255, 255} }},
	{{ {-1835, 26, -20}, 0, {-8719, 888}, {255, 255, 255, 255} }},
	{{ {-1546, 26, 269}, 0, {-7274, 2113}, {255, 255, 255, 255} }},
	{{ {-1509, 26, 232}, 0, {-7088, 1956}, {255, 255, 255, 255} }},
	{{ {-1509, 26, 232}, 0, {-7088, 1956}, {101, 101, 101, 255} }},
	{{ {-1509, 51, 232}, 0, {-7088, 1956}, {101, 101, 101, 255} }},
	{{ {-1799, 51, -57}, 0, {-8539, 731}, {101, 101, 101, 255} }},
	{{ {-1799, 26, -57}, 0, {-8539, 731}, {101, 101, 101, 255} }},
	{{ {-1690, 102, -165}, 0, {-7994, 273}, {255, 255, 255, 255} }},
	{{ {-1726, 102, -129}, 0, {-8174, 426}, {255, 255, 255, 255} }},
	{{ {-1437, 102, 160}, 0, {-6728, 1651}, {255, 255, 255, 255} }},
	{{ {-1401, 102, 124}, 0, {-6548, 1499}, {255, 255, 255, 255} }},
	{{ {-1365, 154, 88}, 0, {-6368, 1346}, {255, 255, 255, 255} }},
	{{ {-1328, 154, 51}, 0, {-6183, 1189}, {255, 255, 255, 255} }},
	{{ {-1618, 154, -238}, 0, {-7634, -36}, {255, 255, 255, 255} }},
	{{ {-1654, 154, -201}, 0, {-7814, 121}, {255, 255, 255, 255} }},
	{{ {-1654, 128, -201}, 0, {-7814, 121}, {255, 255, 255, 255} }},
	{{ {-1690, 128, -165}, 0, {-7994, 273}, {255, 255, 255, 255} }},
	{{ {-1401, 128, 124}, 0, {-6548, 1499}, {255, 255, 255, 255} }},
	{{ {-1365, 128, 88}, 0, {-6368, 1346}, {255, 255, 255, 255} }},
	{{ {-1654, 154, -201}, 0, {-7814, 121}, {101, 101, 101, 255} }},
	{{ {-1654, 128, -201}, 0, {-7814, 121}, {101, 101, 101, 255} }},
	{{ {-1365, 128, 88}, 0, {-6368, 1346}, {101, 101, 101, 255} }},
	{{ {-1365, 154, 88}, 0, {-6368, 1346}, {101, 101, 101, 255} }},
	{{ {-1617, 179, -238}, 0, {-7629, -36}, {101, 101, 101, 255} }},
	{{ {-1618, 154, -238}, 0, {-7634, -36}, {101, 101, 101, 255} }},
	{{ {-1328, 154, 51}, 0, {-6183, 1189}, {101, 101, 101, 255} }},
	{{ {-1328, 179, 51}, 0, {-6183, 1189}, {101, 101, 101, 255} }},
	{{ {-1254, 434, -601}, 0, {-5813, -1575}, {101, 101, 101, 255} }},
	{{ {-1254, 408, -601}, 0, {-5813, -1575}, {101, 101, 101, 255} }},
	{{ {-965, 408, -312}, 0, {-4368, -350}, {101, 101, 101, 255} }},
	{{ {-965, 434, -312}, 0, {-4368, -350}, {101, 101, 101, 255} }},
	{{ {-1762, 77, -93}, 0, {-8354, 579}, {101, 101, 101, 255} }},
	{{ {-1762, 51, -93}, 0, {-8354, 579}, {101, 101, 101, 255} }},
	{{ {-1473, 51, 196}, 0, {-6908, 1804}, {101, 101, 101, 255} }},
	{{ {-1473, 77, 196}, 0, {-6908, 1804}, {101, 101, 101, 255} }},
	{{ {-1473, 77, 196}, 0, {-6908, 1804}, {255, 255, 255, 255} }},
	{{ {-1437, 77, 160}, 0, {-6728, 1651}, {255, 255, 255, 255} }},
	{{ {-1726, 77, -129}, 0, {-8174, 426}, {255, 255, 255, 255} }},
	{{ {-1762, 77, -93}, 0, {-8354, 579}, {255, 255, 255, 255} }},
	{{ {-1472, 281, -383}, 0, {-6903, -651}, {101, 101, 101, 255} }},
	{{ {-1472, 255, -383}, 0, {-6903, -651}, {101, 101, 101, 255} }},
	{{ {-1183, 255, -94}, 0, {-5458, 574}, {101, 101, 101, 255} }},
	{{ {-1183, 281, -94}, 0, {-5458, 574}, {101, 101, 101, 255} }},
	{{ {-1508, 255, -347}, 0, {-7083, -498}, {101, 101, 101, 255} }},
	{{ {-1508, 230, -347}, 0, {-7083, -498}, {101, 101, 101, 255} }},
	{{ {-1219, 230, -58}, 0, {-5638, 727}, {101, 101, 101, 255} }},
	{{ {-1219, 255, -58}, 0, {-5638, 727}, {101, 101, 101, 255} }},
	{{ {-1291, 204, 14}, 0, {-5998, 1032}, {255, 255, 255, 255} }},
	{{ {-1255, 204, -22}, 0, {-5818, 880}, {255, 255, 255, 255} }},
	{{ {-1544, 204, -311}, 0, {-7264, -345}, {255, 255, 255, 255} }},
	{{ {-1581, 204, -275}, 0, {-7449, -193}, {255, 255, 255, 255} }},
	{{ {-1581, 179, -274}, 0, {-7449, -189}, {255, 255, 255, 255} }},
	{{ {-1617, 179, -238}, 0, {-7629, -36}, {255, 255, 255, 255} }},
	{{ {-1328, 179, 51}, 0, {-6183, 1189}, {255, 255, 255, 255} }},
	{{ {-1291, 179, 14}, 0, {-5998, 1032}, {255, 255, 255, 255} }},
	{{ {-1291, 179, 14}, 0, {-5998, 1032}, {101, 101, 101, 255} }},
	{{ {-1291, 204, 14}, 0, {-5998, 1032}, {101, 101, 101, 255} }},
	{{ {-1581, 204, -275}, 0, {-7449, -193}, {101, 101, 101, 255} }},
	{{ {-1581, 179, -274}, 0, {-7449, -189}, {101, 101, 101, 255} }},
	{{ {-1110, 332, -167}, 0, {-5093, 265}, {255, 255, 255, 255} }},
	{{ {-1074, 332, -203}, 0, {-4913, 112}, {255, 255, 255, 255} }},
	{{ {-1363, 332, -492}, 0, {-6358, -1113}, {255, 255, 255, 255} }},
	{{ {-1399, 332, -456}, 0, {-6538, -960}, {255, 255, 255, 255} }},
	{{ {-1472, 255, -383}, 0, {-6903, -651}, {255, 255, 255, 255} }},
	{{ {-1508, 255, -347}, 0, {-7083, -498}, {255, 255, 255, 255} }},
	{{ {-1219, 255, -58}, 0, {-5638, 727}, {255, 255, 255, 255} }},
	{{ {-1183, 255, -94}, 0, {-5458, 574}, {255, 255, 255, 255} }},
	{{ {-1147, 307, -130}, 0, {-5278, 422}, {255, 255, 255, 255} }},
	{{ {-1110, 307, -167}, 0, {-5093, 265}, {255, 255, 255, 255} }},
	{{ {-1400, 307, -456}, 0, {-6543, -960}, {255, 255, 255, 255} }},
	{{ {-1436, 307, -419}, 0, {-6723, -803}, {255, 255, 255, 255} }},
	{{ {-1436, 281, -419}, 0, {-6723, -803}, {255, 255, 255, 255} }},
	{{ {-1472, 281, -383}, 0, {-6903, -651}, {255, 255, 255, 255} }},
	{{ {-1183, 281, -94}, 0, {-5458, 574}, {255, 255, 255, 255} }},
	{{ {-1147, 281, -130}, 0, {-5278, 422}, {255, 255, 255, 255} }},
	{{ {-1436, 307, -419}, 0, {-6723, -803}, {101, 101, 101, 255} }},
	{{ {-1436, 281, -419}, 0, {-6723, -803}, {101, 101, 101, 255} }},
	{{ {-1147, 281, -130}, 0, {-5278, 422}, {101, 101, 101, 255} }},
	{{ {-1147, 307, -130}, 0, {-5278, 422}, {101, 101, 101, 255} }},
	{{ {-1399, 332, -456}, 0, {-6538, -960}, {101, 101, 101, 255} }},
	{{ {-1400, 307, -456}, 0, {-6543, -960}, {101, 101, 101, 255} }},
	{{ {-1110, 307, -167}, 0, {-5093, 265}, {101, 101, 101, 255} }},
	{{ {-1110, 332, -167}, 0, {-5093, 265}, {101, 101, 101, 255} }},
	{{ {-1544, 230, -311}, 0, {-7264, -345}, {101, 101, 101, 255} }},
	{{ {-1544, 204, -311}, 0, {-7264, -345}, {101, 101, 101, 255} }},
	{{ {-1255, 204, -22}, 0, {-5818, 880}, {101, 101, 101, 255} }},
	{{ {-1255, 230, -22}, 0, {-5818, 880}, {101, 101, 101, 255} }},
	{{ {-1255, 230, -22}, 0, {-5818, 880}, {255, 255, 255, 255} }},
	{{ {-1219, 230, -58}, 0, {-5638, 727}, {255, 255, 255, 255} }},
	{{ {-1508, 230, -347}, 0, {-7083, -498}, {255, 255, 255, 255} }},
	{{ {-1544, 230, -311}, 0, {-7264, -345}, {255, 255, 255, 255} }},
	{{ {-1146, 512, -710}, 0, {-5273, -2037}, {101, 101, 101, 255} }},
	{{ {-1145, 485, -710}, 0, {-5268, -2037}, {101, 101, 101, 255} }},
	{{ {-856, 485, -421}, 0, {-3823, -812}, {101, 101, 101, 255} }},
	{{ {-856, 512, -421}, 0, {-3823, -812}, {101, 101, 101, 255} }},
	{{ {-1074, 332, -203}, 0, {-4913, 112}, {101, 101, 101, 255} }},
	{{ {-1073, 357, -204}, 0, {-4908, 108}, {101, 101, 101, 255} }},
	{{ {-1363, 357, -493}, 0, {-6358, -1117}, {101, 101, 101, 255} }},
	{{ {-1363, 332, -492}, 0, {-6358, -1113}, {101, 101, 101, 255} }},
	{{ {-892, 485, -385}, 0, {-4003, -659}, {255, 255, 255, 255} }},
	{{ {-856, 485, -421}, 0, {-3823, -812}, {255, 255, 255, 255} }},
	{{ {-1145, 485, -710}, 0, {-5268, -2037}, {255, 255, 255, 255} }},
	{{ {-1182, 485, -674}, 0, {-5453, -1884}, {255, 255, 255, 255} }},
	{{ {-1254, 408, -601}, 0, {-5813, -1575}, {255, 255, 255, 255} }},
	{{ {-1290, 408, -565}, 0, {-5993, -1422}, {255, 255, 255, 255} }},
	{{ {-1001, 408, -276}, 0, {-4548, -197}, {255, 255, 255, 255} }},
	{{ {-965, 408, -312}, 0, {-4368, -350}, {255, 255, 255, 255} }},
	{{ {-929, 460, -348}, 0, {-4188, -502}, {255, 255, 255, 255} }},
	{{ {-892, 460, -385}, 0, {-4003, -659}, {255, 255, 255, 255} }},
	{{ {-1182, 460, -674}, 0, {-5453, -1884}, {255, 255, 255, 255} }},
	{{ {-1218, 460, -637}, 0, {-5633, -1727}, {255, 255, 255, 255} }},
	{{ {-1218, 434, -637}, 0, {-5633, -1727}, {255, 255, 255, 255} }},
	{{ {-1254, 434, -601}, 0, {-5813, -1575}, {255, 255, 255, 255} }},
	{{ {-965, 434, -312}, 0, {-4368, -350}, {255, 255, 255, 255} }},
	{{ {-929, 434, -348}, 0, {-4188, -502}, {255, 255, 255, 255} }},
	{{ {-1218, 460, -637}, 0, {-5633, -1727}, {101, 101, 101, 255} }},
	{{ {-1218, 434, -637}, 0, {-5633, -1727}, {101, 101, 101, 255} }},
	{{ {-929, 434, -348}, 0, {-4188, -502}, {101, 101, 101, 255} }},
	{{ {-929, 460, -348}, 0, {-4188, -502}, {101, 101, 101, 255} }},
	{{ {-1182, 485, -674}, 0, {-5453, -1884}, {101, 101, 101, 255} }},
	{{ {-1182, 460, -674}, 0, {-5453, -1884}, {101, 101, 101, 255} }},
	{{ {-892, 460, -385}, 0, {-4003, -659}, {101, 101, 101, 255} }},
	{{ {-892, 485, -385}, 0, {-4003, -659}, {101, 101, 101, 255} }},
	{{ {-1326, 383, -529}, 0, {-6173, -1270}, {101, 101, 101, 255} }},
	{{ {-1326, 357, -529}, 0, {-6173, -1270}, {101, 101, 101, 255} }},
	{{ {-1037, 357, -240}, 0, {-4728, -44}, {101, 101, 101, 255} }},
	{{ {-1037, 383, -240}, 0, {-4728, -44}, {101, 101, 101, 255} }},
	{{ {-1037, 383, -240}, 0, {-4728, -44}, {255, 255, 255, 255} }},
	{{ {-1001, 383, -276}, 0, {-4548, -197}, {255, 255, 255, 255} }},
	{{ {-1290, 383, -565}, 0, {-5993, -1422}, {255, 255, 255, 255} }},
	{{ {-1326, 383, -529}, 0, {-6173, -1270}, {255, 255, 255, 255} }},
	{{ {-1528, 0, 287}, 0, {-7184, 2190}, {255, 235, 235, 255} }},
	{{ {-2039, 0, 1716}, 0, {-9739, 8248}, {255, 235, 235, 255} }},
	{{ {-1528, 0, 1209}, 0, {-7184, 6098}, {255, 235, 235, 255} }},
	{{ {-2040, 0, 186}, 0, {-9744, 1761}, {255, 235, 235, 255} }},
	{{ {-1546, 0, 269}, 0, {-7274, 2113}, {255, 235, 235, 255} }},
	{{ {-1835, 0, -20}, 0, {-8719, 888}, {255, 235, 235, 255} }},
	{{ {1209, -588, 2252}, 0, {6504, 10520}, {255, 255, 255, 255} }},
	{{ {1209, -588, 2303}, 0, {6504, 10736}, {255, 255, 255, 255} }},
	{{ {1363, -588, 2303}, 0, {7274, 10736}, {255, 255, 255, 255} }},
	{{ {1363, -588, 2252}, 0, {7274, 10520}, {255, 255, 255, 255} }},
	{{ {-1349, -588, 2252}, 0, {-6288, 10520}, {255, 255, 255, 255} }},
	{{ {-1349, -588, 2303}, 0, {-6288, 10736}, {255, 255, 255, 255} }},
	{{ {-1195, -588, 2303}, 0, {-5518, 10736}, {255, 255, 255, 255} }},
	{{ {-1195, -588, 2252}, 0, {-5518, 10520}, {255, 255, 255, 255} }},
	{{ {-856, 512, -421}, 0, {-3823, -812}, {255, 255, 255, 255} }},
	{{ {-1109, 512, -746}, 0, {-5088, -2190}, {255, 255, 255, 255} }},
	{{ {-1146, 512, -710}, 0, {-5273, -2037}, {255, 255, 255, 255} }},
	{{ {-819, 512, -456}, 0, {-3638, -960}, {255, 255, 255, 255} }},
	{{ {-505, 512, -1350}, 0, {-2068, -4750}, {255, 255, 255, 255} }},
	{{ {-215, 512, -1060}, 0, {-617, -3521}, {255, 255, 255, 255} }},
	{{ {521, 512, -1351}, 0, {3058, -4754}, {255, 255, 255, 255} }},
	{{ {230, 512, -1060}, 0, {1608, -3521}, {255, 255, 255, 255} }},
	{{ {876, 512, -995}, 0, {4840, -3244}, {255, 255, 255, 255} }},
	{{ {1124, 512, -747}, 0, {6079, -2194}, {255, 255, 255, 255} }},
	{{ {834, 512, -457}, 0, {4629, -964}, {255, 255, 255, 255} }},
	{{ {871, 512, -422}, 0, {4814, -816}, {255, 255, 255, 255} }},
	{{ {871, 512, -422}, 0, {4814, -816}, {255, 255, 255, 255} }},
	{{ {1161, 512, -711}, 0, {6264, -2041}, {255, 255, 255, 255} }},
	{{ {1124, 512, -747}, 0, {6079, -2194}, {255, 255, 255, 255} }},
	{{ {876, 512, -995}, 0, {4840, -3244}, {255, 255, 255, 255} }},
	{{ {768, 512, -1104}, 0, {4297, -3704}, {255, 255, 255, 255} }},
	{{ {521, 512, -1351}, 0, {3058, -4754}, {255, 255, 255, 255} }},
	{{ {246, 614, -3429}, 0, {-2374, -3946}, {255, 255, 255, 255} }},
	{{ {-249, 614, -3296}, 0, {-1052, 990}, {255, 255, 255, 255} }},
	{{ {263, 614, -3296}, 0, {-1052, -4120}, {255, 255, 255, 255} }},
	{{ {-249, 640, -3296}, 0, {-1052, 990}, {255, 255, 255, 255} }},
	{{ {246, 640, -3429}, 0, {-2374, -3946}, {255, 255, 255, 255} }},
	{{ {194, 640, -3552}, 0, {-3606, -3436}, {255, 255, 255, 255} }},
	{{ {194, 666, -3552}, 0, {-3606, -3436}, {255, 255, 255, 255} }},
	{{ {-249, 666, -3296}, 0, {-1052, 990}, {255, 255, 255, 255} }},
	{{ {113, 666, -3658}, 0, {-4666, -2624}, {255, 255, 255, 255} }},
	{{ {-249, 691, -3296}, 0, {-1052, 990}, {255, 255, 255, 255} }},
	{{ {-249, 691, -3296}, 0, {-1052, 990}, {255, 255, 255, 255} }},
	{{ {113, 666, -3658}, 0, {-4666, -2624}, {255, 255, 255, 255} }},
	{{ {113, 691, -3658}, 0, {-4666, -2624}, {255, 255, 255, 255} }},
	{{ {7, 691, -3740}, 0, {-5478, -1566}, {255, 255, 255, 255} }},
	{{ {-249, 717, -3296}, 0, {-1052, 990}, {255, 255, 255, 255} }},
	{{ {7, 717, -3740}, 0, {-5478, -1566}, {255, 255, 255, 255} }},
	{{ {-116, 717, -3791}, 0, {-5988, -332}, {255, 255, 255, 255} }},
	{{ {-249, 742, -3296}, 0, {-1052, 990}, {255, 255, 255, 255} }},
	{{ {-116, 742, -3791}, 0, {-5988, -332}, {255, 255, 255, 255} }},
	{{ {-249, 742, -3808}, 0, {-6162, 990}, {255, 255, 255, 255} }},
	{{ {-249, 768, -3296}, 0, {-1052, 990}, {255, 255, 255, 255} }},
	{{ {-249, 768, -3808}, 0, {-6162, 990}, {255, 255, 255, 255} }},
	{{ {-1006, 512, -920}, 0, {-107, 1714}, {244, 244, 244, 255} }},
	{{ {-1049, 512, -806}, 0, {161, 2302}, {231, 231, 231, 255} }},
	{{ {-565, 512, -1290}, 0, {161, -1310}, {222, 222, 222, 255} }},
	{{ {-735, 512, -1193}, 0, {-114, -317}, {205, 171, 174, 255} }},
	{{ {-565, 512, -1290}, 0, {161, -1310}, {222, 222, 222, 255} }},
	{{ {-680, 512, -1247}, 0, {-110, -724}, {214, 199, 200, 255} }},
	{{ {-735, 512, -1193}, 0, {-114, -317}, {205, 171, 174, 255} }},
	{{ {-952, 512, -976}, 0, {-115, 1307}, {255, 255, 255, 255} }},
	{{ {-1006, 512, -920}, 0, {-107, 1714}, {244, 244, 244, 255} }},
	{{ {1364, -588, 1209}, 0, {5243, 807}, {255, 255, 255, 255} }},
	{{ {1364, -588, 1161}, 0, {5090, 960}, {255, 255, 255, 255} }},
	{{ {1210, -588, 1160}, 0, {4548, 418}, {255, 255, 255, 255} }},
	{{ {1210, -588, 1209}, 0, {4704, 262}, {255, 255, 255, 255} }},
	{{ {-1195, -588, 1209}, 0, {5243, 807}, {255, 255, 255, 255} }},
	{{ {-1195, -588, 1161}, 0, {5090, 960}, {255, 255, 255, 255} }},
	{{ {-1349, -588, 1160}, 0, {4548, 418}, {255, 255, 255, 255} }},
	{{ {-1349, -588, 1209}, 0, {4704, 262}, {255, 255, 255, 255} }},
	{{ {768, 512, -1104}, 0, {240, 756}, {255, 255, 255, 255} }},
	{{ {876, 512, -995}, 0, {240, 235}, {255, 255, 255, 255} }},
	{{ {912, 512, -1031}, 0, {67, 236}, {255, 255, 255, 255} }},
	{{ {768, 512, -1104}, 0, {240, 756}, {255, 255, 255, 255} }},
	{{ {912, 512, -1031}, 0, {67, 236}, {255, 255, 255, 255} }},
	{{ {804, 512, -1140}, 0, {67, 757}, {255, 255, 255, 255} }},
};

Gfx castle_inside_dl_mainroom_001_mesh_layer_1_tri_2[] = {
	gsSPVertex(castle_inside_dl_mainroom_001_mesh_layer_1_vtx_2 + 0, 16, 0),
	gsSP1Triangle(0, 1, 2, 0),
	gsSP1Triangle(2, 3, 0, 0),
	gsSP1Triangle(2, 4, 3, 0),
	gsSP1Triangle(5, 6, 7, 0),
	gsSP1Triangle(5, 7, 8, 0),
	gsSP1Triangle(9, 10, 11, 0),
	gsSP1Triangle(9, 11, 12, 0),
	gsSP1Triangle(13, 14, 15, 0),
	gsSPVertex(castle_inside_dl_mainroom_001_mesh_layer_1_vtx_2 + 16, 15, 0),
	gsSP1Triangle(0, 1, 2, 0),
	gsSP1Triangle(3, 4, 5, 0),
	gsSP1Triangle(3, 5, 6, 0),
	gsSP1Triangle(7, 8, 9, 0),
	gsSP1Triangle(7, 9, 10, 0),
	gsSP1Triangle(11, 12, 13, 0),
	gsSP1Triangle(11, 13, 14, 0),
	gsSPVertex(castle_inside_dl_mainroom_001_mesh_layer_1_vtx_2 + 31, 16, 0),
	gsSP1Triangle(0, 1, 2, 0),
	gsSP1Triangle(0, 2, 3, 0),
	gsSP1Triangle(4, 5, 6, 0),
	gsSP1Triangle(4, 7, 5, 0),
	gsSP1Triangle(7, 4, 8, 0),
	gsSP1Triangle(4, 9, 8, 0),
	gsSP1Triangle(9, 10, 8, 0),
	gsSP1Triangle(9, 11, 10, 0),
	gsSP1Triangle(12, 13, 14, 0),
	gsSP1Triangle(12, 14, 15, 0),
	gsSPVertex(castle_inside_dl_mainroom_001_mesh_layer_1_vtx_2 + 47, 16, 0),
	gsSP1Triangle(0, 1, 2, 0),
	gsSP1Triangle(0, 2, 3, 0),
	gsSP1Triangle(4, 5, 6, 0),
	gsSP1Triangle(4, 6, 7, 0),
	gsSP1Triangle(8, 9, 10, 0),
	gsSP1Triangle(8, 10, 11, 0),
	gsSP1Triangle(12, 13, 14, 0),
	gsSP1Triangle(12, 14, 15, 0),
	gsSPVertex(castle_inside_dl_mainroom_001_mesh_layer_1_vtx_2 + 63, 16, 0),
	gsSP1Triangle(0, 1, 2, 0),
	gsSP1Triangle(0, 2, 3, 0),
	gsSP1Triangle(4, 5, 6, 0),
	gsSP1Triangle(4, 6, 7, 0),
	gsSP1Triangle(8, 9, 10, 0),
	gsSP1Triangle(8, 10, 11, 0),
	gsSP1Triangle(12, 13, 14, 0),
	gsSP1Triangle(12, 14, 15, 0),
	gsSPVertex(castle_inside_dl_mainroom_001_mesh_layer_1_vtx_2 + 79, 16, 0),
	gsSP1Triangle(0, 1, 2, 0),
	gsSP1Triangle(0, 2, 3, 0),
	gsSP1Triangle(4, 5, 6, 0),
	gsSP1Triangle(4, 6, 7, 0),
	gsSP1Triangle(8, 9, 10, 0),
	gsSP1Triangle(8, 10, 11, 0),
	gsSP1Triangle(12, 13, 14, 0),
	gsSP1Triangle(12, 14, 15, 0),
	gsSPVertex(castle_inside_dl_mainroom_001_mesh_layer_1_vtx_2 + 95, 16, 0),
	gsSP1Triangle(0, 1, 2, 0),
	gsSP1Triangle(0, 2, 3, 0),
	gsSP1Triangle(4, 5, 6, 0),
	gsSP1Triangle(4, 6, 7, 0),
	gsSP1Triangle(8, 9, 10, 0),
	gsSP1Triangle(8, 10, 11, 0),
	gsSP1Triangle(12, 13, 14, 0),
	gsSP1Triangle(12, 14, 15, 0),
	gsSPVertex(castle_inside_dl_mainroom_001_mesh_layer_1_vtx_2 + 111, 16, 0),
	gsSP1Triangle(0, 1, 2, 0),
	gsSP1Triangle(0, 2, 3, 0),
	gsSP1Triangle(4, 5, 6, 0),
	gsSP1Triangle(4, 6, 7, 0),
	gsSP1Triangle(8, 9, 10, 0),
	gsSP1Triangle(8, 10, 11, 0),
	gsSP1Triangle(12, 13, 14, 0),
	gsSP1Triangle(12, 14, 15, 0),
	gsSPVertex(castle_inside_dl_mainroom_001_mesh_layer_1_vtx_2 + 127, 16, 0),
	gsSP1Triangle(0, 1, 2, 0),
	gsSP1Triangle(0, 2, 3, 0),
	gsSP1Triangle(4, 5, 6, 0),
	gsSP1Triangle(4, 6, 7, 0),
	gsSP1Triangle(8, 9, 10, 0),
	gsSP1Triangle(8, 10, 11, 0),
	gsSP1Triangle(12, 13, 14, 0),
	gsSP1Triangle(12, 14, 15, 0),
	gsSPVertex(castle_inside_dl_mainroom_001_mesh_layer_1_vtx_2 + 143, 16, 0),
	gsSP1Triangle(0, 1, 2, 0),
	gsSP1Triangle(0, 2, 3, 0),
	gsSP1Triangle(4, 5, 6, 0),
	gsSP1Triangle(4, 6, 7, 0),
	gsSP1Triangle(8, 9, 10, 0),
	gsSP1Triangle(8, 10, 11, 0),
	gsSP1Triangle(12, 13, 14, 0),
	gsSP1Triangle(12, 14, 15, 0),
	gsSPVertex(castle_inside_dl_mainroom_001_mesh_layer_1_vtx_2 + 159, 16, 0),
	gsSP1Triangle(0, 1, 2, 0),
	gsSP1Triangle(0, 2, 3, 0),
	gsSP1Triangle(4, 5, 6, 0),
	gsSP1Triangle(4, 6, 7, 0),
	gsSP1Triangle(8, 9, 10, 0),
	gsSP1Triangle(8, 10, 11, 0),
	gsSP1Triangle(12, 13, 14, 0),
	gsSP1Triangle(12, 14, 15, 0),
	gsSPVertex(castle_inside_dl_mainroom_001_mesh_layer_1_vtx_2 + 175, 16, 0),
	gsSP1Triangle(0, 1, 2, 0),
	gsSP1Triangle(0, 2, 3, 0),
	gsSP1Triangle(4, 5, 6, 0),
	gsSP1Triangle(4, 6, 7, 0),
	gsSP1Triangle(8, 9, 10, 0),
	gsSP1Triangle(8, 10, 11, 0),
	gsSP1Triangle(12, 13, 14, 0),
	gsSP1Triangle(12, 14, 15, 0),
	gsSPVertex(castle_inside_dl_mainroom_001_mesh_layer_1_vtx_2 + 191, 16, 0),
	gsSP1Triangle(0, 1, 2, 0),
	gsSP1Triangle(0, 2, 3, 0),
	gsSP1Triangle(4, 5, 6, 0),
	gsSP1Triangle(4, 6, 7, 0),
	gsSP1Triangle(8, 9, 10, 0),
	gsSP1Triangle(8, 10, 11, 0),
	gsSP1Triangle(12, 13, 14, 0),
	gsSP1Triangle(12, 14, 15, 0),
	gsSPVertex(castle_inside_dl_mainroom_001_mesh_layer_1_vtx_2 + 207, 16, 0),
	gsSP1Triangle(0, 1, 2, 0),
	gsSP1Triangle(0, 2, 3, 0),
	gsSP1Triangle(4, 5, 6, 0),
	gsSP1Triangle(4, 6, 7, 0),
	gsSP1Triangle(8, 9, 10, 0),
	gsSP1Triangle(8, 10, 11, 0),
	gsSP1Triangle(12, 13, 14, 0),
	gsSP1Triangle(12, 14, 15, 0),
	gsSPVertex(castle_inside_dl_mainroom_001_mesh_layer_1_vtx_2 + 223, 16, 0),
	gsSP1Triangle(0, 1, 2, 0),
	gsSP1Triangle(0, 2, 3, 0),
	gsSP1Triangle(4, 5, 6, 0),
	gsSP1Triangle(4, 6, 7, 0),
	gsSP1Triangle(8, 9, 10, 0),
	gsSP1Triangle(8, 10, 11, 0),
	gsSP1Triangle(12, 13, 14, 0),
	gsSP1Triangle(12, 14, 15, 0),
	gsSPVertex(castle_inside_dl_mainroom_001_mesh_layer_1_vtx_2 + 239, 16, 0),
	gsSP1Triangle(0, 1, 2, 0),
	gsSP1Triangle(0, 2, 3, 0),
	gsSP1Triangle(4, 5, 6, 0),
	gsSP1Triangle(4, 6, 7, 0),
	gsSP1Triangle(8, 9, 10, 0),
	gsSP1Triangle(8, 10, 11, 0),
	gsSP1Triangle(12, 13, 14, 0),
	gsSP1Triangle(12, 14, 15, 0),
	gsSPVertex(castle_inside_dl_mainroom_001_mesh_layer_1_vtx_2 + 255, 16, 0),
	gsSP1Triangle(0, 1, 2, 0),
	gsSP1Triangle(0, 2, 3, 0),
	gsSP1Triangle(4, 5, 6, 0),
	gsSP1Triangle(4, 6, 7, 0),
	gsSP1Triangle(8, 9, 10, 0),
	gsSP1Triangle(8, 10, 11, 0),
	gsSP1Triangle(12, 13, 14, 0),
	gsSP1Triangle(12, 14, 15, 0),
	gsSPVertex(castle_inside_dl_mainroom_001_mesh_layer_1_vtx_2 + 271, 16, 0),
	gsSP1Triangle(0, 1, 2, 0),
	gsSP1Triangle(0, 2, 3, 0),
	gsSP1Triangle(4, 5, 6, 0),
	gsSP1Triangle(4, 6, 7, 0),
	gsSP1Triangle(8, 9, 10, 0),
	gsSP1Triangle(8, 10, 11, 0),
	gsSP1Triangle(12, 13, 14, 0),
	gsSP1Triangle(12, 14, 15, 0),
	gsSPVertex(castle_inside_dl_mainroom_001_mesh_layer_1_vtx_2 + 287, 16, 0),
	gsSP1Triangle(0, 1, 2, 0),
	gsSP1Triangle(0, 2, 3, 0),
	gsSP1Triangle(4, 5, 6, 0),
	gsSP1Triangle(4, 6, 7, 0),
	gsSP1Triangle(8, 9, 10, 0),
	gsSP1Triangle(8, 10, 11, 0),
	gsSP1Triangle(12, 13, 14, 0),
	gsSP1Triangle(12, 14, 15, 0),
	gsSPVertex(castle_inside_dl_mainroom_001_mesh_layer_1_vtx_2 + 303, 16, 0),
	gsSP1Triangle(0, 1, 2, 0),
	gsSP1Triangle(0, 2, 3, 0),
	gsSP1Triangle(4, 5, 6, 0),
	gsSP1Triangle(4, 6, 7, 0),
	gsSP1Triangle(8, 9, 10, 0),
	gsSP1Triangle(8, 10, 11, 0),
	gsSP1Triangle(12, 13, 14, 0),
	gsSP1Triangle(12, 14, 15, 0),
	gsSPVertex(castle_inside_dl_mainroom_001_mesh_layer_1_vtx_2 + 319, 16, 0),
	gsSP1Triangle(0, 1, 2, 0),
	gsSP1Triangle(0, 2, 3, 0),
	gsSP1Triangle(4, 5, 6, 0),
	gsSP1Triangle(4, 6, 7, 0),
	gsSP1Triangle(8, 9, 10, 0),
	gsSP1Triangle(8, 10, 11, 0),
	gsSP1Triangle(12, 13, 14, 0),
	gsSP1Triangle(12, 14, 15, 0),
	gsSPVertex(castle_inside_dl_mainroom_001_mesh_layer_1_vtx_2 + 335, 16, 0),
	gsSP1Triangle(0, 1, 2, 0),
	gsSP1Triangle(0, 2, 3, 0),
	gsSP1Triangle(4, 5, 6, 0),
	gsSP1Triangle(4, 6, 7, 0),
	gsSP1Triangle(8, 9, 10, 0),
	gsSP1Triangle(8, 10, 11, 0),
	gsSP1Triangle(12, 13, 14, 0),
	gsSP1Triangle(12, 14, 15, 0),
	gsSPVertex(castle_inside_dl_mainroom_001_mesh_layer_1_vtx_2 + 351, 16, 0),
	gsSP1Triangle(0, 1, 2, 0),
	gsSP1Triangle(0, 2, 3, 0),
	gsSP1Triangle(4, 5, 6, 0),
	gsSP1Triangle(4, 6, 7, 0),
	gsSP1Triangle(8, 9, 10, 0),
	gsSP1Triangle(8, 10, 11, 0),
	gsSP1Triangle(12, 13, 14, 0),
	gsSP1Triangle(12, 14, 15, 0),
	gsSPVertex(castle_inside_dl_mainroom_001_mesh_layer_1_vtx_2 + 367, 16, 0),
	gsSP1Triangle(0, 1, 2, 0),
	gsSP1Triangle(0, 2, 3, 0),
	gsSP1Triangle(4, 5, 6, 0),
	gsSP1Triangle(4, 6, 7, 0),
	gsSP1Triangle(8, 9, 10, 0),
	gsSP1Triangle(8, 10, 11, 0),
	gsSP1Triangle(12, 13, 14, 0),
	gsSP1Triangle(12, 14, 15, 0),
	gsSPVertex(castle_inside_dl_mainroom_001_mesh_layer_1_vtx_2 + 383, 16, 0),
	gsSP1Triangle(0, 1, 2, 0),
	gsSP1Triangle(0, 2, 3, 0),
	gsSP1Triangle(4, 5, 6, 0),
	gsSP1Triangle(4, 6, 7, 0),
	gsSP1Triangle(8, 9, 10, 0),
	gsSP1Triangle(8, 10, 11, 0),
	gsSP1Triangle(12, 13, 14, 0),
	gsSP1Triangle(12, 14, 15, 0),
	gsSPVertex(castle_inside_dl_mainroom_001_mesh_layer_1_vtx_2 + 399, 16, 0),
	gsSP1Triangle(0, 1, 2, 0),
	gsSP1Triangle(0, 2, 3, 0),
	gsSP1Triangle(4, 5, 6, 0),
	gsSP1Triangle(4, 6, 7, 0),
	gsSP1Triangle(8, 9, 10, 0),
	gsSP1Triangle(8, 10, 11, 0),
	gsSP1Triangle(12, 13, 14, 0),
	gsSP1Triangle(12, 14, 15, 0),
	gsSPVertex(castle_inside_dl_mainroom_001_mesh_layer_1_vtx_2 + 415, 16, 0),
	gsSP1Triangle(0, 1, 2, 0),
	gsSP1Triangle(0, 2, 3, 0),
	gsSP1Triangle(4, 5, 6, 0),
	gsSP1Triangle(4, 6, 7, 0),
	gsSP1Triangle(8, 9, 10, 0),
	gsSP1Triangle(8, 10, 11, 0),
	gsSP1Triangle(12, 13, 14, 0),
	gsSP1Triangle(12, 14, 15, 0),
	gsSPVertex(castle_inside_dl_mainroom_001_mesh_layer_1_vtx_2 + 431, 14, 0),
	gsSP1Triangle(0, 1, 2, 0),
	gsSP1Triangle(0, 2, 3, 0),
	gsSP1Triangle(4, 5, 6, 0),
	gsSP1Triangle(4, 7, 5, 0),
	gsSP1Triangle(7, 4, 8, 0),
	gsSP1Triangle(7, 8, 9, 0),
	gsSP1Triangle(10, 11, 12, 0),
	gsSP1Triangle(10, 12, 13, 0),
	gsSPVertex(castle_inside_dl_mainroom_001_mesh_layer_1_vtx_2 + 445, 16, 0),
	gsSP1Triangle(0, 1, 2, 0),
	gsSP1Triangle(0, 2, 3, 0),
	gsSP1Triangle(4, 5, 6, 0),
	gsSP1Triangle(4, 7, 5, 0),
	gsSP1Triangle(8, 5, 7, 0),
	gsSP1Triangle(8, 7, 9, 0),
	gsSP1Triangle(10, 8, 9, 0),
	gsSP1Triangle(10, 9, 11, 0),
	gsSP1Triangle(12, 10, 11, 0),
	gsSP1Triangle(11, 13, 12, 0),
	gsSP1Triangle(11, 14, 13, 0),
	gsSP1Triangle(15, 13, 14, 0),
	gsSPVertex(castle_inside_dl_mainroom_001_mesh_layer_1_vtx_2 + 461, 16, 0),
	gsSP1Triangle(0, 1, 2, 0),
	gsSP1Triangle(3, 4, 5, 0),
	gsSP1Triangle(6, 7, 8, 0),
	gsSP1Triangle(9, 7, 6, 0),
	gsSP1Triangle(9, 6, 10, 0),
	gsSP1Triangle(9, 10, 11, 0),
	gsSP1Triangle(9, 11, 12, 0),
	gsSP1Triangle(9, 12, 13, 0),
	gsSP1Triangle(13, 12, 14, 0),
	gsSP1Triangle(15, 13, 14, 0),
	gsSPVertex(castle_inside_dl_mainroom_001_mesh_layer_1_vtx_2 + 477, 16, 0),
	gsSP1Triangle(0, 1, 2, 0),
	gsSP1Triangle(0, 2, 3, 0),
	gsSP1Triangle(4, 0, 3, 0),
	gsSP1Triangle(4, 3, 5, 0),
	gsSP1Triangle(4, 5, 6, 0),
	gsSP1Triangle(6, 7, 4, 0),
	gsSP1Triangle(6, 8, 7, 0),
	gsSP1Triangle(7, 8, 9, 0),
	gsSP1Triangle(9, 10, 7, 0),
	gsSP1Triangle(9, 11, 10, 0),
	gsSP1Triangle(12, 13, 14, 0),
	gsSP1Triangle(14, 15, 12, 0),
	gsSPVertex(castle_inside_dl_mainroom_001_mesh_layer_1_vtx_2 + 493, 16, 0),
	gsSP1Triangle(0, 1, 2, 0),
	gsSP1Triangle(2, 3, 4, 0),
	gsSP1Triangle(5, 6, 7, 0),
	gsSP1Triangle(5, 7, 8, 0),
	gsSP1Triangle(9, 10, 11, 0),
	gsSP1Triangle(9, 11, 12, 0),
	gsSP1Triangle(13, 14, 15, 0),
	gsSPVertex(castle_inside_dl_mainroom_001_mesh_layer_1_vtx_2 + 509, 3, 0),
	gsSP1Triangle(0, 1, 2, 0),
	gsSPEndDisplayList(),
};

Vtx castle_inside_dl_mainroom_001_mesh_layer_1_vtx_3[90] = {
	{{ {1031, 0, 1209}, 0, {4604, 3102}, {255, 151, 156, 255} }},
	{{ {1543, 0, 1209}, 0, {6659, 3102}, {255, 151, 156, 255} }},
	{{ {1543, 0, 286}, 0, {6659, -877}, {255, 156, 159, 255} }},
	{{ {519, 0, -326}, 0, {2549, -3516}, {255, 255, 255, 255} }},
	{{ {1187, 0, -67}, 0, {5230, -2399}, {255, 255, 255, 255} }},
	{{ {519, 0, -736}, 0, {2549, -5284}, {255, 255, 255, 255} }},
	{{ {417, -50, -377}, 0, {2140, -3736}, {210, 149, 149, 255} }},
	{{ {417, -50, -684}, 0, {2140, -5059}, {210, 149, 149, 255} }},
	{{ {212, 0, -1043}, 0, {1317, -6607}, {255, 255, 255, 255} }},
	{{ {161, -50, -940}, 0, {1112, -6163}, {210, 149, 149, 255} }},
	{{ {-197, 0, -1042}, 0, {-325, -6603}, {255, 255, 255, 255} }},
	{{ {-147, -50, -940}, 0, {-124, -6163}, {210, 149, 149, 255} }},
	{{ {-505, 0, -736}, 0, {-1561, -5284}, {255, 255, 255, 255} }},
	{{ {-403, -50, -684}, 0, {-1152, -5059}, {210, 149, 149, 255} }},
	{{ {-505, 0, -326}, 0, {-1561, -3516}, {255, 255, 255, 255} }},
	{{ {-1172, 0, -67}, 0, {-4238, -2399}, {255, 255, 255, 255} }},
	{{ {-1172, 0, -67}, 0, {-4238, -2399}, {255, 255, 255, 255} }},
	{{ {-1528, 0, 287}, 0, {-5667, -873}, {255, 156, 159, 255} }},
	{{ {-505, 0, -326}, 0, {-1561, -3516}, {255, 255, 255, 255} }},
	{{ {-1016, 0, 1209}, 0, {-3612, 3102}, {255, 151, 156, 255} }},
	{{ {-1528, 0, 1209}, 0, {-5667, 3102}, {255, 151, 156, 255} }},
	{{ {-198, 0, 390}, 0, {-329, -429}, {255, 151, 156, 255} }},
	{{ {-198, 0, -19}, 0, {-329, -2192}, {255, 255, 255, 255} }},
	{{ {-147, -50, -121}, 0, {-124, -2632}, {210, 149, 149, 255} }},
	{{ {212, 0, -19}, 0, {1317, -2192}, {255, 255, 255, 255} }},
	{{ {161, -50, -121}, 0, {1112, -2632}, {210, 149, 149, 255} }},
	{{ {417, -50, -377}, 0, {2140, -3736}, {210, 149, 149, 255} }},
	{{ {519, 0, -326}, 0, {2549, -3516}, {255, 255, 255, 255} }},
	{{ {212, 0, 390}, 0, {1317, -429}, {255, 151, 156, 255} }},
	{{ {1031, 0, 1209}, 0, {4604, 3102}, {255, 151, 156, 255} }},
	{{ {-403, -50, -377}, 0, {-1152, -3736}, {210, 149, 149, 255} }},
	{{ {-403, -50, -684}, 0, {-1152, -5059}, {210, 149, 149, 255} }},
	{{ {417, -50, -940}, 0, {2140, -6163}, {236, 208, 216, 255} }},
	{{ {-403, -50, -940}, 0, {-1152, -6163}, {236, 208, 216, 255} }},
	{{ {-403, -50, -121}, 0, {-1152, -2632}, {236, 208, 216, 255} }},
	{{ {417, -50, -121}, 0, {2140, -2632}, {236, 208, 216, 255} }},
	{{ {365, 512, -2477}, 0, {-1052, -2586}, {255, 255, 255, 255} }},
	{{ {263, 512, -2682}, 0, {-2074, -2076}, {255, 255, 255, 255} }},
	{{ {-249, 512, -2682}, 0, {-2074, 478}, {255, 255, 255, 255} }},
	{{ {-351, 512, -2477}, 0, {-1052, 990}, {255, 255, 255, 255} }},
	{{ {-351, 512, -2067}, 0, {990, 990}, {255, 255, 255, 255} }},
	{{ {365, 512, -2067}, 0, {990, -2586}, {255, 255, 255, 255} }},
	{{ {-198, -102, 390}, 0, {-329, -429}, {171, 171, 171, 255} }},
	{{ {-300, -102, 697}, 0, {-738, 895}, {255, 255, 255, 255} }},
	{{ {-198, -102, 604}, 0, {-329, 492}, {255, 255, 255, 255} }},
	{{ {-505, -102, 697}, 0, {-1561, 895}, {171, 171, 171, 255} }},
	{{ {212, -102, 390}, 0, {1317, -429}, {171, 171, 171, 255} }},
	{{ {212, -102, 604}, 0, {1317, 492}, {255, 255, 255, 255} }},
	{{ {314, -102, 697}, 0, {1726, 895}, {255, 255, 255, 255} }},
	{{ {519, -102, 697}, 0, {2549, 895}, {171, 171, 171, 255} }},
	{{ {2055, -588, 1716}, 0, {8714, 5289}, {229, 103, 107, 255} }},
	{{ {1543, -588, 1209}, 0, {6659, 3102}, {245, 225, 225, 255} }},
	{{ {1440, -588, 2252}, 0, {6245, 7599}, {229, 162, 162, 255} }},
	{{ {1363, -588, 2252}, 0, {5936, 7599}, {229, 162, 162, 255} }},
	{{ {1209, -588, 2252}, 0, {5318, 7599}, {229, 162, 162, 255} }},
	{{ {1132, -588, 2252}, 0, {5009, 7599}, {229, 162, 162, 255} }},
	{{ {1031, -588, 1209}, 0, {4604, 3102}, {245, 225, 225, 255} }},
	{{ {519, -486, 1638}, 0, {2549, 4952}, {229, 162, 162, 255} }},
	{{ {417, -486, 569}, 0, {2140, 343}, {255, 228, 229, 255} }},
	{{ {161, -486, 1638}, 0, {1112, 4952}, {229, 162, 162, 255} }},
	{{ {-147, -486, 1638}, 0, {-124, 4952}, {230, 164, 164, 255} }},
	{{ {-505, -486, 1638}, 0, {-1561, 4952}, {229, 162, 162, 255} }},
	{{ {417, -486, 569}, 0, {2140, 343}, {255, 228, 229, 255} }},
	{{ {-403, -486, 569}, 0, {-1152, 343}, {255, 210, 211, 255} }},
	{{ {-505, -486, 1638}, 0, {-1561, 4952}, {229, 162, 162, 255} }},
	{{ {-1016, -588, 1209}, 0, {-3612, 3102}, {255, 228, 229, 255} }},
	{{ {-1118, -588, 2252}, 0, {-4021, 7599}, {229, 162, 162, 255} }},
	{{ {-1426, -588, 2252}, 0, {-5257, 7599}, {229, 162, 162, 255} }},
	{{ {-1528, -588, 1209}, 0, {-5667, 3102}, {245, 225, 225, 255} }},
	{{ {-2040, -588, 1716}, 0, {-7722, 5289}, {229, 103, 107, 255} }},
	{{ {161, -486, 1638}, 0, {1112, 4952}, {229, 162, 162, 255} }},
	{{ {-147, -486, 1638}, 0, {-124, 4952}, {230, 164, 164, 255} }},
	{{ {-147, -486, 1689}, 0, {-124, 5173}, {230, 164, 164, 255} }},
	{{ {161, -486, 1689}, 0, {1112, 5173}, {229, 162, 162, 255} }},
	{{ {-147, -486, 1741}, 0, {-124, 5395}, {230, 164, 164, 255} }},
	{{ {161, -486, 1741}, 0, {1112, 5395}, {229, 162, 162, 255} }},
	{{ {263, 614, -3296}, 0, {-5140, -2076}, {255, 255, 255, 255} }},
	{{ {-147, 614, -3296}, 0, {-5140, 0}, {255, 255, 255, 255} }},
	{{ {-177, 602, -3224}, 0, {-4778, 118}, {255, 255, 255, 255} }},
	{{ {263, 512, -2682}, 0, {-2074, -2076}, {255, 255, 255, 255} }},
	{{ {-249, 512, -2682}, 0, {-2074, 480}, {255, 255, 255, 255} }},
	{{ {-249, 597, -3194}, 0, {-4628, 480}, {255, 255, 255, 255} }},
	{{ {-147, 512, -2016}, 0, {1246, 0}, {255, 255, 255, 255} }},
	{{ {161, 512, -2016}, 0, {1246, -1564}, {255, 255, 255, 255} }},
	{{ {161, 512, -2067}, 0, {990, -1564}, {255, 255, 255, 255} }},
	{{ {-147, 512, -2067}, 0, {990, 0}, {255, 255, 255, 255} }},
	{{ {-735, 512, -1193}, 0, {-6658, -3730}, {205, 171, 174, 255} }},
	{{ {-772, 512, -1230}, 0, {-6476, -3550}, {255, 255, 255, 255} }},
	{{ {-989, 512, -1012}, 0, {-5392, -4634}, {255, 255, 255, 255} }},
	{{ {-952, 512, -976}, 0, {-5574, -4814}, {255, 255, 255, 255} }},
};

Gfx castle_inside_dl_mainroom_001_mesh_layer_1_tri_3[] = {
	gsSPVertex(castle_inside_dl_mainroom_001_mesh_layer_1_vtx_3 + 0, 16, 0),
	gsSP1Triangle(0, 1, 2, 0),
	gsSP1Triangle(3, 0, 2, 0),
	gsSP1Triangle(3, 2, 4, 0),
	gsSP1Triangle(5, 3, 4, 0),
	gsSP1Triangle(6, 3, 5, 0),
	gsSP1Triangle(6, 5, 7, 0),
	gsSP1Triangle(8, 7, 5, 0),
	gsSP1Triangle(8, 9, 7, 0),
	gsSP1Triangle(10, 9, 8, 0),
	gsSP1Triangle(10, 11, 9, 0),
	gsSP1Triangle(12, 11, 10, 0),
	gsSP1Triangle(12, 13, 11, 0),
	gsSP1Triangle(14, 13, 12, 0),
	gsSP1Triangle(15, 14, 12, 0),
	gsSPVertex(castle_inside_dl_mainroom_001_mesh_layer_1_vtx_3 + 16, 16, 0),
	gsSP1Triangle(0, 1, 2, 0),
	gsSP1Triangle(3, 2, 1, 0),
	gsSP1Triangle(1, 4, 3, 0),
	gsSP1Triangle(3, 5, 2, 0),
	gsSP1Triangle(5, 6, 2, 0),
	gsSP1Triangle(7, 2, 6, 0),
	gsSP1Triangle(8, 7, 6, 0),
	gsSP1Triangle(8, 9, 7, 0),
	gsSP1Triangle(10, 9, 8, 0),
	gsSP1Triangle(10, 8, 11, 0),
	gsSP1Triangle(11, 8, 12, 0),
	gsSP1Triangle(11, 12, 13, 0),
	gsSP1Triangle(7, 14, 2, 0),
	gsSP1Triangle(2, 14, 15, 0),
	gsSPVertex(castle_inside_dl_mainroom_001_mesh_layer_1_vtx_3 + 32, 14, 0),
	gsSP1Triangle(0, 1, 2, 0),
	gsSP1Triangle(0, 2, 3, 0),
	gsSP1Triangle(4, 5, 6, 0),
	gsSP1Triangle(4, 6, 7, 0),
	gsSP1Triangle(8, 4, 7, 0),
	gsSP1Triangle(8, 9, 4, 0),
	gsSP1Triangle(10, 11, 12, 0),
	gsSP1Triangle(10, 13, 11, 0),
	gsSPVertex(castle_inside_dl_mainroom_001_mesh_layer_1_vtx_3 + 46, 16, 0),
	gsSP1Triangle(0, 1, 2, 0),
	gsSP1Triangle(0, 2, 3, 0),
	gsSP1Triangle(4, 5, 6, 0),
	gsSP1Triangle(7, 6, 5, 0),
	gsSP1Triangle(8, 7, 5, 0),
	gsSP1Triangle(5, 9, 8, 0),
	gsSP1Triangle(5, 10, 9, 0),
	gsSP1Triangle(9, 10, 11, 0),
	gsSP1Triangle(11, 10, 12, 0),
	gsSP1Triangle(13, 11, 12, 0),
	gsSP1Triangle(14, 13, 12, 0),
	gsSP1Triangle(12, 15, 14, 0),
	gsSPVertex(castle_inside_dl_mainroom_001_mesh_layer_1_vtx_3 + 62, 14, 0),
	gsSP1Triangle(0, 1, 2, 0),
	gsSP1Triangle(3, 2, 1, 0),
	gsSP1Triangle(4, 2, 3, 0),
	gsSP1Triangle(3, 5, 4, 0),
	gsSP1Triangle(3, 6, 5, 0),
	gsSP1Triangle(7, 5, 6, 0),
	gsSP1Triangle(8, 9, 10, 0),
	gsSP1Triangle(8, 10, 11, 0),
	gsSP1Triangle(11, 10, 12, 0),
	gsSP1Triangle(11, 12, 13, 0),
	gsSPVertex(castle_inside_dl_mainroom_001_mesh_layer_1_vtx_3 + 76, 14, 0),
	gsSP1Triangle(0, 1, 2, 0),
	gsSP1Triangle(2, 3, 0, 0),
	gsSP1Triangle(2, 4, 3, 0),
	gsSP1Triangle(2, 5, 4, 0),
	gsSP1Triangle(6, 7, 8, 0),
	gsSP1Triangle(6, 8, 9, 0),
	gsSP1Triangle(10, 11, 12, 0),
	gsSP1Triangle(10, 12, 13, 0),
	gsSPEndDisplayList(),
};

Vtx castle_inside_dl_mainroom_001_mesh_layer_1_vtx_4[30] = {
	{{ {161, 512, -1964}, 0, {2268, 990}, {171, 171, 171, 255} }},
	{{ {161, 768, -2016}, 0, {2268, -288}, {171, 171, 171, 255} }},
	{{ {161, 512, -2016}, 0, {2268, 990}, {171, 171, 171, 255} }},
	{{ {161, 768, -1964}, 0, {2268, -288}, {171, 171, 171, 255} }},
	{{ {314, 512, -1964}, 0, {3034, 990}, {171, 171, 171, 255} }},
	{{ {314, 922, -1964}, 0, {3034, -1054}, {171, 171, 171, 255} }},
	{{ {-300, 922, -1964}, 0, {0, -1054}, {171, 171, 171, 255} }},
	{{ {109, 1229, -1964}, 0, {2012, -2588}, {171, 171, 171, 255} }},
	{{ {-95, 1229, -1964}, 0, {990, -2588}, {171, 171, 171, 255} }},
	{{ {-147, 768, -1964}, 0, {734, -288}, {171, 171, 171, 255} }},
	{{ {-300, 512, -1964}, 0, {0, 990}, {171, 171, 171, 255} }},
	{{ {-147, 512, -1964}, 0, {734, 990}, {171, 171, 171, 255} }},
	{{ {-147, 512, -2016}, 0, {734, 990}, {171, 171, 171, 255} }},
	{{ {-147, 768, -2016}, 0, {734, -288}, {171, 171, 171, 255} }},
	{{ {314, 922, -1964}, 0, {-2074, -1054}, {171, 171, 171, 255} }},
	{{ {109, 1229, -1376}, 0, {990, -2586}, {255, 255, 255, 255} }},
	{{ {109, 1229, -1964}, 0, {-2074, -2586}, {171, 171, 171, 255} }},
	{{ {314, 922, -1376}, 0, {990, -1054}, {255, 255, 255, 255} }},
	{{ {314, 512, -1964}, 0, {-2074, 990}, {171, 171, 171, 255} }},
	{{ {314, 512, -1376}, 0, {990, 990}, {255, 255, 255, 255} }},
	{{ {-300, 922, -1376}, 0, {0, -1054}, {255, 255, 255, 255} }},
	{{ {-95, 1229, -1964}, 0, {3034, -2588}, {171, 171, 171, 255} }},
	{{ {-95, 1229, -1376}, 0, {0, -2588}, {255, 255, 255, 255} }},
	{{ {-300, 922, -1964}, 0, {3034, -1054}, {171, 171, 171, 255} }},
	{{ {-300, 512, -1376}, 0, {0, 990}, {255, 255, 255, 255} }},
	{{ {-300, 512, -1964}, 0, {3034, 990}, {171, 171, 171, 255} }},
	{{ {109, 1229, -1964}, 0, {-1052, 990}, {171, 171, 171, 255} }},
	{{ {109, 1229, -1376}, 0, {2012, 990}, {255, 255, 255, 255} }},
	{{ {-95, 1229, -1376}, 0, {2012, 0}, {255, 255, 255, 255} }},
	{{ {-95, 1229, -1964}, 0, {-1052, 0}, {171, 171, 171, 255} }},
};

Gfx castle_inside_dl_mainroom_001_mesh_layer_1_tri_4[] = {
	gsSPVertex(castle_inside_dl_mainroom_001_mesh_layer_1_vtx_4 + 0, 14, 0),
	gsSP1Triangle(0, 1, 2, 0),
	gsSP1Triangle(0, 3, 1, 0),
	gsSP1Triangle(3, 0, 4, 0),
	gsSP1Triangle(3, 4, 5, 0),
	gsSP1Triangle(5, 6, 3, 0),
	gsSP1Triangle(5, 7, 6, 0),
	gsSP1Triangle(6, 7, 8, 0),
	gsSP1Triangle(6, 9, 3, 0),
	gsSP1Triangle(6, 10, 9, 0),
	gsSP1Triangle(10, 11, 9, 0),
	gsSP1Triangle(9, 11, 12, 0),
	gsSP1Triangle(9, 12, 13, 0),
	gsSP1Triangle(13, 3, 9, 0),
	gsSP1Triangle(13, 1, 3, 0),
	gsSPVertex(castle_inside_dl_mainroom_001_mesh_layer_1_vtx_4 + 14, 16, 0),
	gsSP1Triangle(0, 1, 2, 0),
	gsSP1Triangle(0, 3, 1, 0),
	gsSP1Triangle(4, 3, 0, 0),
	gsSP1Triangle(4, 5, 3, 0),
	gsSP1Triangle(6, 7, 8, 0),
	gsSP1Triangle(6, 9, 7, 0),
	gsSP1Triangle(9, 6, 10, 0),
	gsSP1Triangle(9, 10, 11, 0),
	gsSP1Triangle(12, 13, 14, 0),
	gsSP1Triangle(12, 14, 15, 0),
	gsSPEndDisplayList(),
};

Vtx castle_inside_dl_mainroom_001_mesh_layer_1_vtx_5[235] = {
	{{ {1543, 0, 286}, 0, {-16, 1008}, {255, 255, 255, 255} }},
	{{ {1561, 0, 268}, 0, {1008, 1008}, {255, 235, 235, 255} }},
	{{ {1561, 26, 268}, 0, {1008, -16}, {255, 255, 255, 255} }},
	{{ {1543, 26, 287}, 0, {-16, -16}, {255, 255, 255, 255} }},
	{{ {1561, 26, 268}, 0, {24525, 6131}, {255, 255, 255, 255} }},
	{{ {1561, 0, 268}, 0, {24525, 6365}, {255, 235, 235, 255} }},
	{{ {834, 501, -457}, 0, {13270, 2047}, {255, 246, 247, 255} }},
	{{ {834, 538, -456}, 0, {13277, 1522}, {255, 255, 255, 255} }},
	{{ {1543, 26, 287}, 0, {-8720, -16}, {255, 255, 255, 255} }},
	{{ {1561, 26, 268}, 0, {-8720, 1008}, {255, 255, 255, 255} }},
	{{ {834, 538, -456}, 0, {9712, 1008}, {255, 255, 255, 255} }},
	{{ {816, 538, -438}, 0, {9712, -16}, {255, 255, 255, 255} }},
	{{ {230, 538, -1060}, 0, {24039, 1008}, {255, 255, 255, 255} }},
	{{ {212, 538, -1042}, 0, {24039, -16}, {255, 255, 255, 255} }},
	{{ {-215, 538, -1059}, 0, {30818, 1008}, {255, 255, 255, 255} }},
	{{ {-197, 538, -1042}, 0, {30818, -16}, {255, 255, 255, 255} }},
	{{ {1180, 256, -76}, 0, {496, -16}, {255, 255, 255, 255} }},
	{{ {1543, 0, 286}, 0, {-7696, -16}, {255, 255, 255, 255} }},
	{{ {1543, 26, 287}, 0, {-7696, 1008}, {255, 255, 255, 255} }},
	{{ {816, 512, -439}, 0, {8688, -16}, {255, 255, 255, 255} }},
	{{ {816, 538, -438}, 0, {8688, 1008}, {255, 255, 255, 255} }},
	{{ {212, 538, -1042}, 0, {21423, 1008}, {255, 255, 255, 255} }},
	{{ {212, 512, -1043}, 0, {21423, -16}, {255, 255, 255, 255} }},
	{{ {-197, 538, -1042}, 0, {27449, 1008}, {255, 255, 255, 255} }},
	{{ {-197, 512, -1042}, 0, {27449, -16}, {255, 255, 255, 255} }},
	{{ {834, 538, -456}, 0, {13277, 1522}, {255, 255, 255, 255} }},
	{{ {834, 501, -457}, 0, {13270, 2047}, {255, 247, 247, 255} }},
	{{ {230, 501, -1060}, 0, {3933, 2048}, {255, 247, 247, 255} }},
	{{ {230, 538, -1060}, 0, {3933, 1522}, {255, 255, 255, 255} }},
	{{ {-1546, 26, 269}, 0, {-23543, 6131}, {255, 255, 255, 255} }},
	{{ {-819, 538, -455}, 0, {-12296, 1522}, {255, 255, 255, 255} }},
	{{ {-819, 501, -456}, 0, {-12289, 2047}, {255, 247, 247, 255} }},
	{{ {-1546, 26, 269}, 0, {-23543, 6131}, {255, 255, 255, 255} }},
	{{ {-819, 501, -456}, 0, {-12289, 2047}, {255, 247, 247, 255} }},
	{{ {-1546, 0, 269}, 0, {-23543, 6365}, {255, 255, 255, 255} }},
	{{ {-1528, 26, 288}, 0, {31118, -16}, {255, 255, 255, 255} }},
	{{ {-801, 538, -437}, 0, {12381, -16}, {255, 255, 255, 255} }},
	{{ {-819, 538, -455}, 0, {12381, 1008}, {255, 255, 255, 255} }},
	{{ {-1546, 26, 269}, 0, {31118, 1008}, {255, 255, 255, 255} }},
	{{ {-1528, 26, 288}, 0, {31243, 1008}, {255, 255, 255, 255} }},
	{{ {-1528, 0, 287}, 0, {31243, -16}, {255, 255, 255, 255} }},
	{{ {-1164, 256, -75}, 0, {22915, -16}, {255, 255, 255, 255} }},
	{{ {-801, 538, -437}, 0, {14587, 1008}, {255, 255, 255, 255} }},
	{{ {-801, 512, -438}, 0, {14587, -16}, {255, 255, 255, 255} }},
	{{ {-801, 538, -437}, 0, {30813, -16}, {255, 255, 255, 255} }},
	{{ {-197, 538, -1042}, 0, {16482, -16}, {255, 255, 255, 255} }},
	{{ {-215, 538, -1059}, 0, {16482, 1008}, {255, 255, 255, 255} }},
	{{ {-819, 538, -455}, 0, {30813, 1008}, {255, 255, 255, 255} }},
	{{ {-801, 512, -438}, 0, {30971, -16}, {255, 255, 255, 255} }},
	{{ {-197, 512, -1042}, 0, {18233, -16}, {255, 255, 255, 255} }},
	{{ {-197, 538, -1042}, 0, {18233, 1008}, {255, 255, 255, 255} }},
	{{ {-801, 538, -437}, 0, {30971, 1008}, {255, 255, 255, 255} }},
	{{ {-1546, 0, 269}, 0, {-16, 1008}, {255, 255, 255, 255} }},
	{{ {-1528, 0, 287}, 0, {1008, 1008}, {255, 255, 255, 255} }},
	{{ {-1528, 26, 288}, 0, {1008, -16}, {255, 255, 255, 255} }},
	{{ {-1546, 26, 269}, 0, {-16, -16}, {255, 255, 255, 255} }},
	{{ {-1195, -588, 2303}, 0, {-1040, 1008}, {255, 255, 255, 255} }},
	{{ {-1195, -332, 2303}, 0, {2032, 1008}, {255, 255, 255, 255} }},
	{{ {-1195, -332, 2252}, 0, {2032, -16}, {255, 255, 255, 255} }},
	{{ {-1195, -588, 2252}, 0, {-1040, -16}, {255, 255, 255, 255} }},
	{{ {230, 538, -1060}, 0, {3933, 1522}, {255, 255, 255, 255} }},
	{{ {230, 501, -1060}, 0, {3933, 2048}, {255, 255, 255, 255} }},
	{{ {-215, 501, -1060}, 0, {-2952, 2047}, {255, 255, 255, 255} }},
	{{ {-215, 538, -1059}, 0, {-2952, 1522}, {255, 255, 255, 255} }},
	{{ {-819, 538, -455}, 0, {-12323, 1522}, {255, 255, 255, 255} }},
	{{ {-215, 538, -1059}, 0, {-2979, 1522}, {255, 255, 255, 255} }},
	{{ {-215, 501, -1060}, 0, {-2970, 2047}, {255, 255, 255, 255} }},
	{{ {-819, 501, -456}, 0, {-12314, 2047}, {255, 255, 255, 255} }},
	{{ {1363, -588, 2303}, 0, {-1040, 1008}, {255, 255, 255, 255} }},
	{{ {1363, -332, 2303}, 0, {2032, 1008}, {255, 255, 255, 255} }},
	{{ {1363, -332, 2252}, 0, {2032, -16}, {255, 255, 255, 255} }},
	{{ {1363, -588, 2252}, 0, {-1040, -16}, {255, 255, 255, 255} }},
	{{ {1209, -588, 2252}, 0, {-1040, 1008}, {255, 255, 255, 255} }},
	{{ {1209, -332, 2252}, 0, {2032, 1008}, {255, 255, 255, 255} }},
	{{ {1209, -332, 2303}, 0, {2032, -16}, {255, 255, 255, 255} }},
	{{ {1209, -588, 2303}, 0, {-1040, -16}, {255, 255, 255, 255} }},
	{{ {1209, -332, 2252}, 0, {-1040, 1008}, {255, 255, 255, 255} }},
	{{ {1363, -332, 2252}, 0, {2032, 1008}, {255, 255, 255, 255} }},
	{{ {1363, -332, 2303}, 0, {2032, -16}, {255, 255, 255, 255} }},
	{{ {1209, -332, 2303}, 0, {-1040, -16}, {255, 255, 255, 255} }},
	{{ {-2090, 256, 875}, 0, {-1040, 1008}, {255, 255, 255, 255} }},
	{{ {-2039, 256, 875}, 0, {-1040, -16}, {255, 255, 255, 255} }},
	{{ {-2039, 256, 1028}, 0, {2032, -16}, {255, 255, 255, 255} }},
	{{ {-2090, 256, 1028}, 0, {2032, 1008}, {255, 255, 255, 255} }},
	{{ {-2039, 0, 875}, 0, {-1040, 1008}, {255, 235, 235, 255} }},
	{{ {-2090, 0, 875}, 0, {-1040, -16}, {255, 255, 255, 255} }},
	{{ {-2090, 0, 1028}, 0, {2032, -16}, {255, 255, 255, 255} }},
	{{ {-2039, 0, 1028}, 0, {2032, 1008}, {255, 235, 235, 255} }},
	{{ {-2039, 0, 1028}, 0, {-1040, 1008}, {255, 255, 255, 255} }},
	{{ {-2090, 0, 1028}, 0, {-1040, -16}, {255, 255, 255, 255} }},
	{{ {-2090, 256, 1028}, 0, {2032, -16}, {255, 255, 255, 255} }},
	{{ {-2039, 256, 1028}, 0, {2032, 1008}, {255, 255, 255, 255} }},
	{{ {-2090, 0, 875}, 0, {-1040, 1008}, {255, 255, 255, 255} }},
	{{ {-2039, 0, 875}, 0, {-1040, -16}, {255, 255, 255, 255} }},
	{{ {-2039, 256, 875}, 0, {2032, -16}, {255, 255, 255, 255} }},
	{{ {-2090, 256, 875}, 0, {2032, 1008}, {255, 255, 255, 255} }},
	{{ {2106, 256, 875}, 0, {-1040, 1008}, {255, 255, 255, 255} }},
	{{ {2106, 256, 1028}, 0, {2032, 1008}, {255, 255, 255, 255} }},
	{{ {2055, 256, 1028}, 0, {2032, -16}, {255, 255, 255, 255} }},
	{{ {2055, 256, 875}, 0, {-1040, -16}, {255, 255, 255, 255} }},
	{{ {2055, 0, 875}, 0, {-1040, 1008}, {255, 235, 235, 255} }},
	{{ {2055, 0, 1028}, 0, {2032, 1008}, {255, 235, 235, 255} }},
	{{ {2106, 0, 1028}, 0, {2032, -16}, {255, 255, 255, 255} }},
	{{ {2106, 0, 875}, 0, {-1040, -16}, {255, 255, 255, 255} }},
	{{ {2055, 0, 1028}, 0, {-1040, 1008}, {255, 255, 255, 255} }},
	{{ {2055, 256, 1028}, 0, {2032, 1008}, {255, 255, 255, 255} }},
	{{ {2106, 256, 1028}, 0, {2032, -16}, {255, 255, 255, 255} }},
	{{ {2106, 0, 1028}, 0, {-1040, -16}, {255, 255, 255, 255} }},
	{{ {2106, 0, 875}, 0, {-1040, 1008}, {255, 255, 255, 255} }},
	{{ {2106, 256, 875}, 0, {2032, 1008}, {255, 255, 255, 255} }},
	{{ {2055, 256, 875}, 0, {2032, -16}, {255, 255, 255, 255} }},
	{{ {2055, 0, 875}, 0, {-1040, -16}, {255, 255, 255, 255} }},
	{{ {-1349, -588, 2252}, 0, {-1040, 1008}, {255, 255, 255, 255} }},
	{{ {-1349, -332, 2252}, 0, {2032, 1008}, {255, 255, 255, 255} }},
	{{ {-1349, -332, 2303}, 0, {2032, -16}, {255, 255, 255, 255} }},
	{{ {-1349, -588, 2303}, 0, {-1040, -16}, {255, 255, 255, 255} }},
	{{ {-1349, -332, 2252}, 0, {-1040, 1008}, {255, 255, 255, 255} }},
	{{ {-1195, -332, 2252}, 0, {2032, 1008}, {255, 255, 255, 255} }},
	{{ {-1195, -332, 2303}, 0, {2032, -16}, {255, 255, 255, 255} }},
	{{ {-1349, -332, 2303}, 0, {-1040, -16}, {255, 255, 255, 255} }},
	{{ {804, 768, -1140}, 0, {0, -542}, {255, 255, 255, 255} }},
	{{ {768, 768, -1104}, 0, {-542, -544}, {255, 255, 255, 255} }},
	{{ {768, 512, -1104}, 0, {-542, 2010}, {255, 255, 255, 255} }},
	{{ {804, 512, -1140}, 0, {0, 2010}, {255, 255, 255, 255} }},
	{{ {912, 512, -1031}, 0, {0, 2010}, {255, 255, 255, 255} }},
	{{ {876, 512, -995}, 0, {-542, 2010}, {255, 255, 255, 255} }},
	{{ {876, 768, -995}, 0, {-542, -544}, {255, 255, 255, 255} }},
	{{ {912, 768, -1031}, 0, {0, -544}, {255, 255, 255, 255} }},
	{{ {876, 768, -995}, 0, {0, 0}, {255, 255, 255, 255} }},
	{{ {768, 768, -1104}, 0, {0, 990}, {255, 255, 255, 255} }},
	{{ {804, 768, -1140}, 0, {990, 990}, {255, 255, 255, 255} }},
	{{ {912, 768, -1031}, 0, {990, 0}, {255, 255, 255, 255} }},
	{{ {-351, 512, -2477}, 0, {990, 990}, {255, 255, 255, 255} }},
	{{ {-351, 1024, -2067}, 0, {-3096, -4120}, {255, 255, 255, 255} }},
	{{ {-351, 512, -2067}, 0, {-3096, 990}, {255, 255, 255, 255} }},
	{{ {-351, 1024, -2477}, 0, {990, -4120}, {255, 255, 255, 255} }},
	{{ {-249, 922, -2682}, 0, {3034, -3098}, {255, 255, 255, 255} }},
	{{ {-249, 512, -2682}, 0, {3034, 990}, {255, 255, 255, 255} }},
	{{ {-249, 597, -3194}, 0, {8144, 138}, {255, 255, 255, 255} }},
	{{ {-249, 1007, -3194}, 0, {8144, -3950}, {255, 255, 255, 255} }},
	{{ {7, 717, -3740}, 0, {1236, 6864}, {255, 255, 255, 255} }},
	{{ {7, 1152, -3740}, 0, {1236, 2520}, {255, 255, 255, 255} }},
	{{ {-116, 1152, -3791}, 0, {4, 2520}, {255, 255, 255, 255} }},
	{{ {-116, 717, -3791}, 0, {4, 6864}, {255, 255, 255, 255} }},
	{{ {113, 691, -3658}, 0, {2560, 7120}, {255, 255, 255, 255} }},
	{{ {113, 1152, -3658}, 0, {2560, 2520}, {255, 255, 255, 255} }},
	{{ {7, 1152, -3740}, 0, {1236, 2520}, {255, 255, 255, 255} }},
	{{ {7, 691, -3740}, 0, {1236, 7120}, {255, 255, 255, 255} }},
	{{ {-116, 742, -3791}, 0, {4, 6608}, {255, 255, 255, 255} }},
	{{ {-116, 1152, -3791}, 0, {4, 2520}, {255, 255, 255, 255} }},
	{{ {-249, 1152, -3808}, 0, {-1052, 2520}, {255, 255, 255, 255} }},
	{{ {-249, 742, -3808}, 0, {-1052, 6608}, {255, 255, 255, 255} }},
	{{ {-351, 512, -2067}, 0, {7122, 990}, {255, 255, 255, 255} }},
	{{ {-147, 768, -2067}, 0, {5078, -1566}, {255, 255, 255, 255} }},
	{{ {-147, 512, -2067}, 0, {5078, 990}, {255, 255, 255, 255} }},
	{{ {-351, 1024, -2067}, 0, {7122, -4120}, {255, 255, 255, 255} }},
	{{ {161, 768, -2067}, 0, {2012, -1566}, {255, 255, 255, 255} }},
	{{ {365, 1024, -2067}, 0, {0, -4120}, {255, 255, 255, 255} }},
	{{ {365, 512, -2067}, 0, {0, 990}, {255, 255, 255, 255} }},
	{{ {161, 512, -2067}, 0, {2012, 990}, {255, 255, 255, 255} }},
	{{ {161, 1126, -3296}, 0, {990, 224}, {63, 0, 1, 255} }},
	{{ {-147, 1126, -3296}, 0, {4056, 224}, {63, 0, 1, 255} }},
	{{ {-147, 1152, -3296}, 0, {4056, 0}, {0, 0, 0, 255} }},
	{{ {263, 1152, -3296}, 0, {0, 0}, {255, 255, 255, 255} }},
	{{ {263, 1024, -3296}, 0, {0, 1244}, {255, 255, 255, 255} }},
	{{ {263, 922, -2682}, 0, {-2074, -3098}, {255, 255, 255, 255} }},
	{{ {263, 1024, -3296}, 0, {-8206, -4120}, {255, 255, 255, 255} }},
	{{ {263, 614, -3296}, 0, {-8206, 0}, {255, 255, 255, 255} }},
	{{ {263, 512, -2682}, 0, {-2074, 990}, {255, 255, 255, 255} }},
	{{ {365, 1024, -2477}, 0, {0, -4120}, {255, 255, 255, 255} }},
	{{ {365, 512, -2477}, 0, {0, 990}, {255, 255, 255, 255} }},
	{{ {365, 512, -2067}, 0, {4056, 990}, {255, 255, 255, 255} }},
	{{ {365, 1024, -2067}, 0, {4056, -4120}, {255, 255, 255, 255} }},
	{{ {246, 1152, -3429}, 0, {5114, 2522}, {255, 255, 255, 255} }},
	{{ {246, 614, -3429}, 0, {5114, 7886}, {255, 255, 255, 255} }},
	{{ {263, 614, -3296}, 0, {6172, 7886}, {255, 255, 255, 255} }},
	{{ {246, 1152, -3429}, 0, {5114, 2522}, {255, 255, 255, 255} }},
	{{ {263, 614, -3296}, 0, {6172, 7886}, {255, 255, 255, 255} }},
	{{ {263, 1152, -3296}, 0, {6172, 2522}, {255, 255, 255, 255} }},
	{{ {194, 1152, -3552}, 0, {3882, 2522}, {255, 255, 255, 255} }},
	{{ {194, 640, -3552}, 0, {3882, 7630}, {255, 255, 255, 255} }},
	{{ {246, 640, -3429}, 0, {5114, 7630}, {255, 255, 255, 255} }},
	{{ {194, 666, -3552}, 0, {3882, 7376}, {255, 255, 255, 255} }},
	{{ {113, 1152, -3658}, 0, {2560, 2520}, {255, 255, 255, 255} }},
	{{ {113, 666, -3658}, 0, {2560, 7376}, {255, 255, 255, 255} }},
	{{ {161, 512, -2016}, 0, {480, 990}, {255, 255, 255, 255} }},
	{{ {161, 768, -2067}, 0, {0, -1564}, {255, 255, 255, 255} }},
	{{ {161, 512, -2067}, 0, {0, 990}, {255, 255, 255, 255} }},
	{{ {161, 768, -2016}, 0, {480, -1564}, {255, 255, 255, 255} }},
	{{ {-147, 768, -2067}, 0, {0, -1564}, {255, 255, 255, 255} }},
	{{ {-147, 768, -2016}, 0, {480, -1564}, {255, 255, 255, 255} }},
	{{ {-147, 512, -2067}, 0, {0, 990}, {255, 255, 255, 255} }},
	{{ {-147, 512, -2067}, 0, {0, 990}, {255, 255, 255, 255} }},
	{{ {-147, 768, -2016}, 0, {480, -1564}, {255, 255, 255, 255} }},
	{{ {-147, 512, -2016}, 0, {480, 990}, {255, 255, 255, 255} }},
	{{ {-1006, 512, -920}, 0, {-2037, 2638}, {205, 171, 174, 255} }},
	{{ {-952, 512, -975}, 0, {-1192, 2638}, {205, 171, 174, 255} }},
	{{ {-952, 768, -975}, 0, {-1192, 22}, {205, 171, 174, 255} }},
	{{ {-1006, 973, -920}, 0, {-2037, -2072}, {205, 171, 174, 255} }},
	{{ {-735, 768, -1193}, 0, {2184, 22}, {205, 171, 174, 255} }},
	{{ {-680, 973, -1247}, 0, {3029, -2072}, {205, 171, 174, 255} }},
	{{ {-680, 512, -1247}, 0, {3029, 2638}, {205, 171, 174, 255} }},
	{{ {-735, 512, -1193}, 0, {2184, 2638}, {205, 171, 174, 255} }},
	{{ {-772, 768, -1230}, 0, {1609, 22}, {255, 255, 255, 255} }},
	{{ {-772, 512, -1230}, 0, {1609, 2638}, {255, 255, 255, 255} }},
	{{ {-952, 512, -976}, 0, {-2037, 2639}, {255, 255, 255, 255} }},
	{{ {-989, 512, -1012}, 0, {-2037, 3166}, {255, 255, 255, 255} }},
	{{ {-989, 768, -1012}, 0, {772, 3166}, {255, 255, 255, 255} }},
	{{ {-952, 512, -976}, 0, {-2037, 2639}, {255, 255, 255, 255} }},
	{{ {-989, 768, -1012}, 0, {772, 3166}, {255, 255, 255, 255} }},
	{{ {-952, 768, -976}, 0, {772, 2639}, {255, 255, 255, 255} }},
	{{ {1364, -332, 1161}, 0, {-29915, 18697}, {255, 255, 255, 255} }},
	{{ {1364, -588, 1161}, 0, {-29915, 21607}, {255, 255, 255, 255} }},
	{{ {1364, -588, 1209}, 0, {-30402, 21607}, {255, 255, 255, 255} }},
	{{ {1364, -332, 1209}, 0, {-30402, 18697}, {255, 255, 255, 255} }},
	{{ {1210, -588, 1160}, 0, {-29907, 21607}, {255, 255, 255, 255} }},
	{{ {1210, -332, 1160}, 0, {-29907, 18697}, {255, 255, 255, 255} }},
	{{ {1210, -332, 1209}, 0, {-30402, 18697}, {255, 255, 255, 255} }},
	{{ {1210, -588, 1209}, 0, {-30402, 21607}, {255, 255, 255, 255} }},
	{{ {1210, -332, 1209}, 0, {11981, 31394}, {255, 255, 255, 255} }},
	{{ {1210, -332, 1160}, 0, {11981, 30899}, {255, 255, 255, 255} }},
	{{ {1364, -332, 1161}, 0, {13726, 30907}, {255, 255, 255, 255} }},
	{{ {1364, -332, 1209}, 0, {13726, 31394}, {255, 255, 255, 255} }},
	{{ {-1195, -332, 1161}, 0, {-29915, 18697}, {255, 255, 255, 255} }},
	{{ {-1195, -588, 1161}, 0, {-29915, 21607}, {255, 255, 255, 255} }},
	{{ {-1195, -588, 1209}, 0, {-30402, 21607}, {255, 255, 255, 255} }},
	{{ {-1195, -332, 1209}, 0, {-30402, 18697}, {255, 255, 255, 255} }},
	{{ {-1349, -588, 1160}, 0, {-29907, 21607}, {255, 255, 255, 255} }},
	{{ {-1349, -332, 1160}, 0, {-29907, 18697}, {255, 255, 255, 255} }},
	{{ {-1349, -332, 1209}, 0, {-30402, 18697}, {255, 255, 255, 255} }},
	{{ {-1349, -588, 1209}, 0, {-30402, 21607}, {255, 255, 255, 255} }},
	{{ {-1349, -332, 1209}, 0, {11981, 31394}, {255, 255, 255, 255} }},
	{{ {-1349, -332, 1160}, 0, {11981, 30899}, {255, 255, 255, 255} }},
	{{ {-1195, -332, 1161}, 0, {13726, 30907}, {255, 255, 255, 255} }},
	{{ {-1195, -332, 1209}, 0, {13726, 31394}, {255, 255, 255, 255} }},
};

Gfx castle_inside_dl_mainroom_001_mesh_layer_1_tri_5[] = {
	gsSPVertex(castle_inside_dl_mainroom_001_mesh_layer_1_vtx_5 + 0, 16, 0),
	gsSP1Triangle(0, 1, 2, 0),
	gsSP1Triangle(0, 2, 3, 0),
	gsSP1Triangle(4, 5, 6, 0),
	gsSP1Triangle(4, 6, 7, 0),
	gsSP1Triangle(8, 9, 10, 0),
	gsSP1Triangle(8, 10, 11, 0),
	gsSP1Triangle(11, 10, 12, 0),
	gsSP1Triangle(11, 12, 13, 0),
	gsSP1Triangle(13, 12, 14, 0),
	gsSP1Triangle(13, 14, 15, 0),
	gsSPVertex(castle_inside_dl_mainroom_001_mesh_layer_1_vtx_5 + 16, 16, 0),
	gsSP1Triangle(0, 1, 2, 0),
	gsSP1Triangle(2, 3, 0, 0),
	gsSP1Triangle(2, 4, 3, 0),
	gsSP1Triangle(3, 4, 5, 0),
	gsSP1Triangle(3, 5, 6, 0),
	gsSP1Triangle(6, 5, 7, 0),
	gsSP1Triangle(6, 7, 8, 0),
	gsSP1Triangle(9, 10, 11, 0),
	gsSP1Triangle(9, 11, 12, 0),
	gsSP1Triangle(13, 14, 15, 0),
	gsSPVertex(castle_inside_dl_mainroom_001_mesh_layer_1_vtx_5 + 32, 16, 0),
	gsSP1Triangle(0, 1, 2, 0),
	gsSP1Triangle(3, 4, 5, 0),
	gsSP1Triangle(3, 5, 6, 0),
	gsSP1Triangle(7, 8, 9, 0),
	gsSP1Triangle(9, 10, 7, 0),
	gsSP1Triangle(9, 11, 10, 0),
	gsSP1Triangle(12, 13, 14, 0),
	gsSP1Triangle(12, 14, 15, 0),
	gsSPVertex(castle_inside_dl_mainroom_001_mesh_layer_1_vtx_5 + 48, 16, 0),
	gsSP1Triangle(0, 1, 2, 0),
	gsSP1Triangle(0, 2, 3, 0),
	gsSP1Triangle(4, 5, 6, 0),
	gsSP1Triangle(4, 6, 7, 0),
	gsSP1Triangle(8, 9, 10, 0),
	gsSP1Triangle(8, 10, 11, 0),
	gsSP1Triangle(12, 13, 14, 0),
	gsSP1Triangle(12, 14, 15, 0),
	gsSPVertex(castle_inside_dl_mainroom_001_mesh_layer_1_vtx_5 + 64, 16, 0),
	gsSP1Triangle(0, 1, 2, 0),
	gsSP1Triangle(0, 2, 3, 0),
	gsSP1Triangle(4, 5, 6, 0),
	gsSP1Triangle(4, 6, 7, 0),
	gsSP1Triangle(8, 9, 10, 0),
	gsSP1Triangle(8, 10, 11, 0),
	gsSP1Triangle(12, 13, 14, 0),
	gsSP1Triangle(12, 14, 15, 0),
	gsSPVertex(castle_inside_dl_mainroom_001_mesh_layer_1_vtx_5 + 80, 16, 0),
	gsSP1Triangle(0, 1, 2, 0),
	gsSP1Triangle(0, 2, 3, 0),
	gsSP1Triangle(4, 5, 6, 0),
	gsSP1Triangle(4, 6, 7, 0),
	gsSP1Triangle(8, 9, 10, 0),
	gsSP1Triangle(8, 10, 11, 0),
	gsSP1Triangle(12, 13, 14, 0),
	gsSP1Triangle(12, 14, 15, 0),
	gsSPVertex(castle_inside_dl_mainroom_001_mesh_layer_1_vtx_5 + 96, 16, 0),
	gsSP1Triangle(0, 1, 2, 0),
	gsSP1Triangle(0, 2, 3, 0),
	gsSP1Triangle(4, 5, 6, 0),
	gsSP1Triangle(4, 6, 7, 0),
	gsSP1Triangle(8, 9, 10, 0),
	gsSP1Triangle(8, 10, 11, 0),
	gsSP1Triangle(12, 13, 14, 0),
	gsSP1Triangle(12, 14, 15, 0),
	gsSPVertex(castle_inside_dl_mainroom_001_mesh_layer_1_vtx_5 + 112, 16, 0),
	gsSP1Triangle(0, 1, 2, 0),
	gsSP1Triangle(0, 2, 3, 0),
	gsSP1Triangle(4, 5, 6, 0),
	gsSP1Triangle(4, 6, 7, 0),
	gsSP1Triangle(8, 9, 10, 0),
	gsSP1Triangle(8, 10, 11, 0),
	gsSP1Triangle(12, 13, 14, 0),
	gsSP1Triangle(12, 14, 15, 0),
	gsSPVertex(castle_inside_dl_mainroom_001_mesh_layer_1_vtx_5 + 128, 16, 0),
	gsSP1Triangle(0, 1, 2, 0),
	gsSP1Triangle(0, 2, 3, 0),
	gsSP1Triangle(4, 5, 6, 0),
	gsSP1Triangle(4, 7, 5, 0),
	gsSP1Triangle(8, 7, 4, 0),
	gsSP1Triangle(8, 4, 9, 0),
	gsSP1Triangle(10, 8, 9, 0),
	gsSP1Triangle(10, 11, 8, 0),
	gsSP1Triangle(12, 13, 14, 0),
	gsSP1Triangle(12, 14, 15, 0),
	gsSPVertex(castle_inside_dl_mainroom_001_mesh_layer_1_vtx_5 + 144, 16, 0),
	gsSP1Triangle(0, 1, 2, 0),
	gsSP1Triangle(0, 2, 3, 0),
	gsSP1Triangle(4, 5, 6, 0),
	gsSP1Triangle(4, 6, 7, 0),
	gsSP1Triangle(8, 9, 10, 0),
	gsSP1Triangle(8, 11, 9, 0),
	gsSP1Triangle(12, 9, 11, 0),
	gsSP1Triangle(12, 11, 13, 0),
	gsSP1Triangle(13, 14, 12, 0),
	gsSP1Triangle(14, 15, 12, 0),
	gsSPVertex(castle_inside_dl_mainroom_001_mesh_layer_1_vtx_5 + 160, 16, 0),
	gsSP1Triangle(0, 1, 2, 0),
	gsSP1Triangle(0, 2, 3, 0),
	gsSP1Triangle(0, 3, 4, 0),
	gsSP1Triangle(5, 6, 7, 0),
	gsSP1Triangle(5, 7, 8, 0),
	gsSP1Triangle(8, 9, 5, 0),
	gsSP1Triangle(8, 10, 9, 0),
	gsSP1Triangle(11, 9, 10, 0),
	gsSP1Triangle(11, 12, 9, 0),
	gsSP1Triangle(13, 14, 15, 0),
	gsSPVertex(castle_inside_dl_mainroom_001_mesh_layer_1_vtx_5 + 176, 16, 0),
	gsSP1Triangle(0, 1, 2, 0),
	gsSP1Triangle(3, 4, 5, 0),
	gsSP1Triangle(3, 5, 0, 0),
	gsSP1Triangle(6, 3, 7, 0),
	gsSP1Triangle(6, 7, 8, 0),
	gsSP1Triangle(9, 10, 11, 0),
	gsSP1Triangle(9, 12, 10, 0),
	gsSP1Triangle(12, 13, 10, 0),
	gsSP1Triangle(12, 14, 13, 0),
	gsSP1Triangle(15, 13, 14, 0),
	gsSPVertex(castle_inside_dl_mainroom_001_mesh_layer_1_vtx_5 + 192, 16, 0),
	gsSP1Triangle(0, 1, 2, 0),
	gsSP1Triangle(3, 4, 5, 0),
	gsSP1Triangle(5, 6, 3, 0),
	gsSP1Triangle(6, 5, 7, 0),
	gsSP1Triangle(6, 7, 8, 0),
	gsSP1Triangle(7, 9, 8, 0),
	gsSP1Triangle(9, 7, 10, 0),
	gsSP1Triangle(10, 7, 11, 0),
	gsSP1Triangle(10, 11, 12, 0),
	gsSP1Triangle(13, 14, 15, 0),
	gsSPVertex(castle_inside_dl_mainroom_001_mesh_layer_1_vtx_5 + 208, 15, 0),
	gsSP1Triangle(0, 1, 2, 0),
	gsSP1Triangle(3, 4, 5, 0),
	gsSP1Triangle(3, 5, 6, 0),
	gsSP1Triangle(7, 8, 9, 0),
	gsSP1Triangle(7, 9, 10, 0),
	gsSP1Triangle(11, 12, 13, 0),
	gsSP1Triangle(11, 13, 14, 0),
	gsSPVertex(castle_inside_dl_mainroom_001_mesh_layer_1_vtx_5 + 223, 12, 0),
	gsSP1Triangle(0, 1, 2, 0),
	gsSP1Triangle(0, 2, 3, 0),
	gsSP1Triangle(4, 5, 6, 0),
	gsSP1Triangle(4, 6, 7, 0),
	gsSP1Triangle(8, 9, 10, 0),
	gsSP1Triangle(8, 10, 11, 0),
	gsSPEndDisplayList(),
};

Vtx castle_inside_dl_mainroom_001_mesh_layer_1_vtx_6[95] = {
	{{ {2055, -588, 1716}, 0, {-16, 1008}, {0, 0, 0, 255} }},
	{{ {1440, 0, 2252}, 0, {1548, -16}, {255, 235, 235, 255} }},
	{{ {2054, 0, 1716}, 0, {-16, -16}, {255, 151, 156, 255} }},
	{{ {1440, -588, 2252}, 0, {1548, 1008}, {0, 0, 0, 255} }},
	{{ {1363, -332, 2252}, 0, {1761, 562}, {111, 111, 111, 255} }},
	{{ {1363, -588, 2252}, 0, {1761, 1008}, {0, 0, 0, 255} }},
	{{ {1209, -332, 2252}, 0, {2186, 562}, {111, 111, 111, 255} }},
	{{ {1132, 0, 2252}, 0, {2398, -16}, {255, 235, 235, 255} }},
	{{ {1132, -588, 2252}, 0, {2398, 1008}, {0, 0, 0, 255} }},
	{{ {1209, -588, 2252}, 0, {2186, 1008}, {0, 0, 0, 255} }},
	{{ {519, -486, 1638}, 0, {4425, 1008}, {0, 0, 0, 255} }},
	{{ {519, 102, 1638}, 0, {4425, -16}, {255, 235, 235, 255} }},
	{{ {161, -230, 1638}, 0, {5229, 562}, {176, 162, 162, 255} }},
	{{ {161, -486, 1638}, 0, {5229, 1008}, {0, 0, 0, 255} }},
	{{ {161, -486, 1689}, 0, {5229, 1008}, {0, 0, 0, 255} }},
	{{ {161, -230, 1689}, 0, {5229, 562}, {176, 162, 162, 255} }},
	{{ {161, -230, 1689}, 0, {5229, 562}, {176, 162, 162, 255} }},
	{{ {161, -486, 1689}, 0, {5229, 1008}, {0, 0, 0, 255} }},
	{{ {161, -486, 1741}, 0, {5229, 1008}, {0, 0, 0, 255} }},
	{{ {161, -230, 1741}, 0, {5229, 562}, {176, 162, 162, 255} }},
	{{ {-147, -230, 1689}, 0, {5919, 562}, {176, 162, 162, 255} }},
	{{ {-147, -230, 1741}, 0, {5919, 562}, {176, 162, 162, 255} }},
	{{ {-147, -486, 1689}, 0, {5919, 1008}, {0, 0, 0, 255} }},
	{{ {-147, -486, 1741}, 0, {5919, 1008}, {0, 0, 0, 255} }},
	{{ {-147, -486, 1638}, 0, {5919, 1008}, {0, 0, 0, 255} }},
	{{ {-147, -230, 1638}, 0, {5919, 562}, {176, 162, 162, 255} }},
	{{ {-505, -486, 1638}, 0, {6723, 1008}, {0, 0, 0, 255} }},
	{{ {-505, 102, 1638}, 0, {6723, -16}, {255, 235, 235, 255} }},
	{{ {-1118, -588, 2252}, 0, {8750, 1008}, {0, 0, 0, 255} }},
	{{ {-1118, 0, 2252}, 0, {8750, -16}, {255, 235, 235, 255} }},
	{{ {519, 102, 1638}, 0, {4425, -16}, {255, 235, 235, 255} }},
	{{ {161, -230, 1638}, 0, {5229, 562}, {176, 162, 162, 255} }},
	{{ {-505, -516, 697}, 0, {480, 990}, {0, 0, 0, 255} }},
	{{ {-300, -102, 697}, 0, {0, -18}, {255, 255, 255, 255} }},
	{{ {-505, -102, 697}, 0, {480, -18}, {171, 171, 171, 255} }},
	{{ {-300, -486, 697}, 0, {0, 990}, {0, 0, 0, 255} }},
	{{ {-198, -486, 604}, 0, {-322, 990}, {0, 0, 0, 255} }},
	{{ {-198, -102, 604}, 0, {-322, -18}, {255, 255, 255, 255} }},
	{{ {-198, -102, 390}, 0, {-819, -18}, {171, 171, 171, 255} }},
	{{ {-198, -486, 390}, 0, {-819, 990}, {0, 0, 0, 255} }},
	{{ {519, -516, 697}, 0, {480, 990}, {0, 0, 0, 255} }},
	{{ {519, -102, 697}, 0, {480, -18}, {171, 171, 171, 255} }},
	{{ {314, -102, 697}, 0, {0, -18}, {255, 255, 255, 255} }},
	{{ {314, -486, 697}, 0, {0, 990}, {0, 0, 0, 255} }},
	{{ {212, -486, 604}, 0, {-322, 990}, {0, 0, 0, 255} }},
	{{ {212, -102, 604}, 0, {-322, -18}, {255, 255, 255, 255} }},
	{{ {212, -102, 390}, 0, {-819, -18}, {171, 171, 171, 255} }},
	{{ {212, -486, 390}, 0, {-819, 990}, {0, 0, 0, 255} }},
	{{ {-198, -486, 390}, 0, {15704, 1008}, {0, 0, 0, 255} }},
	{{ {-198, -486, -10}, 0, {16643, 1008}, {0, 0, 0, 255} }},
	{{ {-198, 0, -19}, 0, {16643, -16}, {0, 0, 0, 255} }},
	{{ {-198, 0, 390}, 0, {15704, -16}, {190, 190, 190, 255} }},
	{{ {-1016, -588, 1209}, 0, {12988, 1008}, {0, 0, 0, 255} }},
	{{ {-1016, 0, 1209}, 0, {12988, -16}, {255, 255, 255, 255} }},
	{{ {-1195, -332, 1209}, 0, {12690, 562}, {176, 176, 176, 255} }},
	{{ {-1528, 0, 1209}, 0, {12138, -16}, {255, 255, 255, 255} }},
	{{ {-1349, -332, 1209}, 0, {12435, 562}, {176, 176, 176, 255} }},
	{{ {-1349, -588, 1209}, 0, {12435, 1008}, {0, 0, 0, 255} }},
	{{ {-1528, -588, 1209}, 0, {12138, 1008}, {0, 0, 0, 255} }},
	{{ {-1195, -588, 1209}, 0, {12690, 1008}, {0, 0, 0, 255} }},
	{{ {212, -486, 390}, 0, {-4558, 1008}, {0, 0, 0, 255} }},
	{{ {212, 0, -19}, 0, {-5497, -16}, {0, 0, 0, 255} }},
	{{ {212, -486, -10}, 0, {-5497, 1008}, {0, 0, 0, 255} }},
	{{ {212, 0, 390}, 0, {-4558, -16}, {190, 190, 190, 255} }},
	{{ {1031, 0, 1209}, 0, {-1840, -16}, {255, 255, 255, 255} }},
	{{ {212, 0, 390}, 0, {-4558, -16}, {190, 190, 190, 255} }},
	{{ {212, -486, 390}, 0, {-4558, 1008}, {0, 0, 0, 255} }},
	{{ {1031, -588, 1209}, 0, {-1840, 1008}, {0, 0, 0, 255} }},
	{{ {1210, -588, 1209}, 0, {-1542, 1008}, {0, 0, 0, 255} }},
	{{ {1543, -588, 1209}, 0, {-990, 1008}, {0, 0, 0, 255} }},
	{{ {1364, -588, 1209}, 0, {-1287, 1008}, {0, 0, 0, 255} }},
	{{ {1364, -332, 1209}, 0, {-1287, 562}, {176, 176, 176, 255} }},
	{{ {1543, 0, 1209}, 0, {-990, -16}, {255, 255, 255, 255} }},
	{{ {1210, -332, 1209}, 0, {-1542, 562}, {176, 176, 176, 255} }},
	{{ {-1528, 0, 1209}, 0, {12138, -16}, {255, 235, 235, 255} }},
	{{ {-2039, 0, 1716}, 0, {11164, -16}, {255, 235, 235, 255} }},
	{{ {-2040, -588, 1716}, 0, {11164, 1008}, {0, 0, 0, 255} }},
	{{ {-1528, -588, 1209}, 0, {12138, 1008}, {0, 0, 0, 255} }},
	{{ {2054, 0, 1716}, 0, {-16, -16}, {255, 235, 235, 255} }},
	{{ {1543, 0, 1209}, 0, {-990, -16}, {255, 151, 156, 255} }},
	{{ {2054, 0, 1716}, 0, {-16, -16}, {255, 235, 235, 255} }},
	{{ {1543, -588, 1209}, 0, {-990, 1008}, {0, 0, 0, 255} }},
	{{ {2055, -588, 1716}, 0, {-16, 1008}, {0, 0, 0, 255} }},
	{{ {-2040, -588, 1716}, 0, {11164, 1008}, {0, 0, 0, 255} }},
	{{ {-2039, 0, 1716}, 0, {11164, -16}, {255, 151, 156, 255} }},
	{{ {-1426, 0, 2252}, 0, {9600, -16}, {255, 235, 235, 255} }},
	{{ {-1426, -588, 2252}, 0, {9600, 1008}, {0, 0, 0, 255} }},
	{{ {-1349, -588, 2252}, 0, {9386, 1008}, {0, 0, 0, 255} }},
	{{ {-1426, -588, 2252}, 0, {9599, 1008}, {0, 0, 0, 255} }},
	{{ {-1349, -332, 2252}, 0, {9386, 562}, {111, 111, 111, 255} }},
	{{ {-1426, 0, 2252}, 0, {9599, -16}, {255, 235, 235, 255} }},
	{{ {-1118, 0, 2252}, 0, {8749, -16}, {255, 235, 235, 255} }},
	{{ {-1195, -332, 2252}, 0, {8961, 562}, {111, 111, 111, 255} }},
	{{ {-1118, -588, 2252}, 0, {8749, 1008}, {0, 0, 0, 255} }},
	{{ {-1195, -588, 2252}, 0, {8961, 1008}, {0, 0, 0, 255} }},
};

Gfx castle_inside_dl_mainroom_001_mesh_layer_1_tri_6[] = {
	gsSPVertex(castle_inside_dl_mainroom_001_mesh_layer_1_vtx_6 + 0, 16, 0),
	gsSP1Triangle(0, 1, 2, 0),
	gsSP1Triangle(0, 3, 1, 0),
	gsSP1Triangle(1, 3, 4, 0),
	gsSP1Triangle(3, 5, 4, 0),
	gsSP1Triangle(6, 1, 4, 0),
	gsSP1Triangle(6, 7, 1, 0),
	gsSP1Triangle(8, 7, 6, 0),
	gsSP1Triangle(9, 8, 6, 0),
	gsSP1Triangle(7, 8, 10, 0),
	gsSP1Triangle(7, 10, 11, 0),
	gsSP1Triangle(11, 10, 12, 0),
	gsSP1Triangle(10, 13, 12, 0),
	gsSP1Triangle(12, 13, 14, 0),
	gsSP1Triangle(12, 14, 15, 0),
	gsSPVertex(castle_inside_dl_mainroom_001_mesh_layer_1_vtx_6 + 16, 16, 0),
	gsSP1Triangle(0, 1, 2, 0),
	gsSP1Triangle(0, 2, 3, 0),
	gsSP1Triangle(4, 0, 3, 0),
	gsSP1Triangle(4, 3, 5, 0),
	gsSP1Triangle(6, 4, 5, 0),
	gsSP1Triangle(6, 5, 7, 0),
	gsSP1Triangle(8, 4, 6, 0),
	gsSP1Triangle(8, 9, 4, 0),
	gsSP1Triangle(8, 10, 9, 0),
	gsSP1Triangle(10, 11, 9, 0),
	gsSP1Triangle(11, 10, 12, 0),
	gsSP1Triangle(11, 12, 13, 0),
	gsSP1Triangle(11, 14, 9, 0),
	gsSP1Triangle(14, 15, 9, 0),
	gsSP1Triangle(9, 15, 0, 0),
	gsSP1Triangle(9, 0, 4, 0),
	gsSPVertex(castle_inside_dl_mainroom_001_mesh_layer_1_vtx_6 + 32, 16, 0),
	gsSP1Triangle(0, 1, 2, 0),
	gsSP1Triangle(0, 3, 1, 0),
	gsSP1Triangle(4, 1, 3, 0),
	gsSP1Triangle(4, 5, 1, 0),
	gsSP1Triangle(6, 5, 4, 0),
	gsSP1Triangle(6, 4, 7, 0),
	gsSP1Triangle(8, 9, 10, 0),
	gsSP1Triangle(8, 10, 11, 0),
	gsSP1Triangle(12, 11, 10, 0),
	gsSP1Triangle(12, 10, 13, 0),
	gsSP1Triangle(14, 12, 13, 0),
	gsSP1Triangle(14, 15, 12, 0),
	gsSPVertex(castle_inside_dl_mainroom_001_mesh_layer_1_vtx_6 + 48, 16, 0),
	gsSP1Triangle(0, 1, 2, 0),
	gsSP1Triangle(0, 2, 3, 0),
	gsSP1Triangle(3, 4, 0, 0),
	gsSP1Triangle(3, 5, 4, 0),
	gsSP1Triangle(6, 4, 5, 0),
	gsSP1Triangle(5, 7, 6, 0),
	gsSP1Triangle(7, 8, 6, 0),
	gsSP1Triangle(7, 9, 8, 0),
	gsSP1Triangle(7, 10, 9, 0),
	gsSP1Triangle(9, 10, 4, 0),
	gsSP1Triangle(9, 4, 11, 0),
	gsSP1Triangle(6, 11, 4, 0),
	gsSP1Triangle(12, 13, 14, 0),
	gsSP1Triangle(12, 15, 13, 0),
	gsSPVertex(castle_inside_dl_mainroom_001_mesh_layer_1_vtx_6 + 64, 16, 0),
	gsSP1Triangle(0, 1, 2, 0),
	gsSP1Triangle(0, 2, 3, 0),
	gsSP1Triangle(0, 3, 4, 0),
	gsSP1Triangle(4, 3, 5, 0),
	gsSP1Triangle(4, 5, 6, 0),
	gsSP1Triangle(7, 6, 5, 0),
	gsSP1Triangle(7, 5, 8, 0),
	gsSP1Triangle(8, 0, 7, 0),
	gsSP1Triangle(0, 9, 7, 0),
	gsSP1Triangle(0, 4, 9, 0),
	gsSP1Triangle(10, 11, 12, 0),
	gsSP1Triangle(10, 12, 13, 0),
	gsSP1Triangle(14, 15, 5, 0),
	gsSPVertex(castle_inside_dl_mainroom_001_mesh_layer_1_vtx_6 + 80, 15, 0),
	gsSP1Triangle(0, 1, 2, 0),
	gsSP1Triangle(3, 4, 5, 0),
	gsSP1Triangle(3, 5, 6, 0),
	gsSP1Triangle(7, 8, 9, 0),
	gsSP1Triangle(8, 10, 9, 0),
	gsSP1Triangle(9, 10, 11, 0),
	gsSP1Triangle(9, 11, 12, 0),
	gsSP1Triangle(12, 11, 13, 0),
	gsSP1Triangle(14, 12, 13, 0),
	gsSPEndDisplayList(),
};

Vtx castle_inside_dl_mainroom_001_mesh_layer_1_vtx_7[107] = {
	{{ {-300, 512, -1350}, 0, {893, 903}, {136, 2, 3, 255} }},
	{{ {-300, 512, -1376}, 0, {893, -16}, {136, 2, 3, 255} }},
	{{ {-300, 922, -1376}, 0, {-5673, -16}, {136, 2, 3, 255} }},
	{{ {-300, 922, -1350}, 0, {-5673, 903}, {136, 2, 3, 255} }},
	{{ {-232, 1024, -1376}, 0, {-7636, -16}, {136, 2, 3, 255} }},
	{{ {-232, 1024, -1350}, 0, {-7636, 903}, {136, 2, 3, 255} }},
	{{ {-95, 1229, -1350}, 0, {-11585, 903}, {136, 2, 3, 255} }},
	{{ {-95, 1229, -1376}, 0, {-11585, -16}, {136, 2, 3, 255} }},
	{{ {109, 1229, -1376}, 0, {-14851, -16}, {136, 2, 3, 255} }},
	{{ {109, 1229, -1350}, 0, {-14851, 903}, {136, 2, 3, 255} }},
	{{ {246, 1024, -1350}, 0, {-18800, 903}, {136, 2, 3, 255} }},
	{{ {246, 1024, -1376}, 0, {-18800, -16}, {136, 2, 3, 255} }},
	{{ {314, 922, -1376}, 0, {-20763, -16}, {136, 2, 3, 255} }},
	{{ {314, 922, -1350}, 0, {-20763, 903}, {136, 2, 3, 255} }},
	{{ {314, 512, -1376}, 0, {-27329, -16}, {136, 2, 3, 255} }},
	{{ {314, 512, -1350}, 0, {-27329, 903}, {136, 2, 3, 255} }},
	{{ {-2040, 1407, 186}, 0, {15020, -1040}, {0, 0, 0, 255} }},
	{{ {-2040, 1024, 186}, 0, {15020, 3056}, {207, 4, 0, 255} }},
	{{ {-1049, 1024, -806}, 0, {24967, 3056}, {207, 4, 0, 255} }},
	{{ {-565, 1024, -1290}, 0, {29821, 3056}, {207, 4, 0, 255} }},
	{{ {-505, 1407, -1350}, 0, {30425, -1040}, {0, 0, 0, 255} }},
	{{ {-505, 1024, -1350}, 0, {30425, 3056}, {207, 4, 0, 255} }},
	{{ {-309, 1912, -834}, 0, {30425, -1040}, {0, 0, 0, 255} }},
	{{ {-1301, 1912, 158}, 0, {15020, -1040}, {0, 0, 0, 255} }},
	{{ {1345, 1912, 158}, 0, {-39299, -1040}, {0, 0, 0, 255} }},
	{{ {353, 1912, -834}, 0, {-54709, -1040}, {0, 0, 0, 255} }},
	{{ {-309, 1978, 1096}, 0, {-8627, -1040}, {0, 0, 0, 255} }},
	{{ {353, 1978, 1096}, 0, {-15650, -1040}, {0, 0, 0, 255} }},
	{{ {948, 1912, 1493}, 0, {-24446, -1040}, {0, 0, 0, 255} }},
	{{ {1212, 1912, 1147}, 0, {-29227, -1040}, {0, 0, 0, 255} }},
	{{ {749, 1912, 1493}, 0, {-21847, -1040}, {0, 0, 0, 255} }},
	{{ {2055, 1024, 1716}, 0, {24021, 3056}, {207, 4, 0, 255} }},
	{{ {1440, 1024, 2252}, 0, {28802, 3056}, {207, 4, 0, 255} }},
	{{ {1440, 1407, 2252}, 0, {28802, -1040}, {0, 0, 0, 255} }},
	{{ {2055, 1407, 1716}, 0, {24021, -1040}, {0, 0, 0, 255} }},
	{{ {948, 1912, 1493}, 0, {28802, -1040}, {0, 0, 0, 255} }},
	{{ {1212, 1912, 1147}, 0, {24021, -1040}, {0, 0, 0, 255} }},
	{{ {-2040, 1024, 186}, 0, {29356, 3056}, {207, 4, 0, 255} }},
	{{ {-2040, 1407, 1716}, 0, {19287, -1040}, {0, 0, 0, 255} }},
	{{ {-2040, 1024, 1716}, 0, {19287, 3056}, {207, 4, 0, 255} }},
	{{ {-2040, 1407, 186}, 0, {29356, -1040}, {0, 0, 0, 255} }},
	{{ {-1301, 1912, 158}, 0, {29356, -1040}, {0, 0, 0, 255} }},
	{{ {-1169, 1912, 1147}, 0, {19287, -1040}, {0, 0, 0, 255} }},
	{{ {519, 1407, -1350}, 0, {-7758, -974}, {0, 0, 0, 255} }},
	{{ {246, 1024, -1350}, 0, {-9723, 2986}, {207, 4, 0, 255} }},
	{{ {519, 1024, -1350}, 0, {-7758, 2986}, {207, 4, 0, 255} }},
	{{ {109, 1229, -1350}, 0, {-10705, 1354}, {207, 4, 0, 255} }},
	{{ {109, 1229, -1350}, 0, {-10705, 1354}, {207, 4, 0, 255} }},
	{{ {519, 1407, -1350}, 0, {-7758, -974}, {0, 0, 0, 255} }},
	{{ {-505, 1407, -1350}, 0, {-15024, -974}, {0, 0, 0, 255} }},
	{{ {353, 1912, -834}, 0, {-7758, -974}, {0, 0, 0, 255} }},
	{{ {-309, 1912, -834}, 0, {-15024, -974}, {0, 0, 0, 255} }},
	{{ {-95, 1229, -1350}, 0, {-12193, 1354}, {207, 4, 0, 255} }},
	{{ {-505, 1024, -1350}, 0, {-15024, 2986}, {207, 4, 0, 255} }},
	{{ {-232, 1024, -1350}, 0, {-13175, 2986}, {207, 4, 0, 255} }},
	{{ {-2040, 1024, 1716}, 0, {29527, 3056}, {207, 4, 0, 255} }},
	{{ {-1426, 1407, 2252}, 0, {24745, -1040}, {0, 0, 0, 255} }},
	{{ {-1426, 1024, 2252}, 0, {24745, 3056}, {207, 4, 0, 255} }},
	{{ {-2040, 1407, 1716}, 0, {29527, -1040}, {0, 0, 0, 255} }},
	{{ {-1169, 1912, 1147}, 0, {29527, -1040}, {0, 0, 0, 255} }},
	{{ {-904, 1912, 1493}, 0, {24745, -1040}, {0, 0, 0, 255} }},
	{{ {1440, 1407, 2252}, 0, {26754, -1040}, {0, 0, 0, 255} }},
	{{ {1440, 1024, 2252}, 0, {26754, 3056}, {207, 4, 0, 255} }},
	{{ {1132, 1024, 2252}, 0, {29353, 3056}, {207, 4, 0, 255} }},
	{{ {1132, 1407, 2252}, 0, {29353, -1040}, {0, 0, 0, 255} }},
	{{ {749, 1912, 1493}, 0, {29353, -1040}, {0, 0, 0, 255} }},
	{{ {948, 1912, 1493}, 0, {26754, -1040}, {0, 0, 0, 255} }},
	{{ {1132, 1407, 2252}, 0, {23209, -1040}, {0, 0, 0, 255} }},
	{{ {1132, 1024, 2252}, 0, {23209, 3056}, {207, 4, 0, 255} }},
	{{ {519, 1126, 1638}, 0, {29406, 3056}, {207, 4, 0, 255} }},
	{{ {519, 1509, 1638}, 0, {29406, -1040}, {0, 0, 0, 255} }},
	{{ {353, 1978, 1096}, 0, {29406, -1040}, {0, 0, 0, 255} }},
	{{ {749, 1912, 1493}, 0, {23209, -1040}, {0, 0, 0, 255} }},
	{{ {519, 1509, 1638}, 0, {23262, -1040}, {0, 0, 0, 255} }},
	{{ {519, 1126, 1638}, 0, {23262, 3056}, {207, 4, 0, 255} }},
	{{ {-505, 1126, 1638}, 0, {30285, 3056}, {207, 4, 0, 255} }},
	{{ {-505, 1509, 1638}, 0, {30285, -1040}, {0, 0, 0, 255} }},
	{{ {519, 1509, 1638}, 0, {23262, -1040}, {0, 0, 0, 255} }},
	{{ {-505, 1509, 1638}, 0, {30285, -1040}, {0, 0, 0, 255} }},
	{{ {-309, 1978, 1096}, 0, {30285, -1040}, {0, 0, 0, 255} }},
	{{ {353, 1978, 1096}, 0, {23262, -1040}, {0, 0, 0, 255} }},
	{{ {-505, 1509, 1638}, 0, {24141, -1040}, {0, 0, 0, 255} }},
	{{ {-505, 1126, 1638}, 0, {24141, 3056}, {207, 4, 0, 255} }},
	{{ {-1118, 1024, 2252}, 0, {30338, 3056}, {207, 4, 0, 255} }},
	{{ {-1118, 1407, 2252}, 0, {30338, -1040}, {0, 0, 0, 255} }},
	{{ {-705, 1912, 1493}, 0, {30338, -1040}, {0, 0, 0, 255} }},
	{{ {-309, 1978, 1096}, 0, {24141, -1040}, {0, 0, 0, 255} }},
	{{ {-1118, 1407, 2252}, 0, {26242, -1040}, {0, 0, 0, 255} }},
	{{ {-1118, 1024, 2252}, 0, {26242, 3056}, {207, 4, 0, 255} }},
	{{ {-1426, 1024, 2252}, 0, {28841, 3056}, {207, 4, 0, 255} }},
	{{ {-1426, 1407, 2252}, 0, {28841, -1040}, {0, 0, 0, 255} }},
	{{ {-904, 1912, 1493}, 0, {28841, -1040}, {0, 0, 0, 255} }},
	{{ {-705, 1912, 1493}, 0, {26242, -1040}, {0, 0, 0, 255} }},
	{{ {519, 1407, -1350}, 0, {4683, -1040}, {0, 0, 0, 255} }},
	{{ {1345, 1912, 158}, 0, {20093, -1040}, {0, 0, 0, 255} }},
	{{ {353, 1912, -834}, 0, {4683, -1040}, {0, 0, 0, 255} }},
	{{ {2055, 1407, 186}, 0, {20093, -1040}, {0, 0, 0, 255} }},
	{{ {519, 1024, -1350}, 0, {4683, 3056}, {207, 4, 0, 255} }},
	{{ {2055, 1024, 186}, 0, {20093, 3056}, {207, 4, 0, 255} }},
	{{ {2055, 1024, 1716}, 0, {30165, 3056}, {207, 4, 0, 255} }},
	{{ {2055, 1407, 1716}, 0, {30165, -1040}, {0, 0, 0, 255} }},
	{{ {1212, 1912, 1147}, 0, {30165, -1040}, {0, 0, 0, 255} }},
	{{ {-309, 1978, 1096}, 0, {-8627, -1040}, {0, 0, 0, 255} }},
	{{ {-705, 1912, 1493}, 0, {-2430, -1040}, {0, 0, 0, 255} }},
	{{ {-904, 1912, 1493}, 0, {169, -1040}, {0, 0, 0, 255} }},
	{{ {-1169, 1912, 1147}, 0, {4951, -1040}, {0, 0, 0, 255} }},
	{{ {-1301, 1912, 158}, 0, {15020, -1040}, {0, 0, 0, 255} }},
};

Gfx castle_inside_dl_mainroom_001_mesh_layer_1_tri_7[] = {
	gsSPVertex(castle_inside_dl_mainroom_001_mesh_layer_1_vtx_7 + 0, 16, 0),
	gsSP1Triangle(0, 1, 2, 0),
	gsSP1Triangle(0, 2, 3, 0),
	gsSP1Triangle(4, 3, 2, 0),
	gsSP1Triangle(4, 5, 3, 0),
	gsSP1Triangle(6, 5, 4, 0),
	gsSP1Triangle(6, 4, 7, 0),
	gsSP1Triangle(8, 6, 7, 0),
	gsSP1Triangle(8, 9, 6, 0),
	gsSP1Triangle(10, 9, 8, 0),
	gsSP1Triangle(10, 8, 11, 0),
	gsSP1Triangle(10, 11, 12, 0),
	gsSP1Triangle(10, 12, 13, 0),
	gsSP1Triangle(14, 13, 12, 0),
	gsSP1Triangle(14, 15, 13, 0),
	gsSPVertex(castle_inside_dl_mainroom_001_mesh_layer_1_vtx_7 + 16, 15, 0),
	gsSP1Triangle(0, 1, 2, 0),
	gsSP1Triangle(0, 2, 3, 0),
	gsSP1Triangle(3, 4, 0, 0),
	gsSP1Triangle(3, 5, 4, 0),
	gsSP1Triangle(0, 4, 6, 0),
	gsSP1Triangle(0, 6, 7, 0),
	gsSP1Triangle(7, 6, 8, 0),
	gsSP1Triangle(6, 9, 8, 0),
	gsSP1Triangle(8, 10, 7, 0),
	gsSP1Triangle(8, 11, 10, 0),
	gsSP1Triangle(8, 12, 11, 0),
	gsSP1Triangle(8, 13, 12, 0),
	gsSP1Triangle(12, 14, 11, 0),
	gsSPVertex(castle_inside_dl_mainroom_001_mesh_layer_1_vtx_7 + 31, 16, 0),
	gsSP1Triangle(0, 1, 2, 0),
	gsSP1Triangle(0, 2, 3, 0),
	gsSP1Triangle(3, 2, 4, 0),
	gsSP1Triangle(3, 4, 5, 0),
	gsSP1Triangle(6, 7, 8, 0),
	gsSP1Triangle(6, 9, 7, 0),
	gsSP1Triangle(7, 9, 10, 0),
	gsSP1Triangle(7, 10, 11, 0),
	gsSP1Triangle(12, 13, 14, 0),
	gsSP1Triangle(12, 15, 13, 0),
	gsSPVertex(castle_inside_dl_mainroom_001_mesh_layer_1_vtx_7 + 47, 14, 0),
	gsSP1Triangle(0, 1, 2, 0),
	gsSP1Triangle(2, 1, 3, 0),
	gsSP1Triangle(2, 3, 4, 0),
	gsSP1Triangle(5, 0, 2, 0),
	gsSP1Triangle(5, 2, 6, 0),
	gsSP1Triangle(5, 6, 7, 0),
	gsSP1Triangle(8, 9, 10, 0),
	gsSP1Triangle(8, 11, 9, 0),
	gsSP1Triangle(9, 11, 12, 0),
	gsSP1Triangle(9, 12, 13, 0),
	gsSPVertex(castle_inside_dl_mainroom_001_mesh_layer_1_vtx_7 + 61, 16, 0),
	gsSP1Triangle(0, 1, 2, 0),
	gsSP1Triangle(0, 2, 3, 0),
	gsSP1Triangle(0, 3, 4, 0),
	gsSP1Triangle(0, 4, 5, 0),
	gsSP1Triangle(6, 7, 8, 0),
	gsSP1Triangle(6, 8, 9, 0),
	gsSP1Triangle(6, 9, 10, 0),
	gsSP1Triangle(6, 10, 11, 0),
	gsSP1Triangle(12, 13, 14, 0),
	gsSP1Triangle(12, 14, 15, 0),
	gsSPVertex(castle_inside_dl_mainroom_001_mesh_layer_1_vtx_7 + 77, 16, 0),
	gsSP1Triangle(0, 1, 2, 0),
	gsSP1Triangle(0, 2, 3, 0),
	gsSP1Triangle(4, 5, 6, 0),
	gsSP1Triangle(4, 6, 7, 0),
	gsSP1Triangle(4, 7, 8, 0),
	gsSP1Triangle(4, 8, 9, 0),
	gsSP1Triangle(10, 11, 12, 0),
	gsSP1Triangle(10, 12, 13, 0),
	gsSP1Triangle(10, 13, 14, 0),
	gsSP1Triangle(10, 14, 15, 0),
	gsSPVertex(castle_inside_dl_mainroom_001_mesh_layer_1_vtx_7 + 93, 14, 0),
	gsSP1Triangle(0, 1, 2, 0),
	gsSP1Triangle(0, 3, 1, 0),
	gsSP1Triangle(4, 3, 0, 0),
	gsSP1Triangle(4, 5, 3, 0),
	gsSP1Triangle(3, 5, 6, 0),
	gsSP1Triangle(3, 6, 7, 0),
	gsSP1Triangle(3, 7, 8, 0),
	gsSP1Triangle(3, 8, 1, 0),
	gsSP1Triangle(9, 10, 11, 0),
	gsSP1Triangle(9, 11, 12, 0),
	gsSP1Triangle(9, 12, 13, 0),
	gsSPEndDisplayList(),
};

Vtx castle_inside_dl_mainroom_001_mesh_layer_1_vtx_8[39] = {
	{{ {-2040, 768, 1716}, 0, {15844, 496}, {255, 255, 255, 255} }},
	{{ {-2040, 1024, 1716}, 0, {15846, -8}, {255, 255, 255, 255} }},
	{{ {-1426, 1024, 2252}, 0, {14351, -8}, {255, 255, 255, 255} }},
	{{ {-1426, 768, 2252}, 0, {14351, 496}, {255, 255, 255, 255} }},
	{{ {-1118, 1024, 2252}, 0, {13538, -8}, {255, 255, 255, 255} }},
	{{ {-1118, 768, 2252}, 0, {13538, 496}, {255, 255, 255, 255} }},
	{{ {-505, 1126, 1638}, 0, {11601, -8}, {255, 255, 255, 255} }},
	{{ {-505, 870, 1638}, 0, {11601, 496}, {255, 255, 255, 255} }},
	{{ {519, 1126, 1638}, 0, {9405, -8}, {255, 255, 255, 255} }},
	{{ {519, 870, 1638}, 0, {9405, 496}, {255, 255, 255, 255} }},
	{{ {1132, 1024, 2252}, 0, {7468, -8}, {255, 255, 255, 255} }},
	{{ {1132, 768, 2252}, 0, {7468, 496}, {255, 255, 255, 255} }},
	{{ {1440, 1024, 2252}, 0, {6656, -8}, {255, 255, 255, 255} }},
	{{ {1440, 768, 2252}, 0, {6656, 496}, {255, 255, 255, 255} }},
	{{ {2055, 768, 1716}, 0, {5161, 496}, {255, 255, 255, 255} }},
	{{ {2055, 1024, 1716}, 0, {5161, -8}, {255, 255, 255, 255} }},
	{{ {2055, 1024, 186}, 0, {2012, -8}, {255, 255, 255, 255} }},
	{{ {2055, 768, 1716}, 0, {5161, 496}, {255, 255, 255, 255} }},
	{{ {2055, 1024, 1716}, 0, {5161, -8}, {255, 255, 255, 255} }},
	{{ {2055, 768, 186}, 0, {2012, 496}, {255, 255, 255, 255} }},
	{{ {-2040, 1024, 186}, 0, {18994, -8}, {255, 255, 255, 255} }},
	{{ {-2040, 1024, 1716}, 0, {15842, -8}, {255, 255, 255, 255} }},
	{{ {-2040, 768, 1716}, 0, {15844, 496}, {255, 255, 255, 255} }},
	{{ {-2040, 768, 186}, 0, {18994, 496}, {255, 255, 255, 255} }},
	{{ {876, 768, -995}, 0, {-1688, 496}, {228, 228, 228, 255} }},
	{{ {2055, 1024, 186}, 0, {2012, -8}, {255, 255, 255, 255} }},
	{{ {520, 768, -1350}, 0, {-2805, 496}, {219, 219, 219, 255} }},
	{{ {519, 1024, -1350}, 0, {-2805, -8}, {219, 219, 219, 255} }},
	{{ {768, 768, -1104}, 0, {-2028, 496}, {226, 226, 226, 255} }},
	{{ {-1049, 1024, -806}, 0, {22103, -12}, {231, 231, 231, 255} }},
	{{ {-2040, 1024, 186}, 0, {18994, -12}, {255, 255, 255, 255} }},
	{{ {-2040, 768, 186}, 0, {18994, 491}, {255, 255, 255, 255} }},
	{{ {-1049, 1024, -806}, 0, {22103, -12}, {231, 231, 231, 255} }},
	{{ {-2040, 768, 186}, 0, {18994, 491}, {255, 255, 255, 255} }},
	{{ {-1049, 768, -806}, 0, {22103, 491}, {231, 231, 231, 255} }},
	{{ {-565, 768, -1290}, 0, {23568, 487}, {219, 219, 219, 255} }},
	{{ {-505, 768, -1350}, 0, {23819, 487}, {217, 217, 217, 255} }},
	{{ {-505, 1024, -1350}, 0, {23819, -8}, {217, 217, 217, 255} }},
	{{ {-565, 1024, -1290}, 0, {23568, -8}, {219, 219, 219, 255} }},
};

Gfx castle_inside_dl_mainroom_001_mesh_layer_1_tri_8[] = {
	gsSPVertex(castle_inside_dl_mainroom_001_mesh_layer_1_vtx_8 + 0, 16, 0),
	gsSP1Triangle(0, 1, 2, 0),
	gsSP1Triangle(0, 2, 3, 0),
	gsSP1Triangle(4, 3, 2, 0),
	gsSP1Triangle(4, 5, 3, 0),
	gsSP1Triangle(6, 5, 4, 0),
	gsSP1Triangle(6, 7, 5, 0),
	gsSP1Triangle(8, 7, 6, 0),
	gsSP1Triangle(8, 9, 7, 0),
	gsSP1Triangle(10, 9, 8, 0),
	gsSP1Triangle(10, 11, 9, 0),
	gsSP1Triangle(12, 11, 10, 0),
	gsSP1Triangle(12, 13, 11, 0),
	gsSP1Triangle(14, 13, 12, 0),
	gsSP1Triangle(14, 12, 15, 0),
	gsSPVertex(castle_inside_dl_mainroom_001_mesh_layer_1_vtx_8 + 16, 16, 0),
	gsSP1Triangle(0, 1, 2, 0),
	gsSP1Triangle(0, 3, 1, 0),
	gsSP1Triangle(4, 5, 6, 0),
	gsSP1Triangle(4, 6, 7, 0),
	gsSP1Triangle(8, 3, 9, 0),
	gsSP1Triangle(8, 9, 10, 0),
	gsSP1Triangle(9, 11, 10, 0),
	gsSP1Triangle(10, 12, 8, 0),
	gsSP1Triangle(13, 14, 15, 0),
	gsSPVertex(castle_inside_dl_mainroom_001_mesh_layer_1_vtx_8 + 32, 7, 0),
	gsSP1Triangle(0, 1, 2, 0),
	gsSP1Triangle(3, 4, 5, 0),
	gsSP1Triangle(3, 5, 6, 0),
	gsSPEndDisplayList(),
};

Vtx castle_inside_dl_mainroom_001_mesh_layer_1_vtx_9[46] = {
	{{ {-2040, 768, 186}, 0, {18994, -16}, {255, 255, 255, 255} }},
	{{ {-2040, 768, 1716}, 0, {15844, -16}, {255, 255, 255, 255} }},
	{{ {-2040, 512, 1716}, 0, {15842, 487}, {255, 255, 255, 255} }},
	{{ {-2040, 512, 186}, 0, {18994, 487}, {255, 255, 255, 255} }},
	{{ {2055, 768, 186}, 0, {2012, -16}, {255, 255, 255, 255} }},
	{{ {2056, 512, 186}, 0, {2012, 487}, {255, 255, 255, 255} }},
	{{ {2055, 512, 1716}, 0, {5161, 487}, {255, 255, 255, 255} }},
	{{ {2055, 768, 1716}, 0, {5161, -16}, {255, 255, 255, 255} }},
	{{ {1440, 768, 2252}, 0, {6656, -16}, {255, 255, 255, 255} }},
	{{ {1440, 512, 2252}, 0, {6656, 487}, {255, 255, 255, 255} }},
	{{ {1132, 512, 2252}, 0, {7468, 487}, {255, 255, 255, 255} }},
	{{ {1132, 768, 2252}, 0, {7468, -16}, {255, 255, 255, 255} }},
	{{ {519, 614, 1638}, 0, {9405, 487}, {255, 255, 255, 255} }},
	{{ {519, 870, 1638}, 0, {9405, -16}, {255, 255, 255, 255} }},
	{{ {-505, 614, 1638}, 0, {11601, 487}, {255, 255, 255, 255} }},
	{{ {-505, 870, 1638}, 0, {11601, -16}, {255, 255, 255, 255} }},
	{{ {-505, 870, 1638}, 0, {11601, -16}, {255, 255, 255, 255} }},
	{{ {-505, 614, 1638}, 0, {11601, 487}, {255, 255, 255, 255} }},
	{{ {-1118, 512, 2252}, 0, {13538, 487}, {255, 255, 255, 255} }},
	{{ {-1118, 768, 2252}, 0, {13538, -16}, {255, 255, 255, 255} }},
	{{ {-1426, 512, 2252}, 0, {14351, 487}, {255, 255, 255, 255} }},
	{{ {-1426, 768, 2252}, 0, {14351, -16}, {255, 255, 255, 255} }},
	{{ {-2040, 512, 1716}, 0, {15846, 487}, {255, 255, 255, 255} }},
	{{ {-2040, 768, 1716}, 0, {15844, -16}, {255, 255, 255, 255} }},
	{{ {521, 512, -1351}, 0, {-2805, 487}, {220, 220, 220, 255} }},
	{{ {768, 768, -1104}, 0, {-2028, -16}, {226, 226, 226, 255} }},
	{{ {520, 768, -1350}, 0, {-2805, -16}, {219, 219, 219, 255} }},
	{{ {768, 512, -1104}, 0, {-2028, 487}, {226, 226, 226, 255} }},
	{{ {2055, 768, 186}, 0, {2012, -16}, {255, 255, 255, 255} }},
	{{ {876, 768, -995}, 0, {-1688, -16}, {228, 228, 228, 255} }},
	{{ {876, 512, -995}, 0, {-1688, 442}, {229, 229, 229, 255} }},
	{{ {2056, 512, 186}, 0, {2012, 487}, {255, 255, 255, 255} }},
	{{ {2056, 512, 186}, 0, {2012, 487}, {255, 255, 255, 255} }},
	{{ {876, 512, -995}, 0, {-1688, 442}, {229, 229, 229, 255} }},
	{{ {1160, 512, -711}, 0, {-798, 453}, {235, 235, 235, 255} }},
	{{ {1161, 512, -711}, 0, {-798, 487}, {235, 235, 235, 255} }},
	{{ {-1049, 512, -806}, 0, {22103, 491}, {231, 231, 231, 255} }},
	{{ {-1049, 768, -806}, 0, {22103, -12}, {231, 231, 231, 255} }},
	{{ {-2040, 768, 186}, 0, {18994, -12}, {255, 255, 255, 255} }},
	{{ {-2040, 512, 186}, 0, {18994, 491}, {255, 255, 255, 255} }},
	{{ {-565, 512, -1290}, 0, {18994, 491}, {222, 222, 222, 255} }},
	{{ {-505, 512, -1350}, 0, {22103, 491}, {217, 217, 217, 255} }},
	{{ {-505, 512, -1350}, 0, {23819, 487}, {217, 217, 217, 255} }},
	{{ {-505, 768, -1350}, 0, {23819, -8}, {217, 217, 217, 255} }},
	{{ {-565, 768, -1290}, 0, {23568, -8}, {219, 219, 219, 255} }},
	{{ {-565, 512, -1290}, 0, {23568, 487}, {219, 219, 219, 255} }},
};

Gfx castle_inside_dl_mainroom_001_mesh_layer_1_tri_9[] = {
	gsSPVertex(castle_inside_dl_mainroom_001_mesh_layer_1_vtx_9 + 0, 16, 0),
	gsSP1Triangle(0, 1, 2, 0),
	gsSP1Triangle(0, 2, 3, 0),
	gsSP1Triangle(4, 5, 6, 0),
	gsSP1Triangle(4, 6, 7, 0),
	gsSP1Triangle(6, 8, 7, 0),
	gsSP1Triangle(6, 9, 8, 0),
	gsSP1Triangle(8, 9, 10, 0),
	gsSP1Triangle(8, 10, 11, 0),
	gsSP1Triangle(11, 10, 12, 0),
	gsSP1Triangle(11, 12, 13, 0),
	gsSP1Triangle(13, 12, 14, 0),
	gsSP1Triangle(13, 14, 15, 0),
	gsSPVertex(castle_inside_dl_mainroom_001_mesh_layer_1_vtx_9 + 16, 16, 0),
	gsSP1Triangle(0, 1, 2, 0),
	gsSP1Triangle(0, 2, 3, 0),
	gsSP1Triangle(3, 2, 4, 0),
	gsSP1Triangle(3, 4, 5, 0),
	gsSP1Triangle(6, 5, 4, 0),
	gsSP1Triangle(6, 7, 5, 0),
	gsSP1Triangle(8, 9, 10, 0),
	gsSP1Triangle(8, 11, 9, 0),
	gsSP1Triangle(12, 13, 14, 0),
	gsSP1Triangle(15, 12, 14, 0),
	gsSPVertex(castle_inside_dl_mainroom_001_mesh_layer_1_vtx_9 + 32, 14, 0),
	gsSP1Triangle(0, 1, 2, 0),
	gsSP1Triangle(2, 3, 0, 0),
	gsSP1Triangle(4, 5, 6, 0),
	gsSP1Triangle(4, 6, 7, 0),
	gsSP1Triangle(7, 8, 4, 0),
	gsSP1Triangle(7, 9, 8, 0),
	gsSP1Triangle(10, 11, 12, 0),
	gsSP1Triangle(10, 12, 13, 0),
	gsSPEndDisplayList(),
};

Vtx castle_inside_dl_mainroom_001_mesh_layer_1_vtx_10[50] = {
	{{ {1180, 256, -76}, 0, {1968, 490}, {255, 255, 255, 255} }},
	{{ {816, 512, -439}, 0, {944, -16}, {255, 255, 255, 255} }},
	{{ {816, 256, -439}, 0, {944, 490}, {255, 213, 214, 255} }},
	{{ {-1164, 256, -75}, 0, {1008, 490}, {255, 255, 255, 255} }},
	{{ {-801, 256, -438}, 0, {2032, 490}, {255, 213, 214, 255} }},
	{{ {-801, 512, -438}, 0, {2032, -16}, {255, 255, 255, 255} }},
	{{ {816, 256, -439}, 0, {5046, 490}, {255, 213, 214, 255} }},
	{{ {816, 512, -439}, 0, {5046, -16}, {255, 255, 255, 255} }},
	{{ {212, 512, -1043}, 0, {2998, -16}, {255, 255, 255, 255} }},
	{{ {212, 256, -1043}, 0, {2998, 490}, {255, 213, 214, 255} }},
	{{ {-197, 512, -1042}, 0, {2032, -16}, {255, 255, 255, 255} }},
	{{ {-197, 256, -1042}, 0, {2032, 490}, {255, 213, 214, 255} }},
	{{ {-801, 256, -438}, 0, {-16, 490}, {255, 213, 214, 255} }},
	{{ {-801, 512, -438}, 0, {-16, -16}, {255, 255, 255, 255} }},
	{{ {2055, 256, 1716}, 0, {5161, 490}, {255, 255, 255, 255} }},
	{{ {1440, 512, 2252}, 0, {6656, -8}, {255, 255, 255, 255} }},
	{{ {2055, 512, 1716}, 0, {5161, -8}, {255, 255, 255, 255} }},
	{{ {1440, 256, 2252}, 0, {6656, 490}, {255, 255, 255, 255} }},
	{{ {1132, 256, 2252}, 0, {7468, 490}, {255, 255, 255, 255} }},
	{{ {1132, 512, 2252}, 0, {7468, -8}, {255, 255, 255, 255} }},
	{{ {519, 358, 1638}, 0, {9405, 490}, {255, 255, 255, 255} }},
	{{ {519, 614, 1638}, 0, {9405, -8}, {255, 255, 255, 255} }},
	{{ {-505, 358, 1638}, 0, {11601, 490}, {255, 255, 255, 255} }},
	{{ {-505, 614, 1638}, 0, {11601, -8}, {255, 255, 255, 255} }},
	{{ {-1118, 256, 2252}, 0, {13538, 490}, {255, 255, 255, 255} }},
	{{ {-1118, 512, 2252}, 0, {13538, -8}, {255, 255, 255, 255} }},
	{{ {-1426, 256, 2252}, 0, {14351, 490}, {255, 255, 255, 255} }},
	{{ {-1426, 512, 2252}, 0, {14351, -8}, {255, 255, 255, 255} }},
	{{ {-2039, 256, 1716}, 0, {15846, 490}, {255, 255, 255, 255} }},
	{{ {-2040, 512, 1716}, 0, {15846, -8}, {255, 255, 255, 255} }},
	{{ {-2040, 512, 1716}, 0, {15846, -8}, {255, 255, 255, 255} }},
	{{ {-2039, 256, 1716}, 0, {15846, 490}, {255, 255, 255, 255} }},
	{{ {-2039, 256, 1028}, 0, {17214, 487}, {255, 255, 255, 255} }},
	{{ {-2040, 512, 186}, 0, {18994, -8}, {255, 255, 255, 255} }},
	{{ {-2039, 256, 875}, 0, {17518, 487}, {255, 255, 255, 255} }},
	{{ {-2040, 256, 186}, 0, {18994, 490}, {255, 255, 255, 255} }},
	{{ {-2040, 512, 186}, 0, {18994, -8}, {255, 255, 255, 255} }},
	{{ {-2040, 256, 186}, 0, {18994, 490}, {255, 255, 255, 255} }},
	{{ {-505, 256, -1350}, 0, {23810, 490}, {237, 237, 237, 255} }},
	{{ {-505, 512, -1350}, 0, {23810, -8}, {217, 217, 217, 255} }},
	{{ {2055, 256, 1716}, 0, {5155, 490}, {255, 255, 255, 255} }},
	{{ {2055, 512, 1716}, 0, {5155, -8}, {255, 255, 255, 255} }},
	{{ {2056, 512, 186}, 0, {2007, -8}, {255, 255, 255, 255} }},
	{{ {2055, 256, 875}, 0, {3482, 487}, {255, 255, 255, 255} }},
	{{ {2055, 256, 186}, 0, {2007, 490}, {255, 255, 255, 255} }},
	{{ {2055, 256, 1028}, 0, {3786, 487}, {255, 255, 255, 255} }},
	{{ {2055, 256, 186}, 0, {2012, 496}, {255, 255, 255, 255} }},
	{{ {2056, 512, 186}, 0, {2012, -6}, {255, 255, 255, 255} }},
	{{ {1161, 512, -711}, 0, {-798, -6}, {255, 255, 255, 255} }},
	{{ {1160, 256, -710}, 0, {-798, 496}, {255, 255, 255, 255} }},
};

Gfx castle_inside_dl_mainroom_001_mesh_layer_1_tri_10[] = {
	gsSPVertex(castle_inside_dl_mainroom_001_mesh_layer_1_vtx_10 + 0, 14, 0),
	gsSP1Triangle(0, 1, 2, 0),
	gsSP1Triangle(3, 4, 5, 0),
	gsSP1Triangle(6, 7, 8, 0),
	gsSP1Triangle(6, 8, 9, 0),
	gsSP1Triangle(9, 8, 10, 0),
	gsSP1Triangle(9, 10, 11, 0),
	gsSP1Triangle(12, 11, 10, 0),
	gsSP1Triangle(12, 10, 13, 0),
	gsSPVertex(castle_inside_dl_mainroom_001_mesh_layer_1_vtx_10 + 14, 16, 0),
	gsSP1Triangle(0, 1, 2, 0),
	gsSP1Triangle(0, 3, 1, 0),
	gsSP1Triangle(1, 3, 4, 0),
	gsSP1Triangle(1, 4, 5, 0),
	gsSP1Triangle(5, 4, 6, 0),
	gsSP1Triangle(5, 6, 7, 0),
	gsSP1Triangle(7, 6, 8, 0),
	gsSP1Triangle(7, 8, 9, 0),
	gsSP1Triangle(9, 8, 10, 0),
	gsSP1Triangle(9, 10, 11, 0),
	gsSP1Triangle(11, 10, 12, 0),
	gsSP1Triangle(11, 12, 13, 0),
	gsSP1Triangle(14, 13, 12, 0),
	gsSP1Triangle(14, 15, 13, 0),
	gsSPVertex(castle_inside_dl_mainroom_001_mesh_layer_1_vtx_10 + 30, 16, 0),
	gsSP1Triangle(0, 1, 2, 0),
	gsSP1Triangle(2, 3, 0, 0),
	gsSP1Triangle(2, 4, 3, 0),
	gsSP1Triangle(4, 5, 3, 0),
	gsSP1Triangle(6, 7, 8, 0),
	gsSP1Triangle(6, 8, 9, 0),
	gsSP1Triangle(10, 11, 12, 0),
	gsSP1Triangle(12, 13, 10, 0),
	gsSP1Triangle(12, 14, 13, 0),
	gsSP1Triangle(13, 15, 10, 0),
	gsSPVertex(castle_inside_dl_mainroom_001_mesh_layer_1_vtx_10 + 46, 4, 0),
	gsSP1Triangle(0, 1, 2, 0),
	gsSP1Triangle(0, 2, 3, 0),
	gsSPEndDisplayList(),
};

Vtx castle_inside_dl_mainroom_001_mesh_layer_1_vtx_11[55] = {
	{{ {1160, 256, -710}, 0, {-798, -16}, {245, 245, 245, 255} }},
	{{ {1159, 0, -710}, 0, {-798, 487}, {255, 255, 255, 255} }},
	{{ {2055, 0, 186}, 0, {2012, 487}, {255, 255, 255, 255} }},
	{{ {2055, 256, 186}, 0, {2012, -16}, {255, 255, 255, 255} }},
	{{ {-2040, 256, 186}, 0, {18994, -16}, {255, 255, 255, 255} }},
	{{ {-2040, 0, 186}, 0, {18994, 487}, {255, 255, 255, 255} }},
	{{ {-505, 0, -1350}, 0, {23810, 487}, {255, 255, 255, 255} }},
	{{ {-505, 256, -1350}, 0, {23810, -16}, {237, 237, 237, 255} }},
	{{ {-2039, 256, 875}, 0, {17518, -18}, {255, 255, 255, 255} }},
	{{ {-2039, 0, 875}, 0, {17518, 491}, {255, 255, 255, 255} }},
	{{ {-2040, 256, 186}, 0, {18994, -16}, {255, 255, 255, 255} }},
	{{ {-2039, 256, 1716}, 0, {15846, -16}, {255, 255, 255, 255} }},
	{{ {-2039, 0, 1028}, 0, {17214, 491}, {255, 255, 255, 255} }},
	{{ {-2039, 256, 1028}, 0, {17214, -18}, {255, 255, 255, 255} }},
	{{ {-2039, 0, 1716}, 0, {15846, 487}, {255, 255, 255, 255} }},
	{{ {-1426, 256, 2252}, 0, {14351, -16}, {255, 255, 255, 255} }},
	{{ {-2039, 0, 1716}, 0, {15846, 487}, {255, 255, 255, 255} }},
	{{ {-1426, 256, 2252}, 0, {14351, -16}, {255, 255, 255, 255} }},
	{{ {-1426, 0, 2252}, 0, {14351, 487}, {255, 255, 255, 255} }},
	{{ {-1118, 256, 2252}, 0, {13538, -16}, {255, 255, 255, 255} }},
	{{ {-1118, 0, 2252}, 0, {13538, 487}, {255, 255, 255, 255} }},
	{{ {-505, 358, 1638}, 0, {11601, -16}, {255, 255, 255, 255} }},
	{{ {-505, 102, 1638}, 0, {11601, 487}, {255, 255, 255, 255} }},
	{{ {519, 358, 1638}, 0, {9405, -16}, {255, 255, 255, 255} }},
	{{ {519, 102, 1638}, 0, {9405, 487}, {255, 255, 255, 255} }},
	{{ {1132, 256, 2252}, 0, {7468, -16}, {255, 255, 255, 255} }},
	{{ {1132, 0, 2252}, 0, {7468, 487}, {255, 255, 255, 255} }},
	{{ {1440, 256, 2252}, 0, {6656, -16}, {255, 255, 255, 255} }},
	{{ {1440, 0, 2252}, 0, {6656, 487}, {255, 255, 255, 255} }},
	{{ {2054, 0, 1716}, 0, {5161, 487}, {255, 255, 255, 255} }},
	{{ {2055, 256, 1716}, 0, {5161, -16}, {255, 255, 255, 255} }},
	{{ {2055, 256, 186}, 0, {2007, -16}, {255, 255, 255, 255} }},
	{{ {2055, 0, 186}, 0, {2007, 487}, {255, 255, 255, 255} }},
	{{ {2055, 0, 875}, 0, {3482, 491}, {255, 255, 255, 255} }},
	{{ {2055, 256, 875}, 0, {3482, -18}, {255, 255, 255, 255} }},
	{{ {816, 0, -439}, 0, {5046, 496}, {255, 156, 159, 255} }},
	{{ {816, 256, -439}, 0, {5046, -15}, {255, 213, 214, 255} }},
	{{ {212, 256, -1043}, 0, {2998, -15}, {255, 213, 214, 255} }},
	{{ {212, 0, -1043}, 0, {2998, 496}, {255, 156, 159, 255} }},
	{{ {-197, 256, -1042}, 0, {2032, -15}, {255, 213, 214, 255} }},
	{{ {-197, 0, -1042}, 0, {2032, 496}, {255, 156, 159, 255} }},
	{{ {-801, 0, -438}, 0, {-16, 496}, {255, 156, 159, 255} }},
	{{ {-801, 256, -438}, 0, {-16, -15}, {255, 213, 214, 255} }},
	{{ {2055, 256, 1028}, 0, {3786, -18}, {255, 255, 255, 255} }},
	{{ {2055, 0, 1028}, 0, {3786, 491}, {255, 255, 255, 255} }},
	{{ {2054, 0, 1716}, 0, {5155, 487}, {255, 255, 255, 255} }},
	{{ {2055, 256, 1716}, 0, {5155, -16}, {255, 255, 255, 255} }},
	{{ {-1528, 0, 287}, 0, {-16, 496}, {255, 255, 255, 255} }},
	{{ {-801, 0, -438}, 0, {2032, 496}, {255, 156, 159, 255} }},
	{{ {-801, 256, -438}, 0, {2032, -15}, {255, 213, 214, 255} }},
	{{ {-1164, 256, -75}, 0, {1008, -15}, {255, 255, 255, 255} }},
	{{ {1543, 0, 286}, 0, {2992, 496}, {255, 255, 255, 255} }},
	{{ {1180, 256, -76}, 0, {1968, -15}, {255, 255, 255, 255} }},
	{{ {816, 256, -439}, 0, {944, -15}, {255, 213, 214, 255} }},
	{{ {816, 0, -439}, 0, {944, 496}, {255, 156, 159, 255} }},
};

Gfx castle_inside_dl_mainroom_001_mesh_layer_1_tri_11[] = {
	gsSPVertex(castle_inside_dl_mainroom_001_mesh_layer_1_vtx_11 + 0, 16, 0),
	gsSP1Triangle(0, 1, 2, 0),
	gsSP1Triangle(0, 2, 3, 0),
	gsSP1Triangle(4, 5, 6, 0),
	gsSP1Triangle(4, 6, 7, 0),
	gsSP1Triangle(8, 9, 5, 0),
	gsSP1Triangle(8, 5, 10, 0),
	gsSP1Triangle(11, 12, 13, 0),
	gsSP1Triangle(11, 14, 12, 0),
	gsSP1Triangle(14, 11, 15, 0),
	gsSPVertex(castle_inside_dl_mainroom_001_mesh_layer_1_vtx_11 + 16, 15, 0),
	gsSP1Triangle(0, 1, 2, 0),
	gsSP1Triangle(3, 2, 1, 0),
	gsSP1Triangle(3, 4, 2, 0),
	gsSP1Triangle(5, 4, 3, 0),
	gsSP1Triangle(5, 6, 4, 0),
	gsSP1Triangle(7, 6, 5, 0),
	gsSP1Triangle(7, 8, 6, 0),
	gsSP1Triangle(9, 8, 7, 0),
	gsSP1Triangle(9, 10, 8, 0),
	gsSP1Triangle(11, 10, 9, 0),
	gsSP1Triangle(11, 12, 10, 0),
	gsSP1Triangle(13, 12, 11, 0),
	gsSP1Triangle(13, 11, 14, 0),
	gsSPVertex(castle_inside_dl_mainroom_001_mesh_layer_1_vtx_11 + 31, 16, 0),
	gsSP1Triangle(0, 1, 2, 0),
	gsSP1Triangle(0, 2, 3, 0),
	gsSP1Triangle(4, 5, 6, 0),
	gsSP1Triangle(4, 6, 7, 0),
	gsSP1Triangle(7, 6, 8, 0),
	gsSP1Triangle(7, 8, 9, 0),
	gsSP1Triangle(10, 9, 8, 0),
	gsSP1Triangle(10, 8, 11, 0),
	gsSP1Triangle(12, 13, 14, 0),
	gsSP1Triangle(12, 14, 15, 0),
	gsSPVertex(castle_inside_dl_mainroom_001_mesh_layer_1_vtx_11 + 47, 8, 0),
	gsSP1Triangle(0, 1, 2, 0),
	gsSP1Triangle(0, 2, 3, 0),
	gsSP1Triangle(4, 5, 6, 0),
	gsSP1Triangle(4, 6, 7, 0),
	gsSPEndDisplayList(),
};

Vtx castle_inside_dl_mainroom_001_mesh_layer_1_vtx_12[20] = {
	{{ {-147, 1126, -3296}, 0, {6100, 2010}, {63, 0, 1, 255} }},
	{{ {-249, 922, -2682}, 0, {3034, 2522}, {86, 0, 2, 255} }},
	{{ {-249, 1024, -3296}, 0, {6100, 2522}, {86, 0, 2, 255} }},
	{{ {-147, 1024, -2682}, 0, {3034, 2010}, {63, 0, 1, 255} }},
	{{ {161, 1126, -3296}, 0, {6100, 480}, {63, 0, 1, 255} }},
	{{ {161, 1024, -2682}, 0, {3034, 478}, {63, 0, 1, 255} }},
	{{ {263, 1024, -3296}, 0, {6100, 0}, {86, 0, 2, 255} }},
	{{ {263, 922, -2682}, 0, {3034, 0}, {86, 0, 2, 255} }},
	{{ {365, 1024, -2477}, 0, {2012, -544}, {86, 0, 2, 255} }},
	{{ {186, 1178, -2477}, 0, {2012, 352}, {63, 0, 1, 255} }},
	{{ {365, 1024, -2067}, 0, {0, -544}, {86, 0, 2, 255} }},
	{{ {186, 1178, -2221}, 0, {734, 352}, {63, 0, 1, 255} }},
	{{ {-351, 1024, -2067}, 0, {0, 3032}, {86, 0, 2, 255} }},
	{{ {-172, 1178, -2221}, 0, {734, 2138}, {63, 0, 1, 255} }},
	{{ {-351, 1024, -2477}, 0, {2012, 3032}, {86, 0, 2, 255} }},
	{{ {-172, 1178, -2477}, 0, {2012, 2138}, {63, 0, 1, 255} }},
	{{ {263, 1152, -3296}, 0, {0, -1564}, {86, 0, 2, 255} }},
	{{ {-351, 1152, -3296}, 0, {-3096, -1566}, {86, 0, 2, 255} }},
	{{ {-351, 1152, -3808}, 0, {-3096, 990}, {86, 0, 2, 255} }},
	{{ {263, 1152, -3808}, 0, {0, 990}, {86, 0, 2, 255} }},
};

Gfx castle_inside_dl_mainroom_001_mesh_layer_1_tri_12[] = {
	gsSPVertex(castle_inside_dl_mainroom_001_mesh_layer_1_vtx_12 + 0, 16, 0),
	gsSP1Triangle(0, 1, 2, 0),
	gsSP1Triangle(0, 3, 1, 0),
	gsSP1Triangle(4, 3, 0, 0),
	gsSP1Triangle(4, 5, 3, 0),
	gsSP1Triangle(6, 5, 4, 0),
	gsSP1Triangle(6, 7, 5, 0),
	gsSP1Triangle(5, 7, 8, 0),
	gsSP1Triangle(5, 8, 9, 0),
	gsSP1Triangle(9, 8, 10, 0),
	gsSP1Triangle(9, 10, 11, 0),
	gsSP1Triangle(11, 10, 12, 0),
	gsSP1Triangle(11, 12, 13, 0),
	gsSP1Triangle(14, 13, 12, 0),
	gsSP1Triangle(14, 15, 13, 0),
	gsSP1Triangle(1, 15, 14, 0),
	gsSP1Triangle(1, 3, 15, 0),
	gsSP1Triangle(3, 9, 15, 0),
	gsSP1Triangle(3, 5, 9, 0),
	gsSP1Triangle(11, 15, 9, 0),
	gsSP1Triangle(11, 13, 15, 0),
	gsSPVertex(castle_inside_dl_mainroom_001_mesh_layer_1_vtx_12 + 16, 4, 0),
	gsSP1Triangle(0, 1, 2, 0),
	gsSP1Triangle(0, 2, 3, 0),
	gsSPEndDisplayList(),
};

Vtx castle_inside_dl_mainroom_001_mesh_layer_1_vtx_13[13] = {
	{{ {-177, 614, -3369}, 0, {840, 2012}, {255, 196, 0, 255} }},
	{{ {-177, 1152, -3369}, 0, {840, 1100}, {0, 0, 0, 255} }},
	{{ {-147, 1152, -3296}, 0, {990, 1100}, {0, 0, 0, 255} }},
	{{ {-147, 614, -3296}, 0, {990, 2012}, {255, 196, 0, 255} }},
	{{ {-351, 1152, -3296}, 0, {0, 0}, {0, 0, 0, 255} }},
	{{ {-351, -52, -3296}, 0, {0, 2012}, {255, 196, 0, 255} }},
	{{ {-321, 602, -3224}, 0, {118, 2028}, {255, 196, 0, 255} }},
	{{ {-321, 1152, -3224}, 0, {118, 0}, {0, 0, 0, 255} }},
	{{ {-249, 597, -3194}, 0, {478, 2036}, {255, 196, 0, 255} }},
	{{ {-249, 1152, -3194}, 0, {478, 0}, {0, 0, 0, 255} }},
	{{ {-177, 602, -3224}, 0, {840, 2028}, {255, 196, 0, 255} }},
	{{ {-177, 1152, -3224}, 0, {840, 0}, {0, 0, 0, 255} }},
	{{ {-147, 1152, -3296}, 0, {990, 0}, {0, 0, 0, 255} }},
};

Gfx castle_inside_dl_mainroom_001_mesh_layer_1_tri_13[] = {
	gsSPVertex(castle_inside_dl_mainroom_001_mesh_layer_1_vtx_13 + 0, 13, 0),
	gsSP1Triangle(0, 1, 2, 0),
	gsSP1Triangle(0, 2, 3, 0),
	gsSP1Triangle(4, 5, 6, 0),
	gsSP1Triangle(4, 6, 7, 0),
	gsSP1Triangle(8, 7, 6, 0),
	gsSP1Triangle(8, 9, 7, 0),
	gsSP1Triangle(9, 8, 10, 0),
	gsSP1Triangle(9, 10, 11, 0),
	gsSP1Triangle(3, 11, 10, 0),
	gsSP1Triangle(3, 12, 11, 0),
	gsSPEndDisplayList(),
};

Vtx castle_inside_dl_mainroom_001_mesh_layer_4_vtx_0[44] = {
	{{ {1546, 26, 283}, 0, {31256, 990}, {255, 255, 255, 255} }},
	{{ {1293, 205, 29}, 0, {26519, 990}, {255, 255, 255, 255} }},
	{{ {1293, 307, 29}, 0, {26501, 0}, {255, 255, 255, 255} }},
	{{ {1546, 128, 283}, 0, {31236, 0}, {255, 255, 255, 255} }},
	{{ {1293, 307, 29}, 0, {31621, 0}, {255, 255, 255, 255} }},
	{{ {1293, 205, 29}, 0, {31639, 990}, {255, 255, 255, 255} }},
	{{ {821, 538, -443}, 0, {25520, 990}, {255, 255, 255, 255} }},
	{{ {821, 640, -443}, 0, {25506, 0}, {255, 255, 255, 255} }},
	{{ {821, 640, -443}, 0, {30626, 0}, {255, 255, 255, 255} }},
	{{ {821, 538, -443}, 0, {30640, 990}, {255, 255, 255, 255} }},
	{{ {217, 538, -1047}, 0, {21478, 990}, {255, 255, 255, 255} }},
	{{ {217, 640, -1047}, 0, {21468, 0}, {255, 255, 255, 255} }},
	{{ {-206, 538, -1050}, 0, {16333, 990}, {255, 255, 255, 255} }},
	{{ {-206, 640, -1050}, 0, {16325, 0}, {255, 255, 255, 255} }},
	{{ {-806, 640, -442}, 0, {8206, 0}, {255, 255, 255, 255} }},
	{{ {-806, 538, -442}, 0, {8210, 990}, {255, 255, 255, 255} }},
	{{ {-1278, 307, 30}, 0, {990, 0}, {255, 255, 255, 255} }},
	{{ {-806, 640, -442}, 0, {8206, 0}, {255, 255, 255, 255} }},
	{{ {-806, 538, -442}, 0, {8210, 990}, {255, 255, 255, 255} }},
	{{ {-1278, 205, 30}, 0, {990, 990}, {255, 255, 255, 255} }},
	{{ {-1531, 26, 284}, 0, {-3043, 990}, {255, 255, 255, 255} }},
	{{ {-1531, 128, 284}, 0, {-3041, 0}, {255, 255, 255, 255} }},
	{{ {-1016, 0, 1183}, 0, {2032, 1008}, {255, 151, 156, 255} }},
	{{ {-198, 0, 364}, 0, {9206, 1008}, {255, 151, 156, 255} }},
	{{ {-198, 128, 364}, 0, {9206, -16}, {255, 151, 156, 255} }},
	{{ {-1016, 128, 1183}, 0, {2032, -16}, {255, 151, 156, 255} }},
	{{ {-1528, 0, 1183}, 0, {-1040, 1008}, {255, 151, 156, 255} }},
	{{ {-1528, 128, 1183}, 0, {-1040, -16}, {255, 151, 156, 255} }},
	{{ {1543, 0, 1183}, 0, {-1040, 1008}, {255, 151, 156, 255} }},
	{{ {1543, 128, 1183}, 0, {-1040, -16}, {255, 151, 156, 255} }},
	{{ {1031, 128, 1183}, 0, {2032, -16}, {255, 151, 156, 255} }},
	{{ {1031, 0, 1183}, 0, {2032, 1008}, {255, 151, 156, 255} }},
	{{ {1031, 0, 1183}, 0, {2032, 1008}, {255, 151, 156, 255} }},
	{{ {1031, 128, 1183}, 0, {2032, -16}, {255, 151, 156, 255} }},
	{{ {213, 128, 364}, 0, {9206, -16}, {255, 151, 156, 255} }},
	{{ {213, 0, 364}, 0, {9206, 1008}, {255, 151, 156, 255} }},
	{{ {-1528, 0, 1183}, 0, {1071, 1008}, {255, 151, 156, 255} }},
	{{ {-1528, 128, 1183}, 0, {1071, -16}, {255, 151, 156, 255} }},
	{{ {-2044, 128, 1695}, 0, {-3207, -16}, {255, 151, 156, 255} }},
	{{ {-2044, 0, 1695}, 0, {-3207, 1008}, {255, 151, 156, 255} }},
	{{ {1543, 0, 1183}, 0, {1071, 1008}, {255, 151, 156, 255} }},
	{{ {2060, 0, 1695}, 0, {-3207, 1008}, {255, 151, 156, 255} }},
	{{ {2060, 128, 1695}, 0, {-3207, -16}, {255, 151, 156, 255} }},
	{{ {1543, 128, 1183}, 0, {1071, -16}, {255, 151, 156, 255} }},
};

Gfx castle_inside_dl_mainroom_001_mesh_layer_4_tri_0[] = {
	gsSPVertex(castle_inside_dl_mainroom_001_mesh_layer_4_vtx_0 + 0, 16, 0),
	gsSP1Triangle(0, 1, 2, 0),
	gsSP1Triangle(0, 2, 3, 0),
	gsSP1Triangle(4, 5, 6, 0),
	gsSP1Triangle(4, 6, 7, 0),
	gsSP1Triangle(8, 9, 10, 0),
	gsSP1Triangle(8, 10, 11, 0),
	gsSP1Triangle(11, 10, 12, 0),
	gsSP1Triangle(11, 12, 13, 0),
	gsSP1Triangle(14, 13, 12, 0),
	gsSP1Triangle(14, 12, 15, 0),
	gsSPVertex(castle_inside_dl_mainroom_001_mesh_layer_4_vtx_0 + 16, 16, 0),
	gsSP1Triangle(0, 1, 2, 0),
	gsSP1Triangle(0, 2, 3, 0),
	gsSP1Triangle(4, 0, 3, 0),
	gsSP1Triangle(4, 5, 0, 0),
	gsSP1Triangle(6, 7, 8, 0),
	gsSP1Triangle(6, 8, 9, 0),
	gsSP1Triangle(10, 6, 9, 0),
	gsSP1Triangle(10, 9, 11, 0),
	gsSP1Triangle(12, 13, 14, 0),
	gsSP1Triangle(12, 14, 15, 0),
	gsSPVertex(castle_inside_dl_mainroom_001_mesh_layer_4_vtx_0 + 32, 12, 0),
	gsSP1Triangle(0, 1, 2, 0),
	gsSP1Triangle(0, 2, 3, 0),
	gsSP1Triangle(4, 5, 6, 0),
	gsSP1Triangle(4, 6, 7, 0),
	gsSP1Triangle(8, 9, 10, 0),
	gsSP1Triangle(8, 10, 11, 0),
	gsSPEndDisplayList(),
};

Vtx castle_inside_dl_mainroom_001_mesh_layer_4_vtx_1[6] = {
	{{ {-259, -47, -531}, 0, {2032, 1008}, {255, 255, 255, 255} }},
	{{ {273, -47, -797}, 0, {-16, -16}, {255, 255, 255, 255} }},
	{{ {-259, -47, -797}, 0, {2032, -16}, {255, 255, 255, 255} }},
	{{ {273, -47, -531}, 0, {-16, 1008}, {255, 255, 255, 255} }},
	{{ {-259, -47, -265}, 0, {2032, -16}, {255, 255, 255, 255} }},
	{{ {273, -47, -265}, 0, {-16, -16}, {255, 255, 255, 255} }},
};

Gfx castle_inside_dl_mainroom_001_mesh_layer_4_tri_1[] = {
	gsSPVertex(castle_inside_dl_mainroom_001_mesh_layer_4_vtx_1 + 0, 6, 0),
	gsSP1Triangle(0, 1, 2, 0),
	gsSP1Triangle(0, 3, 1, 0),
	gsSP1Triangle(3, 0, 4, 0),
	gsSP1Triangle(3, 4, 5, 0),
	gsSPEndDisplayList(),
};

Vtx castle_inside_dl_mainroom_001_mesh_layer_5_vtx_0[32] = {
	{{ {115, -47, -265}, 0, {25, 1174}, {255, 0, 6, 255} }},
	{{ {-104, -47, -265}, 0, {967, 1174}, {255, 0, 6, 255} }},
	{{ {-124, 346, -186}, 0, {1020, -112}, {255, 0, 6, 255} }},
	{{ {138, 346, -186}, 0, {-28, -112}, {255, 0, 6, 255} }},
	{{ {273, -47, -424}, 0, {23, 1174}, {255, 0, 6, 255} }},
	{{ {115, -47, -265}, 0, {969, 1174}, {255, 0, 6, 255} }},
	{{ {138, 346, -186}, 0, {1020, -112}, {255, 0, 6, 255} }},
	{{ {352, 346, -397}, 0, {-28, -112}, {255, 0, 6, 255} }},
	{{ {-103, -47, -797}, 0, {25, 1174}, {255, 0, 6, 255} }},
	{{ {116, -47, -797}, 0, {967, 1174}, {255, 0, 6, 255} }},
	{{ {138, 346, -876}, 0, {1020, -112}, {255, 0, 6, 255} }},
	{{ {-124, 346, -876}, 0, {-28, -112}, {255, 0, 6, 255} }},
	{{ {-259, -47, -423}, 0, {25, 1174}, {255, 0, 6, 255} }},
	{{ {-259, -47, -638}, 0, {967, 1174}, {255, 0, 6, 255} }},
	{{ {-338, 346, -661}, 0, {1020, -112}, {255, 0, 6, 255} }},
	{{ {-338, 346, -401}, 0, {-28, -112}, {255, 0, 6, 255} }},
	{{ {-104, -47, -265}, 0, {23, 1174}, {255, 0, 6, 255} }},
	{{ {-259, -47, -423}, 0, {969, 1174}, {255, 0, 6, 255} }},
	{{ {-338, 346, -401}, 0, {1020, -112}, {255, 0, 6, 255} }},
	{{ {-124, 346, -186}, 0, {-28, -112}, {255, 0, 6, 255} }},
	{{ {-259, -47, -638}, 0, {23, 1174}, {255, 0, 6, 255} }},
	{{ {-103, -47, -797}, 0, {969, 1174}, {255, 0, 6, 255} }},
	{{ {-124, 346, -876}, 0, {1020, -112}, {255, 0, 6, 255} }},
	{{ {-338, 346, -661}, 0, {-28, -112}, {255, 0, 6, 255} }},
	{{ {273, -47, -639}, 0, {24, 1174}, {255, 0, 6, 255} }},
	{{ {273, -47, -424}, 0, {968, 1174}, {255, 0, 6, 255} }},
	{{ {352, 346, -397}, 0, {1020, -112}, {255, 0, 6, 255} }},
	{{ {352, 346, -663}, 0, {-28, -112}, {255, 0, 6, 255} }},
	{{ {116, -47, -797}, 0, {23, 1174}, {255, 0, 6, 255} }},
	{{ {273, -47, -639}, 0, {969, 1174}, {255, 0, 6, 255} }},
	{{ {352, 346, -663}, 0, {1020, -112}, {255, 0, 6, 255} }},
	{{ {138, 346, -876}, 0, {-28, -112}, {255, 0, 6, 255} }},
};

Gfx castle_inside_dl_mainroom_001_mesh_layer_5_tri_0[] = {
	gsSPVertex(castle_inside_dl_mainroom_001_mesh_layer_5_vtx_0 + 0, 16, 0),
	gsSP1Triangle(0, 1, 2, 0),
	gsSP1Triangle(0, 2, 3, 0),
	gsSP1Triangle(4, 5, 6, 0),
	gsSP1Triangle(4, 6, 7, 0),
	gsSP1Triangle(8, 9, 10, 0),
	gsSP1Triangle(8, 10, 11, 0),
	gsSP1Triangle(12, 13, 14, 0),
	gsSP1Triangle(12, 14, 15, 0),
	gsSPVertex(castle_inside_dl_mainroom_001_mesh_layer_5_vtx_0 + 16, 16, 0),
	gsSP1Triangle(0, 1, 2, 0),
	gsSP1Triangle(0, 2, 3, 0),
	gsSP1Triangle(4, 5, 6, 0),
	gsSP1Triangle(4, 6, 7, 0),
	gsSP1Triangle(8, 9, 10, 0),
	gsSP1Triangle(8, 10, 11, 0),
	gsSP1Triangle(12, 13, 14, 0),
	gsSP1Triangle(12, 14, 15, 0),
	gsSPEndDisplayList(),
};

Vtx castle_inside_dl_mainroom_001_mesh_layer_6_vtx_0[4] = {
	{{ {331, 1294, 1638}, 0, {-8, -17}, {210, 149, 149, 255} }},
	{{ {331, 361, 1638}, 0, {-8, 2033}, {255, 255, 255, 255} }},
	{{ {-317, 361, 1638}, 0, {1000, 2033}, {255, 255, 255, 255} }},
	{{ {-317, 1294, 1638}, 0, {1000, -17}, {210, 149, 149, 255} }},
};

Gfx castle_inside_dl_mainroom_001_mesh_layer_6_tri_0[] = {
	gsSPVertex(castle_inside_dl_mainroom_001_mesh_layer_6_vtx_0 + 0, 4, 0),
	gsSP1Triangle(0, 1, 2, 0),
	gsSP1Triangle(0, 2, 3, 0),
	gsSPEndDisplayList(),
};

Vtx castle_inside_dl_pssRoom_mesh_layer_1_vtx_0[20] = {
	{{ {2324, 666, -1647}, 0, {9362, 3156}, {0, 0, 0, 255} }},
	{{ {2179, 666, -1792}, 0, {7918, 1710}, {255, 255, 255, 255} }},
	{{ {2071, 666, -1683}, 0, {6834, 2794}, {255, 255, 255, 255} }},
	{{ {2216, 666, -1538}, 0, {8278, 4240}, {0, 0, 0, 255} }},
	{{ {2179, 666, -2298}, 0, {7918, -3346}, {255, 255, 255, 255} }},
	{{ {2324, 666, -2443}, 0, {9362, -4792}, {0, 0, 0, 255} }},
	{{ {2215, 666, -2552}, 0, {8278, -5876}, {0, 0, 0, 255} }},
	{{ {2071, 666, -2407}, 0, {6834, -4430}, {255, 255, 255, 255} }},
	{{ {1636, 512, -1611}, 0, {4312, 1498}, {228, 164, 169, 255} }},
	{{ {1383, 512, -1864}, 0, {4312, -288}, {228, 164, 169, 255} }},
	{{ {767, 512, -1248}, 0, {0, -288}, {255, 255, 255, 255} }},
	{{ {1021, 512, -995}, 0, {0, 1498}, {255, 255, 255, 255} }},
	{{ {804, 512, -1140}, 0, {-286, 224}, {255, 255, 255, 255} }},
	{{ {912, 512, -1031}, 0, {-284, 990}, {255, 255, 255, 255} }},
	{{ {948, 512, -1067}, 0, {0, 990}, {255, 255, 255, 255} }},
	{{ {840, 512, -1176}, 0, {0, 224}, {255, 255, 255, 255} }},
	{{ {1310, 666, -2443}, 0, {-752, -4792}, {0, 0, 0, 255} }},
	{{ {1455, 666, -2298}, 0, {690, -3346}, {255, 255, 255, 255} }},
	{{ {1564, 666, -2407}, 0, {1774, -4430}, {255, 255, 255, 255} }},
	{{ {1419, 666, -2552}, 0, {330, -5876}, {0, 0, 0, 255} }},
};

Gfx castle_inside_dl_pssRoom_mesh_layer_1_tri_0[] = {
	gsSPVertex(castle_inside_dl_pssRoom_mesh_layer_1_vtx_0 + 0, 16, 0),
	gsSP1Triangle(0, 1, 2, 0),
	gsSP1Triangle(0, 2, 3, 0),
	gsSP1Triangle(4, 5, 6, 0),
	gsSP1Triangle(4, 6, 7, 0),
	gsSP1Triangle(8, 9, 10, 0),
	gsSP1Triangle(8, 10, 11, 0),
	gsSP1Triangle(12, 13, 14, 0),
	gsSP1Triangle(12, 14, 15, 0),
	gsSPVertex(castle_inside_dl_pssRoom_mesh_layer_1_vtx_0 + 16, 4, 0),
	gsSP1Triangle(0, 1, 2, 0),
	gsSP1Triangle(0, 2, 3, 0),
	gsSPEndDisplayList(),
};

Vtx castle_inside_dl_pssRoom_mesh_layer_1_vtx_1[9] = {
	{{ {1998, 512, -2479}, 0, {0, 990}, {228, 164, 169, 255} }},
	{{ {1636, 512, -2479}, 0, {1774, 990}, {228, 164, 169, 255} }},
	{{ {1818, 512, -2045}, 0, {879, -1178}, {255, 255, 255, 255} }},
	{{ {1383, 512, -2226}, 0, {3040, -274}, {228, 164, 169, 255} }},
	{{ {1383, 512, -1864}, 0, {3040, -2082}, {228, 164, 169, 255} }},
	{{ {1636, 512, -1611}, 0, {1774, -3346}, {228, 164, 169, 255} }},
	{{ {1998, 512, -1611}, 0, {0, -3346}, {228, 164, 169, 255} }},
	{{ {2252, 512, -1864}, 0, {-1294, -2082}, {228, 164, 169, 255} }},
	{{ {2252, 512, -2226}, 0, {-1294, -274}, {228, 164, 169, 255} }},
};

Gfx castle_inside_dl_pssRoom_mesh_layer_1_tri_1[] = {
	gsSPVertex(castle_inside_dl_pssRoom_mesh_layer_1_vtx_1 + 0, 9, 0),
	gsSP1Triangle(0, 1, 2, 0),
	gsSP1Triangle(1, 3, 2, 0),
	gsSP1Triangle(3, 4, 2, 0),
	gsSP1Triangle(4, 5, 2, 0),
	gsSP1Triangle(5, 6, 2, 0),
	gsSP1Triangle(6, 7, 2, 0),
	gsSP1Triangle(7, 8, 2, 0),
	gsSP1Triangle(8, 0, 2, 0),
	gsSPEndDisplayList(),
};

Vtx castle_inside_dl_pssRoom_mesh_layer_1_vtx_2[180] = {
	{{ {1383, 820, -1864}, 0, {-1052, -1054}, {255, 255, 255, 255} }},
	{{ {1383, 512, -1864}, 0, {-1052, 2010}, {228, 164, 169, 255} }},
	{{ {1383, 512, -2226}, 0, {2560, 2010}, {228, 164, 169, 255} }},
	{{ {1383, 820, -2226}, 0, {2560, -1054}, {255, 255, 255, 255} }},
	{{ {1588, 1127, -2141}, 0, {1712, -4120}, {0, 0, 0, 255} }},
	{{ {1588, 1127, -1949}, 0, {-206, -4120}, {0, 0, 0, 255} }},
	{{ {1660, 1024, -1779}, 0, {10018, 0}, {0, 0, 0, 255} }},
	{{ {948, 1024, -1067}, 0, {0, 0}, {0, 0, 0, 255} }},
	{{ {840, 1024, -1176}, 0, {0, 990}, {0, 0, 0, 255} }},
	{{ {1552, 1024, -1888}, 0, {10018, 990}, {0, 0, 0, 255} }},
	{{ {948, 1024, -1067}, 0, {0, -4120}, {0, 0, 0, 255} }},
	{{ {1660, 1024, -1779}, 0, {10018, -4120}, {0, 0, 0, 255} }},
	{{ {1636, 820, -1611}, 0, {8654, -2076}, {255, 255, 255, 255} }},
	{{ {1021, 820, -995}, 0, {0, -2076}, {255, 255, 255, 255} }},
	{{ {1636, 512, -1611}, 0, {8654, 990}, {228, 164, 169, 255} }},
	{{ {1021, 512, -995}, 0, {0, 990}, {255, 255, 255, 255} }},
	{{ {1636, 820, -2479}, 0, {2560, -1054}, {255, 255, 255, 255} }},
	{{ {1636, 512, -2479}, 0, {2560, 2010}, {228, 164, 169, 255} }},
	{{ {1998, 512, -2479}, 0, {-1052, 2010}, {228, 164, 169, 255} }},
	{{ {1998, 820, -2479}, 0, {-1052, -1054}, {255, 255, 255, 255} }},
	{{ {1455, 820, -2298}, 0, {-3096, -542}, {255, 255, 255, 255} }},
	{{ {1347, 922, -2479}, 0, {-5140, -1564}, {0, 0, 0, 255} }},
	{{ {1540, 922, -2286}, 0, {-2414, -1566}, {255, 255, 255, 255} }},
	{{ {1310, 820, -2443}, 0, {-5140, -542}, {0, 0, 0, 255} }},
	{{ {1455, 666, -2298}, 0, {-3096, 990}, {255, 255, 255, 255} }},
	{{ {1310, 666, -2443}, 0, {-5140, 990}, {0, 0, 0, 255} }},
	{{ {1636, 820, -1611}, 0, {-1052, -1054}, {255, 255, 255, 255} }},
	{{ {1660, 1024, -1779}, 0, {0, -3098}, {0, 0, 0, 255} }},
	{{ {1721, 1127, -1815}, 0, {-206, -4120}, {0, 0, 0, 255} }},
	{{ {1552, 1024, -1888}, 0, {1502, -3098}, {0, 0, 0, 255} }},
	{{ {1588, 1127, -1949}, 0, {1676, -4120}, {0, 0, 0, 255} }},
	{{ {1383, 820, -1864}, 0, {2524, -1054}, {255, 255, 255, 255} }},
	{{ {2071, 820, -1683}, 0, {0, -544}, {255, 255, 255, 255} }},
	{{ {2216, 820, -1538}, 0, {2012, -542}, {0, 0, 0, 255} }},
	{{ {2216, 666, -1538}, 0, {2012, 990}, {0, 0, 0, 255} }},
	{{ {2071, 666, -1683}, 0, {0, 990}, {255, 255, 255, 255} }},
	{{ {1419, 820, -2552}, 0, {-5140, -544}, {0, 0, 0, 255} }},
	{{ {1576, 922, -2323}, 0, {-2414, -1566}, {255, 255, 255, 255} }},
	{{ {1383, 922, -2516}, 0, {-5140, -1566}, {0, 0, 0, 255} }},
	{{ {1564, 820, -2407}, 0, {-3096, -544}, {255, 255, 255, 255} }},
	{{ {1419, 666, -2552}, 0, {-5140, 990}, {0, 0, 0, 255} }},
	{{ {1564, 666, -2407}, 0, {-3096, 990}, {255, 255, 255, 255} }},
	{{ {1552, 1024, -1888}, 0, {10018, -4120}, {0, 0, 0, 255} }},
	{{ {840, 1024, -1176}, 0, {0, -4120}, {0, 0, 0, 255} }},
	{{ {767, 820, -1248}, 0, {0, -2076}, {255, 255, 255, 255} }},
	{{ {1383, 820, -1864}, 0, {8654, -2076}, {255, 255, 255, 255} }},
	{{ {767, 512, -1248}, 0, {0, 990}, {255, 255, 255, 255} }},
	{{ {1383, 512, -1864}, 0, {8654, 990}, {228, 164, 169, 255} }},
	{{ {2095, 922, -2286}, 0, {480, 478}, {255, 255, 255, 255} }},
	{{ {2059, 922, -2323}, 0, {480, 990}, {255, 255, 255, 255} }},
	{{ {2252, 922, -2516}, 0, {3204, 990}, {0, 0, 0, 255} }},
	{{ {2288, 922, -2479}, 0, {3204, 480}, {0, 0, 0, 255} }},
	{{ {948, 1024, -1067}, 0, {0, -3098}, {0, 0, 0, 255} }},
	{{ {767, 820, -1248}, 0, {2524, -1054}, {255, 255, 255, 255} }},
	{{ {840, 1024, -1176}, 0, {1500, -3098}, {0, 0, 0, 255} }},
	{{ {1021, 820, -995}, 0, {-1052, -1054}, {255, 255, 255, 255} }},
	{{ {840, 768, -1176}, 0, {1502, -544}, {255, 255, 255, 255} }},
	{{ {948, 768, -1067}, 0, {0, -544}, {255, 255, 255, 255} }},
	{{ {948, 512, -1067}, 0, {0, 2010}, {255, 255, 255, 255} }},
	{{ {1021, 512, -995}, 0, {-1052, 2010}, {255, 255, 255, 255} }},
	{{ {912, 768, -1031}, 0, {-542, -544}, {255, 255, 255, 255} }},
	{{ {912, 512, -1031}, 0, {-542, 2010}, {255, 255, 255, 255} }},
	{{ {2288, 922, -2479}, 0, {990, -1566}, {0, 0, 0, 255} }},
	{{ {2179, 820, -2298}, 0, {-1052, -544}, {255, 255, 255, 255} }},
	{{ {2095, 922, -2286}, 0, {-1734, -1566}, {255, 255, 255, 255} }},
	{{ {2324, 820, -2443}, 0, {990, -544}, {0, 0, 0, 255} }},
	{{ {2324, 666, -2443}, 0, {990, 990}, {0, 0, 0, 255} }},
	{{ {2179, 666, -2298}, 0, {-1052, 990}, {255, 255, 255, 255} }},
	{{ {2215, 820, -2552}, 0, {990, -544}, {0, 0, 0, 255} }},
	{{ {2252, 922, -2516}, 0, {990, -1566}, {0, 0, 0, 255} }},
	{{ {2059, 922, -2323}, 0, {-1734, -1566}, {255, 255, 255, 255} }},
	{{ {2071, 820, -2407}, 0, {-1052, -544}, {255, 255, 255, 255} }},
	{{ {2071, 666, -2407}, 0, {-1052, 990}, {255, 255, 255, 255} }},
	{{ {2215, 666, -2552}, 0, {990, 990}, {0, 0, 0, 255} }},
	{{ {2252, 512, -1864}, 0, {-1052, 2010}, {228, 164, 169, 255} }},
	{{ {2252, 820, -2226}, 0, {2560, -1054}, {255, 255, 255, 255} }},
	{{ {2252, 512, -2226}, 0, {2560, 2010}, {228, 164, 169, 255} }},
	{{ {2252, 820, -1864}, 0, {-1052, -1054}, {255, 255, 255, 255} }},
	{{ {2047, 1127, -1949}, 0, {-206, -4120}, {0, 0, 0, 255} }},
	{{ {2252, 820, -2226}, 0, {2560, -1054}, {255, 255, 255, 255} }},
	{{ {2252, 820, -1864}, 0, {-1052, -1054}, {255, 255, 255, 255} }},
	{{ {2047, 1127, -2141}, 0, {1712, -4120}, {0, 0, 0, 255} }},
	{{ {2179, 666, -1792}, 0, {0, 990}, {255, 255, 255, 255} }},
	{{ {2324, 666, -1647}, 0, {2012, 990}, {0, 0, 0, 255} }},
	{{ {2324, 820, -1647}, 0, {2012, -542}, {0, 0, 0, 255} }},
	{{ {2179, 820, -1792}, 0, {0, -542}, {255, 255, 255, 255} }},
	{{ {2288, 922, -1611}, 0, {7632, -1566}, {0, 0, 0, 255} }},
	{{ {2095, 922, -1804}, 0, {4908, -1566}, {255, 255, 255, 255} }},
	{{ {2179, 820, -1792}, 0, {5588, -544}, {255, 255, 255, 255} }},
	{{ {2324, 820, -1647}, 0, {7632, -544}, {0, 0, 0, 255} }},
	{{ {912, 768, -1031}, 0, {0, 0}, {255, 255, 255, 255} }},
	{{ {840, 768, -1176}, 0, {990, 990}, {255, 255, 255, 255} }},
	{{ {948, 768, -1067}, 0, {990, 0}, {255, 255, 255, 255} }},
	{{ {804, 768, -1140}, 0, {0, 990}, {255, 255, 255, 255} }},
	{{ {912, 768, -1031}, 0, {0, 0}, {255, 255, 255, 255} }},
	{{ {804, 512, -1140}, 0, {-542, 2010}, {255, 255, 255, 255} }},
	{{ {804, 768, -1140}, 0, {0, 990}, {255, 255, 255, 255} }},
	{{ {912, 512, -1031}, 0, {-284, 990}, {255, 255, 255, 255} }},
	{{ {840, 512, -1176}, 0, {1502, 2010}, {255, 255, 255, 255} }},
	{{ {767, 512, -1248}, 0, {2524, 2010}, {255, 255, 255, 255} }},
	{{ {767, 820, -1248}, 0, {2524, -1054}, {255, 255, 255, 255} }},
	{{ {840, 768, -1176}, 0, {1502, -544}, {255, 255, 255, 255} }},
	{{ {1636, 512, -1611}, 0, {2560, 2010}, {228, 164, 169, 255} }},
	{{ {1998, 820, -1611}, 0, {-1052, -1054}, {255, 255, 255, 255} }},
	{{ {1998, 512, -1611}, 0, {-1052, 2010}, {228, 164, 169, 255} }},
	{{ {1636, 820, -1611}, 0, {2560, -1054}, {255, 255, 255, 255} }},
	{{ {1913, 1127, -1815}, 0, {-206, -4120}, {0, 0, 0, 255} }},
	{{ {1721, 1127, -1815}, 0, {1712, -4120}, {0, 0, 0, 255} }},
	{{ {1998, 820, -2479}, 0, {-4118, -2076}, {255, 255, 255, 255} }},
	{{ {1913, 1127, -2275}, 0, {-2074, -5142}, {0, 0, 0, 255} }},
	{{ {1721, 1127, -2275}, 0, {1712, -4120}, {0, 0, 0, 255} }},
	{{ {1636, 820, -2479}, 0, {2560, -1054}, {255, 255, 255, 255} }},
	{{ {2252, 922, -1574}, 0, {10018, 0}, {0, 0, 0, 255} }},
	{{ {2059, 922, -1767}, 0, {7292, 0}, {255, 255, 255, 255} }},
	{{ {2095, 922, -1804}, 0, {7292, 480}, {255, 255, 255, 255} }},
	{{ {2288, 922, -1611}, 0, {10018, 480}, {0, 0, 0, 255} }},
	{{ {1588, 1127, -1815}, 0, {2508, 990}, {0, 0, 0, 255} }},
	{{ {1588, 1127, -2275}, 0, {2508, -1302}, {0, 0, 0, 255} }},
	{{ {2047, 1127, -2275}, 0, {-2074, -1302}, {0, 0, 0, 255} }},
	{{ {2047, 1127, -1815}, 0, {-2074, 990}, {0, 0, 0, 255} }},
	{{ {840, 768, -1176}, 0, {0, -542}, {255, 255, 255, 255} }},
	{{ {804, 768, -1140}, 0, {-542, -544}, {255, 255, 255, 255} }},
	{{ {804, 512, -1140}, 0, {-542, 2010}, {255, 255, 255, 255} }},
	{{ {840, 512, -1176}, 0, {0, 2010}, {255, 255, 255, 255} }},
	{{ {1383, 922, -2516}, 0, {-2756, 478}, {0, 0, 0, 255} }},
	{{ {1576, 922, -2323}, 0, {0, 478}, {255, 255, 255, 255} }},
	{{ {1540, 922, -2286}, 0, {0, 0}, {255, 255, 255, 255} }},
	{{ {1347, 922, -2479}, 0, {-2756, 0}, {0, 0, 0, 255} }},
	{{ {2216, 820, -1538}, 0, {7632, -544}, {0, 0, 0, 255} }},
	{{ {2071, 820, -1683}, 0, {5588, -544}, {255, 255, 255, 255} }},
	{{ {2059, 922, -1767}, 0, {4908, -1566}, {255, 255, 255, 255} }},
	{{ {2252, 922, -1574}, 0, {7632, -1566}, {0, 0, 0, 255} }},
	{{ {2071, 666, -2407}, 0, {1502, 480}, {255, 255, 255, 255} }},
	{{ {1998, 512, -2479}, 0, {2524, 2010}, {228, 164, 169, 255} }},
	{{ {2252, 512, -2226}, 0, {-1052, 2010}, {228, 164, 169, 255} }},
	{{ {1998, 820, -2479}, 0, {2524, -1054}, {255, 255, 255, 255} }},
	{{ {2071, 820, -2407}, 0, {1502, -1054}, {255, 255, 255, 255} }},
	{{ {2059, 922, -2323}, 0, {990, -2076}, {255, 255, 255, 255} }},
	{{ {1913, 1127, -2275}, 0, {1676, -4120}, {0, 0, 0, 255} }},
	{{ {2095, 922, -2286}, 0, {480, -2076}, {255, 255, 255, 255} }},
	{{ {2095, 922, -2286}, 0, {480, -2076}, {255, 255, 255, 255} }},
	{{ {2047, 1127, -2141}, 0, {-206, -4120}, {0, 0, 0, 255} }},
	{{ {1913, 1127, -2275}, 0, {1676, -4120}, {0, 0, 0, 255} }},
	{{ {2252, 820, -2226}, 0, {-1052, -1054}, {255, 255, 255, 255} }},
	{{ {2179, 820, -2298}, 0, {0, -1054}, {255, 255, 255, 255} }},
	{{ {2252, 512, -2226}, 0, {-1052, 2010}, {228, 164, 169, 255} }},
	{{ {2179, 666, -2298}, 0, {0, 480}, {255, 255, 255, 255} }},
	{{ {2071, 666, -2407}, 0, {1502, 480}, {255, 255, 255, 255} }},
	{{ {2179, 666, -1792}, 0, {-540, -544}, {255, 255, 255, 255} }},
	{{ {2179, 820, -1792}, 0, {-540, -2076}, {255, 255, 255, 255} }},
	{{ {2252, 820, -1864}, 0, {-1562, -2076}, {255, 255, 255, 255} }},
	{{ {2095, 922, -1804}, 0, {0, -3098}, {255, 255, 255, 255} }},
	{{ {2047, 1127, -1949}, 0, {-716, -5142}, {0, 0, 0, 255} }},
	{{ {1913, 1127, -1815}, 0, {1166, -5142}, {0, 0, 0, 255} }},
	{{ {2059, 922, -1767}, 0, {478, -3098}, {255, 255, 255, 255} }},
	{{ {1998, 820, -1611}, 0, {2012, -2076}, {255, 255, 255, 255} }},
	{{ {2059, 922, -1767}, 0, {478, -3098}, {255, 255, 255, 255} }},
	{{ {2071, 820, -1683}, 0, {990, -2076}, {255, 255, 255, 255} }},
	{{ {1998, 820, -1611}, 0, {2012, -2076}, {255, 255, 255, 255} }},
	{{ {1998, 512, -1611}, 0, {2012, 990}, {228, 164, 169, 255} }},
	{{ {2071, 666, -1683}, 0, {990, -544}, {255, 255, 255, 255} }},
	{{ {2179, 666, -1792}, 0, {-540, -544}, {255, 255, 255, 255} }},
	{{ {2252, 512, -1864}, 0, {-1562, 990}, {228, 164, 169, 255} }},
	{{ {2252, 820, -1864}, 0, {-1562, -2076}, {255, 255, 255, 255} }},
	{{ {1721, 1127, -2275}, 0, {-716, -5142}, {0, 0, 0, 255} }},
	{{ {1576, 922, -2323}, 0, {0, -3098}, {255, 255, 255, 255} }},
	{{ {1636, 820, -2479}, 0, {-1564, -2076}, {255, 255, 255, 255} }},
	{{ {1540, 922, -2286}, 0, {478, -3098}, {255, 255, 255, 255} }},
	{{ {1588, 1127, -2141}, 0, {1166, -5142}, {0, 0, 0, 255} }},
	{{ {1383, 820, -2226}, 0, {2012, -2076}, {255, 255, 255, 255} }},
	{{ {1455, 820, -2298}, 0, {990, -2076}, {255, 255, 255, 255} }},
	{{ {1455, 666, -2298}, 0, {990, -542}, {255, 255, 255, 255} }},
	{{ {1455, 666, -2298}, 0, {990, -542}, {255, 255, 255, 255} }},
	{{ {1383, 820, -2226}, 0, {2012, -2076}, {255, 255, 255, 255} }},
	{{ {1383, 512, -2226}, 0, {2012, 990}, {228, 164, 169, 255} }},
	{{ {1636, 512, -2479}, 0, {-1564, 990}, {228, 164, 169, 255} }},
	{{ {1564, 666, -2407}, 0, {-542, -542}, {255, 255, 255, 255} }},
	{{ {1564, 820, -2407}, 0, {-542, -2076}, {255, 255, 255, 255} }},
	{{ {1636, 820, -2479}, 0, {-1564, -2076}, {255, 255, 255, 255} }},
	{{ {1576, 922, -2323}, 0, {0, -3098}, {255, 255, 255, 255} }},
};

Gfx castle_inside_dl_pssRoom_mesh_layer_1_tri_2[] = {
	gsSPVertex(castle_inside_dl_pssRoom_mesh_layer_1_vtx_2 + 0, 16, 0),
	gsSP1Triangle(0, 1, 2, 0),
	gsSP1Triangle(0, 2, 3, 0),
	gsSP1Triangle(4, 0, 3, 0),
	gsSP1Triangle(4, 5, 0, 0),
	gsSP1Triangle(6, 7, 8, 0),
	gsSP1Triangle(6, 8, 9, 0),
	gsSP1Triangle(10, 11, 12, 0),
	gsSP1Triangle(10, 12, 13, 0),
	gsSP1Triangle(13, 12, 14, 0),
	gsSP1Triangle(13, 14, 15, 0),
	gsSPVertex(castle_inside_dl_pssRoom_mesh_layer_1_vtx_2 + 16, 16, 0),
	gsSP1Triangle(0, 1, 2, 0),
	gsSP1Triangle(0, 2, 3, 0),
	gsSP1Triangle(4, 5, 6, 0),
	gsSP1Triangle(4, 7, 5, 0),
	gsSP1Triangle(8, 7, 4, 0),
	gsSP1Triangle(8, 9, 7, 0),
	gsSP1Triangle(10, 11, 12, 0),
	gsSP1Triangle(13, 12, 11, 0),
	gsSP1Triangle(13, 14, 12, 0),
	gsSP1Triangle(13, 15, 14, 0),
	gsSPVertex(castle_inside_dl_pssRoom_mesh_layer_1_vtx_2 + 32, 16, 0),
	gsSP1Triangle(0, 1, 2, 0),
	gsSP1Triangle(0, 2, 3, 0),
	gsSP1Triangle(4, 5, 6, 0),
	gsSP1Triangle(4, 7, 5, 0),
	gsSP1Triangle(8, 7, 4, 0),
	gsSP1Triangle(8, 9, 7, 0),
	gsSP1Triangle(10, 11, 12, 0),
	gsSP1Triangle(10, 12, 13, 0),
	gsSP1Triangle(14, 13, 12, 0),
	gsSP1Triangle(14, 15, 13, 0),
	gsSPVertex(castle_inside_dl_pssRoom_mesh_layer_1_vtx_2 + 48, 14, 0),
	gsSP1Triangle(0, 1, 2, 0),
	gsSP1Triangle(0, 2, 3, 0),
	gsSP1Triangle(4, 5, 6, 0),
	gsSP1Triangle(4, 7, 5, 0),
	gsSP1Triangle(8, 5, 7, 0),
	gsSP1Triangle(7, 9, 8, 0),
	gsSP1Triangle(7, 10, 9, 0),
	gsSP1Triangle(7, 11, 10, 0),
	gsSP1Triangle(10, 12, 9, 0),
	gsSP1Triangle(10, 13, 12, 0),
	gsSPVertex(castle_inside_dl_pssRoom_mesh_layer_1_vtx_2 + 62, 16, 0),
	gsSP1Triangle(0, 1, 2, 0),
	gsSP1Triangle(0, 3, 1, 0),
	gsSP1Triangle(1, 3, 4, 0),
	gsSP1Triangle(1, 4, 5, 0),
	gsSP1Triangle(6, 7, 8, 0),
	gsSP1Triangle(6, 8, 9, 0),
	gsSP1Triangle(10, 6, 9, 0),
	gsSP1Triangle(10, 11, 6, 0),
	gsSP1Triangle(12, 13, 14, 0),
	gsSP1Triangle(12, 15, 13, 0),
	gsSPVertex(castle_inside_dl_pssRoom_mesh_layer_1_vtx_2 + 78, 16, 0),
	gsSP1Triangle(0, 1, 2, 0),
	gsSP1Triangle(0, 3, 1, 0),
	gsSP1Triangle(4, 5, 6, 0),
	gsSP1Triangle(4, 6, 7, 0),
	gsSP1Triangle(8, 9, 10, 0),
	gsSP1Triangle(8, 10, 11, 0),
	gsSP1Triangle(12, 13, 14, 0),
	gsSP1Triangle(12, 15, 13, 0),
	gsSPVertex(castle_inside_dl_pssRoom_mesh_layer_1_vtx_2 + 94, 14, 0),
	gsSP1Triangle(0, 1, 2, 0),
	gsSP1Triangle(0, 3, 1, 0),
	gsSP1Triangle(4, 5, 6, 0),
	gsSP1Triangle(4, 6, 7, 0),
	gsSP1Triangle(8, 9, 10, 0),
	gsSP1Triangle(8, 11, 9, 0),
	gsSP1Triangle(12, 9, 11, 0),
	gsSP1Triangle(12, 11, 13, 0),
	gsSPVertex(castle_inside_dl_pssRoom_mesh_layer_1_vtx_2 + 108, 16, 0),
	gsSP1Triangle(0, 1, 2, 0),
	gsSP1Triangle(0, 2, 3, 0),
	gsSP1Triangle(4, 5, 6, 0),
	gsSP1Triangle(4, 6, 7, 0),
	gsSP1Triangle(8, 9, 10, 0),
	gsSP1Triangle(8, 10, 11, 0),
	gsSP1Triangle(12, 13, 14, 0),
	gsSP1Triangle(12, 14, 15, 0),
	gsSPVertex(castle_inside_dl_pssRoom_mesh_layer_1_vtx_2 + 124, 16, 0),
	gsSP1Triangle(0, 1, 2, 0),
	gsSP1Triangle(0, 2, 3, 0),
	gsSP1Triangle(4, 5, 6, 0),
	gsSP1Triangle(4, 6, 7, 0),
	gsSP1Triangle(8, 9, 10, 0),
	gsSP1Triangle(8, 11, 9, 0),
	gsSP1Triangle(8, 12, 11, 0),
	gsSP1Triangle(11, 12, 13, 0),
	gsSP1Triangle(11, 13, 14, 0),
	gsSP1Triangle(15, 14, 13, 0),
	gsSPVertex(castle_inside_dl_pssRoom_mesh_layer_1_vtx_2 + 140, 16, 0),
	gsSP1Triangle(0, 1, 2, 0),
	gsSP1Triangle(0, 3, 1, 0),
	gsSP1Triangle(4, 3, 0, 0),
	gsSP1Triangle(5, 3, 4, 0),
	gsSP1Triangle(5, 4, 6, 0),
	gsSP1Triangle(7, 5, 6, 0),
	gsSP1Triangle(8, 9, 10, 0),
	gsSP1Triangle(10, 9, 11, 0),
	gsSP1Triangle(10, 11, 12, 0),
	gsSP1Triangle(13, 12, 11, 0),
	gsSP1Triangle(13, 11, 14, 0),
	gsSP1Triangle(14, 15, 13, 0),
	gsSPVertex(castle_inside_dl_pssRoom_mesh_layer_1_vtx_2 + 156, 16, 0),
	gsSP1Triangle(0, 1, 2, 0),
	gsSP1Triangle(3, 2, 1, 0),
	gsSP1Triangle(3, 1, 4, 0),
	gsSP1Triangle(3, 4, 5, 0),
	gsSP1Triangle(3, 5, 6, 0),
	gsSP1Triangle(5, 7, 6, 0),
	gsSP1Triangle(8, 9, 10, 0),
	gsSP1Triangle(11, 9, 8, 0),
	gsSP1Triangle(11, 8, 12, 0),
	gsSP1Triangle(12, 13, 11, 0),
	gsSP1Triangle(13, 14, 11, 0),
	gsSP1Triangle(15, 14, 13, 0),
	gsSPVertex(castle_inside_dl_pssRoom_mesh_layer_1_vtx_2 + 172, 8, 0),
	gsSP1Triangle(0, 1, 2, 0),
	gsSP1Triangle(0, 2, 3, 0),
	gsSP1Triangle(0, 3, 4, 0),
	gsSP1Triangle(3, 5, 4, 0),
	gsSP1Triangle(3, 6, 5, 0),
	gsSP1Triangle(7, 5, 6, 0),
	gsSPEndDisplayList(),
};

Vtx castle_inside_dl_pssRoom_mesh_layer_5_vtx_0[12] = {
	{{ {2066, 581, -2435}, 0, {-16, 2032}, {255, 255, 255, 255} }},
	{{ {2208, 581, -2293}, 0, {1008, 2032}, {255, 255, 255, 255} }},
	{{ {2208, 936, -2293}, 0, {1008, -16}, {255, 255, 255, 255} }},
	{{ {2066, 936, -2435}, 0, {-16, -16}, {255, 255, 255, 255} }},
	{{ {1427, 581, -2293}, 0, {-16, 2032}, {255, 255, 255, 255} }},
	{{ {1569, 581, -2435}, 0, {1008, 2032}, {255, 255, 255, 255} }},
	{{ {1569, 936, -2435}, 0, {1008, -16}, {255, 255, 255, 255} }},
	{{ {1427, 936, -2293}, 0, {-16, -16}, {255, 255, 255, 255} }},
	{{ {2208, 581, -1796}, 0, {-16, 2032}, {255, 255, 255, 255} }},
	{{ {2066, 581, -1654}, 0, {1008, 2032}, {255, 255, 255, 255} }},
	{{ {2066, 936, -1654}, 0, {1008, -16}, {255, 255, 255, 255} }},
	{{ {2208, 936, -1796}, 0, {-16, -16}, {255, 255, 255, 255} }},
};

Gfx castle_inside_dl_pssRoom_mesh_layer_5_tri_0[] = {
	gsSPVertex(castle_inside_dl_pssRoom_mesh_layer_5_vtx_0 + 0, 12, 0),
	gsSP1Triangle(0, 1, 2, 0),
	gsSP1Triangle(0, 2, 3, 0),
	gsSP1Triangle(4, 5, 6, 0),
	gsSP1Triangle(4, 6, 7, 0),
	gsSP1Triangle(8, 9, 10, 0),
	gsSP1Triangle(8, 10, 11, 0),
	gsSPEndDisplayList(),
};

Vtx castle_inside_dl_LAYER_OPAQUE_inside_castle_seg7_dl_07034D88_mesh_mesh_layer_1_vtx_0[64] = {
	{{ {798, -73, 1921}, 0, {1189, 4564}, {255, 255, 255, 255} }},
	{{ {798, -73, 1000}, 0, {5787, 4564}, {255, 255, 255, 255} }},
	{{ {490, -73, 1102}, 0, {5275, 3032}, {255, 255, 255, 255} }},
	{{ {798, -73, 1000}, 0, {5792, 4564}, {255, 255, 255, 255} }},
	{{ {490, -73, 1000}, 0, {5790, 3032}, {255, 255, 255, 255} }},
	{{ {490, -73, 1102}, 0, {5280, 3032}, {255, 255, 255, 255} }},
	{{ {-481, -73, 1102}, 0, {5280, -1820}, {255, 255, 255, 255} }},
	{{ {-481, -73, 1000}, 0, {5790, -1820}, {255, 255, 255, 255} }},
	{{ {-789, -73, 1000}, 0, {5790, -3354}, {255, 255, 255, 255} }},
	{{ {-481, -73, 1102}, 0, {5274, -1820}, {255, 255, 255, 255} }},
	{{ {-789, -73, 1000}, 0, {5784, -3354}, {255, 255, 255, 255} }},
	{{ {-789, -73, 1921}, 0, {1188, -3354}, {255, 255, 255, 255} }},
	{{ {286, -73, 1102}, 0, {5263, 2022}, {255, 255, 255, 255} }},
	{{ {183, -73, 948}, 0, {6029, 1510}, {255, 255, 255, 255} }},
	{{ {-175, -73, 948}, 0, {6029, -277}, {255, 255, 255, 255} }},
	{{ {-277, -73, 1102}, 0, {5263, -789}, {255, 255, 255, 255} }},
	{{ {-277, -202, -716}, 0, {-2074, -3546}, {255, 255, 255, 255} }},
	{{ {286, -202, -716}, 0, {3544, -3546}, {255, 255, 255, 255} }},
	{{ {286, -202, -742}, 0, {3544, -3700}, {255, 255, 255, 255} }},
	{{ {-277, -202, -742}, 0, {-2074, -3700}, {255, 255, 255, 255} }},
	{{ {-277, -278, -665}, 0, {-2074, 1244}, {122, 61, 65, 255} }},
	{{ {286, -278, -665}, 0, {3544, 1244}, {122, 61, 65, 255} }},
	{{ {286, -253, -665}, 0, {3544, 1040}, {122, 61, 65, 255} }},
	{{ {-277, -253, -665}, 0, {-2074, 1040}, {122, 61, 65, 255} }},
	{{ {-277, -202, -742}, 0, {-2074, 172}, {122, 61, 65, 255} }},
	{{ {286, -202, -742}, 0, {3544, 172}, {122, 61, 65, 255} }},
	{{ {286, -177, -742}, 0, {3544, 0}, {122, 61, 65, 255} }},
	{{ {-277, -177, -742}, 0, {-2074, 0}, {122, 61, 65, 255} }},
	{{ {286, -177, -1459}, 0, {4248, 2776}, {255, 10, 28, 255} }},
	{{ {-277, -177, -1459}, 0, {4248, 0}, {255, 10, 28, 255} }},
	{{ {-277, -177, -742}, 0, {674, 0}, {255, 138, 147, 255} }},
	{{ {286, -177, -742}, 0, {674, 2776}, {255, 138, 147, 255} }},
	{{ {286, -202, -716}, 0, {3544, 326}, {122, 61, 65, 255} }},
	{{ {-277, -202, -716}, 0, {-2074, 326}, {122, 61, 65, 255} }},
	{{ {-277, -227, -716}, 0, {-2074, 530}, {122, 61, 65, 255} }},
	{{ {286, -227, -716}, 0, {3544, 530}, {122, 61, 65, 255} }},
	{{ {-72, -177, -1459}, 0, {4271, 990}, {255, 255, 255, 255} }},
	{{ {82, -177, -1459}, 0, {4271, 1754}, {255, 255, 255, 255} }},
	{{ {82, -177, -1510}, 0, {4527, 1754}, {255, 255, 255, 255} }},
	{{ {-72, -177, -1510}, 0, {4527, 990}, {255, 255, 255, 255} }},
	{{ {286, -227, -716}, 0, {3544, -3497}, {255, 255, 255, 255} }},
	{{ {-277, -227, -716}, 0, {-2074, -3497}, {255, 255, 255, 255} }},
	{{ {-277, -227, -691}, 0, {-2074, -3343}, {255, 255, 255, 255} }},
	{{ {286, -227, -691}, 0, {3544, -3343}, {255, 255, 255, 255} }},
	{{ {-277, -253, -665}, 0, {-2074, -2782}, {255, 255, 255, 255} }},
	{{ {286, -253, -665}, 0, {3544, -2782}, {255, 255, 255, 255} }},
	{{ {286, -253, -691}, 0, {3544, -2934}, {255, 255, 255, 255} }},
	{{ {-277, -253, -691}, 0, {-2074, -2934}, {255, 255, 255, 255} }},
	{{ {286, -227, -691}, 0, {3544, 684}, {122, 61, 65, 255} }},
	{{ {-277, -227, -691}, 0, {-2074, 684}, {122, 61, 65, 255} }},
	{{ {-277, -253, -691}, 0, {-2074, 888}, {122, 61, 65, 255} }},
	{{ {286, -253, -691}, 0, {3544, 888}, {122, 61, 65, 255} }},
	{{ {-789, -73, 1921}, 0, {1187, -3357}, {255, 255, 255, 255} }},
	{{ {798, -73, 1921}, 0, {1187, 4568}, {255, 255, 255, 255} }},
	{{ {490, -73, 1102}, 0, {5273, 3032}, {255, 255, 255, 255} }},
	{{ {-481, -73, 1102}, 0, {5273, -1819}, {255, 255, 255, 255} }},
	{{ {-789, -278, -24}, 0, {10768, -3354}, {255, 255, 255, 255} }},
	{{ {-789, -73, 1000}, 0, {5658, -3354}, {255, 255, 255, 255} }},
	{{ {-481, -73, 1000}, 0, {5658, -1820}, {255, 255, 255, 255} }},
	{{ {-481, -278, -24}, 0, {10768, -1820}, {255, 255, 255, 255} }},
	{{ {490, -278, -24}, 0, {10767, 3032}, {255, 255, 255, 255} }},
	{{ {490, -73, 1000}, 0, {5658, 3032}, {255, 255, 255, 255} }},
	{{ {798, -73, 1000}, 0, {5659, 4564}, {255, 255, 255, 255} }},
	{{ {798, -278, -24}, 0, {10768, 4564}, {255, 255, 255, 255} }},
};

Gfx castle_inside_dl_LAYER_OPAQUE_inside_castle_seg7_dl_07034D88_mesh_mesh_layer_1_tri_0[] = {
	gsSPVertex(castle_inside_dl_LAYER_OPAQUE_inside_castle_seg7_dl_07034D88_mesh_mesh_layer_1_vtx_0 + 0, 16, 0),
	gsSP1Triangle(0, 1, 2, 0),
	gsSP1Triangle(3, 4, 5, 0),
	gsSP1Triangle(6, 7, 8, 0),
	gsSP1Triangle(9, 10, 11, 0),
	gsSP1Triangle(12, 13, 14, 0),
	gsSP1Triangle(12, 14, 15, 0),
	gsSPVertex(castle_inside_dl_LAYER_OPAQUE_inside_castle_seg7_dl_07034D88_mesh_mesh_layer_1_vtx_0 + 16, 16, 0),
	gsSP1Triangle(0, 1, 2, 0),
	gsSP1Triangle(0, 2, 3, 0),
	gsSP1Triangle(4, 5, 6, 0),
	gsSP1Triangle(4, 6, 7, 0),
	gsSP1Triangle(8, 9, 10, 0),
	gsSP1Triangle(8, 10, 11, 0),
	gsSP1Triangle(12, 13, 14, 0),
	gsSP1Triangle(12, 14, 15, 0),
	gsSPVertex(castle_inside_dl_LAYER_OPAQUE_inside_castle_seg7_dl_07034D88_mesh_mesh_layer_1_vtx_0 + 32, 16, 0),
	gsSP1Triangle(0, 1, 2, 0),
	gsSP1Triangle(0, 2, 3, 0),
	gsSP1Triangle(4, 5, 6, 0),
	gsSP1Triangle(4, 6, 7, 0),
	gsSP1Triangle(8, 9, 10, 0),
	gsSP1Triangle(8, 10, 11, 0),
	gsSP1Triangle(12, 13, 14, 0),
	gsSP1Triangle(12, 14, 15, 0),
	gsSPVertex(castle_inside_dl_LAYER_OPAQUE_inside_castle_seg7_dl_07034D88_mesh_mesh_layer_1_vtx_0 + 48, 16, 0),
	gsSP1Triangle(0, 1, 2, 0),
	gsSP1Triangle(0, 2, 3, 0),
	gsSP1Triangle(4, 5, 6, 0),
	gsSP1Triangle(4, 6, 7, 0),
	gsSP1Triangle(8, 9, 10, 0),
	gsSP1Triangle(8, 10, 11, 0),
	gsSP1Triangle(12, 13, 14, 0),
	gsSP1Triangle(12, 14, 15, 0),
	gsSPEndDisplayList(),
};

Vtx castle_inside_dl_LAYER_OPAQUE_inside_castle_seg7_dl_07034D88_mesh_mesh_layer_1_vtx_1[46] = {
	{{ {490, 335, -332}, 0, {-2085, -8408}, {0, 0, 0, 255} }},
	{{ {-481, 335, -332}, 0, {2767, -8408}, {0, 0, 0, 255} }},
	{{ {-789, 335, -639}, 0, {4301, -9942}, {0, 0, 0, 255} }},
	{{ {798, 745, 1921}, 0, {-3621, 3869}, {0, 0, 0, 255} }},
	{{ {-481, 745, 1613}, 0, {2763, 2337}, {0, 0, 0, 255} }},
	{{ {490, 745, 1613}, 0, {-2089, 2337}, {0, 0, 0, 255} }},
	{{ {798, 335, -639}, 0, {-3738, -10121}, {0, 0, 0, 255} }},
	{{ {490, 745, 1613}, 0, {-2206, 2143}, {0, 0, 0, 255} }},
	{{ {490, 335, -332}, 0, {-2206, -8587}, {0, 0, 0, 255} }},
	{{ {-789, 745, 1921}, 0, {4391, 3689}, {0, 0, 0, 255} }},
	{{ {-789, 335, -639}, 0, {4391, -10107}, {0, 0, 0, 255} }},
	{{ {-481, 335, -332}, 0, {2857, -8573}, {0, 0, 0, 255} }},
	{{ {-789, 745, 1921}, 0, {4179, 3675}, {0, 0, 0, 255} }},
	{{ {-481, 335, -332}, 0, {2645, -8587}, {0, 0, 0, 255} }},
	{{ {-481, 745, 1613}, 0, {2645, 2143}, {0, 0, 0, 255} }},
	{{ {490, 335, -332}, 0, {-2064, -8408}, {0, 0, 0, 255} }},
	{{ {-789, 335, -639}, 0, {4322, -9942}, {0, 0, 0, 255} }},
	{{ {798, 335, -639}, 0, {-3596, -9942}, {0, 0, 0, 255} }},
	{{ {798, 335, -639}, 0, {-3527, -10106}, {0, 0, 0, 255} }},
	{{ {798, 745, 1921}, 0, {-3527, 3690}, {0, 0, 0, 255} }},
	{{ {490, 745, 1613}, 0, {-1995, 2158}, {0, 0, 0, 255} }},
	{{ {798, 745, 1921}, 0, {-3600, 3869}, {0, 0, 0, 255} }},
	{{ {-789, 745, 1921}, 0, {4318, 3869}, {0, 0, 0, 255} }},
	{{ {-481, 745, 1613}, 0, {2784, 2337}, {0, 0, 0, 255} }},
	{{ {-481, -278, -24}, 0, {3233, -1820}, {255, 255, 255, 255} }},
	{{ {-789, -278, -844}, 0, {7289, -3354}, {255, 148, 154, 255} }},
	{{ {-789, -278, -24}, 0, {3233, -3354}, {255, 255, 255, 255} }},
	{{ {490, -278, -24}, 0, {3233, 3032}, {255, 255, 255, 255} }},
	{{ {798, -278, -24}, 0, {3233, 4566}, {255, 255, 255, 255} }},
	{{ {798, -278, -844}, 0, {7289, 4566}, {255, 148, 154, 255} }},
	{{ {-481, -278, -24}, 0, {3233, -1817}, {255, 255, 255, 255} }},
	{{ {490, -278, -24}, 0, {3233, 3029}, {255, 255, 255, 255} }},
	{{ {798, -278, -844}, 0, {7289, 4566}, {255, 148, 154, 255} }},
	{{ {-789, -278, -844}, 0, {7289, -3354}, {255, 148, 154, 255} }},
	{{ {-277, 606, -127}, 0, {1756, -7686}, {0, 0, 0, 255} }},
	{{ {286, 606, -127}, 0, {-1052, -7686}, {0, 0, 0, 255} }},
	{{ {286, 899, 1409}, 0, {-1052, 1000}, {0, 0, 0, 255} }},
	{{ {-277, 899, 1409}, 0, {1756, 1000}, {0, 0, 0, 255} }},
	{{ {490, -278, 1102}, 0, {-2370, 3032}, {255, 208, 210, 255} }},
	{{ {490, -278, -24}, 0, {3280, 3032}, {255, 255, 255, 255} }},
	{{ {-481, -278, -24}, 0, {3280, -1820}, {255, 255, 255, 255} }},
	{{ {-481, -278, 1102}, 0, {-2370, -1820}, {255, 208, 210, 255} }},
	{{ {798, 335, -639}, 0, {10557, 14586}, {0, 0, 0, 255} }},
	{{ {-789, 335, -639}, 0, {4122, 14586}, {0, 0, 0, 255} }},
	{{ {-584, 335, -844}, 0, {6133, 21254}, {0, 0, 0, 255} }},
	{{ {593, 335, -844}, 0, {12928, 21254}, {0, 0, 0, 255} }},
};

Gfx castle_inside_dl_LAYER_OPAQUE_inside_castle_seg7_dl_07034D88_mesh_mesh_layer_1_tri_1[] = {
	gsSPVertex(castle_inside_dl_LAYER_OPAQUE_inside_castle_seg7_dl_07034D88_mesh_mesh_layer_1_vtx_1 + 0, 15, 0),
	gsSP1Triangle(0, 1, 2, 0),
	gsSP1Triangle(3, 4, 5, 0),
	gsSP1Triangle(6, 7, 8, 0),
	gsSP1Triangle(9, 10, 11, 0),
	gsSP1Triangle(12, 13, 14, 0),
	gsSPVertex(castle_inside_dl_LAYER_OPAQUE_inside_castle_seg7_dl_07034D88_mesh_mesh_layer_1_vtx_1 + 15, 15, 0),
	gsSP1Triangle(0, 1, 2, 0),
	gsSP1Triangle(3, 4, 5, 0),
	gsSP1Triangle(6, 7, 8, 0),
	gsSP1Triangle(9, 10, 11, 0),
	gsSP1Triangle(12, 13, 14, 0),
	gsSPVertex(castle_inside_dl_LAYER_OPAQUE_inside_castle_seg7_dl_07034D88_mesh_mesh_layer_1_vtx_1 + 30, 16, 0),
	gsSP1Triangle(0, 1, 2, 0),
	gsSP1Triangle(0, 2, 3, 0),
	gsSP1Triangle(4, 5, 6, 0),
	gsSP1Triangle(4, 6, 7, 0),
	gsSP1Triangle(8, 9, 10, 0),
	gsSP1Triangle(8, 10, 11, 0),
	gsSP1Triangle(12, 13, 14, 0),
	gsSP1Triangle(12, 14, 15, 0),
	gsSPEndDisplayList(),
};

Vtx castle_inside_dl_LAYER_OPAQUE_inside_castle_seg7_dl_07034D88_mesh_mesh_layer_1_vtx_2[186] = {
	{{ {286, -278, -844}, 0, {-5560, 2010}, {255, 255, 255, 255} }},
	{{ {286, -100, -742}, 0, {-4538, 224}, {255, 255, 255, 255} }},
	{{ {286, -100, -844}, 0, {-5560, 224}, {255, 255, 255, 255} }},
	{{ {-328, -278, -844}, 0, {-5560, 2010}, {255, 255, 255, 255} }},
	{{ {-328, -100, -742}, 0, {-4538, 224}, {255, 255, 255, 255} }},
	{{ {-328, -100, -844}, 0, {-5560, 224}, {255, 255, 255, 255} }},
	{{ {-328, -278, -844}, 0, {-5530, 2046}, {255, 255, 255, 255} }},
	{{ {-328, -177, -665}, 0, {-3742, 1026}, {255, 255, 255, 255} }},
	{{ {-328, -100, -742}, 0, {-4508, 260}, {255, 255, 255, 255} }},
	{{ {-328, -278, -844}, 0, {-5572, 2010}, {255, 255, 255, 255} }},
	{{ {-328, -177, -614}, 0, {-3272, 990}, {255, 255, 255, 255} }},
	{{ {-328, -177, -665}, 0, {-3784, 990}, {255, 255, 255, 255} }},
	{{ {-328, -278, -844}, 0, {-5547, 2010}, {255, 255, 255, 255} }},
	{{ {-328, -278, -614}, 0, {-3247, 2010}, {255, 255, 255, 255} }},
	{{ {-328, -177, -614}, 0, {-3247, 990}, {255, 255, 255, 255} }},
	{{ {337, -177, -614}, 0, {-3247, 990}, {255, 255, 255, 255} }},
	{{ {337, -278, -614}, 0, {-3247, 2010}, {255, 255, 255, 255} }},
	{{ {337, -278, -844}, 0, {-5547, 2010}, {255, 255, 255, 255} }},
	{{ {337, -278, -844}, 0, {-5573, 2010}, {255, 255, 255, 255} }},
	{{ {337, -177, -665}, 0, {-3785, 990}, {255, 255, 255, 255} }},
	{{ {337, -177, -614}, 0, {-3273, 990}, {255, 255, 255, 255} }},
	{{ {337, -278, -844}, 0, {-5560, 2010}, {255, 255, 255, 255} }},
	{{ {337, -100, -844}, 0, {-5560, 224}, {255, 255, 255, 255} }},
	{{ {337, -100, -742}, 0, {-4538, 224}, {255, 255, 255, 255} }},
	{{ {337, -278, -844}, 0, {-5530, 2046}, {255, 255, 255, 255} }},
	{{ {337, -100, -742}, 0, {-4508, 260}, {255, 255, 255, 255} }},
	{{ {337, -177, -665}, 0, {-3742, 1026}, {255, 255, 255, 255} }},
	{{ {286, -278, -844}, 0, {-5547, 2010}, {255, 255, 255, 255} }},
	{{ {286, -278, -614}, 0, {-3247, 2010}, {255, 255, 255, 255} }},
	{{ {286, -177, -614}, 0, {-3247, 990}, {255, 255, 255, 255} }},
	{{ {286, -278, -844}, 0, {-5572, 2010}, {255, 255, 255, 255} }},
	{{ {286, -177, -614}, 0, {-3272, 990}, {255, 255, 255, 255} }},
	{{ {286, -177, -665}, 0, {-3784, 990}, {255, 255, 255, 255} }},
	{{ {286, -278, -844}, 0, {-5530, 2046}, {255, 255, 255, 255} }},
	{{ {286, -177, -665}, 0, {-3742, 1026}, {255, 255, 255, 255} }},
	{{ {286, -100, -742}, 0, {-4508, 260}, {255, 255, 255, 255} }},
	{{ {-277, -278, -844}, 0, {-5572, 2010}, {255, 255, 255, 255} }},
	{{ {-277, -177, -665}, 0, {-3784, 990}, {255, 255, 255, 255} }},
	{{ {-277, -177, -614}, 0, {-3272, 990}, {255, 255, 255, 255} }},
	{{ {-277, -177, -614}, 0, {-3247, 990}, {255, 255, 255, 255} }},
	{{ {-277, -278, -614}, 0, {-3247, 2010}, {255, 255, 255, 255} }},
	{{ {-277, -278, -844}, 0, {-5547, 2010}, {255, 255, 255, 255} }},
	{{ {-277, -278, -844}, 0, {-5530, 2046}, {255, 255, 255, 255} }},
	{{ {-277, -100, -742}, 0, {-4508, 260}, {255, 255, 255, 255} }},
	{{ {-277, -177, -665}, 0, {-3742, 1026}, {255, 255, 255, 255} }},
	{{ {-277, -278, -844}, 0, {-5560, 2010}, {255, 255, 255, 255} }},
	{{ {-277, -100, -844}, 0, {-5560, 224}, {255, 255, 255, 255} }},
	{{ {-277, -100, -742}, 0, {-4538, 224}, {255, 255, 255, 255} }},
	{{ {82, 79, -1459}, 0, {734, 478}, {255, 127, 136, 255} }},
	{{ {286, 130, -1459}, 0, {1756, 0}, {255, 127, 136, 255} }},
	{{ {-277, 130, -1459}, 0, {-1052, 0}, {255, 127, 136, 255} }},
	{{ {286, 130, -1459}, 0, {1756, 0}, {255, 127, 136, 255} }},
	{{ {184, 233, -1459}, 0, {1246, -1054}, {255, 127, 136, 255} }},
	{{ {-174, 233, -1459}, 0, {-542, -1054}, {255, 127, 136, 255} }},
	{{ {286, 130, -1459}, 0, {1756, 0}, {255, 127, 136, 255} }},
	{{ {-174, 233, -1459}, 0, {-542, -1054}, {255, 127, 136, 255} }},
	{{ {-277, 130, -1459}, 0, {-1052, 0}, {255, 127, 136, 255} }},
	{{ {-277, 130, -1459}, 0, {-1052, 0}, {255, 127, 136, 255} }},
	{{ {-72, 79, -1459}, 0, {0, 478}, {255, 127, 136, 255} }},
	{{ {82, 79, -1459}, 0, {734, 478}, {255, 127, 136, 255} }},
	{{ {490, 745, 1613}, 0, {7133, 662}, {0, 0, 0, 255} }},
	{{ {286, 606, -127}, 0, {26519, 2672}, {0, 0, 0, 255} }},
	{{ {490, 335, -332}, 0, {28563, 662}, {0, 0, 0, 255} }},
	{{ {-481, 335, -332}, 0, {28393, 9002}, {0, 0, 0, 255} }},
	{{ {-277, 899, 1409}, 0, {8975, 6958}, {0, 0, 0, 255} }},
	{{ {-481, 745, 1613}, 0, {6963, 9002}, {0, 0, 0, 255} }},
	{{ {-481, 335, -332}, 0, {28790, 9064}, {0, 0, 0, 255} }},
	{{ {-277, 606, -127}, 0, {26746, 7020}, {0, 0, 0, 255} }},
	{{ {-277, 899, 1409}, 0, {9372, 7020}, {0, 0, 0, 255} }},
	{{ {490, 745, 1613}, 0, {7165, 603}, {0, 0, 0, 255} }},
	{{ {286, 899, 1409}, 0, {9177, 2613}, {0, 0, 0, 255} }},
	{{ {286, 606, -127}, 0, {26551, 2613}, {0, 0, 0, 255} }},
	{{ {-481, -73, 1102}, 0, {1410, -1054}, {184, 184, 184, 255} }},
	{{ {-481, -278, 1102}, 0, {1410, 990}, {184, 184, 184, 255} }},
	{{ {-481, -73, 1000}, 0, {2432, -1054}, {184, 184, 184, 255} }},
	{{ {-481, -278, 1102}, 0, {1385, 990}, {184, 184, 184, 255} }},
	{{ {-481, -278, -24}, 0, {12625, 990}, {255, 255, 255, 255} }},
	{{ {-481, -73, 1000}, 0, {2407, -1054}, {184, 184, 184, 255} }},
	{{ {490, -73, 1000}, 0, {2432, -1054}, {184, 184, 184, 255} }},
	{{ {490, -278, 1102}, 0, {1410, 990}, {184, 184, 184, 255} }},
	{{ {490, -73, 1102}, 0, {1410, -1054}, {184, 184, 184, 255} }},
	{{ {490, -73, 1000}, 0, {2407, -1054}, {184, 184, 184, 255} }},
	{{ {490, -278, -24}, 0, {12625, 990}, {255, 255, 255, 255} }},
	{{ {490, -278, 1102}, 0, {1385, 990}, {184, 184, 184, 255} }},
	{{ {-175, -278, 948}, 0, {3546, 990}, {255, 255, 255, 255} }},
	{{ {-175, -73, 948}, 0, {3546, -1054}, {230, 224, 226, 255} }},
	{{ {183, -73, 948}, 0, {0, -1054}, {255, 255, 255, 255} }},
	{{ {183, -278, 948}, 0, {0, 990}, {239, 239, 239, 255} }},
	{{ {-481, 335, -332}, 0, {-3607, 14610}, {0, 0, 0, 255} }},
	{{ {490, 335, -332}, 0, {6101, 14610}, {0, 0, 0, 255} }},
	{{ {286, 606, -127}, 0, {4061, 12566}, {0, 0, 0, 255} }},
	{{ {-481, 335, -332}, 0, {-3607, 14610}, {0, 0, 0, 255} }},
	{{ {286, 606, -127}, 0, {4061, 12566}, {0, 0, 0, 255} }},
	{{ {-277, 606, -127}, 0, {-1567, 12566}, {0, 0, 0, 255} }},
	{{ {-174, 233, -1459}, 0, {-3225, -3098}, {255, 0, 10, 255} }},
	{{ {-174, 233, -844}, 0, {-191, -3098}, {255, 255, 255, 255} }},
	{{ {-277, 130, -844}, 0, {-191, -2076}, {255, 255, 255, 255} }},
	{{ {-277, 130, -1459}, 0, {-3225, -2076}, {255, 0, 10, 255} }},
	{{ {337, -177, -665}, 0, {4568, 0}, {195, 180, 184, 255} }},
	{{ {286, -177, -665}, 0, {4056, 0}, {195, 180, 184, 255} }},
	{{ {286, -177, -614}, 0, {4056, 0}, {195, 180, 184, 255} }},
	{{ {337, -177, -614}, 0, {4568, 0}, {195, 180, 184, 255} }},
	{{ {490, -73, 1102}, 0, {-3096, -1054}, {184, 184, 184, 255} }},
	{{ {490, -278, 1102}, 0, {-3096, 990}, {184, 184, 184, 255} }},
	{{ {286, -278, 1102}, 0, {-1052, 990}, {184, 184, 184, 255} }},
	{{ {286, -73, 1102}, 0, {-1052, -1054}, {184, 184, 184, 255} }},
	{{ {-277, -278, 1102}, 0, {4568, 990}, {184, 184, 184, 255} }},
	{{ {-481, -278, 1102}, 0, {6612, 990}, {184, 184, 184, 255} }},
	{{ {-481, -73, 1102}, 0, {6612, -1054}, {184, 184, 184, 255} }},
	{{ {-277, -73, 1102}, 0, {4568, -1054}, {184, 184, 184, 255} }},
	{{ {-277, -278, 1102}, 0, {-620, 990}, {184, 184, 184, 255} }},
	{{ {-277, -73, 1102}, 0, {-620, -1054}, {184, 184, 184, 255} }},
	{{ {-175, -73, 948}, 0, {912, -1054}, {255, 255, 255, 255} }},
	{{ {-175, -278, 948}, 0, {912, 990}, {255, 255, 255, 255} }},
	{{ {-277, 130, -1459}, 0, {-1052, 0}, {255, 127, 136, 255} }},
	{{ {-277, -177, -1459}, 0, {-1052, 3032}, {255, 127, 136, 255} }},
	{{ {-72, -177, -1459}, 0, {0, 3032}, {255, 127, 136, 255} }},
	{{ {-72, 79, -1459}, 0, {0, 478}, {255, 127, 136, 255} }},
	{{ {337, -100, -742}, 0, {4568, -4185}, {195, 180, 184, 255} }},
	{{ {286, -100, -742}, 0, {4056, -4185}, {195, 180, 184, 255} }},
	{{ {286, -177, -665}, 0, {4056, -3387}, {195, 180, 184, 255} }},
	{{ {337, -177, -665}, 0, {4568, -3387}, {195, 180, 184, 255} }},
	{{ {490, 745, 1613}, 0, {6093, -5058}, {0, 0, 0, 255} }},
	{{ {-481, 745, 1613}, 0, {-3601, -5058}, {0, 0, 0, 255} }},
	{{ {-277, 899, 1409}, 0, {-1564, -3014}, {0, 0, 0, 255} }},
	{{ {286, 899, 1409}, 0, {4056, -3014}, {0, 0, 0, 255} }},
	{{ {-277, -100, -742}, 0, {-1558, -4185}, {195, 180, 184, 255} }},
	{{ {-328, -100, -742}, 0, {-2069, -4185}, {195, 180, 184, 255} }},
	{{ {-328, -177, -665}, 0, {-2070, -3387}, {195, 180, 184, 255} }},
	{{ {-277, -177, -665}, 0, {-1559, -3387}, {195, 180, 184, 255} }},
	{{ {183, -278, 948}, 0, {885, 990}, {239, 239, 239, 255} }},
	{{ {183, -73, 948}, 0, {885, -1054}, {255, 255, 255, 255} }},
	{{ {286, -73, 1102}, 0, {-647, -1054}, {184, 184, 184, 255} }},
	{{ {286, -278, 1102}, 0, {-647, 990}, {184, 184, 184, 255} }},
	{{ {184, 233, -844}, 0, {-191, -3098}, {255, 255, 255, 255} }},
	{{ {184, 233, -1459}, 0, {-3225, -3098}, {255, 0, 10, 255} }},
	{{ {286, 130, -1459}, 0, {-3225, -2076}, {255, 0, 10, 255} }},
	{{ {286, 130, -844}, 0, {-191, -2076}, {255, 255, 255, 255} }},
	{{ {-277, -177, -844}, 0, {-191, 990}, {255, 255, 255, 255} }},
	{{ {-277, -177, -1459}, 0, {-3225, 990}, {255, 0, 10, 255} }},
	{{ {-277, 130, -1459}, 0, {-3225, -2076}, {255, 0, 10, 255} }},
	{{ {-277, 130, -844}, 0, {-191, -2076}, {255, 255, 255, 255} }},
	{{ {337, -177, -614}, 0, {4568, 0}, {255, 255, 255, 255} }},
	{{ {286, -177, -614}, 0, {4056, 0}, {255, 255, 255, 255} }},
	{{ {286, -278, -614}, 0, {4056, 990}, {255, 255, 255, 255} }},
	{{ {337, -278, -614}, 0, {4568, 990}, {255, 255, 255, 255} }},
	{{ {-328, -100, -742}, 0, {-2074, -798}, {195, 180, 184, 255} }},
	{{ {-277, -100, -742}, 0, {-1562, -798}, {195, 180, 184, 255} }},
	{{ {-277, -100, -844}, 0, {-1562, -798}, {195, 180, 184, 255} }},
	{{ {-328, -100, -844}, 0, {-2074, -798}, {195, 180, 184, 255} }},
	{{ {-174, 233, -844}, 0, {3225, 2010}, {255, 255, 255, 255} }},
	{{ {-174, 233, -1459}, 0, {6259, 2010}, {255, 0, 10, 255} }},
	{{ {184, 233, -1459}, 0, {6259, 0}, {255, 0, 10, 255} }},
	{{ {184, 233, -844}, 0, {3225, 0}, {255, 255, 255, 255} }},
	{{ {286, 130, -844}, 0, {-191, -2076}, {255, 255, 255, 255} }},
	{{ {286, 130, -1459}, 0, {-3225, -2076}, {255, 0, 10, 255} }},
	{{ {286, -177, -1459}, 0, {-3225, 990}, {255, 0, 10, 255} }},
	{{ {286, -177, -844}, 0, {-191, 990}, {255, 255, 255, 255} }},
	{{ {82, 79, -1510}, 0, {-6084, -1566}, {255, 255, 255, 255} }},
	{{ {82, -177, -1510}, 0, {-6084, 990}, {255, 255, 255, 255} }},
	{{ {82, -177, -1459}, 0, {-5572, 990}, {255, 255, 255, 255} }},
	{{ {82, 79, -1459}, 0, {-5572, -1566}, {255, 255, 255, 255} }},
	{{ {82, 79, -1459}, 0, {734, 478}, {255, 127, 136, 255} }},
	{{ {82, -177, -1459}, 0, {734, 3032}, {255, 127, 136, 255} }},
	{{ {286, -177, -1459}, 0, {1756, 3032}, {255, 127, 136, 255} }},
	{{ {286, 130, -1459}, 0, {1756, 0}, {255, 127, 136, 255} }},
	{{ {82, 79, -1459}, 0, {1500, 12689}, {255, 255, 255, 255} }},
	{{ {-72, 79, -1459}, 0, {0, 12689}, {255, 255, 255, 255} }},
	{{ {-72, 79, -1510}, 0, {0, 13679}, {255, 255, 255, 255} }},
	{{ {82, 79, -1510}, 0, {1500, 13679}, {255, 255, 255, 255} }},
	{{ {-328, -278, -614}, 0, {-2074, 990}, {255, 255, 255, 255} }},
	{{ {-277, -278, -614}, 0, {-1564, 990}, {255, 255, 255, 255} }},
	{{ {-277, -177, -614}, 0, {-1564, 0}, {255, 255, 255, 255} }},
	{{ {-328, -177, -614}, 0, {-2074, 0}, {255, 255, 255, 255} }},
	{{ {337, -100, -844}, 0, {4568, -798}, {195, 180, 184, 255} }},
	{{ {286, -100, -844}, 0, {4056, -798}, {255, 255, 255, 255} }},
	{{ {286, -100, -742}, 0, {4056, -798}, {195, 180, 184, 255} }},
	{{ {337, -100, -742}, 0, {4568, -798}, {195, 180, 184, 255} }},
	{{ {-277, -177, -665}, 0, {-1564, 0}, {195, 180, 184, 255} }},
	{{ {-328, -177, -665}, 0, {-2074, 0}, {195, 180, 184, 255} }},
	{{ {-328, -177, -614}, 0, {-2074, 0}, {195, 180, 184, 255} }},
	{{ {-277, -177, -614}, 0, {-1564, 0}, {195, 180, 184, 255} }},
	{{ {-72, 79, -1459}, 0, {6405, -1564}, {255, 255, 255, 255} }},
	{{ {-72, -177, -1459}, 0, {6405, 990}, {255, 255, 255, 255} }},
	{{ {-72, -177, -1510}, 0, {6947, 990}, {255, 255, 255, 255} }},
	{{ {-72, 79, -1510}, 0, {6947, -1564}, {255, 255, 255, 255} }},
};

Gfx castle_inside_dl_LAYER_OPAQUE_inside_castle_seg7_dl_07034D88_mesh_mesh_layer_1_tri_2[] = {
	gsSPVertex(castle_inside_dl_LAYER_OPAQUE_inside_castle_seg7_dl_07034D88_mesh_mesh_layer_1_vtx_2 + 0, 15, 0),
	gsSP1Triangle(0, 1, 2, 0),
	gsSP1Triangle(3, 4, 5, 0),
	gsSP1Triangle(6, 7, 8, 0),
	gsSP1Triangle(9, 10, 11, 0),
	gsSP1Triangle(12, 13, 14, 0),
	gsSPVertex(castle_inside_dl_LAYER_OPAQUE_inside_castle_seg7_dl_07034D88_mesh_mesh_layer_1_vtx_2 + 15, 15, 0),
	gsSP1Triangle(0, 1, 2, 0),
	gsSP1Triangle(3, 4, 5, 0),
	gsSP1Triangle(6, 7, 8, 0),
	gsSP1Triangle(9, 10, 11, 0),
	gsSP1Triangle(12, 13, 14, 0),
	gsSPVertex(castle_inside_dl_LAYER_OPAQUE_inside_castle_seg7_dl_07034D88_mesh_mesh_layer_1_vtx_2 + 30, 15, 0),
	gsSP1Triangle(0, 1, 2, 0),
	gsSP1Triangle(3, 4, 5, 0),
	gsSP1Triangle(6, 7, 8, 0),
	gsSP1Triangle(9, 10, 11, 0),
	gsSP1Triangle(12, 13, 14, 0),
	gsSPVertex(castle_inside_dl_LAYER_OPAQUE_inside_castle_seg7_dl_07034D88_mesh_mesh_layer_1_vtx_2 + 45, 15, 0),
	gsSP1Triangle(0, 1, 2, 0),
	gsSP1Triangle(3, 4, 5, 0),
	gsSP1Triangle(6, 7, 8, 0),
	gsSP1Triangle(9, 10, 11, 0),
	gsSP1Triangle(12, 13, 14, 0),
	gsSPVertex(castle_inside_dl_LAYER_OPAQUE_inside_castle_seg7_dl_07034D88_mesh_mesh_layer_1_vtx_2 + 60, 15, 0),
	gsSP1Triangle(0, 1, 2, 0),
	gsSP1Triangle(3, 4, 5, 0),
	gsSP1Triangle(6, 7, 8, 0),
	gsSP1Triangle(9, 10, 11, 0),
	gsSP1Triangle(12, 13, 14, 0),
	gsSPVertex(castle_inside_dl_LAYER_OPAQUE_inside_castle_seg7_dl_07034D88_mesh_mesh_layer_1_vtx_2 + 75, 16, 0),
	gsSP1Triangle(0, 1, 2, 0),
	gsSP1Triangle(3, 4, 5, 0),
	gsSP1Triangle(6, 7, 8, 0),
	gsSP1Triangle(9, 10, 11, 0),
	gsSP1Triangle(9, 11, 12, 0),
	gsSP1Triangle(13, 14, 15, 0),
	gsSPVertex(castle_inside_dl_LAYER_OPAQUE_inside_castle_seg7_dl_07034D88_mesh_mesh_layer_1_vtx_2 + 91, 15, 0),
	gsSP1Triangle(0, 1, 2, 0),
	gsSP1Triangle(3, 4, 5, 0),
	gsSP1Triangle(3, 5, 6, 0),
	gsSP1Triangle(7, 8, 9, 0),
	gsSP1Triangle(7, 9, 10, 0),
	gsSP1Triangle(11, 12, 13, 0),
	gsSP1Triangle(11, 13, 14, 0),
	gsSPVertex(castle_inside_dl_LAYER_OPAQUE_inside_castle_seg7_dl_07034D88_mesh_mesh_layer_1_vtx_2 + 106, 16, 0),
	gsSP1Triangle(0, 1, 2, 0),
	gsSP1Triangle(0, 2, 3, 0),
	gsSP1Triangle(4, 5, 6, 0),
	gsSP1Triangle(4, 6, 7, 0),
	gsSP1Triangle(8, 9, 10, 0),
	gsSP1Triangle(8, 10, 11, 0),
	gsSP1Triangle(12, 13, 14, 0),
	gsSP1Triangle(12, 14, 15, 0),
	gsSPVertex(castle_inside_dl_LAYER_OPAQUE_inside_castle_seg7_dl_07034D88_mesh_mesh_layer_1_vtx_2 + 122, 16, 0),
	gsSP1Triangle(0, 1, 2, 0),
	gsSP1Triangle(0, 2, 3, 0),
	gsSP1Triangle(4, 5, 6, 0),
	gsSP1Triangle(4, 6, 7, 0),
	gsSP1Triangle(8, 9, 10, 0),
	gsSP1Triangle(8, 10, 11, 0),
	gsSP1Triangle(12, 13, 14, 0),
	gsSP1Triangle(12, 14, 15, 0),
	gsSPVertex(castle_inside_dl_LAYER_OPAQUE_inside_castle_seg7_dl_07034D88_mesh_mesh_layer_1_vtx_2 + 138, 16, 0),
	gsSP1Triangle(0, 1, 2, 0),
	gsSP1Triangle(0, 2, 3, 0),
	gsSP1Triangle(4, 5, 6, 0),
	gsSP1Triangle(4, 6, 7, 0),
	gsSP1Triangle(8, 9, 10, 0),
	gsSP1Triangle(8, 10, 11, 0),
	gsSP1Triangle(12, 13, 14, 0),
	gsSP1Triangle(12, 14, 15, 0),
	gsSPVertex(castle_inside_dl_LAYER_OPAQUE_inside_castle_seg7_dl_07034D88_mesh_mesh_layer_1_vtx_2 + 154, 16, 0),
	gsSP1Triangle(0, 1, 2, 0),
	gsSP1Triangle(0, 2, 3, 0),
	gsSP1Triangle(4, 5, 6, 0),
	gsSP1Triangle(4, 6, 7, 0),
	gsSP1Triangle(8, 9, 10, 0),
	gsSP1Triangle(8, 10, 11, 0),
	gsSP1Triangle(12, 13, 14, 0),
	gsSP1Triangle(12, 14, 15, 0),
	gsSPVertex(castle_inside_dl_LAYER_OPAQUE_inside_castle_seg7_dl_07034D88_mesh_mesh_layer_1_vtx_2 + 170, 16, 0),
	gsSP1Triangle(0, 1, 2, 0),
	gsSP1Triangle(0, 2, 3, 0),
	gsSP1Triangle(4, 5, 6, 0),
	gsSP1Triangle(4, 6, 7, 0),
	gsSP1Triangle(8, 9, 10, 0),
	gsSP1Triangle(8, 10, 11, 0),
	gsSP1Triangle(12, 13, 14, 0),
	gsSP1Triangle(12, 14, 15, 0),
	gsSPEndDisplayList(),
};

Vtx castle_inside_dl_LAYER_OPAQUE_inside_castle_seg7_dl_07034D88_mesh_mesh_layer_1_vtx_3[48] = {
	{{ {695, 745, 1716}, 0, {-1410, 0}, {0, 0, 0, 255} }},
	{{ {695, -73, 1716}, 0, {-1410, 2012}, {255, 186, 0, 255} }},
	{{ {593, -73, 1818}, 0, {-900, 2012}, {255, 186, 0, 255} }},
	{{ {593, 745, 1818}, 0, {-900, 0}, {0, 0, 0, 255} }},
	{{ {593, 745, 1818}, 0, {-891, 0}, {0, 0, 0, 255} }},
	{{ {593, -73, 1818}, 0, {-891, 2012}, {255, 186, 0, 255} }},
	{{ {593, -73, 1921}, 0, {-635, 2012}, {255, 186, 0, 255} }},
	{{ {593, 745, 1921}, 0, {-635, 0}, {0, 0, 0, 255} }},
	{{ {593, 335, -844}, 0, {-1436, 0}, {0, 0, 0, 255} }},
	{{ {593, -278, -844}, 0, {-1436, 2012}, {255, 162, 126, 255} }},
	{{ {593, -278, -742}, 0, {-1212, 2012}, {255, 148, 154, 255} }},
	{{ {593, 335, -742}, 0, {-1212, 0}, {0, 0, 0, 255} }},
	{{ {798, -278, -639}, 0, {990, 2012}, {255, 148, 154, 255} }},
	{{ {798, 335, -639}, 0, {990, 0}, {0, 0, 0, 255} }},
	{{ {695, 335, -639}, 0, {734, 0}, {0, 0, 0, 255} }},
	{{ {695, -278, -639}, 0, {734, 2012}, {255, 148, 154, 255} }},
	{{ {-584, 745, 1921}, 0, {1422, 0}, {0, 0, 0, 255} }},
	{{ {-584, -73, 1921}, 0, {1422, 2012}, {255, 186, 0, 255} }},
	{{ {-584, -73, 1818}, 0, {1646, 2012}, {255, 186, 0, 255} }},
	{{ {-584, 745, 1818}, 0, {1646, 0}, {0, 0, 0, 255} }},
	{{ {798, 745, 1716}, 0, {0, 0}, {0, 0, 0, 255} }},
	{{ {798, -73, 1716}, 0, {0, 2012}, {255, 186, 0, 255} }},
	{{ {695, -73, 1716}, 0, {224, 2012}, {255, 186, 0, 255} }},
	{{ {695, 745, 1716}, 0, {224, 0}, {0, 0, 0, 255} }},
	{{ {593, 335, -742}, 0, {-1410, 0}, {0, 0, 0, 255} }},
	{{ {593, -278, -742}, 0, {-1410, 2012}, {255, 148, 154, 255} }},
	{{ {695, -278, -639}, 0, {-900, 2012}, {255, 148, 154, 255} }},
	{{ {695, 335, -639}, 0, {-900, 0}, {0, 0, 0, 255} }},
	{{ {-686, 745, 1716}, 0, {734, 0}, {0, 0, 0, 255} }},
	{{ {-686, -73, 1716}, 0, {734, 2012}, {255, 186, 0, 255} }},
	{{ {-789, -73, 1716}, 0, {990, 2012}, {255, 186, 0, 255} }},
	{{ {-789, 745, 1716}, 0, {990, 0}, {0, 0, 0, 255} }},
	{{ {-584, 745, 1818}, 0, {1858, 0}, {0, 0, 0, 255} }},
	{{ {-584, -73, 1818}, 0, {1858, 2012}, {255, 186, 0, 255} }},
	{{ {-686, -73, 1716}, 0, {2368, 2012}, {255, 186, 0, 255} }},
	{{ {-686, 745, 1716}, 0, {2368, 0}, {0, 0, 0, 255} }},
	{{ {-584, -278, -742}, 0, {2368, 2012}, {255, 148, 154, 255} }},
	{{ {-584, 335, -742}, 0, {2368, 0}, {0, 0, 0, 255} }},
	{{ {-686, 335, -639}, 0, {1858, 0}, {0, 0, 0, 255} }},
	{{ {-686, -278, -639}, 0, {1858, 2012}, {255, 148, 154, 255} }},
	{{ {-686, -278, -639}, 0, {224, 2012}, {255, 148, 154, 255} }},
	{{ {-686, 335, -639}, 0, {224, 0}, {0, 0, 0, 255} }},
	{{ {-789, 335, -639}, 0, {0, 0}, {0, 0, 0, 255} }},
	{{ {-789, -278, -639}, 0, {0, 2012}, {255, 148, 154, 255} }},
	{{ {-584, 335, -742}, 0, {2375, 0}, {0, 0, 0, 255} }},
	{{ {-584, -278, -742}, 0, {2375, 2012}, {255, 148, 154, 255} }},
	{{ {-584, -278, -844}, 0, {2631, 2012}, {255, 148, 154, 255} }},
	{{ {-584, 335, -844}, 0, {2631, 0}, {0, 0, 0, 255} }},
};

Gfx castle_inside_dl_LAYER_OPAQUE_inside_castle_seg7_dl_07034D88_mesh_mesh_layer_1_tri_3[] = {
	gsSPVertex(castle_inside_dl_LAYER_OPAQUE_inside_castle_seg7_dl_07034D88_mesh_mesh_layer_1_vtx_3 + 0, 16, 0),
	gsSP1Triangle(0, 1, 2, 0),
	gsSP1Triangle(0, 2, 3, 0),
	gsSP1Triangle(4, 5, 6, 0),
	gsSP1Triangle(4, 6, 7, 0),
	gsSP1Triangle(8, 9, 10, 0),
	gsSP1Triangle(8, 10, 11, 0),
	gsSP1Triangle(12, 13, 14, 0),
	gsSP1Triangle(12, 14, 15, 0),
	gsSPVertex(castle_inside_dl_LAYER_OPAQUE_inside_castle_seg7_dl_07034D88_mesh_mesh_layer_1_vtx_3 + 16, 16, 0),
	gsSP1Triangle(0, 1, 2, 0),
	gsSP1Triangle(0, 2, 3, 0),
	gsSP1Triangle(4, 5, 6, 0),
	gsSP1Triangle(4, 6, 7, 0),
	gsSP1Triangle(8, 9, 10, 0),
	gsSP1Triangle(8, 10, 11, 0),
	gsSP1Triangle(12, 13, 14, 0),
	gsSP1Triangle(12, 14, 15, 0),
	gsSPVertex(castle_inside_dl_LAYER_OPAQUE_inside_castle_seg7_dl_07034D88_mesh_mesh_layer_1_vtx_3 + 32, 16, 0),
	gsSP1Triangle(0, 1, 2, 0),
	gsSP1Triangle(0, 2, 3, 0),
	gsSP1Triangle(4, 5, 6, 0),
	gsSP1Triangle(4, 6, 7, 0),
	gsSP1Triangle(8, 9, 10, 0),
	gsSP1Triangle(8, 10, 11, 0),
	gsSP1Triangle(12, 13, 14, 0),
	gsSP1Triangle(12, 14, 15, 0),
	gsSPEndDisplayList(),
};

Vtx castle_inside_dl_LAYER_OPAQUE_inside_castle_seg7_dl_07034D88_mesh_mesh_layer_1_vtx_4[65] = {
	{{ {311, 643, 1921}, 0, {4163, 104}, {255, 255, 255, 255} }},
	{{ {593, -73, 1921}, 0, {3695, 998}, {255, 186, 0, 255} }},
	{{ {311, 29, 1921}, 0, {4163, 870}, {255, 255, 255, 255} }},
	{{ {-328, -100, -844}, 0, {4549, 518}, {255, 255, 255, 255} }},
	{{ {-277, -100, -844}, 0, {4634, 518}, {255, 255, 255, 255} }},
	{{ {-277, 130, -844}, 0, {4634, 232}, {255, 255, 255, 255} }},
	{{ {286, 130, -844}, 0, {5573, 232}, {255, 255, 255, 255} }},
	{{ {286, -100, -844}, 0, {5573, 518}, {255, 255, 255, 255} }},
	{{ {337, -100, -844}, 0, {5659, 518}, {255, 255, 255, 255} }},
	{{ {286, 130, -844}, 0, {5573, 232}, {255, 255, 255, 255} }},
	{{ {337, -100, -844}, 0, {5659, 518}, {255, 255, 255, 255} }},
	{{ {593, -278, -844}, 0, {6086, 742}, {255, 162, 126, 255} }},
	{{ {337, -100, -844}, 0, {5659, 518}, {255, 255, 255, 255} }},
	{{ {337, -278, -844}, 0, {5659, 742}, {255, 255, 255, 255} }},
	{{ {593, -278, -844}, 0, {6086, 742}, {255, 162, 126, 255} }},
	{{ {-302, 29, 1921}, 0, {5189, 870}, {255, 255, 255, 255} }},
	{{ {593, -73, 1921}, 0, {3695, 998}, {255, 186, 0, 255} }},
	{{ {-584, -73, 1921}, 0, {5659, 998}, {255, 186, 0, 255} }},
	{{ {-302, 29, 1921}, 0, {5189, 870}, {255, 255, 255, 255} }},
	{{ {311, 29, 1921}, 0, {4163, 870}, {255, 255, 255, 255} }},
	{{ {593, -73, 1921}, 0, {3695, 998}, {255, 186, 0, 255} }},
	{{ {311, 643, 1921}, 0, {4163, 104}, {255, 255, 255, 255} }},
	{{ {-302, 643, 1921}, 0, {5189, 104}, {255, 255, 255, 255} }},
	{{ {-584, 745, 1921}, 0, {5659, -8}, {0, 0, 0, 255} }},
	{{ {311, 643, 1921}, 0, {4163, 104}, {255, 255, 255, 255} }},
	{{ {-584, 745, 1921}, 0, {5659, -8}, {0, 0, 0, 255} }},
	{{ {593, 745, 1921}, 0, {3695, -8}, {0, 0, 0, 255} }},
	{{ {-174, 233, -844}, 0, {4805, 104}, {255, 255, 255, 255} }},
	{{ {184, 233, -844}, 0, {5403, 104}, {255, 255, 255, 255} }},
	{{ {593, 335, -844}, 0, {6086, -8}, {0, 0, 0, 255} }},
	{{ {-174, 233, -844}, 0, {4805, 104}, {255, 255, 255, 255} }},
	{{ {593, 335, -844}, 0, {6086, -8}, {0, 0, 0, 255} }},
	{{ {-584, 335, -844}, 0, {4122, -8}, {0, 0, 0, 255} }},
	{{ {-277, 130, -844}, 0, {4634, 232}, {255, 255, 255, 255} }},
	{{ {-174, 233, -844}, 0, {4805, 104}, {255, 255, 255, 255} }},
	{{ {-584, 335, -844}, 0, {4122, -8}, {0, 0, 0, 255} }},
	{{ {311, 643, 1921}, 0, {4163, 104}, {255, 255, 255, 255} }},
	{{ {593, 745, 1921}, 0, {3695, -8}, {0, 0, 0, 255} }},
	{{ {593, -73, 1921}, 0, {3695, 998}, {255, 186, 0, 255} }},
	{{ {-789, -73, 1716}, 0, {-791, 816}, {220, 176, 59, 255} }},
	{{ {-789, -483, -639}, 0, {4994, 816}, {225, 218, 234, 255} }},
	{{ {-789, 335, -639}, 0, {4994, -455}, {0, 0, 27, 255} }},
	{{ {-789, 745, 1716}, 0, {-791, -455}, {0, 0, 0, 255} }},
	{{ {798, 335, -639}, 0, {-4002, -378}, {0, 0, 27, 255} }},
	{{ {798, -483, -639}, 0, {-4002, 829}, {220, 226, 244, 255} }},
	{{ {798, -73, 1716}, 0, {1782, 829}, {220, 176, 59, 255} }},
	{{ {798, 335, -639}, 0, {-4002, -378}, {0, 0, 27, 255} }},
	{{ {798, -73, 1716}, 0, {1782, 829}, {220, 176, 59, 255} }},
	{{ {798, 745, 1716}, 0, {1782, -378}, {0, 0, 0, 255} }},
	{{ {-584, -278, -844}, 0, {4122, 742}, {255, 148, 154, 255} }},
	{{ {-328, -278, -844}, 0, {4549, 742}, {255, 255, 255, 255} }},
	{{ {-328, -100, -844}, 0, {4549, 518}, {255, 255, 255, 255} }},
	{{ {-277, 130, -844}, 0, {4634, 232}, {255, 255, 255, 255} }},
	{{ {-584, -278, -844}, 0, {4122, 742}, {255, 148, 154, 255} }},
	{{ {-584, 335, -844}, 0, {4122, -8}, {0, 0, 0, 255} }},
	{{ {286, 130, -844}, 0, {5573, 232}, {255, 255, 255, 255} }},
	{{ {593, -278, -844}, 0, {6086, 742}, {255, 162, 126, 255} }},
	{{ {593, 335, -844}, 0, {6086, -8}, {0, 0, 0, 255} }},
	{{ {184, 233, -844}, 0, {5403, 104}, {255, 255, 255, 255} }},
	{{ {-584, -73, 1921}, 0, {5659, 998}, {255, 186, 0, 255} }},
	{{ {-584, 745, 1921}, 0, {5659, -8}, {0, 0, 0, 255} }},
	{{ {-302, 643, 1921}, 0, {5189, 104}, {255, 255, 255, 255} }},
	{{ {-584, -73, 1921}, 0, {5659, 998}, {255, 186, 0, 255} }},
	{{ {-302, 643, 1921}, 0, {5189, 104}, {255, 255, 255, 255} }},
	{{ {-302, 29, 1921}, 0, {5189, 870}, {255, 255, 255, 255} }},
};

Gfx castle_inside_dl_LAYER_OPAQUE_inside_castle_seg7_dl_07034D88_mesh_mesh_layer_1_tri_4[] = {
	gsSPVertex(castle_inside_dl_LAYER_OPAQUE_inside_castle_seg7_dl_07034D88_mesh_mesh_layer_1_vtx_4 + 0, 15, 0),
	gsSP1Triangle(0, 1, 2, 0),
	gsSP1Triangle(3, 4, 5, 0),
	gsSP1Triangle(6, 7, 8, 0),
	gsSP1Triangle(9, 10, 11, 0),
	gsSP1Triangle(12, 13, 14, 0),
	gsSPVertex(castle_inside_dl_LAYER_OPAQUE_inside_castle_seg7_dl_07034D88_mesh_mesh_layer_1_vtx_4 + 15, 15, 0),
	gsSP1Triangle(0, 1, 2, 0),
	gsSP1Triangle(3, 4, 5, 0),
	gsSP1Triangle(6, 7, 8, 0),
	gsSP1Triangle(9, 10, 11, 0),
	gsSP1Triangle(12, 13, 14, 0),
	gsSPVertex(castle_inside_dl_LAYER_OPAQUE_inside_castle_seg7_dl_07034D88_mesh_mesh_layer_1_vtx_4 + 30, 16, 0),
	gsSP1Triangle(0, 1, 2, 0),
	gsSP1Triangle(3, 4, 5, 0),
	gsSP1Triangle(6, 7, 8, 0),
	gsSP1Triangle(9, 10, 11, 0),
	gsSP1Triangle(9, 11, 12, 0),
	gsSP1Triangle(13, 14, 15, 0),
	gsSPVertex(castle_inside_dl_LAYER_OPAQUE_inside_castle_seg7_dl_07034D88_mesh_mesh_layer_1_vtx_4 + 46, 16, 0),
	gsSP1Triangle(0, 1, 2, 0),
	gsSP1Triangle(3, 4, 5, 0),
	gsSP1Triangle(3, 5, 6, 0),
	gsSP1Triangle(7, 6, 8, 0),
	gsSP1Triangle(9, 10, 11, 0),
	gsSP1Triangle(12, 9, 11, 0),
	gsSP1Triangle(13, 14, 15, 0),
	gsSPVertex(castle_inside_dl_LAYER_OPAQUE_inside_castle_seg7_dl_07034D88_mesh_mesh_layer_1_vtx_4 + 62, 3, 0),
	gsSP1Triangle(0, 1, 2, 0),
	gsSPEndDisplayList(),
};

Vtx castle_inside_dl_LAYER_OPAQUE_inside_castle_seg7_dl_07034D88_mesh_mesh_layer_4_vtx_0[32] = {
	{{ {-164, 28, 969}, 0, {8241, -16}, {255, 255, 255, 255} }},
	{{ {172, 28, 969}, 0, {4096, -16}, {255, 255, 255, 255} }},
	{{ {172, -73, 969}, 0, {4096, 1008}, {255, 255, 255, 255} }},
	{{ {-164, -73, 969}, 0, {8241, 1008}, {255, 255, 255, 255} }},
	{{ {-266, -73, 1122}, 0, {9281, 1008}, {255, 255, 255, 255} }},
	{{ {-502, -73, 1122}, 0, {11245, 1008}, {255, 255, 255, 255} }},
	{{ {-502, 28, 1122}, 0, {11245, -16}, {255, 255, 255, 255} }},
	{{ {-266, 28, 1122}, 0, {9281, -16}, {255, 255, 255, 255} }},
	{{ {-164, -73, 969}, 0, {-16, 1008}, {255, 255, 255, 255} }},
	{{ {-266, -73, 1122}, 0, {1008, 1008}, {255, 255, 255, 255} }},
	{{ {-266, 28, 1122}, 0, {1008, -16}, {255, 255, 255, 255} }},
	{{ {-164, 28, 969}, 0, {-16, -16}, {255, 255, 255, 255} }},
	{{ {274, -73, 1122}, 0, {3106, 1008}, {255, 255, 255, 255} }},
	{{ {172, -73, 969}, 0, {4046, 1008}, {255, 255, 255, 255} }},
	{{ {172, 28, 969}, 0, {4046, -16}, {255, 255, 255, 255} }},
	{{ {274, 28, 1122}, 0, {3106, -16}, {255, 255, 255, 255} }},
	{{ {-502, -176, -24}, 0, {21503, -16}, {255, 255, 255, 255} }},
	{{ {-502, 28, 1000}, 0, {12269, -16}, {255, 255, 255, 255} }},
	{{ {-502, -73, 1000}, 0, {12269, 1008}, {255, 255, 255, 255} }},
	{{ {-502, -278, -24}, 0, {21503, 1008}, {255, 255, 255, 255} }},
	{{ {-502, 28, 1000}, 0, {1008, -16}, {255, 255, 255, 255} }},
	{{ {-502, 28, 1122}, 0, {-16, -16}, {255, 255, 255, 255} }},
	{{ {-502, -73, 1122}, 0, {-16, 1008}, {255, 255, 255, 255} }},
	{{ {-502, -73, 1000}, 0, {1008, 1008}, {255, 255, 255, 255} }},
	{{ {511, -278, -24}, 0, {-9203, 1008}, {255, 255, 255, 255} }},
	{{ {511, 28, 1000}, 0, {-16, -16}, {255, 255, 255, 255} }},
	{{ {511, -176, -24}, 0, {-9203, -16}, {255, 255, 255, 255} }},
	{{ {511, -73, 1000}, 0, {-16, 1008}, {255, 255, 255, 255} }},
	{{ {510, 28, 1122}, 0, {1008, -16}, {255, 255, 255, 255} }},
	{{ {510, -73, 1122}, 0, {1008, 1008}, {255, 255, 255, 255} }},
	{{ {274, 28, 1122}, 0, {2989, -16}, {255, 255, 255, 255} }},
	{{ {274, -73, 1122}, 0, {2989, 1008}, {255, 255, 255, 255} }},
};

Gfx castle_inside_dl_LAYER_OPAQUE_inside_castle_seg7_dl_07034D88_mesh_mesh_layer_4_tri_0[] = {
	gsSPVertex(castle_inside_dl_LAYER_OPAQUE_inside_castle_seg7_dl_07034D88_mesh_mesh_layer_4_vtx_0 + 0, 16, 0),
	gsSP1Triangle(0, 1, 2, 0),
	gsSP1Triangle(0, 2, 3, 0),
	gsSP1Triangle(4, 5, 6, 0),
	gsSP1Triangle(4, 6, 7, 0),
	gsSP1Triangle(8, 9, 10, 0),
	gsSP1Triangle(8, 10, 11, 0),
	gsSP1Triangle(12, 13, 14, 0),
	gsSP1Triangle(12, 14, 15, 0),
	gsSPVertex(castle_inside_dl_LAYER_OPAQUE_inside_castle_seg7_dl_07034D88_mesh_mesh_layer_4_vtx_0 + 16, 16, 0),
	gsSP1Triangle(0, 1, 2, 0),
	gsSP1Triangle(0, 2, 3, 0),
	gsSP1Triangle(4, 5, 6, 0),
	gsSP1Triangle(4, 6, 7, 0),
	gsSP1Triangle(8, 9, 10, 0),
	gsSP1Triangle(8, 11, 9, 0),
	gsSP1Triangle(11, 12, 9, 0),
	gsSP1Triangle(11, 13, 12, 0),
	gsSP1Triangle(14, 12, 13, 0),
	gsSP1Triangle(14, 13, 15, 0),
	gsSPEndDisplayList(),
};

Vtx castle_inside_dl_LAYER_OPAQUE_inside_castle_seg7_dl_07034D88_mesh_mesh_layer_6_vtx_0[4] = {
	{{ {-97, 28, -1448}, 0, {990, 0}, {255, 255, 255, 255} }},
	{{ {-251, 28, -1448}, 0, {0, 0}, {255, 255, 255, 255} }},
	{{ {-251, -126, -1448}, 0, {0, 990}, {255, 255, 255, 255} }},
	{{ {-97, -126, -1448}, 0, {990, 990}, {255, 255, 255, 255} }},
};

Gfx castle_inside_dl_LAYER_OPAQUE_inside_castle_seg7_dl_07034D88_mesh_mesh_layer_6_tri_0[] = {
	gsSPVertex(castle_inside_dl_LAYER_OPAQUE_inside_castle_seg7_dl_07034D88_mesh_mesh_layer_6_vtx_0 + 0, 4, 0),
	gsSP1Triangle(0, 1, 2, 0),
	gsSP1Triangle(0, 2, 3, 0),
	gsSPEndDisplayList(),
};

Vtx castle_inside_dl_LAYER_OPAQUE_inside_castle_seg7_dl_07034D88_mesh_mesh_layer_6_vtx_1[8] = {
	{{ {573, -231, -844}, 0, {-16, 2032}, {255, 36, 38, 255} }},
	{{ {573, 186, -844}, 0, {-16, -16}, {255, 0, 6, 255} }},
	{{ {344, 186, -844}, 0, {1008, -16}, {255, 0, 6, 255} }},
	{{ {344, -231, -844}, 0, {1008, 2032}, {255, 0, 6, 255} }},
	{{ {-330, -231, -844}, 0, {-16, 2032}, {255, 0, 6, 255} }},
	{{ {-330, 186, -844}, 0, {-16, -16}, {255, 0, 6, 255} }},
	{{ {-558, 186, -844}, 0, {1008, -16}, {255, 0, 6, 255} }},
	{{ {-558, -231, -844}, 0, {1008, 2032}, {255, 148, 154, 255} }},
};

Gfx castle_inside_dl_LAYER_OPAQUE_inside_castle_seg7_dl_07034D88_mesh_mesh_layer_6_tri_1[] = {
	gsSPVertex(castle_inside_dl_LAYER_OPAQUE_inside_castle_seg7_dl_07034D88_mesh_mesh_layer_6_vtx_1 + 0, 8, 0),
	gsSP1Triangle(0, 1, 2, 0),
	gsSP1Triangle(0, 2, 3, 0),
	gsSP1Triangle(4, 5, 6, 0),
	gsSP1Triangle(4, 6, 7, 0),
	gsSPEndDisplayList(),
};

Gfx mat_castle_inside_dl_carpet[] = {
	gsSPClearGeometryMode(G_LIGHTING),
	gsDPPipeSync(),
	gsDPSetCombineLERP(TEXEL0, 0, SHADE, 0, ENVIRONMENT, 0, SHADE, 0, TEXEL0, 0, SHADE, 0, ENVIRONMENT, 0, SHADE, 0),
	gsDPSetAlphaDither(G_AD_NOISE),
	gsSPTexture(65535, 65535, 0, 0, 1),
	gsDPSetTextureImage(G_IM_FMT_I, G_IM_SIZ_8b_LOAD_BLOCK, 1, castle_inside_dl_inside_castle_textures_05000_rgba16_i8),
	gsDPSetTile(G_IM_FMT_I, G_IM_SIZ_8b_LOAD_BLOCK, 0, 0, 7, 0, G_TX_WRAP | G_TX_NOMIRROR, 0, 0, G_TX_WRAP | G_TX_NOMIRROR, 0, 0),
	gsDPLoadBlock(7, 0, 0, 511, 512),
	gsDPSetTile(G_IM_FMT_I, G_IM_SIZ_8b, 4, 0, 0, 0, G_TX_WRAP | G_TX_NOMIRROR, 5, 0, G_TX_WRAP | G_TX_NOMIRROR, 5, 0),
	gsDPSetTileSize(0, 0, 0, 124, 124),
	gsSPEndDisplayList(),
};

Gfx mat_revert_castle_inside_dl_carpet[] = {
	gsSPSetGeometryMode(G_LIGHTING),
	gsDPPipeSync(),
	gsDPSetAlphaDither(G_AD_DISABLE),
	gsSPEndDisplayList(),
};

Gfx mat_castle_inside_dl_fellchecker[] = {
	gsSPClearGeometryMode(G_LIGHTING),
	gsDPPipeSync(),
	gsDPSetCombineLERP(TEXEL0, 0, SHADE, 0, ENVIRONMENT, 0, SHADE, 0, TEXEL0, 0, SHADE, 0, ENVIRONMENT, 0, SHADE, 0),
	gsDPSetAlphaDither(G_AD_NOISE),
	gsDPSetTextureLUT(G_TT_RGBA16),
	gsSPTexture(65535, 65535, 0, 0, 1),
	gsDPSetTextureImage(G_IM_FMT_RGBA, G_IM_SIZ_16b, 1, castle_inside_dl_inside_castle_textures_04000_rgba16_pal_rgba16),
	gsDPSetTile(0, 0, 0, 256, 5, 0, G_TX_WRAP | G_TX_NOMIRROR, 0, 0, G_TX_WRAP | G_TX_NOMIRROR, 0, 0),
	gsDPLoadTLUTCmd(5, 33),
	gsDPSetTextureImage(G_IM_FMT_CI, G_IM_SIZ_8b_LOAD_BLOCK, 1, castle_inside_dl_inside_castle_textures_04000_rgba16_ci8),
	gsDPSetTile(G_IM_FMT_CI, G_IM_SIZ_8b_LOAD_BLOCK, 0, 0, 7, 0, G_TX_WRAP | G_TX_NOMIRROR, 0, 0, G_TX_WRAP | G_TX_NOMIRROR, 0, 0),
	gsDPLoadBlock(7, 0, 0, 511, 512),
	gsDPSetTile(G_IM_FMT_CI, G_IM_SIZ_8b, 4, 0, 0, 0, G_TX_WRAP | G_TX_NOMIRROR, 5, 0, G_TX_WRAP | G_TX_NOMIRROR, 5, 0),
	gsDPSetTileSize(0, 0, 0, 124, 124),
	gsSPEndDisplayList(),
};

Gfx mat_revert_castle_inside_dl_fellchecker[] = {
	gsSPSetGeometryMode(G_LIGHTING),
	gsDPPipeSync(),
	gsDPSetAlphaDither(G_AD_DISABLE),
	gsDPSetTextureLUT(G_TT_NONE),
	gsSPEndDisplayList(),
};

Gfx mat_castle_inside_dl_wood[] = {
	gsSPClearGeometryMode(G_LIGHTING),
	gsDPPipeSync(),
	gsDPSetCombineLERP(TEXEL0, 0, SHADE, 0, ENVIRONMENT, 0, SHADE, 0, TEXEL0, 0, SHADE, 0, ENVIRONMENT, 0, SHADE, 0),
	gsDPSetAlphaDither(G_AD_NOISE),
	gsSPTexture(65535, 65535, 0, 0, 1),
	gsDPSetTextureImage(G_IM_FMT_RGBA, G_IM_SIZ_16b_LOAD_BLOCK, 1, castle_inside_dl_inside_castle_textures_03800_rgba16_rgba16),
	gsDPSetTile(G_IM_FMT_RGBA, G_IM_SIZ_16b_LOAD_BLOCK, 0, 0, 7, 0, G_TX_WRAP | G_TX_NOMIRROR, 0, 0, G_TX_WRAP | G_TX_NOMIRROR, 0, 0),
	gsDPLoadBlock(7, 0, 0, 1023, 256),
	gsDPSetTile(G_IM_FMT_RGBA, G_IM_SIZ_16b, 8, 0, 0, 0, G_TX_WRAP | G_TX_NOMIRROR, 5, 0, G_TX_WRAP | G_TX_NOMIRROR, 5, 0),
	gsDPSetTileSize(0, 0, 0, 124, 124),
	gsSPEndDisplayList(),
};

Gfx mat_revert_castle_inside_dl_wood[] = {
	gsSPSetGeometryMode(G_LIGHTING),
	gsDPPipeSync(),
	gsDPSetAlphaDither(G_AD_DISABLE),
	gsSPEndDisplayList(),
};

Gfx mat_castle_inside_dl_pillar[] = {
	gsSPClearGeometryMode(G_LIGHTING),
	gsDPPipeSync(),
	gsDPSetCombineLERP(TEXEL0, 0, SHADE, 0, ENVIRONMENT, 0, SHADE, 0, TEXEL0, 0, SHADE, 0, ENVIRONMENT, 0, SHADE, 0),
	gsDPSetAlphaDither(G_AD_NOISE),
	gsSPTexture(65535, 65535, 0, 0, 1),
	gsDPSetTextureImage(G_IM_FMT_RGBA, G_IM_SIZ_16b_LOAD_BLOCK, 1, castle_inside_dl_inside_castle_textures_07000_rgba16_rgba16),
	gsDPSetTile(G_IM_FMT_RGBA, G_IM_SIZ_16b_LOAD_BLOCK, 0, 0, 7, 0, G_TX_WRAP | G_TX_NOMIRROR, 0, 0, G_TX_WRAP | G_TX_NOMIRROR, 0, 0),
	gsDPLoadBlock(7, 0, 0, 2047, 256),
	gsDPSetTile(G_IM_FMT_RGBA, G_IM_SIZ_16b, 8, 0, 0, 0, G_TX_WRAP | G_TX_NOMIRROR, 6, 0, G_TX_WRAP | G_TX_NOMIRROR, 5, 0),
	gsDPSetTileSize(0, 0, 0, 124, 252),
	gsSPEndDisplayList(),
};

Gfx mat_revert_castle_inside_dl_pillar[] = {
	gsSPSetGeometryMode(G_LIGHTING),
	gsDPPipeSync(),
	gsDPSetAlphaDither(G_AD_DISABLE),
	gsSPEndDisplayList(),
};

Gfx mat_castle_inside_dl_sign_layer6[] = {
	gsSPClearGeometryMode(G_LIGHTING),
	gsDPPipeSync(),
	gsDPSetCombineLERP(TEXEL0, 0, SHADE, 0, TEXEL0, 0, PRIMITIVE, 0, TEXEL0, 0, SHADE, 0, TEXEL0, 0, PRIMITIVE, 0),
	gsDPSetAlphaDither(G_AD_NOISE),
	gsDPSetRenderMode(G_RM_AA_ZB_XLU_DECAL, G_RM_AA_ZB_XLU_DECAL2),
	gsSPTexture(65535, 65535, 0, 0, 1),
	gsDPSetPrimColor(0, 0, 255, 255, 255, 255),
	gsDPSetTextureImage(G_IM_FMT_RGBA, G_IM_SIZ_16b_LOAD_BLOCK, 1, castle_inside_dl__4_rgba16_rgba16),
	gsDPSetTile(G_IM_FMT_RGBA, G_IM_SIZ_16b_LOAD_BLOCK, 0, 0, 7, 0, G_TX_WRAP | G_TX_NOMIRROR, 0, 0, G_TX_WRAP | G_TX_NOMIRROR, 0, 0),
	gsDPLoadBlock(7, 0, 0, 1023, 256),
	gsDPSetTile(G_IM_FMT_RGBA, G_IM_SIZ_16b, 8, 0, 0, 0, G_TX_CLAMP | G_TX_NOMIRROR, 5, 0, G_TX_CLAMP | G_TX_NOMIRROR, 5, 0),
	gsDPSetTileSize(0, 0, 0, 124, 124),
	gsSPEndDisplayList(),
};

Gfx mat_revert_castle_inside_dl_sign_layer6[] = {
	gsSPSetGeometryMode(G_LIGHTING),
	gsDPPipeSync(),
	gsDPSetAlphaDither(G_AD_DISABLE),
	gsDPSetRenderMode(G_RM_AA_ZB_XLU_DECAL, G_RM_AA_ZB_XLU_DECAL2),
	gsSPEndDisplayList(),
};

Gfx mat_castle_inside_dl_bricks[] = {
	gsSPClearGeometryMode(G_LIGHTING),
	gsDPPipeSync(),
	gsDPSetCombineLERP(TEXEL0, 0, SHADE, 0, ENVIRONMENT, 0, SHADE, 0, TEXEL0, 0, SHADE, 0, ENVIRONMENT, 0, SHADE, 0),
	gsDPSetAlphaDither(G_AD_NOISE),
	gsSPTexture(65535, 65535, 0, 0, 1),
	gsDPSetTextureImage(G_IM_FMT_I, G_IM_SIZ_8b_LOAD_BLOCK, 1, castle_inside_dl_inside_castle_textures_03000_rgba16_i8),
	gsDPSetTile(G_IM_FMT_I, G_IM_SIZ_8b_LOAD_BLOCK, 0, 0, 7, 0, G_TX_WRAP | G_TX_NOMIRROR, 0, 0, G_TX_WRAP | G_TX_NOMIRROR, 0, 0),
	gsDPLoadBlock(7, 0, 0, 511, 512),
	gsDPSetTile(G_IM_FMT_I, G_IM_SIZ_8b, 4, 0, 0, 0, G_TX_WRAP | G_TX_NOMIRROR, 5, 0, G_TX_WRAP | G_TX_NOMIRROR, 5, 0),
	gsDPSetTileSize(0, 0, 0, 124, 124),
	gsSPEndDisplayList(),
};

Gfx mat_revert_castle_inside_dl_bricks[] = {
	gsSPSetGeometryMode(G_LIGHTING),
	gsDPPipeSync(),
	gsDPSetAlphaDither(G_AD_DISABLE),
	gsSPEndDisplayList(),
};

Gfx mat_castle_inside_dl_fireglow_layer6[] = {
	gsSPClearGeometryMode(G_LIGHTING),
	gsDPPipeSync(),
	gsDPSetCombineLERP(TEXEL0, 0, SHADE, 0, TEXEL0, 0, PRIMITIVE, 0, TEXEL0, 0, SHADE, 0, TEXEL0, 0, PRIMITIVE, 0),
	gsDPSetAlphaDither(G_AD_NOISE),
	gsDPSetRenderMode(G_RM_AA_ZB_XLU_DECAL, G_RM_AA_ZB_XLU_DECAL2),
	gsSPTexture(65535, 65535, 0, 0, 1),
	gsDPSetPrimColor(0, 0, 255, 255, 255, 214),
	gsDPSetTextureImage(G_IM_FMT_IA, G_IM_SIZ_8b_LOAD_BLOCK, 1, castle_inside_dl__2_ia16_ia8),
	gsDPSetTile(G_IM_FMT_IA, G_IM_SIZ_8b_LOAD_BLOCK, 0, 0, 7, 0, G_TX_WRAP | G_TX_NOMIRROR, 0, 0, G_TX_WRAP | G_TX_NOMIRROR, 0, 0),
	gsDPLoadBlock(7, 0, 0, 1023, 512),
	gsDPSetTile(G_IM_FMT_IA, G_IM_SIZ_8b, 4, 0, 0, 0, G_TX_WRAP | G_TX_NOMIRROR, 6, 0, G_TX_WRAP | G_TX_NOMIRROR, 5, 0),
	gsDPSetTileSize(0, 0, 0, 124, 252),
	gsSPEndDisplayList(),
};

Gfx mat_revert_castle_inside_dl_fireglow_layer6[] = {
	gsSPSetGeometryMode(G_LIGHTING),
	gsDPPipeSync(),
	gsDPSetAlphaDither(G_AD_DISABLE),
	gsDPSetRenderMode(G_RM_AA_ZB_XLU_DECAL, G_RM_AA_ZB_XLU_DECAL2),
	gsSPEndDisplayList(),
};

Gfx mat_castle_inside_dl_altcastlewall[] = {
	gsSPClearGeometryMode(G_LIGHTING),
	gsDPPipeSync(),
	gsDPSetCombineLERP(TEXEL0, 0, SHADE, 0, ENVIRONMENT, 0, SHADE, 0, TEXEL0, 0, SHADE, 0, ENVIRONMENT, 0, SHADE, 0),
	gsDPSetAlphaDither(G_AD_NOISE),
	gsDPSetTextureLUT(G_TT_RGBA16),
	gsSPTexture(65535, 65535, 0, 0, 1),
	gsDPSetTextureImage(G_IM_FMT_RGBA, G_IM_SIZ_16b, 1, castle_inside_dl_inside_castle_textures_09000_rgba16_pal_rgba16),
	gsDPSetTile(0, 0, 0, 256, 5, 0, G_TX_WRAP | G_TX_NOMIRROR, 0, 0, G_TX_WRAP | G_TX_NOMIRROR, 0, 0),
	gsDPLoadTLUTCmd(5, 64),
	gsDPSetTextureImage(G_IM_FMT_CI, G_IM_SIZ_8b_LOAD_BLOCK, 1, castle_inside_dl_inside_castle_textures_09000_rgba16_ci8),
	gsDPSetTile(G_IM_FMT_CI, G_IM_SIZ_8b_LOAD_BLOCK, 0, 0, 7, 0, G_TX_WRAP | G_TX_NOMIRROR, 0, 0, G_TX_WRAP | G_TX_NOMIRROR, 0, 0),
	gsDPLoadBlock(7, 0, 0, 1023, 512),
	gsDPSetTile(G_IM_FMT_CI, G_IM_SIZ_8b, 4, 0, 0, 0, G_TX_WRAP | G_TX_NOMIRROR, 6, 0, G_TX_WRAP | G_TX_NOMIRROR, 5, 0),
	gsDPSetTileSize(0, 0, 0, 124, 252),
	gsSPEndDisplayList(),
};

Gfx mat_revert_castle_inside_dl_altcastlewall[] = {
	gsSPSetGeometryMode(G_LIGHTING),
	gsDPPipeSync(),
	gsDPSetAlphaDither(G_AD_DISABLE),
	gsDPSetTextureLUT(G_TT_NONE),
	gsSPEndDisplayList(),
};

Gfx mat_castle_inside_dl_weirdceil[] = {
	gsSPClearGeometryMode(G_LIGHTING),
	gsDPPipeSync(),
	gsDPSetCombineLERP(TEXEL0, 0, SHADE, 0, ENVIRONMENT, 0, SHADE, 0, TEXEL0, 0, SHADE, 0, ENVIRONMENT, 0, SHADE, 0),
	gsDPSetAlphaDither(G_AD_NOISE),
	gsDPSetTextureLUT(G_TT_RGBA16),
	gsSPTexture(65535, 65535, 0, 0, 1),
	gsDPSetTextureImage(G_IM_FMT_RGBA, G_IM_SIZ_16b, 1, castle_inside_dl_inside_castle_textures_0B000_rgba16_pal_rgba16),
	gsDPSetTile(0, 0, 0, 256, 5, 0, G_TX_WRAP | G_TX_NOMIRROR, 0, 0, G_TX_WRAP | G_TX_NOMIRROR, 0, 0),
	gsDPLoadTLUTCmd(5, 179),
	gsDPSetTextureImage(G_IM_FMT_CI, G_IM_SIZ_8b_LOAD_BLOCK, 1, castle_inside_dl_inside_castle_textures_0B000_rgba16_ci8),
	gsDPSetTile(G_IM_FMT_CI, G_IM_SIZ_8b_LOAD_BLOCK, 0, 0, 7, 0, G_TX_WRAP | G_TX_NOMIRROR, 0, 0, G_TX_WRAP | G_TX_NOMIRROR, 0, 0),
	gsDPLoadBlock(7, 0, 0, 511, 512),
	gsDPSetTile(G_IM_FMT_CI, G_IM_SIZ_8b, 4, 0, 0, 0, G_TX_WRAP | G_TX_NOMIRROR, 5, 0, G_TX_WRAP | G_TX_NOMIRROR, 5, 0),
	gsDPSetTileSize(0, 0, 0, 124, 124),
	gsSPEndDisplayList(),
};

Gfx mat_revert_castle_inside_dl_weirdceil[] = {
	gsSPSetGeometryMode(G_LIGHTING),
	gsDPPipeSync(),
	gsDPSetAlphaDither(G_AD_DISABLE),
	gsDPSetTextureLUT(G_TT_NONE),
	gsSPEndDisplayList(),
};

Gfx mat_castle_inside_dl_f3dlite_material_074[] = {
	gsSPClearGeometryMode(G_LIGHTING),
	gsDPPipeSync(),
	gsDPSetCombineLERP(TEXEL0, 0, SHADE, 0, ENVIRONMENT, 0, SHADE, 0, TEXEL0, 0, SHADE, 0, ENVIRONMENT, 0, SHADE, 0),
	gsDPSetAlphaDither(G_AD_NOISE),
	gsSPTexture(65535, 65535, 0, 0, 1),
	gsDPSetTextureImage(G_IM_FMT_RGBA, G_IM_SIZ_16b_LOAD_BLOCK, 1, castle_inside_dl_inside_castle_textures_03800_rgba16_rgba16_copy),
	gsDPSetTile(G_IM_FMT_RGBA, G_IM_SIZ_16b_LOAD_BLOCK, 0, 0, 7, 0, G_TX_WRAP | G_TX_NOMIRROR, 0, 0, G_TX_WRAP | G_TX_NOMIRROR, 0, 0),
	gsDPLoadBlock(7, 0, 0, 1023, 256),
	gsDPSetTile(G_IM_FMT_RGBA, G_IM_SIZ_16b, 8, 0, 0, 0, G_TX_WRAP | G_TX_NOMIRROR, 5, 0, G_TX_WRAP | G_TX_NOMIRROR, 5, 0),
	gsDPSetTileSize(0, 0, 0, 124, 124),
	gsSPEndDisplayList(),
};

Gfx mat_revert_castle_inside_dl_f3dlite_material_074[] = {
	gsSPSetGeometryMode(G_LIGHTING),
	gsDPPipeSync(),
	gsDPSetAlphaDither(G_AD_DISABLE),
	gsSPEndDisplayList(),
};

Gfx mat_castle_inside_dl_f3dlite_material_078[] = {
	gsSPClearGeometryMode(G_LIGHTING),
	gsDPPipeSync(),
	gsDPSetCombineLERP(TEXEL0, 0, SHADE, 0, ENVIRONMENT, 0, SHADE, 0, TEXEL0, 0, SHADE, 0, ENVIRONMENT, 0, SHADE, 0),
	gsDPSetAlphaDither(G_AD_NOISE),
	gsSPTexture(65535, 65535, 0, 0, 1),
	gsDPSetTextureImage(G_IM_FMT_RGBA, G_IM_SIZ_16b_LOAD_BLOCK, 1, castle_inside_dl__19_rgba16_rgba16),
	gsDPSetTile(G_IM_FMT_RGBA, G_IM_SIZ_16b_LOAD_BLOCK, 0, 0, 7, 0, G_TX_WRAP | G_TX_NOMIRROR, 0, 0, G_TX_WRAP | G_TX_NOMIRROR, 0, 0),
	gsDPLoadBlock(7, 0, 0, 2047, 128),
	gsDPSetTile(G_IM_FMT_RGBA, G_IM_SIZ_16b, 16, 0, 0, 0, G_TX_CLAMP | G_TX_NOMIRROR, 5, 0, G_TX_CLAMP | G_TX_NOMIRROR, 6, 0),
	gsDPSetTileSize(0, 0, 0, 252, 124),
	gsSPEndDisplayList(),
};

Gfx mat_revert_castle_inside_dl_f3dlite_material_078[] = {
	gsSPSetGeometryMode(G_LIGHTING),
	gsDPPipeSync(),
	gsDPSetAlphaDither(G_AD_DISABLE),
	gsSPEndDisplayList(),
};

Gfx mat_castle_inside_dl_f3dlite_material_079[] = {
	gsSPClearGeometryMode(G_LIGHTING),
	gsDPPipeSync(),
	gsDPSetCombineLERP(TEXEL0, 0, SHADE, 0, ENVIRONMENT, 0, SHADE, 0, TEXEL0, 0, SHADE, 0, ENVIRONMENT, 0, SHADE, 0),
	gsDPSetAlphaDither(G_AD_NOISE),
	gsSPTexture(65535, 65535, 0, 0, 1),
	gsDPSetTextureImage(G_IM_FMT_RGBA, G_IM_SIZ_16b_LOAD_BLOCK, 1, castle_inside_dl__20_rgba16_rgba16),
	gsDPSetTile(G_IM_FMT_RGBA, G_IM_SIZ_16b_LOAD_BLOCK, 0, 0, 7, 0, G_TX_WRAP | G_TX_NOMIRROR, 0, 0, G_TX_WRAP | G_TX_NOMIRROR, 0, 0),
	gsDPLoadBlock(7, 0, 0, 2047, 128),
	gsDPSetTile(G_IM_FMT_RGBA, G_IM_SIZ_16b, 16, 0, 0, 0, G_TX_CLAMP | G_TX_NOMIRROR, 5, 0, G_TX_CLAMP | G_TX_NOMIRROR, 6, 0),
	gsDPSetTileSize(0, 0, 0, 252, 124),
	gsSPEndDisplayList(),
};

Gfx mat_revert_castle_inside_dl_f3dlite_material_079[] = {
	gsSPSetGeometryMode(G_LIGHTING),
	gsDPPipeSync(),
	gsDPSetAlphaDither(G_AD_DISABLE),
	gsSPEndDisplayList(),
};

Gfx mat_castle_inside_dl_f3dlite_material_068[] = {
	gsSPClearGeometryMode(G_LIGHTING),
	gsDPPipeSync(),
	gsDPSetCombineLERP(0, 0, 0, PRIMITIVE, 0, 0, 0, PRIMITIVE, 0, 0, 0, PRIMITIVE, 0, 0, 0, PRIMITIVE),
	gsDPSetAlphaDither(G_AD_NOISE),
	gsSPTexture(65535, 65535, 0, 0, 1),
	gsDPSetPrimColor(0, 0, 152, 0, 255, 43),
	gsSPEndDisplayList(),
};

Gfx mat_revert_castle_inside_dl_f3dlite_material_068[] = {
	gsSPSetGeometryMode(G_LIGHTING),
	gsDPPipeSync(),
	gsDPSetAlphaDither(G_AD_DISABLE),
	gsSPEndDisplayList(),
};

Gfx mat_castle_inside_dl_water[] = {
	gsSPClearGeometryMode(G_LIGHTING),
	gsDPPipeSync(),
	gsDPSetCombineLERP(TEXEL0, 0, SHADE, 0, TEXEL0, 0, PRIMITIVE, 0, TEXEL0, 0, SHADE, 0, TEXEL0, 0, PRIMITIVE, 0),
	gsDPSetAlphaDither(G_AD_NOISE),
	gsDPSetTextureLUT(G_TT_RGBA16),
	gsSPTexture(65535, 65535, 0, 0, 1),
	gsDPSetPrimColor(0, 0, 255, 255, 255, 171),
	gsDPSetTextureImage(G_IM_FMT_RGBA, G_IM_SIZ_16b, 1, castle_inside_dl_segment2_11C58_rgba16_pal_rgba16),
	gsDPSetTile(0, 0, 0, 256, 5, 0, G_TX_WRAP | G_TX_NOMIRROR, 0, 0, G_TX_WRAP | G_TX_NOMIRROR, 0, 0),
	gsDPLoadTLUTCmd(5, 62),
	gsDPSetTextureImage(G_IM_FMT_CI, G_IM_SIZ_8b_LOAD_BLOCK, 1, castle_inside_dl_segment2_11C58_rgba16_ci8),
	gsDPSetTile(G_IM_FMT_CI, G_IM_SIZ_8b_LOAD_BLOCK, 0, 0, 7, 0, G_TX_WRAP | G_TX_NOMIRROR, 0, 0, G_TX_WRAP | G_TX_NOMIRROR, 0, 0),
	gsDPLoadBlock(7, 0, 0, 511, 512),
	gsDPSetTile(G_IM_FMT_CI, G_IM_SIZ_8b, 4, 0, 0, 0, G_TX_WRAP | G_TX_NOMIRROR, 5, 0, G_TX_WRAP | G_TX_NOMIRROR, 5, 0),
	gsDPSetTileSize(0, 0, 0, 124, 124),
	gsSPEndDisplayList(),
};

Gfx mat_revert_castle_inside_dl_water[] = {
	gsSPSetGeometryMode(G_LIGHTING),
	gsDPPipeSync(),
	gsDPSetAlphaDither(G_AD_DISABLE),
	gsDPSetTextureLUT(G_TT_NONE),
	gsSPEndDisplayList(),
};

Gfx mat_castle_inside_dl_rainbottom[] = {
	gsSPClearGeometryMode(G_LIGHTING),
	gsDPPipeSync(),
	gsDPSetCombineLERP(TEXEL0, 0, SHADE, 0, ENVIRONMENT, 0, SHADE, 0, TEXEL0, 0, SHADE, 0, ENVIRONMENT, 0, SHADE, 0),
	gsDPSetAlphaDither(G_AD_NOISE),
	gsDPSetTextureLUT(G_TT_RGBA16),
	gsSPTexture(65535, 65535, 0, 0, 1),
	gsDPSetTextureImage(G_IM_FMT_RGBA, G_IM_SIZ_16b, 1, castle_inside_dl_rainbottom_pal_rgba16),
	gsDPSetTile(0, 0, 0, 256, 5, 0, G_TX_WRAP | G_TX_NOMIRROR, 0, 0, G_TX_WRAP | G_TX_NOMIRROR, 0, 0),
	gsDPLoadTLUTCmd(5, 64),
	gsDPSetTextureImage(G_IM_FMT_CI, G_IM_SIZ_8b_LOAD_BLOCK, 1, castle_inside_dl_rainbottom_ci8),
	gsDPSetTile(G_IM_FMT_CI, G_IM_SIZ_8b_LOAD_BLOCK, 0, 0, 7, 0, G_TX_WRAP | G_TX_NOMIRROR, 0, 0, G_TX_WRAP | G_TX_NOMIRROR, 0, 0),
	gsDPLoadBlock(7, 0, 0, 1023, 256),
	gsDPSetTile(G_IM_FMT_CI, G_IM_SIZ_8b, 8, 0, 0, 0, G_TX_CLAMP | G_TX_NOMIRROR, 5, 0, G_TX_WRAP | G_TX_NOMIRROR, 6, 0),
	gsDPSetTileSize(0, 0, 0, 252, 124),
	gsSPEndDisplayList(),
};

Gfx mat_revert_castle_inside_dl_rainbottom[] = {
	gsSPSetGeometryMode(G_LIGHTING),
	gsDPPipeSync(),
	gsDPSetAlphaDither(G_AD_DISABLE),
	gsDPSetTextureLUT(G_TT_NONE),
	gsSPEndDisplayList(),
};

Gfx mat_castle_inside_dl_raintop[] = {
	gsSPClearGeometryMode(G_LIGHTING),
	gsDPPipeSync(),
	gsDPSetCombineLERP(TEXEL0, 0, SHADE, 0, ENVIRONMENT, 0, SHADE, 0, TEXEL0, 0, SHADE, 0, ENVIRONMENT, 0, SHADE, 0),
	gsDPSetAlphaDither(G_AD_NOISE),
	gsSPTexture(65535, 65535, 0, 0, 1),
	gsDPSetTextureImage(G_IM_FMT_RGBA, G_IM_SIZ_16b_LOAD_BLOCK, 1, castle_inside_dl_raintop_rgba16),
	gsDPSetTile(G_IM_FMT_RGBA, G_IM_SIZ_16b_LOAD_BLOCK, 0, 0, 7, 0, G_TX_WRAP | G_TX_NOMIRROR, 0, 0, G_TX_WRAP | G_TX_NOMIRROR, 0, 0),
	gsDPLoadBlock(7, 0, 0, 2047, 128),
	gsDPSetTile(G_IM_FMT_RGBA, G_IM_SIZ_16b, 16, 0, 0, 0, G_TX_CLAMP | G_TX_NOMIRROR, 5, 0, G_TX_WRAP | G_TX_NOMIRROR, 6, 0),
	gsDPSetTileSize(0, 0, 0, 252, 124),
	gsSPEndDisplayList(),
};

Gfx mat_revert_castle_inside_dl_raintop[] = {
	gsSPSetGeometryMode(G_LIGHTING),
	gsDPPipeSync(),
	gsDPSetAlphaDither(G_AD_DISABLE),
	gsSPEndDisplayList(),
};

Gfx mat_castle_inside_dl_grass_001[] = {
	gsSPClearGeometryMode(G_LIGHTING),
	gsDPPipeSync(),
	gsDPSetCombineLERP(TEXEL0, 0, SHADE, 0, ENVIRONMENT, 0, SHADE, 0, TEXEL0, 0, SHADE, 0, ENVIRONMENT, 0, SHADE, 0),
	gsDPSetAlphaDither(G_AD_NOISE),
	gsDPSetTextureLUT(G_TT_RGBA16),
	gsSPTexture(65535, 65535, 0, 0, 1),
	gsDPSetTextureImage(G_IM_FMT_RGBA, G_IM_SIZ_16b, 1, castle_inside_dl_bob_textures_05800_rgba16_pal_rgba16),
	gsDPSetTile(0, 0, 0, 256, 5, 0, G_TX_WRAP | G_TX_NOMIRROR, 0, 0, G_TX_WRAP | G_TX_NOMIRROR, 0, 0),
	gsDPLoadTLUTCmd(5, 100),
	gsDPSetTextureImage(G_IM_FMT_CI, G_IM_SIZ_8b_LOAD_BLOCK, 1, castle_inside_dl_bob_textures_05800_rgba16_ci8),
	gsDPSetTile(G_IM_FMT_CI, G_IM_SIZ_8b_LOAD_BLOCK, 0, 0, 7, 0, G_TX_WRAP | G_TX_NOMIRROR, 0, 0, G_TX_WRAP | G_TX_NOMIRROR, 0, 0),
	gsDPLoadBlock(7, 0, 0, 511, 512),
	gsDPSetTile(G_IM_FMT_CI, G_IM_SIZ_8b, 4, 0, 0, 0, G_TX_WRAP | G_TX_NOMIRROR, 5, 0, G_TX_WRAP | G_TX_NOMIRROR, 5, 0),
	gsDPSetTileSize(0, 0, 0, 124, 124),
	gsSPEndDisplayList(),
};

Gfx mat_revert_castle_inside_dl_grass_001[] = {
	gsSPSetGeometryMode(G_LIGHTING),
	gsDPPipeSync(),
	gsDPSetAlphaDither(G_AD_DISABLE),
	gsDPSetTextureLUT(G_TT_NONE),
	gsSPEndDisplayList(),
};

Gfx mat_castle_inside_dl_f3dlite_material_005[] = {
	gsSPClearGeometryMode(G_LIGHTING),
	gsDPPipeSync(),
	gsDPSetCombineLERP(TEXEL0, 0, SHADE, 0, ENVIRONMENT, 0, SHADE, 0, TEXEL0, 0, SHADE, 0, ENVIRONMENT, 0, SHADE, 0),
	gsDPSetAlphaDither(G_AD_NOISE),
	gsSPTexture(65535, 65535, 0, 0, 1),
	gsDPSetTextureImage(G_IM_FMT_RGBA, G_IM_SIZ_16b_LOAD_BLOCK, 1, castle_inside_dl_flower_top_rgba16),
	gsDPSetTile(G_IM_FMT_RGBA, G_IM_SIZ_16b_LOAD_BLOCK, 0, 0, 7, 0, G_TX_WRAP | G_TX_NOMIRROR, 0, 0, G_TX_WRAP | G_TX_NOMIRROR, 0, 0),
	gsDPLoadBlock(7, 0, 0, 1023, 256),
	gsDPSetTile(G_IM_FMT_RGBA, G_IM_SIZ_16b, 8, 0, 0, 0, G_TX_WRAP | G_TX_NOMIRROR, 5, 0, G_TX_WRAP | G_TX_NOMIRROR, 5, 0),
	gsDPSetTileSize(0, 0, 0, 124, 124),
	gsSPEndDisplayList(),
};

Gfx mat_revert_castle_inside_dl_f3dlite_material_005[] = {
	gsSPSetGeometryMode(G_LIGHTING),
	gsDPPipeSync(),
	gsDPSetAlphaDither(G_AD_DISABLE),
	gsSPEndDisplayList(),
};

Gfx mat_castle_inside_dl_f3dlite_material_006[] = {
	gsSPClearGeometryMode(G_LIGHTING),
	gsDPPipeSync(),
	gsDPSetCombineLERP(TEXEL0, 0, SHADE, 0, ENVIRONMENT, 0, SHADE, 0, TEXEL0, 0, SHADE, 0, ENVIRONMENT, 0, SHADE, 0),
	gsDPSetAlphaDither(G_AD_NOISE),
	gsSPTexture(65535, 65535, 0, 0, 1),
	gsDPSetTextureImage(G_IM_FMT_RGBA, G_IM_SIZ_16b_LOAD_BLOCK, 1, castle_inside_dl_flower_side_rgba16),
	gsDPSetTile(G_IM_FMT_RGBA, G_IM_SIZ_16b_LOAD_BLOCK, 0, 0, 7, 0, G_TX_WRAP | G_TX_NOMIRROR, 0, 0, G_TX_WRAP | G_TX_NOMIRROR, 0, 0),
	gsDPLoadBlock(7, 0, 0, 1023, 256),
	gsDPSetTile(G_IM_FMT_RGBA, G_IM_SIZ_16b, 8, 0, 0, 0, G_TX_WRAP | G_TX_NOMIRROR, 5, 0, G_TX_WRAP | G_TX_NOMIRROR, 5, 0),
	gsDPSetTileSize(0, 0, 0, 124, 124),
	gsSPEndDisplayList(),
};

Gfx mat_revert_castle_inside_dl_f3dlite_material_006[] = {
	gsSPSetGeometryMode(G_LIGHTING),
	gsDPPipeSync(),
	gsDPSetAlphaDither(G_AD_DISABLE),
	gsSPEndDisplayList(),
};

Gfx mat_castle_inside_dl_light[] = {
	gsSPClearGeometryMode(G_CULL_BACK | G_LIGHTING),
	gsDPPipeSync(),
	gsDPSetCombineLERP(TEXEL0, 0, SHADE, 0, TEXEL0, 0, PRIMITIVE, 0, TEXEL0, 0, SHADE, 0, TEXEL0, 0, PRIMITIVE, 0),
	gsDPSetAlphaDither(G_AD_NOISE),
	gsSPTexture(65535, 65535, 0, 0, 1),
	gsDPSetPrimColor(0, 0, 255, 255, 255, 255),
	gsDPSetTextureImage(G_IM_FMT_IA, G_IM_SIZ_16b_LOAD_BLOCK, 1, castle_inside_dl_castle_light_ia16_ia16),
	gsDPSetTile(G_IM_FMT_IA, G_IM_SIZ_16b_LOAD_BLOCK, 0, 0, 7, 0, G_TX_WRAP | G_TX_NOMIRROR, 0, 0, G_TX_WRAP | G_TX_NOMIRROR, 0, 0),
	gsDPLoadBlock(7, 0, 0, 1023, 256),
	gsDPSetTile(G_IM_FMT_IA, G_IM_SIZ_16b, 8, 0, 0, 0, G_TX_CLAMP | G_TX_NOMIRROR, 5, 0, G_TX_WRAP | G_TX_NOMIRROR, 5, 0),
	gsDPSetTileSize(0, 0, 0, 124, 124),
	gsSPEndDisplayList(),
};

Gfx mat_revert_castle_inside_dl_light[] = {
	gsSPSetGeometryMode(G_CULL_BACK | G_LIGHTING),
	gsDPPipeSync(),
	gsDPSetAlphaDither(G_AD_DISABLE),
	gsSPEndDisplayList(),
};

Gfx mat_castle_inside_dl_f3dlite_material_018[] = {
	gsSPClearGeometryMode(G_LIGHTING),
	gsDPPipeSync(),
	gsDPSetCombineLERP(TEXEL0, 0, SHADE, 0, ENVIRONMENT, 0, SHADE, 0, TEXEL0, 0, SHADE, 0, ENVIRONMENT, 0, SHADE, 0),
	gsDPSetAlphaDither(G_AD_NOISE),
	gsSPTexture(65535, 65535, 0, 0, 1),
	gsDPSetTextureImage(G_IM_FMT_RGBA, G_IM_SIZ_16b_LOAD_BLOCK, 1, castle_inside_dl_topfellwall_rgba16),
	gsDPSetTile(G_IM_FMT_RGBA, G_IM_SIZ_16b_LOAD_BLOCK, 0, 0, 7, 0, G_TX_WRAP | G_TX_NOMIRROR, 0, 0, G_TX_WRAP | G_TX_NOMIRROR, 0, 0),
	gsDPLoadBlock(7, 0, 0, 2047, 128),
	gsDPSetTile(G_IM_FMT_RGBA, G_IM_SIZ_16b, 16, 0, 0, 0, G_TX_CLAMP | G_TX_NOMIRROR, 5, 0, G_TX_WRAP | G_TX_NOMIRROR, 6, 0),
	gsDPSetTileSize(0, 0, 0, 252, 124),
	gsSPEndDisplayList(),
};

Gfx mat_revert_castle_inside_dl_f3dlite_material_018[] = {
	gsSPSetGeometryMode(G_LIGHTING),
	gsDPPipeSync(),
	gsDPSetAlphaDither(G_AD_DISABLE),
	gsSPEndDisplayList(),
};

Gfx mat_castle_inside_dl_fellcloudsbottom_layer1[] = {
	gsSPClearGeometryMode(G_LIGHTING),
	gsDPPipeSync(),
	gsDPSetCombineLERP(TEXEL0, 0, SHADE, 0, ENVIRONMENT, 0, SHADE, 0, TEXEL0, 0, SHADE, 0, ENVIRONMENT, 0, SHADE, 0),
	gsDPSetAlphaDither(G_AD_NOISE),
	gsDPSetRenderMode(G_RM_AA_ZB_OPA_SURF, G_RM_AA_ZB_OPA_SURF2),
	gsSPTexture(65535, 65535, 0, 0, 1),
	gsDPSetTextureImage(G_IM_FMT_RGBA, G_IM_SIZ_16b_LOAD_BLOCK, 1, castle_inside_dl_bottomfellwall_rgba16),
	gsDPSetTile(G_IM_FMT_RGBA, G_IM_SIZ_16b_LOAD_BLOCK, 0, 0, 7, 0, G_TX_WRAP | G_TX_NOMIRROR, 0, 0, G_TX_WRAP | G_TX_NOMIRROR, 0, 0),
	gsDPLoadBlock(7, 0, 0, 2047, 128),
	gsDPSetTile(G_IM_FMT_RGBA, G_IM_SIZ_16b, 16, 0, 0, 0, G_TX_CLAMP | G_TX_NOMIRROR, 5, 0, G_TX_WRAP | G_TX_NOMIRROR, 6, 0),
	gsDPSetTileSize(0, 0, 0, 252, 124),
	gsSPEndDisplayList(),
};

Gfx mat_revert_castle_inside_dl_fellcloudsbottom_layer1[] = {
	gsSPSetGeometryMode(G_LIGHTING),
	gsDPPipeSync(),
	gsDPSetAlphaDither(G_AD_DISABLE),
	gsDPSetRenderMode(G_RM_AA_ZB_OPA_SURF, G_RM_AA_ZB_OPA_SURF2),
	gsSPEndDisplayList(),
};

Gfx mat_castle_inside_dl_bbhfence_layer4[] = {
	gsSPClearGeometryMode(G_CULL_BACK | G_LIGHTING),
	gsDPPipeSync(),
	gsDPSetCombineLERP(0, 0, 0, TEXEL0, 0, 0, 0, TEXEL0, 0, 0, 0, TEXEL0, 0, 0, 0, TEXEL0),
	gsDPSetAlphaDither(G_AD_NOISE),
	gsDPSetRenderMode(G_RM_AA_ZB_TEX_EDGE, G_RM_AA_ZB_TEX_EDGE2),
	gsSPTexture(65535, 65535, 0, 0, 1),
	gsDPSetTextureImage(G_IM_FMT_RGBA, G_IM_SIZ_16b_LOAD_BLOCK, 1, castle_inside_dl_bbh_textures_08000_rgba16_rgba16),
	gsDPSetTile(G_IM_FMT_RGBA, G_IM_SIZ_16b_LOAD_BLOCK, 0, 0, 7, 0, G_TX_WRAP | G_TX_NOMIRROR, 0, 0, G_TX_WRAP | G_TX_NOMIRROR, 0, 0),
	gsDPLoadBlock(7, 0, 0, 1023, 256),
	gsDPSetTile(G_IM_FMT_RGBA, G_IM_SIZ_16b, 8, 0, 0, 0, G_TX_CLAMP | G_TX_NOMIRROR, 5, 0, G_TX_WRAP | G_TX_NOMIRROR, 5, 0),
	gsDPSetTileSize(0, 0, 0, 124, 124),
	gsSPEndDisplayList(),
};

Gfx mat_revert_castle_inside_dl_bbhfence_layer4[] = {
	gsSPSetGeometryMode(G_CULL_BACK | G_LIGHTING),
	gsDPPipeSync(),
	gsDPSetAlphaDither(G_AD_DISABLE),
	gsDPSetRenderMode(G_RM_AA_ZB_TEX_EDGE, G_RM_AA_ZB_TEX_EDGE2),
	gsSPEndDisplayList(),
};

Gfx mat_castle_inside_dl_suncarpet_layer4[] = {
	gsSPClearGeometryMode(G_LIGHTING),
	gsDPPipeSync(),
	gsDPSetCombineLERP(TEXEL0, 0, SHADE, 0, TEXEL0, 0, PRIMITIVE, 0, TEXEL0, 0, SHADE, 0, TEXEL0, 0, PRIMITIVE, 0),
	gsDPSetAlphaDither(G_AD_NOISE),
	gsDPSetRenderMode(G_RM_AA_ZB_TEX_EDGE, G_RM_AA_ZB_TEX_EDGE2),
	gsSPTexture(65535, 65535, 0, 0, 1),
	gsDPSetPrimColor(0, 0, 255, 255, 255, 255),
	gsDPSetTextureImage(G_IM_FMT_RGBA, G_IM_SIZ_16b_LOAD_BLOCK, 1, castle_inside_dl_eclipse_rgba16),
	gsDPSetTile(G_IM_FMT_RGBA, G_IM_SIZ_16b_LOAD_BLOCK, 0, 0, 7, 0, G_TX_WRAP | G_TX_NOMIRROR, 0, 0, G_TX_WRAP | G_TX_NOMIRROR, 0, 0),
	gsDPLoadBlock(7, 0, 0, 2047, 128),
	gsDPSetTile(G_IM_FMT_RGBA, G_IM_SIZ_16b, 16, 0, 0, 0, G_TX_CLAMP | G_TX_NOMIRROR, 5, 0, G_TX_WRAP | G_TX_NOMIRROR, 6, 0),
	gsDPSetTileSize(0, 0, 0, 124, 124),
	gsSPEndDisplayList(),
};

Gfx mat_revert_castle_inside_dl_suncarpet_layer4[] = {
	gsSPSetGeometryMode(G_LIGHTING),
	gsDPPipeSync(),
	gsDPSetAlphaDither(G_AD_DISABLE),
	gsDPSetRenderMode(G_RM_AA_ZB_TEX_EDGE, G_RM_AA_ZB_TEX_EDGE2),
	gsSPEndDisplayList(),
};

Gfx mat_castle_inside_dl_underclouds[] = {
	gsSPClearGeometryMode(G_LIGHTING),
	gsDPPipeSync(),
	gsDPSetCombineLERP(TEXEL0, 0, SHADE, 0, ENVIRONMENT, 0, SHADE, 0, TEXEL0, 0, SHADE, 0, ENVIRONMENT, 0, SHADE, 0),
	gsDPSetAlphaDither(G_AD_NOISE),
	gsSPTexture(65535, 65535, 0, 0, 1),
	gsDPSetTextureImage(G_IM_FMT_RGBA, G_IM_SIZ_16b_LOAD_BLOCK, 1, castle_inside_dl_bottombottomfell_rgba16),
	gsDPSetTile(G_IM_FMT_RGBA, G_IM_SIZ_16b_LOAD_BLOCK, 0, 0, 7, 0, G_TX_WRAP | G_TX_NOMIRROR, 0, 0, G_TX_WRAP | G_TX_NOMIRROR, 0, 0),
	gsDPLoadBlock(7, 0, 0, 2047, 128),
	gsDPSetTile(G_IM_FMT_RGBA, G_IM_SIZ_16b, 16, 0, 0, 0, G_TX_CLAMP | G_TX_MIRROR, 5, 0, G_TX_WRAP | G_TX_NOMIRROR, 6, 0),
	gsDPSetTileSize(0, 0, 0, 252, 252),
	gsSPEndDisplayList(),
};

Gfx mat_revert_castle_inside_dl_underclouds[] = {
	gsSPSetGeometryMode(G_LIGHTING),
	gsDPPipeSync(),
	gsDPSetAlphaDither(G_AD_DISABLE),
	gsSPEndDisplayList(),
};

Gfx mat_castle_inside_dl_whitebricks[] = {
	gsSPClearGeometryMode(G_LIGHTING),
	gsDPPipeSync(),
	gsDPSetCombineLERP(TEXEL0, 0, SHADE, 0, ENVIRONMENT, 0, SHADE, 0, TEXEL0, 0, SHADE, 0, ENVIRONMENT, 0, SHADE, 0),
	gsDPSetAlphaDither(G_AD_NOISE),
	gsSPTexture(65535, 65535, 0, 0, 1),
	gsDPSetTextureImage(G_IM_FMT_IA, G_IM_SIZ_8b_LOAD_BLOCK, 1, castle_inside_dl_BRICK_ia8),
	gsDPSetTile(G_IM_FMT_IA, G_IM_SIZ_8b_LOAD_BLOCK, 0, 0, 7, 0, G_TX_WRAP | G_TX_NOMIRROR, 0, 0, G_TX_WRAP | G_TX_NOMIRROR, 0, 0),
	gsDPLoadBlock(7, 0, 0, 2047, 256),
	gsDPSetTile(G_IM_FMT_IA, G_IM_SIZ_8b, 8, 0, 0, 0, G_TX_WRAP | G_TX_NOMIRROR, 6, 0, G_TX_WRAP | G_TX_NOMIRROR, 6, 0),
	gsDPSetTileSize(0, 0, 0, 252, 252),
	gsSPEndDisplayList(),
};

Gfx mat_revert_castle_inside_dl_whitebricks[] = {
	gsSPSetGeometryMode(G_LIGHTING),
	gsDPPipeSync(),
	gsDPSetAlphaDither(G_AD_DISABLE),
	gsSPEndDisplayList(),
};

Gfx mat_castle_inside_dl_topcloudwall[] = {
	gsSPClearGeometryMode(G_LIGHTING),
	gsDPPipeSync(),
	gsDPSetCombineLERP(TEXEL0, 0, SHADE, 0, ENVIRONMENT, 0, SHADE, 0, TEXEL0, 0, SHADE, 0, ENVIRONMENT, 0, SHADE, 0),
	gsDPSetAlphaDither(G_AD_NOISE),
	gsSPTexture(65535, 65535, 0, 0, 1),
	gsDPSetTextureImage(G_IM_FMT_RGBA, G_IM_SIZ_32b_LOAD_BLOCK, 1, castle_inside_dl_top_rgba32),
	gsDPSetTile(G_IM_FMT_RGBA, G_IM_SIZ_32b_LOAD_BLOCK, 0, 0, 7, 0, G_TX_WRAP | G_TX_NOMIRROR, 0, 0, G_TX_WRAP | G_TX_NOMIRROR, 0, 0),
	gsDPLoadBlock(7, 0, 0, 1023, 64),
	gsDPSetTile(G_IM_FMT_RGBA, G_IM_SIZ_32b, 16, 0, 0, 0, G_TX_CLAMP | G_TX_NOMIRROR, 4, 0, G_TX_WRAP | G_TX_NOMIRROR, 6, 0),
	gsDPSetTileSize(0, 0, 0, 252, 60),
	gsSPEndDisplayList(),
};

Gfx mat_revert_castle_inside_dl_topcloudwall[] = {
	gsSPSetGeometryMode(G_LIGHTING),
	gsDPPipeSync(),
	gsDPSetAlphaDither(G_AD_DISABLE),
	gsSPEndDisplayList(),
};

Gfx mat_castle_inside_dl_midtopcloudwall[] = {
	gsSPClearGeometryMode(G_LIGHTING),
	gsDPPipeSync(),
	gsDPSetCombineLERP(TEXEL0, 0, SHADE, 0, ENVIRONMENT, 0, SHADE, 0, TEXEL0, 0, SHADE, 0, ENVIRONMENT, 0, SHADE, 0),
	gsDPSetAlphaDither(G_AD_NOISE),
	gsSPTexture(65535, 65535, 0, 0, 1),
	gsDPSetTextureImage(G_IM_FMT_RGBA, G_IM_SIZ_32b_LOAD_BLOCK, 1, castle_inside_dl_topb_rgba32),
	gsDPSetTile(G_IM_FMT_RGBA, G_IM_SIZ_32b_LOAD_BLOCK, 0, 0, 7, 0, G_TX_WRAP | G_TX_NOMIRROR, 0, 0, G_TX_WRAP | G_TX_NOMIRROR, 0, 0),
	gsDPLoadBlock(7, 0, 0, 1023, 64),
	gsDPSetTile(G_IM_FMT_RGBA, G_IM_SIZ_32b, 16, 0, 0, 0, G_TX_CLAMP | G_TX_NOMIRROR, 4, 0, G_TX_WRAP | G_TX_NOMIRROR, 6, 0),
	gsDPSetTileSize(0, 0, 0, 252, 60),
	gsSPEndDisplayList(),
};

Gfx mat_revert_castle_inside_dl_midtopcloudwall[] = {
	gsSPSetGeometryMode(G_LIGHTING),
	gsDPPipeSync(),
	gsDPSetAlphaDither(G_AD_DISABLE),
	gsSPEndDisplayList(),
};

Gfx mat_castle_inside_dl_midlowcloudwall[] = {
	gsSPClearGeometryMode(G_LIGHTING),
	gsDPPipeSync(),
	gsDPSetCombineLERP(TEXEL0, 0, SHADE, 0, ENVIRONMENT, 0, SHADE, 0, TEXEL0, 0, SHADE, 0, ENVIRONMENT, 0, SHADE, 0),
	gsDPSetAlphaDither(G_AD_NOISE),
	gsSPTexture(65535, 65535, 0, 0, 1),
	gsDPSetTextureImage(G_IM_FMT_RGBA, G_IM_SIZ_32b_LOAD_BLOCK, 1, castle_inside_dl_bottomh_rgba32),
	gsDPSetTile(G_IM_FMT_RGBA, G_IM_SIZ_32b_LOAD_BLOCK, 0, 0, 7, 0, G_TX_WRAP | G_TX_NOMIRROR, 0, 0, G_TX_WRAP | G_TX_NOMIRROR, 0, 0),
	gsDPLoadBlock(7, 0, 0, 1023, 64),
	gsDPSetTile(G_IM_FMT_RGBA, G_IM_SIZ_32b, 16, 0, 0, 0, G_TX_CLAMP | G_TX_NOMIRROR, 4, 0, G_TX_WRAP | G_TX_NOMIRROR, 6, 0),
	gsDPSetTileSize(0, 0, 0, 252, 60),
	gsSPEndDisplayList(),
};

Gfx mat_revert_castle_inside_dl_midlowcloudwall[] = {
	gsSPSetGeometryMode(G_LIGHTING),
	gsDPPipeSync(),
	gsDPSetAlphaDither(G_AD_DISABLE),
	gsSPEndDisplayList(),
};

Gfx mat_castle_inside_dl_lowcloudwall[] = {
	gsSPClearGeometryMode(G_LIGHTING),
	gsDPPipeSync(),
	gsDPSetCombineLERP(TEXEL0, 0, SHADE, 0, ENVIRONMENT, 0, SHADE, 0, TEXEL0, 0, SHADE, 0, ENVIRONMENT, 0, SHADE, 0),
	gsDPSetAlphaDither(G_AD_NOISE),
	gsSPTexture(65535, 65535, 0, 0, 1),
	gsDPSetTextureImage(G_IM_FMT_RGBA, G_IM_SIZ_32b_LOAD_BLOCK, 1, castle_inside_dl_bottom_rgba32),
	gsDPSetTile(G_IM_FMT_RGBA, G_IM_SIZ_32b_LOAD_BLOCK, 0, 0, 7, 0, G_TX_WRAP | G_TX_NOMIRROR, 0, 0, G_TX_WRAP | G_TX_NOMIRROR, 0, 0),
	gsDPLoadBlock(7, 0, 0, 1023, 64),
	gsDPSetTile(G_IM_FMT_RGBA, G_IM_SIZ_32b, 16, 0, 0, 0, G_TX_CLAMP | G_TX_NOMIRROR, 4, 0, G_TX_WRAP | G_TX_NOMIRROR, 6, 0),
	gsDPSetTileSize(0, 0, 0, 252, 60),
	gsSPEndDisplayList(),
};

Gfx mat_revert_castle_inside_dl_lowcloudwall[] = {
	gsSPSetGeometryMode(G_LIGHTING),
	gsDPPipeSync(),
	gsDPSetAlphaDither(G_AD_DISABLE),
	gsSPEndDisplayList(),
};

Gfx mat_castle_inside_dl_fellpeachdecal_layer6[] = {
	gsSPClearGeometryMode(G_LIGHTING),
	gsDPPipeSync(),
	gsDPSetCombineLERP(TEXEL0, 0, SHADE, 0, TEXEL0, 0, PRIMITIVE, 0, TEXEL0, 0, SHADE, 0, TEXEL0, 0, PRIMITIVE, 0),
	gsDPSetAlphaDither(G_AD_NOISE),
	gsDPSetRenderMode(G_RM_AA_ZB_XLU_DECAL, G_RM_AA_ZB_XLU_DECAL2),
	gsSPTexture(65535, 65535, 0, 0, 1),
	gsDPSetPrimColor(0, 0, 255, 255, 255, 255),
	gsDPSetTextureImage(G_IM_FMT_RGBA, G_IM_SIZ_16b_LOAD_BLOCK, 1, castle_inside_dl_fellpeach_rgba16),
	gsDPSetTile(G_IM_FMT_RGBA, G_IM_SIZ_16b_LOAD_BLOCK, 0, 0, 7, 0, G_TX_WRAP | G_TX_NOMIRROR, 0, 0, G_TX_WRAP | G_TX_NOMIRROR, 0, 0),
	gsDPLoadBlock(7, 0, 0, 2047, 256),
	gsDPSetTile(G_IM_FMT_RGBA, G_IM_SIZ_16b, 8, 0, 0, 0, G_TX_WRAP | G_TX_NOMIRROR, 6, 0, G_TX_WRAP | G_TX_NOMIRROR, 5, 0),
	gsDPSetTileSize(0, 0, 0, 124, 252),
	gsSPEndDisplayList(),
};

Gfx mat_revert_castle_inside_dl_fellpeachdecal_layer6[] = {
	gsSPSetGeometryMode(G_LIGHTING),
	gsDPPipeSync(),
	gsDPSetAlphaDither(G_AD_DISABLE),
	gsDPSetRenderMode(G_RM_AA_ZB_XLU_DECAL, G_RM_AA_ZB_XLU_DECAL2),
	gsSPEndDisplayList(),
};

Gfx mat_castle_inside_dl_fellpeach[] = {
	gsSPClearGeometryMode(G_LIGHTING),
	gsDPPipeSync(),
	gsDPSetCombineLERP(TEXEL0, 0, SHADE, 0, TEXEL0, 0, PRIMITIVE, 0, TEXEL0, 0, SHADE, 0, TEXEL0, 0, PRIMITIVE, 0),
	gsDPSetAlphaDither(G_AD_NOISE),
	gsSPTexture(65535, 65535, 0, 0, 1),
	gsDPSetPrimColor(0, 0, 255, 255, 255, 255),
	gsDPSetTextureImage(G_IM_FMT_RGBA, G_IM_SIZ_16b_LOAD_BLOCK, 1, castle_inside_dl_fellpeach_rgba16),
	gsDPSetTile(G_IM_FMT_RGBA, G_IM_SIZ_16b_LOAD_BLOCK, 0, 0, 7, 0, G_TX_WRAP | G_TX_NOMIRROR, 0, 0, G_TX_WRAP | G_TX_NOMIRROR, 0, 0),
	gsDPLoadBlock(7, 0, 0, 2047, 256),
	gsDPSetTile(G_IM_FMT_RGBA, G_IM_SIZ_16b, 8, 0, 0, 0, G_TX_CLAMP | G_TX_NOMIRROR, 6, 0, G_TX_CLAMP | G_TX_NOMIRROR, 5, 0),
	gsDPSetTileSize(0, 0, 0, 124, 252),
	gsSPEndDisplayList(),
};

Gfx mat_revert_castle_inside_dl_fellpeach[] = {
	gsSPSetGeometryMode(G_LIGHTING),
	gsDPPipeSync(),
	gsDPSetAlphaDither(G_AD_DISABLE),
	gsSPEndDisplayList(),
};

Gfx castle_inside_dl_inside_castle_seg7_dl_0702FD30_mesh_mesh_layer_1[] = {
	gsSPDisplayList(mat_castle_inside_dl_carpet),
	gsSPDisplayList(castle_inside_dl_inside_castle_seg7_dl_0702FD30_mesh_mesh_layer_1_tri_0),
	gsSPDisplayList(mat_revert_castle_inside_dl_carpet),
	gsSPDisplayList(mat_castle_inside_dl_fellchecker),
	gsSPDisplayList(castle_inside_dl_inside_castle_seg7_dl_0702FD30_mesh_mesh_layer_1_tri_1),
	gsSPDisplayList(mat_revert_castle_inside_dl_fellchecker),
	gsSPDisplayList(mat_castle_inside_dl_wood),
	gsSPDisplayList(castle_inside_dl_inside_castle_seg7_dl_0702FD30_mesh_mesh_layer_1_tri_2),
	gsSPDisplayList(mat_revert_castle_inside_dl_wood),
	gsSPDisplayList(mat_castle_inside_dl_pillar),
	gsSPDisplayList(castle_inside_dl_inside_castle_seg7_dl_0702FD30_mesh_mesh_layer_1_tri_3),
	gsSPDisplayList(mat_revert_castle_inside_dl_pillar),
	gsSPEndDisplayList(),
};

Gfx castle_inside_dl_LAYER_ALPHA_inside_castle_seg7_dl_07033158_mesh_mesh_layer_6[] = {
	gsSPDisplayList(mat_castle_inside_dl_sign_layer6),
	gsSPDisplayList(castle_inside_dl_LAYER_ALPHA_inside_castle_seg7_dl_07033158_mesh_mesh_layer_6_tri_0),
	gsSPDisplayList(mat_revert_castle_inside_dl_sign_layer6),
	gsSPDisplayList(mat_castle_inside_dl_fireglow_layer6),
	gsSPDisplayList(castle_inside_dl_LAYER_ALPHA_inside_castle_seg7_dl_07033158_mesh_mesh_layer_6_tri_1),
	gsSPDisplayList(mat_revert_castle_inside_dl_fireglow_layer6),
	gsSPEndDisplayList(),
};

Gfx castle_inside_dl_LAYER_ALPHA_inside_castle_seg7_dl_07033158_mesh_mesh_layer_1[] = {
	gsSPDisplayList(mat_castle_inside_dl_carpet),
	gsSPDisplayList(castle_inside_dl_LAYER_ALPHA_inside_castle_seg7_dl_07033158_mesh_mesh_layer_1_tri_0),
	gsSPDisplayList(mat_revert_castle_inside_dl_carpet),
	gsSPDisplayList(mat_castle_inside_dl_fellchecker),
	gsSPDisplayList(castle_inside_dl_LAYER_ALPHA_inside_castle_seg7_dl_07033158_mesh_mesh_layer_1_tri_1),
	gsSPDisplayList(mat_revert_castle_inside_dl_fellchecker),
	gsSPDisplayList(mat_castle_inside_dl_wood),
	gsSPDisplayList(castle_inside_dl_LAYER_ALPHA_inside_castle_seg7_dl_07033158_mesh_mesh_layer_1_tri_2),
	gsSPDisplayList(mat_revert_castle_inside_dl_wood),
	gsSPDisplayList(mat_castle_inside_dl_pillar),
	gsSPDisplayList(castle_inside_dl_LAYER_ALPHA_inside_castle_seg7_dl_07033158_mesh_mesh_layer_1_tri_3),
	gsSPDisplayList(mat_revert_castle_inside_dl_pillar),
	gsSPDisplayList(mat_castle_inside_dl_bricks),
	gsSPDisplayList(castle_inside_dl_LAYER_ALPHA_inside_castle_seg7_dl_07033158_mesh_mesh_layer_1_tri_4),
	gsSPDisplayList(mat_revert_castle_inside_dl_bricks),
	gsSPDisplayList(mat_castle_inside_dl_altcastlewall),
	gsSPDisplayList(castle_inside_dl_LAYER_ALPHA_inside_castle_seg7_dl_07033158_mesh_mesh_layer_1_tri_5),
	gsSPDisplayList(mat_revert_castle_inside_dl_altcastlewall),
	gsSPEndDisplayList(),
};

Gfx castle_inside_dl_inside_castle_seg7_dl_0702E408_mesh_001_mesh_layer_1[] = {
	gsSPDisplayList(mat_castle_inside_dl_carpet),
	gsSPDisplayList(castle_inside_dl_inside_castle_seg7_dl_0702E408_mesh_001_mesh_layer_1_tri_0),
	gsSPDisplayList(mat_revert_castle_inside_dl_carpet),
	gsSPDisplayList(mat_castle_inside_dl_weirdceil),
	gsSPDisplayList(castle_inside_dl_inside_castle_seg7_dl_0702E408_mesh_001_mesh_layer_1_tri_1),
	gsSPDisplayList(mat_revert_castle_inside_dl_weirdceil),
	gsSPDisplayList(mat_castle_inside_dl_fellchecker),
	gsSPDisplayList(castle_inside_dl_inside_castle_seg7_dl_0702E408_mesh_001_mesh_layer_1_tri_2),
	gsSPDisplayList(mat_revert_castle_inside_dl_fellchecker),
	gsSPDisplayList(mat_castle_inside_dl_bricks),
	gsSPDisplayList(castle_inside_dl_inside_castle_seg7_dl_0702E408_mesh_001_mesh_layer_1_tri_3),
	gsSPDisplayList(mat_revert_castle_inside_dl_bricks),
	gsSPEndDisplayList(),
};

Gfx castle_inside_dl_LAYER_ALPHA_inside_castle_seg7_dl_0703A808_mesh_mesh_layer_6[] = {
	gsSPDisplayList(mat_castle_inside_dl_sign_layer6),
	gsSPDisplayList(castle_inside_dl_LAYER_ALPHA_inside_castle_seg7_dl_0703A808_mesh_mesh_layer_6_tri_0),
	gsSPDisplayList(mat_revert_castle_inside_dl_sign_layer6),
	gsSPDisplayList(mat_castle_inside_dl_fireglow_layer6),
	gsSPDisplayList(castle_inside_dl_LAYER_ALPHA_inside_castle_seg7_dl_0703A808_mesh_mesh_layer_6_tri_1),
	gsSPDisplayList(mat_revert_castle_inside_dl_fireglow_layer6),
	gsSPEndDisplayList(),
};

Gfx castle_inside_dl_LAYER_ALPHA_inside_castle_seg7_dl_0703A808_mesh_mesh_layer_1[] = {
	gsSPDisplayList(mat_castle_inside_dl_carpet),
	gsSPDisplayList(castle_inside_dl_LAYER_ALPHA_inside_castle_seg7_dl_0703A808_mesh_mesh_layer_1_tri_0),
	gsSPDisplayList(mat_revert_castle_inside_dl_carpet),
	gsSPDisplayList(mat_castle_inside_dl_fellchecker),
	gsSPDisplayList(castle_inside_dl_LAYER_ALPHA_inside_castle_seg7_dl_0703A808_mesh_mesh_layer_1_tri_1),
	gsSPDisplayList(mat_revert_castle_inside_dl_fellchecker),
	gsSPDisplayList(mat_castle_inside_dl_f3dlite_material_074),
	gsSPDisplayList(castle_inside_dl_LAYER_ALPHA_inside_castle_seg7_dl_0703A808_mesh_mesh_layer_1_tri_2),
	gsSPDisplayList(mat_revert_castle_inside_dl_f3dlite_material_074),
	gsSPDisplayList(mat_castle_inside_dl_f3dlite_material_078),
	gsSPDisplayList(castle_inside_dl_LAYER_ALPHA_inside_castle_seg7_dl_0703A808_mesh_mesh_layer_1_tri_3),
	gsSPDisplayList(mat_revert_castle_inside_dl_f3dlite_material_078),
	gsSPDisplayList(mat_castle_inside_dl_f3dlite_material_079),
	gsSPDisplayList(castle_inside_dl_LAYER_ALPHA_inside_castle_seg7_dl_0703A808_mesh_mesh_layer_1_tri_4),
	gsSPDisplayList(mat_revert_castle_inside_dl_f3dlite_material_079),
	gsSPDisplayList(mat_castle_inside_dl_altcastlewall),
	gsSPDisplayList(castle_inside_dl_LAYER_ALPHA_inside_castle_seg7_dl_0703A808_mesh_mesh_layer_1_tri_5),
	gsSPDisplayList(mat_revert_castle_inside_dl_altcastlewall),
	gsSPEndDisplayList(),
};

Gfx castle_inside_dl_LAYER_ALPHA_inside_castle_seg7_dl_07038350_mesh_mesh_layer_1[] = {
	gsSPDisplayList(mat_castle_inside_dl_carpet),
	gsSPDisplayList(castle_inside_dl_LAYER_ALPHA_inside_castle_seg7_dl_07038350_mesh_mesh_layer_1_tri_0),
	gsSPDisplayList(mat_revert_castle_inside_dl_carpet),
	gsSPDisplayList(mat_castle_inside_dl_fellchecker),
	gsSPDisplayList(castle_inside_dl_LAYER_ALPHA_inside_castle_seg7_dl_07038350_mesh_mesh_layer_1_tri_1),
	gsSPDisplayList(mat_revert_castle_inside_dl_fellchecker),
	gsSPDisplayList(mat_castle_inside_dl_bricks),
	gsSPDisplayList(castle_inside_dl_LAYER_ALPHA_inside_castle_seg7_dl_07038350_mesh_mesh_layer_1_tri_2),
	gsSPDisplayList(mat_revert_castle_inside_dl_bricks),
	gsSPDisplayList(mat_castle_inside_dl_pillar),
	gsSPDisplayList(castle_inside_dl_LAYER_ALPHA_inside_castle_seg7_dl_07038350_mesh_mesh_layer_1_tri_3),
	gsSPDisplayList(mat_revert_castle_inside_dl_pillar),
	gsSPDisplayList(mat_castle_inside_dl_rainbottom),
	gsSPDisplayList(castle_inside_dl_LAYER_ALPHA_inside_castle_seg7_dl_07038350_mesh_mesh_layer_1_tri_4),
	gsSPDisplayList(mat_revert_castle_inside_dl_rainbottom),
	gsSPDisplayList(mat_castle_inside_dl_raintop),
	gsSPDisplayList(castle_inside_dl_LAYER_ALPHA_inside_castle_seg7_dl_07038350_mesh_mesh_layer_1_tri_5),
	gsSPDisplayList(mat_revert_castle_inside_dl_raintop),
	gsSPDisplayList(mat_castle_inside_dl_grass_001),
	gsSPDisplayList(castle_inside_dl_LAYER_ALPHA_inside_castle_seg7_dl_07038350_mesh_mesh_layer_1_tri_6),
	gsSPDisplayList(mat_revert_castle_inside_dl_grass_001),
	gsSPDisplayList(mat_castle_inside_dl_f3dlite_material_005),
	gsSPDisplayList(castle_inside_dl_LAYER_ALPHA_inside_castle_seg7_dl_07038350_mesh_mesh_layer_1_tri_7),
	gsSPDisplayList(mat_revert_castle_inside_dl_f3dlite_material_005),
	gsSPDisplayList(mat_castle_inside_dl_f3dlite_material_006),
	gsSPDisplayList(castle_inside_dl_LAYER_ALPHA_inside_castle_seg7_dl_07038350_mesh_mesh_layer_1_tri_8),
	gsSPDisplayList(mat_revert_castle_inside_dl_f3dlite_material_006),
	gsSPEndDisplayList(),
};

Gfx castle_inside_dl_LAYER_ALPHA_inside_castle_seg7_dl_07038350_mesh_mesh_layer_5[] = {
	gsSPDisplayList(mat_castle_inside_dl_f3dlite_material_068),
	gsSPDisplayList(castle_inside_dl_LAYER_ALPHA_inside_castle_seg7_dl_07038350_mesh_mesh_layer_5_tri_0),
	gsSPDisplayList(mat_revert_castle_inside_dl_f3dlite_material_068),
	gsSPDisplayList(mat_castle_inside_dl_water),
	gsSPDisplayList(castle_inside_dl_LAYER_ALPHA_inside_castle_seg7_dl_07038350_mesh_mesh_layer_5_tri_1),
	gsSPDisplayList(mat_revert_castle_inside_dl_water),
	gsSPDisplayList(mat_castle_inside_dl_light),
	gsSPDisplayList(castle_inside_dl_LAYER_ALPHA_inside_castle_seg7_dl_07038350_mesh_mesh_layer_5_tri_2),
	gsSPDisplayList(mat_revert_castle_inside_dl_light),
	gsSPEndDisplayList(),
};

Gfx castle_inside_dl_mainroom_001_mesh_layer_1[] = {
	gsSPDisplayList(mat_castle_inside_dl_f3dlite_material_018),
	gsSPDisplayList(castle_inside_dl_mainroom_001_mesh_layer_1_tri_0),
	gsSPDisplayList(mat_revert_castle_inside_dl_f3dlite_material_018),
	gsSPDisplayList(mat_castle_inside_dl_fellcloudsbottom_layer1),
	gsSPDisplayList(castle_inside_dl_mainroom_001_mesh_layer_1_tri_1),
	gsSPDisplayList(mat_revert_castle_inside_dl_fellcloudsbottom_layer1),
	gsSPDisplayList(mat_castle_inside_dl_carpet),
	gsSPDisplayList(castle_inside_dl_mainroom_001_mesh_layer_1_tri_2),
	gsSPDisplayList(mat_revert_castle_inside_dl_carpet),
	gsSPDisplayList(mat_castle_inside_dl_fellchecker),
	gsSPDisplayList(castle_inside_dl_mainroom_001_mesh_layer_1_tri_3),
	gsSPDisplayList(mat_revert_castle_inside_dl_fellchecker),
	gsSPDisplayList(mat_castle_inside_dl_wood),
	gsSPDisplayList(castle_inside_dl_mainroom_001_mesh_layer_1_tri_4),
	gsSPDisplayList(mat_revert_castle_inside_dl_wood),
	gsSPDisplayList(mat_castle_inside_dl_bricks),
	gsSPDisplayList(castle_inside_dl_mainroom_001_mesh_layer_1_tri_5),
	gsSPDisplayList(mat_revert_castle_inside_dl_bricks),
	gsSPDisplayList(mat_castle_inside_dl_underclouds),
	gsSPDisplayList(castle_inside_dl_mainroom_001_mesh_layer_1_tri_6),
	gsSPDisplayList(mat_revert_castle_inside_dl_underclouds),
	gsSPDisplayList(mat_castle_inside_dl_whitebricks),
	gsSPDisplayList(castle_inside_dl_mainroom_001_mesh_layer_1_tri_7),
	gsSPDisplayList(mat_revert_castle_inside_dl_whitebricks),
	gsSPDisplayList(mat_castle_inside_dl_topcloudwall),
	gsSPDisplayList(castle_inside_dl_mainroom_001_mesh_layer_1_tri_8),
	gsSPDisplayList(mat_revert_castle_inside_dl_topcloudwall),
	gsSPDisplayList(mat_castle_inside_dl_midtopcloudwall),
	gsSPDisplayList(castle_inside_dl_mainroom_001_mesh_layer_1_tri_9),
	gsSPDisplayList(mat_revert_castle_inside_dl_midtopcloudwall),
	gsSPDisplayList(mat_castle_inside_dl_midlowcloudwall),
	gsSPDisplayList(castle_inside_dl_mainroom_001_mesh_layer_1_tri_10),
	gsSPDisplayList(mat_revert_castle_inside_dl_midlowcloudwall),
	gsSPDisplayList(mat_castle_inside_dl_lowcloudwall),
	gsSPDisplayList(castle_inside_dl_mainroom_001_mesh_layer_1_tri_11),
	gsSPDisplayList(mat_revert_castle_inside_dl_lowcloudwall),
	gsSPDisplayList(mat_castle_inside_dl_weirdceil),
	gsSPDisplayList(castle_inside_dl_mainroom_001_mesh_layer_1_tri_12),
	gsSPDisplayList(mat_revert_castle_inside_dl_weirdceil),
	gsSPDisplayList(mat_castle_inside_dl_pillar),
	gsSPDisplayList(castle_inside_dl_mainroom_001_mesh_layer_1_tri_13),
	gsSPDisplayList(mat_revert_castle_inside_dl_pillar),
	gsSPEndDisplayList(),
};

Gfx castle_inside_dl_mainroom_001_mesh_layer_4[] = {
	gsSPDisplayList(mat_castle_inside_dl_bbhfence_layer4),
	gsSPDisplayList(castle_inside_dl_mainroom_001_mesh_layer_4_tri_0),
	gsSPDisplayList(mat_revert_castle_inside_dl_bbhfence_layer4),
	gsSPDisplayList(mat_castle_inside_dl_suncarpet_layer4),
	gsSPDisplayList(castle_inside_dl_mainroom_001_mesh_layer_4_tri_1),
	gsSPDisplayList(mat_revert_castle_inside_dl_suncarpet_layer4),
	gsSPEndDisplayList(),
};

Gfx castle_inside_dl_mainroom_001_mesh_layer_5[] = {
	gsSPDisplayList(mat_castle_inside_dl_light),
	gsSPDisplayList(castle_inside_dl_mainroom_001_mesh_layer_5_tri_0),
	gsSPDisplayList(mat_revert_castle_inside_dl_light),
	gsSPEndDisplayList(),
};

Gfx castle_inside_dl_mainroom_001_mesh_layer_6[] = {
	gsSPDisplayList(mat_castle_inside_dl_fellpeachdecal_layer6),
	gsSPDisplayList(castle_inside_dl_mainroom_001_mesh_layer_6_tri_0),
	gsSPDisplayList(mat_revert_castle_inside_dl_fellpeachdecal_layer6),
	gsSPEndDisplayList(),
};

Gfx castle_inside_dl_pssRoom_mesh_layer_1[] = {
	gsSPDisplayList(mat_castle_inside_dl_carpet),
	gsSPDisplayList(castle_inside_dl_pssRoom_mesh_layer_1_tri_0),
	gsSPDisplayList(mat_revert_castle_inside_dl_carpet),
	gsSPDisplayList(mat_castle_inside_dl_fellchecker),
	gsSPDisplayList(castle_inside_dl_pssRoom_mesh_layer_1_tri_1),
	gsSPDisplayList(mat_revert_castle_inside_dl_fellchecker),
	gsSPDisplayList(mat_castle_inside_dl_bricks),
	gsSPDisplayList(castle_inside_dl_pssRoom_mesh_layer_1_tri_2),
	gsSPDisplayList(mat_revert_castle_inside_dl_bricks),
	gsSPEndDisplayList(),
};

Gfx castle_inside_dl_pssRoom_mesh_layer_5_with_revert[] = {
	gsSPDisplayList(mat_castle_inside_dl_fellpeach),
	gsSPDisplayList(castle_inside_dl_pssRoom_mesh_layer_5_tri_0),
	gsSPDisplayList(mat_revert_castle_inside_dl_fellpeach),
	gsDPPipeSync(),
	gsSPSetGeometryMode(G_LIGHTING),
	gsSPClearGeometryMode(G_TEXTURE_GEN),
	gsDPSetCombineLERP(0, 0, 0, SHADE, 0, 0, 0, ENVIRONMENT, 0, 0, 0, SHADE, 0, 0, 0, ENVIRONMENT),
	gsSPTexture(65535, 65535, 0, 0, 0),
	gsDPSetEnvColor(255, 255, 255, 255),
	gsDPSetAlphaCompare(G_AC_NONE),
	gsSPEndDisplayList(),
};

Gfx castle_inside_dl_LAYER_OPAQUE_inside_castle_seg7_dl_07034D88_mesh_mesh_layer_1_with_revert[] = {
	gsSPDisplayList(mat_castle_inside_dl_carpet),
	gsSPDisplayList(castle_inside_dl_LAYER_OPAQUE_inside_castle_seg7_dl_07034D88_mesh_mesh_layer_1_tri_0),
	gsSPDisplayList(mat_revert_castle_inside_dl_carpet),
	gsSPDisplayList(mat_castle_inside_dl_fellchecker),
	gsSPDisplayList(castle_inside_dl_LAYER_OPAQUE_inside_castle_seg7_dl_07034D88_mesh_mesh_layer_1_tri_1),
	gsSPDisplayList(mat_revert_castle_inside_dl_fellchecker),
	gsSPDisplayList(mat_castle_inside_dl_wood),
	gsSPDisplayList(castle_inside_dl_LAYER_OPAQUE_inside_castle_seg7_dl_07034D88_mesh_mesh_layer_1_tri_2),
	gsSPDisplayList(mat_revert_castle_inside_dl_wood),
	gsSPDisplayList(mat_castle_inside_dl_pillar),
	gsSPDisplayList(castle_inside_dl_LAYER_OPAQUE_inside_castle_seg7_dl_07034D88_mesh_mesh_layer_1_tri_3),
	gsSPDisplayList(mat_revert_castle_inside_dl_pillar),
	gsSPDisplayList(mat_castle_inside_dl_underclouds),
	gsSPDisplayList(castle_inside_dl_LAYER_OPAQUE_inside_castle_seg7_dl_07034D88_mesh_mesh_layer_1_tri_4),
	gsSPDisplayList(mat_revert_castle_inside_dl_underclouds),
	gsDPPipeSync(),
	gsSPSetGeometryMode(G_LIGHTING),
	gsSPClearGeometryMode(G_TEXTURE_GEN),
	gsDPSetCombineLERP(0, 0, 0, SHADE, 0, 0, 0, ENVIRONMENT, 0, 0, 0, SHADE, 0, 0, 0, ENVIRONMENT),
	gsSPTexture(65535, 65535, 0, 0, 0),
	gsDPSetEnvColor(255, 255, 255, 255),
	gsDPSetAlphaCompare(G_AC_NONE),
	gsSPEndDisplayList(),
};

Gfx castle_inside_dl_LAYER_OPAQUE_inside_castle_seg7_dl_07034D88_mesh_mesh_layer_4_with_revert[] = {
	gsSPDisplayList(mat_castle_inside_dl_bbhfence_layer4),
	gsSPDisplayList(castle_inside_dl_LAYER_OPAQUE_inside_castle_seg7_dl_07034D88_mesh_mesh_layer_4_tri_0),
	gsSPDisplayList(mat_revert_castle_inside_dl_bbhfence_layer4),
	gsDPPipeSync(),
	gsSPSetGeometryMode(G_LIGHTING),
	gsSPClearGeometryMode(G_TEXTURE_GEN),
	gsDPSetCombineLERP(0, 0, 0, SHADE, 0, 0, 0, ENVIRONMENT, 0, 0, 0, SHADE, 0, 0, 0, ENVIRONMENT),
	gsSPTexture(65535, 65535, 0, 0, 0),
	gsDPSetEnvColor(255, 255, 255, 255),
	gsDPSetAlphaCompare(G_AC_NONE),
	gsSPEndDisplayList(),
};

Gfx castle_inside_dl_LAYER_OPAQUE_inside_castle_seg7_dl_07034D88_mesh_mesh_layer_6_with_revert[] = {
	gsSPDisplayList(mat_castle_inside_dl_sign_layer6),
	gsSPDisplayList(castle_inside_dl_LAYER_OPAQUE_inside_castle_seg7_dl_07034D88_mesh_mesh_layer_6_tri_0),
	gsSPDisplayList(mat_revert_castle_inside_dl_sign_layer6),
	gsSPDisplayList(mat_castle_inside_dl_fireglow_layer6),
	gsSPDisplayList(castle_inside_dl_LAYER_OPAQUE_inside_castle_seg7_dl_07034D88_mesh_mesh_layer_6_tri_1),
	gsSPDisplayList(mat_revert_castle_inside_dl_fireglow_layer6),
	gsDPPipeSync(),
	gsSPSetGeometryMode(G_LIGHTING),
	gsSPClearGeometryMode(G_TEXTURE_GEN),
	gsDPSetCombineLERP(0, 0, 0, SHADE, 0, 0, 0, ENVIRONMENT, 0, 0, 0, SHADE, 0, 0, 0, ENVIRONMENT),
	gsSPTexture(65535, 65535, 0, 0, 0),
	gsDPSetEnvColor(255, 255, 255, 255),
	gsDPSetAlphaCompare(G_AC_NONE),
	gsSPEndDisplayList(),
};

